regra,n,por_dia,p,p_acaso,lift,pts,pts_acaso,n_tr,p_tr,n_te,p_te,pts_te,lift_tr,lift_te
perna>=3,2644,75.54285714285714,0.3755673222390318,0.38054772153777644,-0.004980399298744664,6.335098335854766,7.082158230666469,1635,0.3785932721712538,1009,0.37066402378592667,5.599603567888999,-0.001954449366522615,-0.009883697751849774
perna>=4,1814,51.82857142857143,0.37045203969129,0.38331331222015946,-0.012861272528869483,5.567805953693495,7.496996833023916,1119,0.36907953529937443,695,0.3726618705035971,5.899280575539568,-0.014233776920785035,-0.010651441716562349
perna>=5,1223,34.94285714285714,0.3671300081766149,0.3842180546726001,-0.01708804649598522,5.069501226492232,7.632708200890019,748,0.37433155080213903,475,0.35578947368421054,3.3684210526315788,-0.009886503870461083,-0.028428580988389573
perna<=2,3054,87.25714285714285,0.352324819908317,0.37612241466285523,-0.023797594754538243,2.848722986247544,6.418362199428283,1902,0.3459516298633018,1152,0.3628472222222222,4.427083333333333,-0.03017078479955343,-0.013275192440633021
pernapts>=200,1814,51.82857142857143,0.37045203969129,0.38331331222015946,-0.012861272528869483,5.567805953693495,7.496996833023916,1119,0.36907953529937443,695,0.3726618705035971,5.899280575539568,-0.014233776920785035,-0.010651441716562349
pernapts>=300,841,24.02857142857143,0.36504161712247324,0.3809141940657578,-0.01587257694328459,4.756242568370987,7.137129109863673,512,0.37890625,329,0.3434650455927052,1.5197568389057752,-0.0020079440657578274,-0.03744914847305264
pernapav>=90,4078,116.51428571428572,0.3634134379597842,0.37681349873843567,-0.013400060778651468,4.512015693967631,6.522024810765349,2525,0.36158415841584157,1553,0.3663876368319382,4.958145524790727,-0.015229340322594098,-0.010425861906497469
pav<=110,1335,38.142857142857146,0.36779026217228467,0.3839161303165019,-0.016125868144217237,5.168539325842697,7.5874195474752835,841,0.36741973840665876,494,0.3684210526315789,5.2631578947368425,-0.016496391909843144,-0.015495077684922975
pav>=130,2506,71.6,0.36951316839584997,0.37561942517343905,-0.006106256777589081,5.426975259377494,6.342913776015857,1527,0.3713163064833006,979,0.36670071501532175,5.005107252298264,-0.004303118690138441,-0.008918710158117293
pav=150,493,14.085714285714285,0.36105476673427994,0.3771567436208991,-0.016101976886619185,4.158215010141988,6.573511543134872,300,0.33666666666666667,193,0.39896373056994816,9.844559585492227,-0.04049007695423246,0.021806986949049034
pav1<=70,2013,57.51428571428571,0.36959761549925485,0.38481296408723675,-0.015215348587981903,5.439642324888227,7.721944613085509,1253,0.37270550678371905,760,0.36447368421052634,4.671052631578948,-0.012107457303517699,-0.020339279876710414
pav1>=110,2381,68.02857142857142,0.35783284334313314,0.3758949336495052,-0.01806209030637207,3.6749265014699706,6.384240047425783,1465,0.34812286689419797,916,0.37336244541484714,6.004366812227074,-0.027772066755307245,-0.00253248823465807
pav2<=70,2007,57.34285714285714,0.36771300448430494,0.3804275534441805,-0.01271454895987556,5.15695067264574,7.064133016627078,1226,0.3523654159869494,781,0.39180537772087065,8.770806658130601,-0.028062137457231073,0.011377824276690152
pav2>=110,2361,67.45714285714286,0.35366370182126217,0.37847253642204326,-0.024808834600781093,3.0495552731893265,6.770880463306488,1467,0.35991820040899797,894,0.3434004474272931,1.5100671140939597,-0.01855433601304529,-0.03507208899475017
efic20>=0.5,2426,69.31428571428572,0.3668590272052762,0.37898023747894327,-0.012121210273667082,5.028854080791426,6.847035621841489,1460,0.36164383561643837,966,0.3747412008281574,6.211180124223603,-0.017336401862504902,-0.004239036650785899
efic20<=0.25,1481,42.31428571428572,0.3565158676569885,0.3793590951932139,-0.02284322753622542,3.4773801485482783,6.903864278982092,935,0.3497326203208556,546,0.36813186813186816,5.21978021978022,-0.02962647487235831,-0.011227227061345768
efic50>=0.5,2642,75.48571428571428,0.3633610900832703,0.3811593047360867,-0.017798214652816446,4.504163512490537,7.173895710413012,1590,0.36163522012578614,1052,0.3659695817490494,4.895437262357414,-0.019524084610300585,-0.015189722987037302
efic50<=0.25,1401,40.02857142857143,0.3547466095645967,0.37513383297644537,-0.020387223411848676,3.2119914346895073,6.270074946466809,917,0.3555070883315158,484,0.35330578512396693,2.9958677685950414,-0.019626744644929583,-0.021828047852478438
vira20<=5,1279,36.542857142857144,0.3752931978107897,0.3881919342263803,-0.01289873641559064,6.293979671618452,8.228790133957048,762,0.3884514435695538,517,0.35589941972920697,3.3849129593810443,0.00025950934317348073,-0.03229251449717335
vira20>=9,1283,36.65714285714286,0.3593141075604053,0.37644360717503483,-0.017129499614629506,3.897116134060795,6.466541076255221,843,0.3534994068801898,440,0.3704545454545455,5.568181818181818,-0.022944200294845007,-0.005989061720489353
vira50<=14,1548,44.22857142857143,0.3669250645994832,0.3785182981255579,-0.011593233526074664,5.038759689922481,6.777744718833681,939,0.38338658146964855,609,0.3415435139573071,1.2315270935960592,0.004868283344090674,-0.036974784168250785
vira50>=22,329,9.4,0.3677811550151976,0.37344527363184077,-0.005664118616643177,5.167173252279635,6.016791044776119,245,0.3673469387755102,84,0.36904761904761907,5.357142857142857,-0.006098334856330545,-0.0043976545842217
amp20>=500,2584,73.82857142857142,0.37886996904024767,0.38178733031674206,-0.00291736127649439,6.830495356037152,7.268099547511312,1579,0.3799873337555415,1005,0.37711442786069654,6.567164179104478,-0.0017999965612005564,-0.0046729024560455135
dext20<=0.5,2129,60.82857142857143,0.35274776890558945,0.3778202498601529,-0.025072480954563436,2.912165335838422,6.673037479022935,1329,0.3513920240782543,800,0.355,3.25,-0.026428225781898573,-0.022820249860152908
dext20>=2,2686,76.74285714285715,0.3648548026805659,0.3794915442400918,-0.014636741559525879,4.728220402084885,6.923731636013766,1655,0.3607250755287009,1031,0.37148399612027155,5.722599418040737,-0.01876646871139087,-0.00800754811982024
dext50<=0.5,1356,38.74285714285714,0.3561946902654867,0.3758508434448062,-0.019656153179319458,3.4292035398230087,6.377626516720923,839,0.3575685339690107,517,0.3539651837524178,3.094777562862669,-0.018282309475795455,-0.02188565969238837
dext50>=3,3329,95.11428571428571,0.3655752478221688,0.3798252438805434,-0.01424999605837457,4.8362871733253225,6.973786582081513,2059,0.36036911121903836,1270,0.37401574803149606,6.102362204724409,-0.019456132661505032,-0.00580949584904733
furo>=0,1804,51.542857142857144,0.35476718403547675,0.3777217133768442,-0.022954529341367436,3.2150776053215075,6.658257006526627,1125,0.35555555555555557,679,0.35346097201767307,3.0191458026509572,-0.022166157821288612,-0.024260741359171112
furo<=-1,3304,94.4,0.3713680387409201,0.3785814649642617,-0.00721342622334159,5.705205811138015,6.787219744639257,2030,0.36847290640394087,1274,0.37598116169544743,6.397174254317111,-0.010108558560320835,-0.0026003032688142746
pos20<=0.2,1268,36.22857142857143,0.36829652996845424,0.3788469184890656,-0.010550388520611353,5.244479495268139,6.827037773359841,781,0.353393085787452,487,0.3921971252566735,8.829568788501026,-0.02545383270161361,0.013350206767607897
pos20>=0.8,947,27.057142857142857,0.3833157338965153,0.3799416557690373,0.003374078127477975,7.497360084477297,6.991248365355598,570,0.38421052631578945,377,0.3819628647214854,7.294429708222812,0.004268870546752124,0.0020212089524480614
pos50<=0.2,1316,37.6,0.37462006079027355,0.3785284228633982,-0.0039083620731246715,6.193009118541034,6.779263429509735,800,0.3725,516,0.37790697674418605,6.686046511627907,-0.0060284228633982195,-0.0006214461192121656
pos50>=0.8,1367,39.05714285714286,0.3584491587417703,0.375418744882007,-0.016969586140236692,3.767373811265545,6.31281173230105,832,0.3545673076923077,535,0.3644859813084112,4.672897196261682,-0.020851437189699285,-0.010932763573595794
perna>=3 & perna>=4,1814,51.82857142857143,0.37045203969129,0.38331331222015946,-0.012861272528869483,5.567805953693495,7.496996833023916,1119,0.36907953529937443,695,0.3726618705035971,5.899280575539568,-0.014233776920785035,-0.010651441716562349
perna>=3 & perna>=5,1223,34.94285714285714,0.3671300081766149,0.3842180546726001,-0.01708804649598522,5.069501226492232,7.632708200890019,748,0.37433155080213903,475,0.35578947368421054,3.3684210526315788,-0.009886503870461083,-0.028428580988389573
perna>=3 & pernapts>=200,1814,51.82857142857143,0.37045203969129,0.38331331222015946,-0.012861272528869483,5.567805953693495,7.496996833023916,1119,0.36907953529937443,695,0.3726618705035971,5.899280575539568,-0.014233776920785035,-0.010651441716562349
perna>=3 & pernapts>=300,841,24.02857142857143,0.36504161712247324,0.3809141940657578,-0.01587257694328459,4.756242568370987,7.137129109863673,512,0.37890625,329,0.3434650455927052,1.5197568389057752,-0.0020079440657578274,-0.03744914847305264
perna>=3 & pernapav>=90,1282,36.628571428571426,0.3876755070202808,0.37816455696202533,0.009510950058255474,8.151326053042121,6.724683544303797,793,0.39848675914249687,489,0.37014314928425357,5.521472392638037,0.020322202180471538,-0.008021407677771764
perna>=3 & pav<=110,597,17.057142857142857,0.3969849246231156,0.3885063931431783,0.008478531479937268,9.547738693467336,8.275958971476745,372,0.40053763440860213,225,0.39111111111111113,8.666666666666666,0.01203124126542382,0.0026047179679328236
perna>=3 & pav>=130,1160,33.142857142857146,0.375,0.37896253602305474,-0.003962536023054741,6.25,6.844380403458214,712,0.37640449438202245,448,0.37276785714285715,5.915178571428571,-0.0025580416410322937,-0.0061946788801975905
perna>=3 & pav=150,222,6.3428571428571425,0.3738738738738739,0.3790160642570281,-0.0051421903831542215,6.081081081081081,6.852409638554217,127,0.3700787401574803,95,0.37894736842105264,6.842105263157895,-0.008937324099547783,-6.869583597546303e-05
perna>=3 & pav1<=70,1391,39.74285714285714,0.37167505391804456,0.3857754228652945,-0.01410036894724992,5.7512580877066855,7.866313429794172,855,0.37660818713450295,536,0.36380597014925375,4.57089552238806,-0.009167235730791534,-0.021969452716040727
perna>=3 & pav1>=110,525,15.0,0.3961904761904762,0.3764404609475032,0.019750015242972985,9.428571428571429,6.46606914212548,314,0.39490445859872614,211,0.3981042654028436,9.71563981042654,0.01846399765122292,0.021663804455340385
perna>=3 & pav2<=70,1357,38.77142857142857,0.3765659543109801,0.38214064755619714,-0.005574693245217033,6.484893146647016,7.321097133429573,827,0.3615477629987908,530,0.4,10.0,-0.02059288455740632,0.01785935244380288
perna>=3 & pav2>=110,510,14.571428571428571,0.3803921568627451,0.38820534577853205,-0.007813188915786973,7.0588235294117645,8.230801866779805,314,0.4012738853503185,196,0.3469387755102041,2.0408163265306123,0.013068539571786442,-0.04126657026832797
perna>=3 & efic20>=0.5,1052,30.057142857142857,0.38783269961977185,0.37801778907242695,0.009814910547344902,8.17490494296578,6.702668360864041,618,0.38673139158576053,434,0.38940092165898615,8.410138248847927,0.008713602513333585,0.011383132586559208
perna>=3 & efic20<=0.25,694,19.82857142857143,0.3472622478386167,0.38263974728746053,-0.03537749944884383,2.089337175792507,7.395962093119077,434,0.3433179723502304,260,0.35384615384615387,3.076923076923077,-0.0393217749372301,-0.028793593441306664
perna>=3 & efic50>=0.5,1214,34.68571428571428,0.36902800658978585,0.38458918688803745,-0.015561180298251598,5.354200988467875,7.68837803320562,721,0.37586685159500693,493,0.359026369168357,3.8539553752535496,-0.008722335293030514,-0.025562817719680442
perna>=3 & efic50<=0.25,644,18.4,0.36024844720496896,0.3715403969807101,-0.011291949775741161,4.037267080745342,5.731059547106514,428,0.3598130841121495,216,0.3611111111111111,4.166666666666667,-0.011727312868560602,-0.010429285869599014
perna>=3 & vira20<=5,888,25.37142857142857,0.37725225225225223,0.3872523325296153,-0.010000080277363044,6.587837837837838,8.08784987944229,535,0.38878504672897196,353,0.3597733711048159,3.9660056657223794,0.0015327141993566884,-0.027478961424799386
perna>=3 & vira20>=9,351,10.028571428571428,0.3903133903133903,0.3798720186154741,0.010441371697916202,8.547008547008547,6.980802792321117,237,0.4050632911392405,114,0.35964912280701755,3.9473684210526314,0.025191272523766406,-0.020222895808456542
perna>=3 & vira50<=14,886,25.314285714285713,0.3860045146726862,0.3775614754098361,0.008443039262850116,7.900677200902934,6.63422131147541,540,0.4074074074074074,346,0.35260115606936415,2.8901734104046244,0.029845931997571296,-0.024960319340471937
perna>=3 & amp20>=500,1373,39.22857142857143,0.3911143481427531,0.38310580204778155,0.008008546094971536,8.667152221412964,7.465870307167235,831,0.3862815884476534,542,0.3985239852398524,9.77859778597786,0.0031757863998718716,0.015418183192070833
perna>=3 & dext20<=0.5,1597,45.628571428571426,0.36130244207889795,0.3773491897221024,-0.016046747643204462,4.19536631183469,6.6023784583153615,989,0.358948432760364,608,0.3651315789473684,4.769736842105263,-0.01840075696173843,-0.012217610774733989
perna>=3 & dext20>=2,743,21.228571428571428,0.39569313593539707,0.39104674127715605,0.004646394658241015,9.353970390309556,8.657011191573403,453,0.40397350993377484,290,0.38275862068965516,7.413793103448276,0.012926768656618792,-0.008288120587500891
perna>=3 & dext50<=0.5,1036,29.6,0.36776061776061775,0.3752648815257176,-0.007504263765099828,5.164092664092664,6.2897322288576385,639,0.3677621283255086,397,0.3677581863979849,5.163727959697733,-0.007502753200208989,-0.0075066951277326655
perna>=3 & dext50>=3,1192,34.05714285714286,0.39429530201342283,0.3860164992240464,0.008278802789376427,9.144295302013424,7.902474883606959,727,0.3988995873452545,465,0.3870967741935484,8.064516129032258,0.012883088121208086,0.0010802749695019709
perna>=3 & furo>=0,1464,41.82857142857143,0.36133879781420764,0.3781664656212304,-0.016827667807022773,4.200819672131147,6.72496984318456,905,0.36132596685082874,559,0.3613595706618962,4.203935599284437,-0.01684049877040167,-0.016806894959334184
perna>=3 & furo<=-1,962,27.485714285714284,0.4022869022869023,0.38467056050824877,0.01761634177865351,10.343035343035343,7.70058407623732,591,0.41455160744500846,371,0.38274932614555257,7.412398921832884,0.029881046936759692,-0.0019212343626962003
perna>=3 & pos20>=0.8,805,23.0,0.38633540372670805,0.3777540867093106,0.00858131701739745,7.950310559006211,6.663113006396588,490,0.3816326530612245,315,0.39365079365079364,9.047619047619047,0.0038785663519139146,0.01589670694148304
perna>=3 & pos50<=0.2,260,7.428571428571429,0.4269230769230769,0.3746031746031746,0.0523199023199023,14.038461538461538,6.190476190476191,151,0.4304635761589404,109,0.42201834862385323,13.302752293577981,0.05586040155576577,0.04741517402067863
perna>=3 & pos50>=0.8,1006,28.742857142857144,0.3648111332007952,0.3745428687525396,-0.009731735551744392,4.721669980119285,6.181430312880943,610,0.3639344262295082,396,0.3661616161616162,4.924242424242424,-0.010608442523031392,-0.008381252590923427
perna>=4 & perna>=5,1223,34.94285714285714,0.3671300081766149,0.3842180546726001,-0.01708804649598522,5.069501226492232,7.632708200890019,748,0.37433155080213903,475,0.35578947368421054,3.3684210526315788,-0.009886503870461083,-0.028428580988389573
perna>=4 & pernapts>=200,1814,51.82857142857143,0.37045203969129,0.38331331222015946,-0.012861272528869483,5.567805953693495,7.496996833023916,1119,0.36907953529937443,695,0.3726618705035971,5.899280575539568,-0.014233776920785035,-0.010651441716562349
perna>=4 & pernapts>=300,841,24.02857142857143,0.36504161712247324,0.3809141940657578,-0.01587257694328459,4.756242568370987,7.137129109863673,512,0.37890625,329,0.3434650455927052,1.5197568389057752,-0.0020079440657578274,-0.03744914847305264
perna>=4 & pernapav>=90,781,22.314285714285713,0.3866837387964149,0.3816653934300993,0.005018345366315569,8.002560819462229,7.249809014514897,487,0.38809034907597534,294,0.3843537414965986,7.653061224489796,0.006424955645876029,0.002688348066499313
perna>=4 & pav<=110,407,11.628571428571428,0.40786240786240785,0.3944593756460616,0.013403032216346256,11.17936117936118,9.16890634690924,255,0.4117647058823529,152,0.40131578947368424,10.197368421052632,0.017305330236291327,0.006856413827622643
perna>=4 & pav>=130,782,22.34285714285714,0.36445012787723785,0.3833488248572567,-0.018898696980018836,4.667519181585678,7.502323728588501,482,0.36099585062240663,300,0.37,5.5,-0.022352974234850054,-0.013348824857256691
perna>=4 & pav1<=70,958,27.37142857142857,0.3705636743215031,0.3892347861016268,-0.018671111780123706,5.5845511482254695,8.385217915244025,587,0.37137989778534924,371,0.3692722371967655,5.390835579514825,-0.017854888316277573,-0.01996254890486132
perna>=4 & pav1>=110,365,10.428571428571429,0.40821917808219177,0.37846249610955496,0.02975668197263681,11.232876712328768,6.76937441643324,218,0.39908256880733944,147,0.4217687074829932,13.26530612244898,0.020620072697784486,0.043306211373438264
perna>=4 & pav2<=70,929,26.542857142857144,0.35844994617868675,0.38419618528610355,-0.025746239107416802,3.767491926803014,7.629427792915531,551,0.33212341197822143,378,0.3968253968253968,9.523809523809524,-0.052072773307882125,0.01262921153929325
perna>=4 & pav2>=110,352,10.057142857142857,0.4005681818181818,0.38972904851921863,0.010839133298963188,10.085227272727273,8.459357277882798,223,0.4080717488789238,129,0.3875968992248062,8.13953488372093,0.018342700359705144,-0.002132149294412411
perna>=4 & efic20>=0.5,741,21.17142857142857,0.3832658569500675,0.38027799632835035,0.002987860621717131,7.489878542510121,7.041699449252557,441,0.38095238095238093,300,0.38666666666666666,8.0,0.0006743846240305773,0.006388670338316305
perna>=4 & efic20<=0.25,470,13.428571428571429,0.32553191489361705,0.38144329896907214,-0.055911384075455095,-1.1702127659574468,7.216494845360825,283,0.31448763250883394,187,0.3422459893048128,1.3368983957219251,-0.0669556664602382,-0.03919730966425933
perna>=4 & efic50>=0.5,837,23.914285714285715,0.35722819593787336,0.38501742160278746,-0.027789225664914097,3.5842293906810037,7.7526132404181185,492,0.35772357723577236,345,0.3565217391304348,3.4782608695652173,-0.027293844367015097,-0.02849568247235268
perna>=4 & efic50<=0.25,444,12.685714285714285,0.3536036036036036,0.37269906928645297,-0.019095465682849366,3.0405405405405403,5.904860392967942,299,0.35451505016722407,145,0.35172413793103446,2.7586206896551726,-0.0181840191192289,-0.020974931355418502
perna>=4 & vira20<=5,720,20.571428571428573,0.3763888888888889,0.3899618972539745,-0.013573008365085626,6.458333333333333,8.494284588096177,434,0.3870967741935484,286,0.36013986013986016,4.020979020979021,-0.0028651230604261335,-0.029822037114114353
perna>=4 & vira50<=14,658,18.8,0.3860182370820669,0.3840142582944886,0.0020039787875782977,7.90273556231003,7.602138744173293,402,0.40298507462686567,256,0.359375,3.90625,0.018970816332377072,-0.024639258294488597
perna>=4 & amp20>=500,1020,29.142857142857142,0.38235294117647056,0.3874716553287982,-0.005118714152327619,7.352941176470588,8.120748299319727,625,0.3808,395,0.3848101265822785,7.7215189873417724,-0.006671655328798154,-0.0026615287465197035
perna>=4 & dext20<=0.5,1293,36.94285714285714,0.35730858468677495,0.3795473854947092,-0.022238800807934223,3.5962877030162415,6.93210782420638,796,0.3555276381909548,497,0.36016096579476864,4.0241448692152915,-0.02401974730375439,-0.019386419699940538
perna>=4 & dext20>=2,350,10.0,0.4057142857142857,0.40027739251040223,0.005436893203883464,10.857142857142858,10.041608876560334,214,0.40654205607476634,136,0.40441176470588236,10.661764705882353,0.006264663564364115,0.004134372195480129
perna>=4 & dext50<=0.5,867,24.771428571428572,0.35870818915801617,0.37848086266145275,-0.01977267350343659,3.8062283737024223,6.772129399217917,535,0.3532710280373832,332,0.3674698795180723,5.120481927710843,-0.02520983462406956,-0.011010983143380448
perna>=4 & dext50>=3,690,19.714285714285715,0.3927536231884058,0.3919449901768173,0.000808633011588511,8.91304347826087,8.791748526522593,419,0.3914081145584726,271,0.3948339483394834,9.22509225092251,-0.000536875618344701,0.0028889581626661
perna>=4 & furo>=0,1215,34.714285714285715,0.35555555555555557,0.381453469253535,-0.025897913697979447,3.3333333333333335,7.218020388030253,747,0.35609103078982596,468,0.3547008547008547,3.2051282051282053,-0.02536243846370906,-0.0267526145526803
perna>=4 & furo<=-1,472,13.485714285714286,0.4025423728813559,0.3932654333818333,0.00927693949952263,10.38135593220339,8.989815007274995,291,0.39862542955326463,181,0.4088397790055249,11.32596685082873,0.005359996171431347,0.015574345623691588
perna>=4 & pos20>=0.8,697,19.914285714285715,0.37733142037302725,0.38095892292897376,-0.0036275025559465157,6.599713055954089,7.143838439346064,431,0.37122969837587005,266,0.38721804511278196,8.082706766917294,-0.00972922455310371,0.006259122183808197
perna>=4 & pos50>=0.8,841,24.02857142857143,0.36028537455410226,0.37865662272441936,-0.0183712481703171,4.042806183115339,6.7984934086629005,518,0.3590733590733591,323,0.3622291021671827,4.3343653250774,-0.01958326365106028,-0.016427520557236674
perna>=5 & pernapts>=200,1223,34.94285714285714,0.3671300081766149,0.3842180546726001,-0.01708804649598522,5.069501226492232,7.632708200890019,748,0.37433155080213903,475,0.35578947368421054,3.3684210526315788,-0.009886503870461083,-0.028428580988389573
perna>=5 & pernapts>=300,841,24.02857142857143,0.36504161712247324,0.3809141940657578,-0.01587257694328459,4.756242568370987,7.137129109863673,512,0.37890625,329,0.3434650455927052,1.5197568389057752,-0.0020079440657578274,-0.03744914847305264
perna>=5 & pernapav>=90,470,13.428571428571429,0.37872340425531914,0.3872892347600519,-0.008565830504732752,6.808510638297872,8.093385214007782,290,0.39655172413793105,180,0.35,2.5,0.009262489377879157,-0.037289234760051915
perna>=5 & pav<=110,274,7.828571428571428,0.41605839416058393,0.39008164499546416,0.025976749165119772,12.408759124087592,8.512246749319624,178,0.42696629213483145,96,0.3958333333333333,9.375,0.03688464713936729,0.005751688337869154
perna>=5 & pav>=130,520,14.857142857142858,0.3576923076923077,0.38358815560286436,-0.025895847910556657,3.6538461538461537,7.53822334042965,319,0.3730407523510972,201,0.3333333333333333,0.0,-0.010547403251767173,-0.05025482226953104
perna>=5 & pav1<=70,636,18.17142857142857,0.38836477987421386,0.39148251134201667,-0.003117731467802809,8.254716981132075,8.722376701302503,389,0.39588688946015427,247,0.3765182186234818,6.477732793522267,0.004404378118137597,-0.014964292718534888
perna>=5 & pav1>=110,249,7.114285714285714,0.3895582329317269,0.3833104080696928,0.006247824862034124,8.433734939759036,7.49656121045392,148,0.38513513513513514,101,0.39603960396039606,9.405940594059405,0.0018247270654423442,0.01272919589070326
perna>=5 & pav2<=70,618,17.65714285714286,0.3559870550161812,0.3845472004727434,-0.028560145456562158,3.3980582524271843,7.682080070911509,364,0.3269230769230769,254,0.39763779527559057,9.645669291338583,-0.05762412354966645,0.013090594802847189
perna>=5 & pav2>=110,240,6.857142857142857,0.4041666666666667,0.39303482587064675,0.01113184079601992,10.625,8.955223880597014,156,0.4166666666666667,84,0.38095238095238093,7.142857142857143,0.02363184079601993,-0.012082444918265822
perna>=5 & efic20>=0.5,522,14.914285714285715,0.36973180076628354,0.38280823165179384,-0.013076430885510304,5.459770114942529,7.421234747769077,302,0.3609271523178808,220,0.38181818181818183,7.2727272727272725,-0.021881079333913034,-0.0009900498336120056
perna>=5 & efic20<=0.25,315,9.0,0.31746031746031744,0.38517179023508136,-0.06771147277476391,-2.380952380952381,7.775768535262206,188,0.324468085106383,127,0.30708661417322836,-3.937007874015748,-0.06070370512869838,-0.078085176061853
perna>=5 & efic50>=0.5,568,16.228571428571428,0.3538732394366197,0.38578770157717523,-0.031914462140555544,3.0809859154929575,7.868155236576289,326,0.36809815950920244,242,0.3347107438016529,0.2066115702479339,-0.017689542067972797,-0.05107695777552235
perna>=5 & efic50<=0.25,295,8.428571428571429,0.34576271186440677,0.3738261132990003,-0.028063401434593516,1.8644067796610169,6.0739169948500455,198,0.3383838383838384,97,0.36082474226804123,4.123711340206185,-0.03544227491516189,-0.013001371030959052
perna>=5 & vira20<=5,554,15.82857142857143,0.37364620938628157,0.38985868661679135,-0.01621247723050978,6.046931407942238,8.478802992518704,333,0.3813813813813814,221,0.36199095022624433,4.298642533936651,-0.00847730523540996,-0.027867736390547015
perna>=5 & vira50<=14,487,13.914285714285715,0.3655030800821355,0.38208739617190324,-0.016584316089767737,4.825462012320329,7.313109425785482,293,0.3856655290102389,194,0.33505154639175255,0.25773195876288657,0.0035781328383356903,-0.047035849780150685
perna>=5 & amp20>=500,773,22.085714285714285,0.36739974126778785,0.3868363102520186,-0.01943656898423074,5.109961190168176,8.02544653780279,474,0.3649789029535865,299,0.3712374581939799,5.68561872909699,-0.021857407298432108,-0.015598852058038681
perna>=5 & dext20<=0.5,993,28.37142857142857,0.36253776435045315,0.3825991628463225,-0.020061398495869354,4.380664652567976,7.389874426948375,600,0.365,393,0.35877862595419846,3.816793893129771,-0.017599162846322514,-0.023820536892124045
perna>=5 & dext50<=0.5,677,19.34285714285714,0.3663220088626292,0.3781094527363184,-0.011787443873689185,4.948301329394387,6.7164179104477615,410,0.36829268292682926,267,0.36329588014981273,4.49438202247191,-0.009816769809489145,-0.014813572586505674
perna>=5 & dext50>=3,383,10.942857142857143,0.36553524804177545,0.3973160795590702,-0.03178083151729477,4.830287206266319,9.597411933860531,235,0.37446808510638296,148,0.35135135135135137,2.7027027027027026,-0.02284799445268726,-0.04596472820771885
perna>=5 & furo>=0,946,27.02857142857143,0.36046511627906974,0.3832048343404876,-0.022739718061417835,4.069767441860465,7.48072515107314,570,0.3631578947368421,376,0.35638297872340424,3.4574468085106385,-0.020046939603645453,-0.026821855617083334
perna>=5 & pos20>=0.8,574,16.4,0.37630662020905925,0.38038200064745875,-0.004075380438399501,6.445993031358885,7.057300097118809,350,0.3657142857142857,224,0.39285714285714285,8.928571428571429,-0.014667714933173037,0.012475142209684098
perna>=5 & pos50>=0.8,650,18.571428571428573,0.3707692307692308,0.37948555096856146,-0.008716320199330663,5.615384615384615,6.922832645284217,392,0.375,258,0.3643410852713178,4.651162790697675,-0.004485550968561458,-0.015144465697243648
perna<=2 & pernapav>=90,2796,79.88571428571429,0.3522889842632332,0.3762372525494901,-0.023948268286256902,2.8433476394849784,6.4355878824235155,1732,0.3446882217090069,1064,0.36466165413533835,4.6992481203007515,-0.03154903084048316,-0.011575598414151733
perna<=2 & pav<=110,738,21.085714285714285,0.34417344173441733,0.37980890118179533,-0.035635459447378004,1.6260162601626016,6.971335177269299,469,0.3411513859275053,269,0.34944237918215615,2.41635687732342,-0.03865751525429001,-0.030366521999639184
perna<=2 & pav>=130,1346,38.457142857142856,0.36478454680534916,0.37255225977030487,-0.007767712964955709,4.7176820208023775,5.882838965545733,815,0.36687116564417177,531,0.3615819209039548,4.237288135593221,-0.005681094126133102,-0.010970338866350071
perna<=2 & pav=150,271,7.742857142857143,0.3505535055350554,0.37541215261422517,-0.024858647079169793,2.5830258302583027,6.311822892133773,173,0.31213872832369943,98,0.41836734693877553,12.755102040816327,-0.06327342429052574,0.04295519432455036
perna<=2 & pav1<=70,622,17.771428571428572,0.364951768488746,0.38269575612671847,-0.01774398763797247,4.742765273311897,7.404363419007771,398,0.36432160804020103,224,0.36607142857142855,4.910714285714286,-0.01837414808651744,-0.01662432755528992
perna<=2 & pav1>=110,1856,53.02857142857143,0.34698275862068967,0.37574667981209764,-0.02876392119140797,2.0474137931034484,6.362001971814649,1151,0.3353605560382276,705,0.3659574468085106,4.8936170212765955,-0.04038612377387002,-0.009789233003587028
perna<=2 & pav2<=70,650,18.571428571428573,0.34923076923076923,0.37659541749961556,-0.027364648268846326,2.3846153846153846,6.489312624942334,399,0.3333333333333333,251,0.3745019920318725,6.175298804780876,-0.043262084166282244,-0.0020934254677430486
perna<=2 & pav2>=110,1851,52.885714285714286,0.3462992976769314,0.3758339084426041,-0.02953461076567271,1.9448946515397083,6.375086266390614,1153,0.34865568083261056,698,0.3424068767908309,1.3610315186246418,-0.027178227609993555,-0.03342703165177319
perna<=2 & efic20>=0.5,1374,39.25714285714286,0.3508005822416303,0.37977629307109073,-0.028975710829460433,2.6200873362445414,6.9664439606636135,842,0.34323040380047504,532,0.36278195488721804,4.417293233082707,-0.036545889270615695,-0.016994338183872693
perna<=2 & efic20<=0.25,787,22.485714285714284,0.3646759847522236,0.37620493859764953,-0.011528953845425904,4.701397712833545,6.430740789647432,501,0.35528942115768464,286,0.3811188811188811,7.1678321678321675,-0.020915517439964892,0.004913942521231562
perna<=2 & efic50>=0.5,1428,40.8,0.3585434173669468,0.3781392908014094,-0.01959587343446262,3.7815126050420167,6.7208936202114105,869,0.34982738780207134,559,0.37209302325581395,5.813953488372093,-0.028311902999338057,-0.006046267545595452
perna<=2 & efic50<=0.25,757,21.62857142857143,0.35006605019815057,0.37843388960205393,-0.02836783940390336,2.509907529722589,6.7650834403080875,489,0.35173824130879344,268,0.34701492537313433,2.0522388059701493,-0.026695648293260488,-0.0314189642289196
perna<=2 & vira20<=5,391,11.17142857142857,0.37084398976982097,0.3901531728665208,-0.019309183096699822,5.626598465473146,8.522975929978118,227,0.3876651982378855,164,0.3475609756097561,2.1341463414634148,-0.0024879746286353144,-0.04259219725676472
perna<=2 & vira20>=9,932,26.62857142857143,0.34763948497854075,0.3750997605746209,-0.027460275596080164,2.1459227467811157,6.264964086193136,606,0.3333333333333333,326,0.37423312883435583,6.134969325153374,-0.041766427241287596,-0.0008666317402650781
perna<=2 & vira50<=14,662,18.914285714285715,0.3413897280966767,0.37984386089425126,-0.038454132797574536,1.2084592145015105,6.976579134137686,399,0.3508771929824561,263,0.3269961977186312,-0.9505703422053232,-0.02896666791179514,-0.05284766317562006
perna<=2 & amp20>=500,1211,34.6,0.36498761354252685,0.38029865125240847,-0.015311037709881625,4.748142031379025,7.044797687861272,748,0.3729946524064171,463,0.35205183585313177,2.8077753779697625,-0.007303998845991366,-0.028246815399276703
perna<=2 & dext20<=0.5,532,15.2,0.32706766917293234,0.379283936434999,-0.052216267262066685,-0.9398496240601504,6.892590465249857,340,0.32941176470588235,192,0.3229166666666667,-1.5625,-0.04987217172911668,-0.05636726976833234
perna<=2 & dext20>=2,1943,55.51428571428571,0.3530622748327329,0.3749742639489397,-0.021911989116206787,2.959341224909933,6.246139592340951,1202,0.34442595673876875,741,0.36707152496626183,5.060728744939271,-0.030548307210170933,-0.007902738982677848
perna<=2 & dext50<=0.5,320,9.142857142857142,0.31875,0.37779195915762603,-0.059041959157626056,-2.1875,6.668793873643906,200,0.325,120,0.30833333333333335,-3.75,-0.05279195915762602,-0.06945862582429269
perna<=2 & dext50>=3,2137,61.05714285714286,0.34955545156761814,0.376245572609209,-0.026690121041590853,2.4333177351427233,6.436835891381346,1332,0.33933933933933935,805,0.36645962732919257,4.968944099378882,-0.03690623326986964,-0.009785945280016417
perna<=2 & furo>=0,340,9.714285714285714,0.3264705882352941,0.3757173059498641,-0.049246717714569954,-1.0294117647058822,6.357595892479614,220,0.33181818181818185,120,0.31666666666666665,-2.5,-0.04389912413168223,-0.059050639283197426
perna<=2 & furo<=-1,2342,66.91428571428571,0.35866780529462,0.37599547412855217,-0.017327668833932164,3.8001707941929976,6.399321119282823,1439,0.34954829742876997,903,0.37320044296788485,5.980066445182724,-0.026447176699782193,-0.002795031160667316
perna<=2 & pos20<=0.2,1207,34.48571428571429,0.36536868268434136,0.37830554151928586,-0.012936858834944498,4.8053024026512015,6.745831227892875,753,0.350597609561753,454,0.3898678414096916,8.480176211453745,-0.02770793195753285,0.011562299890405747
perna<=2 & pos50<=0.2,1056,30.17142857142857,0.36174242424242425,0.37949167397020156,-0.017749249727777305,4.261363636363637,6.923751095530236,649,0.35901386748844377,407,0.36609336609336607,4.914004914004914,-0.020477806481757788,-0.013398307876835491
perna<=2 & pos50>=0.8,361,10.314285714285715,0.3407202216066482,0.3778211200891613,-0.03710089848251308,1.10803324099723,6.673168013374199,222,0.32882882882882886,139,0.3597122302158273,3.9568345323741005,-0.04899229126033244,-0.018108889873333978
pernapts>=200 & pernapts>=300,841,24.02857142857143,0.36504161712247324,0.3809141940657578,-0.01587257694328459,4.756242568370987,7.137129109863673,512,0.37890625,329,0.3434650455927052,1.5197568389057752,-0.0020079440657578274,-0.03744914847305264
pernapts>=200 & pernapav>=90,781,22.314285714285713,0.3866837387964149,0.3816653934300993,0.005018345366315569,8.002560819462229,7.249809014514897,487,0.38809034907597534,294,0.3843537414965986,7.653061224489796,0.006424955645876029,0.002688348066499313
pernapts>=200 & pav<=110,407,11.628571428571428,0.40786240786240785,0.3944593756460616,0.013403032216346256,11.17936117936118,9.16890634690924,255,0.4117647058823529,152,0.40131578947368424,10.197368421052632,0.017305330236291327,0.006856413827622643
pernapts>=200 & pav>=130,782,22.34285714285714,0.36445012787723785,0.3833488248572567,-0.018898696980018836,4.667519181585678,7.502323728588501,482,0.36099585062240663,300,0.37,5.5,-0.022352974234850054,-0.013348824857256691
pernapts>=200 & pav1<=70,958,27.37142857142857,0.3705636743215031,0.3892347861016268,-0.018671111780123706,5.5845511482254695,8.385217915244025,587,0.37137989778534924,371,0.3692722371967655,5.390835579514825,-0.017854888316277573,-0.01996254890486132
pernapts>=200 & pav1>=110,365,10.428571428571429,0.40821917808219177,0.37846249610955496,0.02975668197263681,11.232876712328768,6.76937441643324,218,0.39908256880733944,147,0.4217687074829932,13.26530612244898,0.020620072697784486,0.043306211373438264
pernapts>=200 & pav2<=70,929,26.542857142857144,0.35844994617868675,0.38419618528610355,-0.025746239107416802,3.767491926803014,7.629427792915531,551,0.33212341197822143,378,0.3968253968253968,9.523809523809524,-0.052072773307882125,0.01262921153929325
pernapts>=200 & pav2>=110,352,10.057142857142857,0.4005681818181818,0.38972904851921863,0.010839133298963188,10.085227272727273,8.459357277882798,223,0.4080717488789238,129,0.3875968992248062,8.13953488372093,0.018342700359705144,-0.002132149294412411
pernapts>=200 & efic20>=0.5,741,21.17142857142857,0.3832658569500675,0.38027799632835035,0.002987860621717131,7.489878542510121,7.041699449252557,441,0.38095238095238093,300,0.38666666666666666,8.0,0.0006743846240305773,0.006388670338316305
pernapts>=200 & efic20<=0.25,470,13.428571428571429,0.32553191489361705,0.38144329896907214,-0.055911384075455095,-1.1702127659574468,7.216494845360825,283,0.31448763250883394,187,0.3422459893048128,1.3368983957219251,-0.0669556664602382,-0.03919730966425933
pernapts>=200 & efic50>=0.5,837,23.914285714285715,0.35722819593787336,0.38501742160278746,-0.027789225664914097,3.5842293906810037,7.7526132404181185,492,0.35772357723577236,345,0.3565217391304348,3.4782608695652173,-0.027293844367015097,-0.02849568247235268
pernapts>=200 & efic50<=0.25,444,12.685714285714285,0.3536036036036036,0.37269906928645297,-0.019095465682849366,3.0405405405405403,5.904860392967942,299,0.35451505016722407,145,0.35172413793103446,2.7586206896551726,-0.0181840191192289,-0.020974931355418502
pernapts>=200 & vira20<=5,720,20.571428571428573,0.3763888888888889,0.3899618972539745,-0.013573008365085626,6.458333333333333,8.494284588096177,434,0.3870967741935484,286,0.36013986013986016,4.020979020979021,-0.0028651230604261335,-0.029822037114114353
pernapts>=200 & vira50<=14,658,18.8,0.3860182370820669,0.3840142582944886,0.0020039787875782977,7.90273556231003,7.602138744173293,402,0.40298507462686567,256,0.359375,3.90625,0.018970816332377072,-0.024639258294488597
pernapts>=200 & amp20>=500,1020,29.142857142857142,0.38235294117647056,0.3874716553287982,-0.005118714152327619,7.352941176470588,8.120748299319727,625,0.3808,395,0.3848101265822785,7.7215189873417724,-0.006671655328798154,-0.0026615287465197035
pernapts>=200 & dext20<=0.5,1293,36.94285714285714,0.35730858468677495,0.3795473854947092,-0.022238800807934223,3.5962877030162415,6.93210782420638,796,0.3555276381909548,497,0.36016096579476864,4.0241448692152915,-0.02401974730375439,-0.019386419699940538
pernapts>=200 & dext20>=2,350,10.0,0.4057142857142857,0.40027739251040223,0.005436893203883464,10.857142857142858,10.041608876560334,214,0.40654205607476634,136,0.40441176470588236,10.661764705882353,0.006264663564364115,0.004134372195480129
pernapts>=200 & dext50<=0.5,867,24.771428571428572,0.35870818915801617,0.37848086266145275,-0.01977267350343659,3.8062283737024223,6.772129399217917,535,0.3532710280373832,332,0.3674698795180723,5.120481927710843,-0.02520983462406956,-0.011010983143380448
pernapts>=200 & dext50>=3,690,19.714285714285715,0.3927536231884058,0.3919449901768173,0.000808633011588511,8.91304347826087,8.791748526522593,419,0.3914081145584726,271,0.3948339483394834,9.22509225092251,-0.000536875618344701,0.0028889581626661
pernapts>=200 & furo>=0,1215,34.714285714285715,0.35555555555555557,0.381453469253535,-0.025897913697979447,3.3333333333333335,7.218020388030253,747,0.35609103078982596,468,0.3547008547008547,3.2051282051282053,-0.02536243846370906,-0.0267526145526803
pernapts>=200 & furo<=-1,472,13.485714285714286,0.4025423728813559,0.3932654333818333,0.00927693949952263,10.38135593220339,8.989815007274995,291,0.39862542955326463,181,0.4088397790055249,11.32596685082873,0.005359996171431347,0.015574345623691588
pernapts>=200 & pos20>=0.8,697,19.914285714285715,0.37733142037302725,0.38095892292897376,-0.0036275025559465157,6.599713055954089,7.143838439346064,431,0.37122969837587005,266,0.38721804511278196,8.082706766917294,-0.00972922455310371,0.006259122183808197
pernapts>=200 & pos50>=0.8,841,24.02857142857143,0.36028537455410226,0.37865662272441936,-0.0183712481703171,4.042806183115339,6.7984934086629005,518,0.3590733590733591,323,0.3622291021671827,4.3343653250774,-0.01958326365106028,-0.016427520557236674
pernapts>=300 & pernapav>=90,292,8.342857142857143,0.3801369863013699,0.38884007029876977,-0.008703083997399885,7.02054794520548,8.326010544815466,178,0.4157303370786517,114,0.32456140350877194,-1.3157894736842106,0.026890266779881933,-0.06427866678999783
pernapts>=300 & pav>=130,375,10.714285714285714,0.35733333333333334,0.38083333333333336,-0.02350000000000002,3.6,7.125,228,0.35964912280701755,147,0.35374149659863946,3.061224489795918,-0.021184210526315805,-0.027091836734693897
pernapts>=300 & pav1<=70,427,12.2,0.3864168618266979,0.3898520084566596,-0.0034351466299617495,7.962529274004684,8.477801268498943,263,0.39543726235741444,164,0.3719512195121951,5.7926829268292686,0.005585253900754816,-0.017900788944464507
pernapts>=300 & pav2<=70,430,12.285714285714286,0.34418604651162793,0.3863153421164471,-0.04212929560481915,1.627906976744186,7.947301317467064,255,0.3254901960784314,175,0.37142857142857144,5.714285714285714,-0.0608251460380157,-0.014886770687875639
pernapts>=300 & efic20>=0.5,380,10.857142857142858,0.36578947368421055,0.3771651622346914,-0.011375688550480823,4.868421052631579,6.574774335203708,224,0.3705357142857143,156,0.358974358974359,3.8461538461538463,-0.006629447948977074,-0.0181908032603324
pernapts>=300 & efic20<=0.25,215,6.142857142857143,0.34418604651162793,0.3859730608453321,-0.04178701433370419,1.627906976744186,7.895959126799815,124,0.3467741935483871,91,0.34065934065934067,1.098901098901099,-0.039198867296944995,-0.045313720185991446
pernapts>=300 & efic50>=0.5,399,11.4,0.3583959899749373,0.3843434343434343,-0.025947444368496997,3.7593984962406015,7.651515151515151,227,0.3832599118942731,172,0.32558139534883723,-1.1627906976744187,-0.0010835224491612117,-0.05876203899459709
pernapts>=300 & vira20<=5,432,12.342857142857143,0.3680555555555556,0.390504078644635,-0.02244852308907941,5.208333333333333,8.575611796695252,259,0.37065637065637064,173,0.36416184971098264,4.624277456647399,-0.01984770798826435,-0.026342228933652345
pernapts>=300 & vira50<=14,362,10.342857142857143,0.38950276243093923,0.37607861936721,0.013424143063729244,8.425414364640885,6.411792905081495,218,0.40825688073394495,144,0.3611111111111111,4.166666666666667,0.03217826136673496,-0.014967508256098883
pernapts>=300 & amp20>=500,586,16.742857142857144,0.3703071672354949,0.3800497203231821,-0.009742553087687233,5.546075085324232,7.007458048477315,360,0.3861111111111111,226,0.34513274336283184,1.7699115044247788,0.006061390787929,-0.03491697696035029
pernapts>=300 & dext20<=0.5,728,20.8,0.36126373626373626,0.38005818566516797,-0.018794449401431712,4.18956043956044,7.008727849775192,439,0.3690205011389522,289,0.3494809688581315,2.422145328719723,-0.011037684526215785,-0.030577216807036456
pernapts>=300 & dext50<=0.5,502,14.342857142857143,0.36852589641434264,0.37327368216300333,-0.004747785748660693,5.278884462151394,5.991052324450496,306,0.3790849673202614,196,0.3520408163265306,2.806122448979592,0.005811285157258095,-0.021232865836472714
pernapts>=300 & dext50>=3,229,6.542857142857143,0.36681222707423583,0.39566284779050737,-0.028850620716271536,5.021834061135372,9.349427168576105,136,0.3897058823529412,93,0.3333333333333333,0.0,-0.005956965437566186,-0.06232951445717405
pernapts>=300 & furo>=0,702,20.057142857142857,0.3561253561253561,0.3810759148006554,-0.024950558675299273,3.4188034188034186,7.161387220098307,423,0.3640661938534279,279,0.34408602150537637,1.6129032258064515,-0.01700972094722747,-0.03698989329527902
pernapts>=300 & pos20>=0.8,462,13.2,0.37445887445887444,0.3759846301633045,-0.0015257557044300873,6.1688311688311686,6.3976945244956775,285,0.3824561403508772,177,0.3615819209039548,4.237288135593221,0.006471510187572693,-0.014402709259349722
pernapts>=300 & pos50>=0.8,486,13.885714285714286,0.37037037037037035,0.3748217559584437,-0.004451385588073342,5.555555555555555,6.223263393766551,294,0.3843537414965986,192,0.3489583333333333,2.34375,0.00953198553815493,-0.025863422625110377
pernapav>=90 & pav<=110,961,27.457142857142856,0.35796045785639957,0.38188277087033745,-0.02392231301393788,3.6940686784599377,7.282415630550622,608,0.35855263157894735,353,0.35694050991501414,3.5410764872521248,-0.023330139291390106,-0.024942260955323314
pernapav>=90 & pav>=130,1811,51.74285714285714,0.3754831584759801,0.37165929628917516,0.0038238621868049716,6.322473771397018,5.748894443376273,1090,0.37706422018348623,721,0.37309292649098474,5.9639389736477115,0.0054049238943110756,0.0014336302018095881
pernapav>=90 & pav=150,373,10.657142857142857,0.36193029490616624,0.3795513056270688,-0.017621010720902552,4.289544235924933,6.932695844060317,220,0.32727272727272727,153,0.4117647058823529,11.764705882352942,-0.05227857835434152,0.03221340025528413
pernapav>=90 & pav1<=70,824,23.542857142857144,0.37985436893203883,0.38907439561907303,-0.0092200266870342,6.978155339805825,8.36115934286096,508,0.3956692913385827,316,0.35443037974683544,3.1645569620253164,0.006594895719509664,-0.03464401587223759
pernapav>=90 & pav1>=110,2285,65.28571428571429,0.3584245076586433,0.3749760398696569,-0.016551532211013575,3.763676148796499,6.246405980448533,1411,0.34727143869596033,874,0.37643020594965676,6.464530892448512,-0.027704601173696553,0.0014541660799998746
pernapav>=90 & pav2<=70,1093,31.228571428571428,0.37419945105215,0.3764229210881729,-0.0022234700360228565,6.1299176578225065,6.463438163225931,678,0.35988200589970504,415,0.39759036144578314,9.63855421686747,-0.016540915188467842,0.021167440357610257
pernapav>=90 & pav2>=110,2080,59.42857142857143,0.3504807692307692,0.37848101265822787,-0.02800024342745866,2.5721153846153846,6.772151898734177,1278,0.35524256651017216,802,0.3428927680798005,1.4339152119700749,-0.023238446148055703,-0.03558824457842735
pernapav>=90 & efic20>=0.5,1751,50.02857142857143,0.36150770988006853,0.38022952213249134,-0.01872181225242281,4.22615648201028,7.034428319873702,1056,0.3560606060606061,695,0.3697841726618705,5.467625899280575,-0.02416891607188526,-0.010445349470620813
pernapav>=90 & efic20<=0.25,1078,30.8,0.3608534322820037,0.3771566945817778,-0.01630326229977408,4.128014842300557,6.573504187266673,682,0.3548387096774194,396,0.3712121212121212,5.681818181818182,-0.022317984904358434,-0.005944573369656592
pernapav>=90 & efic50>=0.5,1897,54.2,0.3632050606220348,0.3815742609521548,-0.018369200330120017,4.480759093305219,7.236139142823222,1139,0.3582089552238806,758,0.370712401055409,5.6068601583113455,-0.02336530572827422,-0.010861859896745818
pernapav>=90 & efic50<=0.25,1008,28.8,0.3630952380952381,0.3738586740770147,-0.010763435981776592,4.464285714285714,6.078801111552203,654,0.3654434250764526,354,0.3587570621468927,3.8135593220338984,-0.008415249000562064,-0.015101611930121994
pernapav>=90 & vira20<=5,739,21.114285714285714,0.37753721244925575,0.38416343971157696,-0.006626227262321205,6.630581867388362,7.624515956736547,435,0.3954022988505747,304,0.3519736842105263,2.7960526315789473,0.011238859138997748,-0.03218975550105063
pernapav>=90 & vira20>=9,1051,30.02857142857143,0.36346336822074216,0.378535170413343,-0.015071802192600847,4.519505233111323,6.78027556200145,682,0.36070381231671556,369,0.3685636856368564,5.284552845528455,-0.017831358096627448,-0.009971484776486628
pernapav>=90 & vira50<=14,996,28.457142857142856,0.35441767068273095,0.37583225678227167,-0.021414586099540722,3.1626506024096384,6.374838517340753,588,0.37244897959183676,408,0.3284313725490196,-0.7352941176470589,-0.003383277190434908,-0.04740088423325206
pernapav>=90 & amp20>=500,1762,50.34285714285714,0.3785471055618615,0.38085221467636277,-0.002305109114501269,6.782065834279228,7.127832201454415,1081,0.38390379278445885,681,0.3700440528634361,5.506607929515418,0.003051578108096087,-0.010808161812926653
pernapav>=90 & dext20<=0.5,1195,34.142857142857146,0.3548117154811716,0.377191328934967,-0.02237961345379541,3.221757322175732,6.578699340245052,754,0.356763925729443,441,0.35147392290249435,2.7210884353741496,-0.020427403205523997,-0.025717406032472634
pernapav>=90 & dext20>=2,2199,62.82857142857143,0.3615279672578445,0.37689544160873417,-0.015367474350889698,4.229195088676671,6.53431624131013,1347,0.3556050482553823,852,0.37089201877934275,5.633802816901408,-0.021290393353351866,-0.006003422829391425
pernapav>=90 & dext50<=0.5,721,20.6,0.34257975034674065,0.3732590529247911,-0.03067930257805046,1.3869625520110958,5.988857938718663,445,0.34606741573033706,276,0.33695652173913043,0.5434782608695652,-0.027191637194454055,-0.03630253118566068
pernapav>=90 & dext50>=3,2596,74.17142857142858,0.3640215716486903,0.37878238446351586,-0.014760812814825552,4.603235747303544,6.817357669527378,1607,0.35905413814561293,989,0.37209302325581395,5.813953488372093,-0.01972824631790293,-0.006689361207701916
pernapav>=90 & furo>=0,948,27.085714285714285,0.35864978902953587,0.37593531257542845,-0.017285523545892578,3.7974683544303796,6.390296886314265,601,0.3643926788685524,347,0.34870317002881845,2.3054755043227666,-0.011542633706876027,-0.027232142546609994
pernapav>=90 & furo<=-1,2680,76.57142857142857,0.3701492537313433,0.3766593784163673,-0.0065101246850240435,5.522388059701493,6.498906762455099,1635,0.36636085626911313,1045,0.37607655502392345,6.411483253588517,-0.010298522147254185,-0.0005828233924438653
pernapav>=90 & pos20<=0.2,1167,33.34285714285714,0.37275064267352187,0.37711826414417643,-0.004367621470654559,5.912596401028278,6.567739621626468,719,0.36022253129346316,448,0.39285714285714285,8.928571428571429,-0.016895732850713274,0.01573887871296642
pernapav>=90 & pos20>=0.8,455,13.0,0.38461538461538464,0.3779821073558648,0.006633277259519843,7.6923076923076925,6.6973161033797215,266,0.39849624060150374,189,0.36507936507936506,4.761904761904762,0.020514133245638944,-0.012902742276499735
pernapav>=90 & pos50<=0.2,1125,32.142857142857146,0.376,0.37970031099802093,-0.003700310998020928,6.4,6.955046649703139,684,0.3757309941520468,441,0.3764172335600907,6.462585034013605,-0.003969316845974125,-0.0032830774379302152
pernapav>=90 & pos50>=0.8,740,21.142857142857142,0.34594594594594597,0.37051971326164873,-0.024573767315702766,1.8918918918918919,5.577956989247312,445,0.3415730337078652,295,0.3525423728813559,2.8813559322033897,-0.02894667955378355,-0.017977340380292806
pav<=110 & pav1<=70,456,13.028571428571428,0.3969298245614035,0.391563101697882,0.0053667228635215225,9.539473684210526,8.734465254682304,277,0.3862815884476534,179,0.4134078212290503,12.011173184357542,-0.0052815132502285755,0.02184471953116829
pav<=110 & pav1>=110,576,16.457142857142856,0.3315972222222222,0.38116514865097095,-0.04956792642874874,-0.2604166666666667,7.174772297645643,369,0.3333333333333333,207,0.3285024154589372,-0.7246376811594203,-0.04783181531763764,-0.05266273319203374
pav<=110 & pav2<=70,442,12.628571428571428,0.334841628959276,0.3881697231211794,-0.05332809416190343,0.22624434389140272,8.225458468176916,274,0.3175182481751825,168,0.3630952380952381,4.464285714285714,-0.07065147494599694,-0.02507448502594134
pav<=110 & pav2>=110,587,16.771428571428572,0.3628620102214651,0.37590442537439006,-0.01304241515292498,4.429301533219761,6.385663806158505,361,0.39058171745152354,226,0.3185840707964602,-2.2123893805309733,0.014677292077133475,-0.05732035457792989
pav<=110 & efic20>=0.5,575,16.428571428571427,0.37217391304347824,0.3817957800708455,-0.009621867027367281,5.826086956521739,7.269367010626829,359,0.362116991643454,216,0.3888888888888889,8.333333333333334,-0.019678788427391514,0.00709310881804337
pav<=110 & efic20<=0.25,348,9.942857142857143,0.3620689655172414,0.38445755321877406,-0.02238858770153268,4.310344827586207,7.668632982816106,211,0.36018957345971564,137,0.36496350364963503,4.744525547445256,-0.024267979759058422,-0.019494049569139027
pav<=110 & efic50>=0.5,608,17.37142857142857,0.3651315789473684,0.3827216432563057,-0.01759006430893728,4.769736842105263,7.4082464884458545,373,0.3512064343163539,235,0.3872340425531915,8.085106382978724,-0.0315152089399518,0.004512399296885794
pav<=110 & efic50<=0.25,317,9.057142857142857,0.3722397476340694,0.39206827309236947,-0.01982852545830005,5.83596214511041,8.810240963855422,212,0.3867924528301887,105,0.34285714285714286,1.4285714285714286,-0.005275820262180764,-0.04921113023522661
pav<=110 & vira20<=5,312,8.914285714285715,0.40064102564102566,0.39940907869997316,0.0012319469410524975,10.096153846153847,9.911361804995972,191,0.43455497382198954,121,0.34710743801652894,2.0661157024793386,0.03514589512201638,-0.05230164068344423
pav<=110 & vira20>=9,288,8.228571428571428,0.3298611111111111,0.37751004016064255,-0.04764892904953144,-0.5208333333333334,6.626506024096385,188,0.3191489361702128,100,0.35,2.5,-0.058361103990429763,-0.027510040160642568
pav<=110 & vira50<=14,364,10.4,0.3983516483516483,0.3833594274211586,0.014992220930489741,9.752747252747254,7.503914113173787,239,0.41841004184100417,125,0.36,4.0,0.03505061441984558,-0.023359427421158596
pav<=110 & amp20>=500,573,16.37142857142857,0.39092495636998253,0.3842415316642121,0.0066834247057704355,8.638743455497382,7.636229749631812,354,0.3870056497175141,219,0.3972602739726027,9.58904109589041,0.0027641180533020115,0.013018742308390618
pav<=110 & dext20<=0.5,428,12.228571428571428,0.3925233644859813,0.38962319984217797,0.002900164643803327,8.878504672897197,8.443479976326692,280,0.38571428571428573,148,0.40540540540540543,10.81081081081081,-0.003908914127892238,0.01578220556322746
pav<=110 & dext20>=2,691,19.742857142857144,0.35021707670043417,0.38054914036438287,-0.030332063663948694,2.532561505065123,7.082371054657429,415,0.35180722891566263,276,0.34782608695652173,2.1739130434782608,-0.028741911448720237,-0.032723053407861136
pav<=110 & dext50<=0.5,271,7.742857142857143,0.42066420664206644,0.38789808917197455,0.03276611747009189,13.099630996309964,8.184713375796179,178,0.4157303370786517,93,0.43010752688172044,14.516129032258064,0.027832247906677154,0.04220943770974589
pav<=110 & dext50>=3,814,23.257142857142856,0.3538083538083538,0.37896315338474723,-0.02515479957639344,3.0712530712530715,6.844473007712082,495,0.3575757575757576,319,0.34796238244514105,2.19435736677116,-0.02138739580898963,-0.03100077093960618
pav<=110 & furo>=0,343,9.8,0.40233236151603496,0.3886765408504539,0.013655820665581075,10.349854227405247,8.301481127568085,225,0.38666666666666666,118,0.4322033898305085,14.830508474576272,-0.0020098741837872303,0.0435268489800546
pav<=110 & furo<=-1,838,23.942857142857143,0.3627684964200477,0.3818142872442969,-0.019045790824249176,4.41527446300716,7.272143086644532,513,0.3645224171539961,325,0.36,4.0,-0.01729187009030081,-0.021814287244296904
pav<=110 & pos20<=0.2,289,8.257142857142858,0.3356401384083045,0.37906772207563766,-0.04342758366733318,0.3460207612456747,6.860158311345646,180,0.31666666666666665,109,0.3669724770642202,5.045871559633028,-0.06240105540897101,-0.012095245011417455
pav<=110 & pos20>=0.8,221,6.314285714285714,0.39819004524886875,0.3900990099009901,0.008091035347878639,9.728506787330316,8.514851485148515,139,0.39568345323741005,82,0.4024390243902439,10.365853658536585,0.005584443336419942,0.012340014489253814
pav<=110 & pos50<=0.2,300,8.571428571428571,0.34,0.3797692990239574,-0.03976929902395737,1.0,6.965394853593612,175,0.3314285714285714,125,0.352,2.8,-0.04834072759538599,-0.027769299023957417
pav<=110 & pos50>=0.8,305,8.714285714285714,0.4131147540983607,0.3853448275862069,0.027769926512153764,11.967213114754099,7.801724137931035,200,0.405,105,0.42857142857142855,14.285714285714286,0.01965517241379311,0.04322660098522163
pav>=130 & pav=150,493,14.085714285714285,0.36105476673427994,0.3771567436208991,-0.016101976886619185,4.158215010141988,6.573511543134872,300,0.33666666666666667,193,0.39896373056994816,9.844559585492227,-0.04049007695423246,0.021806986949049034
pav>=130 & pav1<=70,891,25.457142857142856,0.37037037037037035,0.3815804434337692,-0.011210073063398829,5.555555555555555,7.237066515065378,558,0.3817204301075269,333,0.35135135135135137,2.7027027027027026,0.00013998667375769713,-0.030229092082417808
pav>=130 & pav1>=110,1019,29.114285714285714,0.37684003925417076,0.37197692478366984,0.004863114470500918,6.5260058881256136,5.796538717550477,613,0.367047308319739,406,0.3916256157635468,8.74384236453202,-0.004929616463930864,0.01964869097987698
pav>=130 & pav2<=70,892,25.485714285714284,0.3834080717488789,0.38250408782994627,0.0009039839189326493,7.511210762331839,7.375613174491941,546,0.3772893772893773,346,0.3930635838150289,8.959537572254336,-0.00521471054056899,0.010559495985082656
pav>=130 & pav2>=110,1050,30.0,0.36095238095238097,0.3736057426836002,-0.012653361731219226,4.142857142857143,6.040861402540033,649,0.3605546995377504,401,0.36159600997506236,4.239401496259352,-0.013051043145849817,-0.012009732708537835
pav>=130 & efic20>=0.5,1052,30.057142857142857,0.3688212927756654,0.3758735946520814,-0.007052301876416034,5.32319391634981,6.381039197812215,608,0.37335526315789475,444,0.36261261261261263,4.391891891891892,-0.0025183314941866763,-0.013260982039468794
pav>=130 & efic20<=0.25,667,19.057142857142857,0.3733133433283358,0.37968620974401324,-0.006372866415677414,5.997001499250374,6.952931461601982,419,0.36992840095465396,248,0.3790322580645161,6.854838709677419,-0.009757808789359279,-0.0006539516794971112
pav>=130 & efic50>=0.5,1157,33.05714285714286,0.36732929991356955,0.38102175602175603,-0.01369245610818648,5.099394987035437,7.153263403263403,687,0.3653566229985444,470,0.3702127659574468,5.531914893617022,-0.015665133023211653,-0.010808990064309243
pav>=130 & efic50<=0.25,638,18.228571428571428,0.3557993730407524,0.36979843953185954,-0.01399906649110716,3.3699059561128526,5.469765929778934,408,0.36519607843137253,230,0.3391304347826087,0.8695652173913043,-0.004602361100487007,-0.030668004749250855
pav>=130 & vira20<=5,534,15.257142857142858,0.37265917602996257,0.38880248833592534,-0.016143312305962776,5.898876404494382,8.320373250388803,319,0.3887147335423197,215,0.3488372093023256,2.3255813953488373,-8.77547936056211e-05,-0.039965279033599754
pav>=130 & vira20>=9,594,16.97142857142857,0.38215488215488214,0.37294917967186875,0.00920570248301339,7.3232323232323235,5.942376950780312,394,0.3756345177664975,200,0.395,9.25,0.002685338094628731,0.02205082032813127
pav>=130 & vira50<=14,687,19.62857142857143,0.37700145560407566,0.37411115948338414,0.0028902961206915267,6.550218340611353,6.116673922507618,406,0.4039408866995074,281,0.33807829181494664,0.7117437722419929,0.02982972721612326,-0.036032867668437496
pav>=130 & amp20>=500,1170,33.42857142857143,0.3683760683760684,0.3797333333333333,-0.011357264957264912,5.256410256410256,6.96,704,0.37642045454545453,466,0.3562231759656652,3.4334763948497855,-0.0033128787878787813,-0.023510157367668094
pav>=130 & dext20<=0.5,997,28.485714285714284,0.35807422266800404,0.3716371220020855,-0.013562899334081446,3.711133400200602,5.745568300312826,618,0.35436893203883496,379,0.3641160949868074,4.617414248021108,-0.017268189963250524,-0.00752102701527807
pav>=130 & dext20>=2,1106,31.6,0.37884267631103075,0.38056251204006936,-0.0017198357290386102,6.826401446654611,7.084376806010402,671,0.37853949329359166,435,0.3793103448275862,6.896551724137931,-0.0020230187464777005,-0.0012521672124831684
pav>=130 & dext50<=0.5,624,17.82857142857143,0.3557692307692308,0.3700180416598327,-0.014248810890601926,3.3653846153846154,5.5027062489749055,386,0.3626943005181347,238,0.3445378151260504,1.680672268907563,-0.007323741141697981,-0.02548022653378229
pav>=130 & dext50>=3,1400,40.0,0.3742857142857143,0.37942587375314096,-0.005140159467426686,6.142857142857143,6.913881062971141,849,0.3663133097762073,551,0.38656987295825773,7.985480943738657,-0.013112563976933667,0.007143999205116769
pav>=130 & furo>=0,849,24.257142857142856,0.3545347467608952,0.37148376192200894,-0.016949015161113745,3.1802120141342756,5.72256428830134,529,0.3572778827977316,320,0.35,2.5,-0.014205879124277343,-0.02148376192200896
pav>=130 & furo<=-1,1392,39.77142857142857,0.3829022988505747,0.3777672359266287,0.005135062923945999,7.435344827586207,6.665085388994307,836,0.3875598086124402,556,0.37589928057553956,6.384892086330935,0.009792572685811518,-0.0018679553510891345
pav>=130 & pos20<=0.2,551,15.742857142857142,0.38294010889292196,0.3761951219512195,0.006744986941702447,7.441016333938294,6.429268292682927,319,0.3761755485893417,232,0.3922413793103448,8.836206896551724,-1.9573361877800455e-05,0.016046257359125293
pav>=130 & pos20>=0.8,402,11.485714285714286,0.3756218905472637,0.37436146922889807,0.0012604213183656232,6.343283582089552,6.154220384334712,241,0.36099585062240663,161,0.39751552795031053,9.627329192546584,-0.013365618606491436,0.023154058721412463
pav>=130 & pos50<=0.2,595,17.0,0.38487394957983195,0.3781832003040669,0.006690749275765073,7.73109243697479,6.727480045610034,346,0.3786127167630058,249,0.39357429718875503,9.036144578313253,0.00042951645893890555,0.015391096884688149
pav>=130 & pos50>=0.8,595,17.0,0.3495798319327731,0.37228114326802086,-0.022701311335247776,2.436974789915966,5.842171490203127,358,0.34916201117318435,237,0.350210970464135,2.5316455696202533,-0.023119132094836514,-0.022070172803885846
pav=150 & pav1>=110,201,5.742857142857143,0.3781094527363184,0.37970644543714105,-0.0015969927008226414,6.7164179104477615,6.955966815571155,118,0.3220338983050847,83,0.4578313253012048,18.674698795180724,-0.05767254713205633,0.07812487986406375
pav=150 & efic20>=0.5,202,5.771428571428571,0.35148514851485146,0.37433471318746303,-0.022849564672611566,2.722772277227723,6.150206978119456,113,0.2920353982300885,89,0.42696629213483145,14.044943820224718,-0.08229931495737453,0.05263157894736842
pav=150 & efic50>=0.5,232,6.628571428571429,0.375,0.37067545304777594,0.004324546952224062,6.25,5.601317957166392,137,0.3795620437956204,95,0.3684210526315789,5.2631578947368425,0.00888659074784448,-0.002254400416197011
pav=150 & amp20>=500,241,6.885714285714286,0.35269709543568467,0.38438880706921946,-0.03169171163353479,2.904564315352697,7.658321060382916,143,0.32867132867132864,98,0.3877551020408163,8.16326530612245,-0.05571747839789082,0.0033662949715968504
pav=150 & dext20>=2,219,6.257142857142857,0.365296803652968,0.37917146144994246,-0.013874657796974443,4.794520547945205,6.875719217491369,133,0.3233082706766917,86,0.43023255813953487,14.534883720930232,-0.05586319077325075,0.05106109668959241
pav=150 & dext50>=3,280,8.0,0.35714285714285715,0.38399642378185067,-0.02685356663899352,3.5714285714285716,7.599463567277604,164,0.3048780487804878,116,0.43103448275862066,14.655172413793103,-0.07911837500136287,0.04703805897676999
pav=150 & furo<=-1,280,8.0,0.375,0.37223529411764705,0.002764705882352947,6.25,5.8352941176470585,171,0.3333333333333333,109,0.44036697247706424,16.05504587155963,-0.03890196078431374,0.06813167835941719
pav1<=70 & pav2<=70,701,20.02857142857143,0.37089871611982883,0.3872932985204526,-0.016394582400623747,5.634807417974322,8.093994778067884,422,0.3459715639810427,279,0.40860215053763443,11.290322580645162,-0.041321734539409904,0.021308852017181856
pav1<=70 & pav2>=110,837,23.914285714285715,0.3727598566308244,0.38609054496904965,-0.01333068833822526,5.913978494623656,7.913581745357447,531,0.3860640301318267,306,0.34967320261437906,2.450980392156863,-2.6514837222935128e-05,-0.03641734235467059
pav1<=70 & efic20>=0.5,840,24.0,0.35714285714285715,0.38579024776558435,-0.028647390622727198,3.5714285714285716,7.868537164837651,499,0.35671342685370744,341,0.35777126099706746,3.665689149560117,-0.02907682091187691,-0.028018986768516885
pav1<=70 & efic20<=0.25,506,14.457142857142857,0.38537549407114624,0.39049765909485,-0.005122165023703773,7.8063241106719365,8.574648864227502,319,0.3793103448275862,187,0.39572192513368987,9.358288770053475,-0.011187314267263826,0.005224266038839853
pav1<=70 & efic50>=0.5,927,26.485714285714284,0.36893203883495146,0.38503127318986535,-0.016099234354913894,5.339805825242719,7.754690978479805,556,0.37410071942446044,371,0.3611859838274933,4.177897574123989,-0.010930553765404916,-0.02384528936237207
pav1<=70 & efic50<=0.25,482,13.771428571428572,0.35477178423236516,0.38173178458289336,-0.0269600003505282,3.215767634854772,7.259767687434002,316,0.3670886075949367,166,0.3313253012048193,-0.30120481927710846,-0.014643176987956641,-0.050406483378074074
pav1<=70 & vira20<=5,569,16.257142857142856,0.36379613356766255,0.3991172761664565,-0.03532114259879393,4.569420035149385,9.867591424968474,342,0.3742690058479532,227,0.34801762114537443,2.202643171806167,-0.024848270318503285,-0.05109965502108205
pav1<=70 & vira20>=9,376,10.742857142857142,0.35638297872340424,0.371224601867106,-0.014841623143701743,3.4574468085106385,5.683690280065898,256,0.34375,120,0.38333333333333336,7.5,-0.027474601867105986,0.012108731466227374
pav1<=70 & vira50<=14,614,17.542857142857144,0.38762214983713356,0.3894182904281041,-0.001796140590970552,8.143322475570033,8.412743564215617,369,0.3983739837398374,245,0.37142857142857144,5.714285714285714,0.008955693311733293,-0.017989718999532667
pav1<=70 & amp20>=500,956,27.314285714285713,0.3797071129707113,0.3903313311373765,-0.0106242181666652,6.956066945606694,8.549699670606472,572,0.3776223776223776,384,0.3828125,7.421875,-0.0127089535149989,-0.007518831137376503
pav1<=70 & dext20<=0.5,998,28.514285714285716,0.35370741482965934,0.38362975712373304,-0.0299223422940737,3.056112224448898,7.544463568559954,632,0.36075949367088606,366,0.34153005464480873,1.2295081967213115,-0.022870263452846984,-0.042099702478924306
pav1<=70 & dext20>=2,746,21.314285714285713,0.37667560321715815,0.3922658759574994,-0.015590272740341249,6.501340482573727,8.839881393624907,453,0.3708609271523179,293,0.3856655290102389,7.849829351535837,-0.021404948805181512,-0.0066003469472604714
pav1<=70 & dext50<=0.5,660,18.857142857142858,0.3621212121212121,0.37850963727424497,-0.01638842515303285,4.318181818181818,6.776445591136743,422,0.36729857819905215,238,0.35294117647058826,2.9411764705882355,-0.01121105907519282,-0.025568460803656712
pav1<=70 & dext50>=3,1042,29.771428571428572,0.3867562380038388,0.38838084991931143,-0.0016246119154726402,8.013435700575815,8.25712748789672,624,0.38461538461538464,418,0.38995215311004783,8.492822966507177,-0.003765465303926796,0.001571303190736395
pav1<=70 & furo>=0,889,25.4,0.35883014623172105,0.38578462855919504,-0.026954482327473994,3.824521934758155,7.867694283879255,564,0.36524822695035464,325,0.3476923076923077,2.1538461538461537,-0.020536401608840404,-0.03809232086688735
pav1<=70 & furo<=-1,931,26.6,0.3877551020408163,0.38568883610451304,0.0020662659363032687,8.16326530612245,7.853325415676959,566,0.38515901060070673,365,0.3917808219178082,8.767123287671232,-0.0005298255038063138,0.006091985813295175
pav1<=70 & pos20<=0.2,212,6.057142857142857,0.3490566037735849,0.39936356404136836,-0.050306960267783474,2.358490566037736,9.904534606205251,131,0.3282442748091603,81,0.38271604938271603,7.407407407407407,-0.07111928923220806,-0.01664751465865233
pav1<=70 & pos20>=0.8,465,13.285714285714286,0.36774193548387096,0.3888120181854121,-0.02107008270154115,5.161290322580645,8.321802727811821,286,0.36013986013986016,179,0.37988826815642457,6.983240223463687,-0.028672158045551954,-0.008923750028987543
pav1<=70 & pos50<=0.2,336,9.6,0.38392857142857145,0.3847258110824002,-0.000797239653828774,7.589285714285714,7.708871662360035,200,0.375,136,0.39705882352941174,9.558823529411764,-0.009725811082400226,0.012333012447011515
pav1<=70 & pos50>=0.8,638,18.228571428571428,0.3652037617554859,0.3825102233406732,-0.017306461585187283,4.780564263322884,7.376533501100975,401,0.36159600997506236,237,0.37130801687763715,5.69620253164557,-0.020914213365610834,-0.011202206463036046
pav1>=110 & pav2<=70,862,24.62857142857143,0.35962877030162416,0.3790841584158416,-0.01945538811421743,3.9443155452436196,6.862623762376238,522,0.3505747126436782,340,0.3735294117647059,6.029411764705882,-0.02850944577216341,-0.0055547466511357
pav1>=110 & pav2>=110,980,28.0,0.3448979591836735,0.3735792159591742,-0.028681256775500708,1.7346938775510203,6.036882393876131,605,0.34049586776859503,375,0.352,2.8,-0.033083348190579176,-0.021579215959174225
pav1>=110 & efic20>=0.5,1061,30.314285714285713,0.37888784165881245,0.377379505872823,0.0015083357859894675,6.833176248821866,6.606925880923451,635,0.3637795275590551,426,0.4014084507042254,10.211267605633802,-0.013599978313767858,0.024028944831402388
pav1>=110 & efic20<=0.25,614,17.542857142857144,0.34039087947882735,0.3743736578382248,-0.03398277835939745,1.0586319218241043,6.156048675733715,394,0.33248730964467005,220,0.35454545454545455,3.1818181818181817,-0.041886348193554745,-0.01982820329277024
pav1>=110 & efic50>=0.5,1128,32.22857142857143,0.35638297872340424,0.38093302164854154,-0.024550042925137294,3.4574468085106385,7.139953247281228,670,0.33880597014925373,458,0.38209606986899564,7.314410480349345,-0.042127051499287804,0.0011630482204540993
pav1>=110 & efic50<=0.25,571,16.314285714285713,0.3502626970227671,0.3798043326345213,-0.029541635611754213,2.539404553415061,6.970649895178197,371,0.353099730458221,200,0.345,1.75,-0.026704602176300274,-0.03480433263452132
pav1>=110 & vira20<=5,378,10.8,0.3888888888888889,0.38575525812619504,0.003133630762693851,8.333333333333334,7.863288718929255,213,0.38497652582159625,165,0.3939393939393939,9.090909090909092,-0.0007787323045987948,0.008184135813198878
pav1>=110 & vira20>=9,632,18.057142857142857,0.3449367088607595,0.37567385444743934,-0.030737145586679837,1.740506329113924,6.351078167115903,406,0.33004926108374383,226,0.37168141592920356,5.752212389380531,-0.04562459336369551,-0.003992438518235775
pav1>=110 & vira50<=14,580,16.571428571428573,0.36379310344827587,0.3744446419051004,-0.010651538456824539,4.568965517241379,6.166696285765061,348,0.3620689655172414,232,0.36637931034482757,4.956896551724138,-0.012375676387859025,-0.008065331560272837
pav1>=110 & amp20>=500,1039,29.685714285714287,0.3811357074109721,0.37963805479729046,0.0014976526136816215,7.170356111645813,6.94570821959357,641,0.38065522620904835,398,0.38190954773869346,7.28643216080402,0.001017171411757889,0.002271492941402997
pav1>=110 & dext20<=0.5,572,16.34285714285714,0.36363636363636365,0.3788049605411499,-0.01516859690478628,4.545454545454546,6.820744081172491,350,0.3485714285714286,222,0.38738738738738737,8.108108108108109,-0.03023353196972134,0.008582426846237445
pav1>=110 & dext20>=2,1414,40.4,0.35148514851485146,0.37404174573055027,-0.022556597215698804,2.722772277227723,6.106261859582543,872,0.3451834862385321,542,0.36162361623616235,4.243542435424354,-0.028858259492018146,-0.01241812949438792
pav1>=110 & dext50<=0.5,352,10.057142857142857,0.3664772727272727,0.38440779610194903,-0.01793052337467632,4.971590909090909,7.6611694152923535,204,0.3333333333333333,148,0.41216216216216217,11.824324324324325,-0.051074462768615714,0.027754366060213143
pav1>=110 & dext50>=3,1580,45.142857142857146,0.3518987341772152,0.37769491525423726,-0.025796181077022085,2.7848101265822787,6.654237288135593,991,0.3481331987891019,589,0.35823429541595925,3.735144312393888,-0.029561716465135335,-0.019460619838278015
pav1>=110 & furo>=0,440,12.571428571428571,0.3659090909090909,0.3781809019904258,-0.012271811081334905,4.886363636363637,6.72713529856387,264,0.3522727272727273,176,0.38636363636363635,7.954545454545454,-0.025908174717698518,0.008182734373210543
pav1>=110 & furo<=-1,1692,48.34285714285714,0.35933806146572106,0.3755937861086147,-0.016255724642893654,3.900709219858156,6.339067916292207,1038,0.35260115606936415,654,0.37003058103975534,5.504587155963303,-0.02299263003925056,-0.005563205068859378
pav1>=110 & pos20<=0.2,837,23.914285714285715,0.3715651135005974,0.3731653461488505,-0.001600232648253097,5.734767025089606,5.974801922327575,518,0.36293436293436293,319,0.38557993730407525,7.836990595611285,-0.010230983214487566,0.012414591155224752
pav1>=110 & pos20>=0.8,233,6.6571428571428575,0.4206008583690987,0.38322520852641334,0.03737564984268538,13.090128755364807,7.4837812789620015,134,0.4253731343283582,99,0.41414141414141414,12.121212121212121,0.042147925801944874,0.030916205615000802
pav1>=110 & pos50<=0.2,749,21.4,0.3684913217623498,0.3767400089806915,-0.00824868721834171,5.27369826435247,6.511001347103727,457,0.37199124726477023,292,0.363013698630137,4.4520547945205475,-0.004748761715921257,-0.013726310350554494
pav1>=110 & pos50>=0.8,390,11.142857142857142,0.36666666666666664,0.37626262626262624,-0.009595959595959602,5.0,6.4393939393939394,228,0.3333333333333333,162,0.41358024691358025,12.037037037037036,-0.04292929292929293,0.03731762065095401
pav2<=70 & efic20>=0.5,854,24.4,0.3875878220140515,0.3796797349530646,0.00790808706098689,8.13817330210773,6.951960242959691,501,0.37325349301397204,353,0.40793201133144474,11.189801699716714,-0.006426241939092581,0.028252276378380126
pav2<=70 & efic20<=0.25,512,14.628571428571428,0.341796875,0.3798337549692808,-0.03803687996928079,1.26953125,6.975063245392121,328,0.3201219512195122,184,0.3804347826086957,7.065217391304348,-0.05971180374976859,0.0006010276394148861
pav2<=70 & efic50>=0.5,943,26.942857142857143,0.3552492046659597,0.3838523890784983,-0.028603184412538563,3.2873806998939554,7.577858361774744,549,0.33515482695810567,394,0.383248730964467,7.4873096446700504,-0.04869756212039261,-0.0006036581140312913
pav2<=70 & efic50<=0.25,498,14.228571428571428,0.3674698795180723,0.3732470334412082,-0.00577715392313588,5.120481927710843,5.9870550161812295,323,0.3591331269349845,175,0.38285714285714284,7.428571428571429,-0.014113906506223683,0.009610109415934653
pav2<=70 & vira20<=5,551,15.742857142857142,0.3448275862068966,0.39168247944339024,-0.04685489323649367,1.7241379310344827,8.752371916508539,329,0.3252279635258359,222,0.3738738738738739,6.081081081081081,-0.06645451591755436,-0.017808605569516356
pav2<=70 & vira20>=9,343,9.8,0.3819241982507289,0.3693593314763231,0.01256486677440577,7.288629737609329,5.403899721448468,225,0.36444444444444446,118,0.4152542372881356,12.288135593220339,-0.004914887031878645,0.04589490581181249
pav2<=70 & vira50<=14,602,17.2,0.36046511627906974,0.3784843205574913,-0.018019204278421574,4.069767441860465,6.772648083623693,366,0.36065573770491804,236,0.3601694915254237,4.02542372881356,-0.01782858285257327,-0.018314829032067603
pav2<=70 & amp20>=500,986,28.17142857142857,0.3691683569979716,0.38446879466412576,-0.015300437666154132,5.37525354969574,7.670319199618866,596,0.35067114093959734,390,0.3974358974358974,9.615384615384615,-0.03379765372452842,0.012967102771771655
pav2<=70 & dext20<=0.5,836,23.885714285714286,0.3588516746411483,0.37985985533453887,-0.021008180693390555,3.827751196172249,6.978978300180832,507,0.33925049309664695,329,0.3890577507598784,8.358662613981762,-0.04060936223789191,0.009197895425339553
pav2<=70 & dext20>=2,908,25.942857142857143,0.3711453744493392,0.38278775079197463,-0.01164237634263543,5.671806167400881,7.418162618796199,554,0.36823104693140796,354,0.3757062146892655,6.3559322033898304,-0.014556703860566678,-0.007081536102709118
pav2<=70 & dext50<=0.5,537,15.342857142857143,0.3687150837988827,0.3765519687832565,-0.007836884984373793,5.307262569832402,6.482795317488471,317,0.3470031545741325,220,0.4,10.0,-0.029548814209123975,0.023448031216743548
pav2<=70 & dext50>=3,1125,32.142857142857146,0.3768888888888889,0.3847316704459562,-0.007842781557067302,6.533333333333333,7.709750566893424,693,0.36796536796536794,432,0.3912037037037037,8.680555555555555,-0.016766302480588247,0.006472033257747534
pav2<=70 & furo>=0,759,21.685714285714287,0.3557312252964427,0.3784355179704017,-0.022704292673959015,3.3596837944664033,6.765327695560254,455,0.33406593406593404,304,0.3881578947368421,8.223684210526315,-0.04436958390446766,0.009722376766440388
pav2<=70 & furo<=-1,1101,31.457142857142856,0.3723887375113533,0.38038360941586746,-0.007994871904514145,5.858310626702997,7.057541412380122,671,0.35767511177347244,430,0.3953488372093023,9.30232558139535,-0.02270849764239502,0.014965227793434843
pav2<=70 & pos20<=0.2,407,11.628571428571428,0.3783783783783784,0.3723900761483665,0.005988302230011899,6.756756756756757,5.858511422254974,240,0.38333333333333336,167,0.3712574850299401,5.688622754491018,0.01094325718496686,-0.001132591118426396
pav2<=70 & pos20>=0.8,420,12.0,0.38333333333333336,0.376156897311591,0.007176436021742338,7.5,6.4235345967386515,245,0.3551020408163265,175,0.4228571428571429,13.428571428571429,-0.021054856495264507,0.046700245545551855
pav2<=70 & pos50<=0.2,418,11.942857142857143,0.3923444976076555,0.3771700356718193,0.015174461935836214,8.851674641148325,6.57550535077289,258,0.4108527131782946,160,0.3625,4.375,0.0336826775064753,-0.014670035671819293
pav2<=70 & pos50>=0.8,545,15.571428571428571,0.3669724770642202,0.37348744807657575,-0.0065149710123555415,5.045871559633028,6.0231172114863645,317,0.33753943217665616,228,0.40789473684210525,11.18421052631579,-0.03594801589991958,0.03440728876552951
pav2>=110 & efic20>=0.5,1018,29.085714285714285,0.33595284872298625,0.3787830519273654,-0.042830203204379136,0.3929273084479371,6.81745778910481,614,0.33876221498371334,404,0.3316831683168317,-0.24752475247524752,-0.04002083694365205,-0.04709988361053369
pav2>=110 & efic20<=0.25,614,17.542857142857144,0.3745928338762215,0.38109128345916266,-0.006498449582941157,6.188925081433225,7.1636925188744,377,0.3740053050397878,237,0.3755274261603376,6.329113924050633,-0.007085978419374861,-0.005563857298825081
pav2>=110 & efic50>=0.5,1090,31.142857142857142,0.3605504587155963,0.38224097129334295,-0.021690512577746623,4.08256880733945,7.3361456940014405,678,0.37168141592920356,412,0.3422330097087379,1.3349514563106797,-0.010559555364139384,-0.04000796158460507
pav2>=110 & efic50<=0.25,575,16.428571428571427,0.35130434782608694,0.37345467032967034,-0.022150322503583397,2.6956521739130435,6.018200549450549,365,0.36712328767123287,210,0.3238095238095238,-1.4285714285714286,-0.006331382658437468,-0.04964514652014651
pav2>=110 & vira20<=5,382,10.914285714285715,0.39267015706806285,0.3893543617545589,0.0033157953135039553,8.900523560209423,8.403154263183835,226,0.415929203539823,156,0.358974358974359,3.8461538461538463,0.02657484178526409,-0.03038000278019992
pav2>=110 & vira20>=9,671,19.17142857142857,0.35469448584202684,0.3787353475317814,-0.024040861689754556,3.204172876304024,6.810302129767211,433,0.3556581986143187,238,0.35294117647058826,2.9411764705882355,-0.02307714891746271,-0.02579417106119314
pav2>=110 & vira50<=14,551,15.742857142857142,0.3647912885662432,0.3843591092407505,-0.019567820674507297,4.718693284936479,7.653866386112572,332,0.3855421686746988,219,0.3333333333333333,0.0,0.001183059433948308,-0.05102577590741719
pav2>=110 & amp20>=500,991,28.314285714285713,0.384460141271443,0.38149556400506973,0.0029645772663732806,7.669021190716448,7.224334600760456,612,0.3937908496732026,379,0.36939313984168864,5.408970976253298,0.012295285668132871,-0.012102424163381087
pav2>=110 & dext20<=0.5,762,21.771428571428572,0.3438320209973753,0.3772670635470026,-0.033435042549627314,1.5748031496062993,6.590059532050395,479,0.3465553235908142,283,0.3392226148409894,0.8833922261484098,-0.030711739956188422,-0.0380444487060132
pav2>=110 & dext20>=2,1189,33.97142857142857,0.34146341463414637,0.37832581985326613,-0.036862405219119765,1.2195121951219512,6.748872977989923,733,0.3451568894952251,456,0.3355263157894737,0.32894736842105265,-0.03316893035804103,-0.04279950406379246
pav2>=110 & dext50<=0.5,475,13.571428571428571,0.3452631578947368,0.37474495579233735,-0.029481797897600526,1.7894736842105263,6.211743368850601,294,0.35374149659863946,181,0.3314917127071823,-0.27624309392265195,-0.021003459193697893,-0.043253243085155046
pav2>=110 & dext50>=3,1448,41.371428571428574,0.3453038674033149,0.37775675085522964,-0.032452883451914716,1.7955801104972375,6.663512628284446,895,0.34972067039106147,553,0.33815551537070526,0.7233273056057866,-0.028036080464168167,-0.03960123548452438
pav2>=110 & furo>=0,564,16.114285714285714,0.3475177304964539,0.37953488372093025,-0.03201715322447635,2.127659574468085,6.930232558139535,356,0.3539325842696629,208,0.33653846153846156,0.4807692307692308,-0.025602299451267352,-0.042996422182468685
pav2>=110 & furo<=-1,1455,41.57142857142857,0.35876288659793815,0.3791465731404355,-0.020383686542497337,3.814432989690722,6.871985971065322,889,0.3655793025871766,566,0.3480565371024735,2.208480565371025,-0.013567270553258903,-0.03109003603796201
pav2>=110 & pos20<=0.2,589,16.82857142857143,0.34804753820033957,0.37931648273406904,-0.03126894453372947,2.2071307300509337,6.8974724101103595,367,0.3405994550408719,222,0.36036036036036034,4.054054054054054,-0.038717027693197126,-0.018956122373708695
pav2>=110 & pos20>=0.8,264,7.542857142857143,0.3939393939393939,0.388327721661055,0.0056116722783389195,9.090909090909092,8.24915824915825,155,0.41935483870967744,109,0.3577981651376147,3.669724770642202,0.031027117048622432,-0.030529556523440304
pav2>=110 & pos50<=0.2,616,17.6,0.3409090909090909,0.3824152542372881,-0.04150616332819723,1.1363636363636365,7.362288135593221,372,0.34408602150537637,244,0.3360655737704918,0.4098360655737705,-0.038329232731911744,-0.04634968046679633
pav2>=110 & pos50>=0.8,469,13.4,0.3582089552238806,0.37960467205750226,-0.02139571683362168,3.7313432835820897,6.940700808625337,283,0.36042402826855124,186,0.3548387096774194,3.225806451612903,-0.019180643788951013,-0.024765962380082884
efic20>=0.5 & efic50>=0.5,1340,38.285714285714285,0.36343283582089553,0.3809561375828337,-0.01752330176193817,4.514925373134329,7.143420637425055,786,0.366412213740458,554,0.3592057761732852,3.88086642599278,-0.014543923842375683,-0.021750361409548502
efic20>=0.5 & efic50<=0.25,487,13.914285714285715,0.36344969199178645,0.38697878566203364,-0.023529093670247192,4.517453798767967,8.046817849305048,308,0.3538961038961039,179,0.37988826815642457,6.983240223463687,-0.03308268176592977,-0.007090517505609073
efic20>=0.5 & vira20<=5,652,18.62857142857143,0.39263803680981596,0.39045404814004375,0.0021839886697722077,8.895705521472392,8.568107221006565,365,0.41643835616438357,287,0.3623693379790941,4.355400696864112,0.02598430802433982,-0.028084710160949655
efic20>=0.5 & vira20>=9,417,11.914285714285715,0.354916067146283,0.3764124293785311,-0.0214963622322481,3.237410071942446,6.461864406779661,283,0.3321554770318021,134,0.40298507462686567,10.447761194029852,-0.044256952346728995,0.02657264524833458
efic20>=0.5 & vira50<=14,756,21.6,0.37433862433862436,0.3784516765285996,-0.004113052189975264,6.150793650793651,6.767751479289941,446,0.37668161434977576,310,0.3709677419354839,5.645161290322581,-0.0017700621788238613,-0.007483934593115749
efic20>=0.5 & amp20>=500,1667,47.628571428571426,0.379124175164967,0.37948717948717947,-0.000363004322212479,6.868626274745051,6.923076923076923,984,0.3790650406504065,683,0.37920937042459735,6.881405563689604,-0.00042213883677294506,-0.0002778090625821239
efic20>=0.5 & dext20<=0.5,978,27.942857142857143,0.35173824130879344,0.3760015827480463,-0.02426334143925285,2.7607361963190185,6.400237412206944,585,0.347008547008547,393,0.35877862595419846,3.816793893129771,-0.028993035739499295,-0.017222956793847832
efic20>=0.5 & dext20>=2,1294,36.97142857142857,0.3740340030911901,0.3802805923616524,-0.006246589270462288,6.105100463678516,7.042088854247857,783,0.367816091954023,511,0.3835616438356164,7.534246575342466,-0.01246450040762942,0.003281051473964014
efic20>=0.5 & dext50<=0.5,806,23.02857142857143,0.3535980148883375,0.3737608615836495,-0.020162846695312042,3.0397022332506203,6.064129237547424,480,0.35833333333333334,326,0.34662576687116564,1.9938650306748467,-0.01542752825031618,-0.027135094712483876
efic20>=0.5 & dext50>=3,1386,39.6,0.3759018759018759,0.38064562825709325,-0.0047437523552173455,6.3852813852813854,7.096844238563984,837,0.3655913978494624,549,0.39162112932604737,8.743169398907105,-0.015054230407630875,0.010975501068954119
efic20>=0.5 & furo>=0,893,25.514285714285716,0.3594624860022396,0.3757483400457168,-0.016285854043477155,3.9193729003359463,6.362251006857516,532,0.35150375939849626,361,0.37119113573407203,5.678670360110804,-0.024244580647220515,-0.004557204311644747
efic20>=0.5 & furo<=-1,1387,39.628571428571426,0.37923576063446285,0.3815548891976889,-0.002319128563226025,6.885364095169431,7.233233379653331,844,0.3732227488151659,543,0.3885819521178637,8.287292817679559,-0.008332140382523001,0.007027062920174854
efic20>=0.5 & pos20<=0.2,884,25.257142857142856,0.36425339366515835,0.3816611748664924,-0.01740778120133407,4.638009049773756,7.249176229973867,541,0.35304990757855825,343,0.3819241982507289,7.288629737609329,-0.028611267287934172,0.00026302338423644933
efic20>=0.5 & pos20>=0.8,712,20.34285714285714,0.3792134831460674,0.37643406667566476,0.0027794164704026403,6.882022471910112,6.46511000134971,417,0.3764988009592326,295,0.38305084745762713,7.4576271186440675,6.47342835678466e-05,0.0066167807819623725
efic20>=0.5 & pos50<=0.2,899,25.685714285714287,0.37263626251390436,0.3794394644275502,-0.006803201913645862,5.89543937708565,6.915919664132532,542,0.37453874538745385,357,0.3697478991596639,5.46218487394958,-0.0049007190400963685,-0.009691565267886337
efic20>=0.5 & pos50>=0.8,835,23.857142857142858,0.36407185628742517,0.37433345183078565,-0.01026159554336048,4.610778443113772,6.1500177746178455,500,0.362,335,0.36716417910447763,5.074626865671642,-0.012333451830785658,-0.007169272726308018
efic20<=0.25 & efic50>=0.5,559,15.971428571428572,0.3559928443649374,0.377785964265979,-0.021793119901041602,3.3989266547406083,6.667894639896851,342,0.3304093567251462,217,0.39631336405529954,9.44700460829493,-0.04737660754083278,0.018527399789320553
efic20<=0.25 & efic50<=0.25,428,12.228571428571428,0.3644859813084112,0.3671390611160319,-0.002653079807620695,4.672897196261682,5.070859167404783,284,0.3626760563380282,144,0.3680555555555556,5.208333333333333,-0.00446300477800371,0.0009164944395236851
efic20<=0.25 & vira20<=5,267,7.628571428571429,0.3295880149812734,0.3877342419080068,-0.058146226926733435,-0.5617977528089888,8.160136286201022,165,0.3090909090909091,102,0.3627450980392157,4.411764705882353,-0.07864333281709773,-0.02498914386879114
efic20<=0.25 & vira20>=9,404,11.542857142857143,0.349009900990099,0.3891167623735302,-0.040106861383431225,2.3514851485148514,8.367514356029533,265,0.35471698113207545,139,0.3381294964028777,0.7194244604316546,-0.03439978124145476,-0.05098726597065251
efic20<=0.25 & vira50<=14,344,9.82857142857143,0.3546511627906977,0.3813580556251566,-0.02670689283445893,3.197674418604651,7.20370834377349,206,0.35436893203883496,138,0.35507246376811596,3.260869565217391,-0.02698912358632166,-0.026285591857040658
efic20<=0.25 & dext20<=0.5,524,14.971428571428572,0.31679389312977096,0.3804942463686097,-0.06370035323883871,-2.480916030534351,7.074136955291454,329,0.3161094224924012,195,0.31794871794871793,-2.3076923076923075,-0.06438482387620847,-0.06254552841989175
efic20<=0.25 & dext20>=2,594,16.97142857142857,0.36195286195286197,0.3777063599458728,-0.015753497993010845,4.292929292929293,6.65595399188092,377,0.3448275862068966,217,0.391705069124424,8.755760368663594,-0.03287877373897624,0.013998709178551172
efic20<=0.25 & dext50>=3,941,26.885714285714286,0.3655685441020191,0.382948759614343,-0.017380215512323882,4.835281615302869,7.442313942151446,596,0.34563758389261745,345,0.4,10.0,-0.03731117572172554,0.01705124038565703
efic20<=0.25 & furo>=0,380,10.857142857142858,0.30526315789473685,0.38440320962888663,-0.07914005173414979,-4.2105263157894735,7.660481444332999,238,0.31092436974789917,142,0.29577464788732394,-5.633802816901408,-0.07347883988098747,-0.0886285617415627
efic20<=0.25 & furo<=-1,859,24.542857142857144,0.37252619324796277,0.377605086541858,-0.005078893293895215,5.878928987194412,6.6407629812787,540,0.3592592592592593,319,0.3949843260188088,9.247648902821316,-0.018345827282598703,0.017379239476950803
efic50>=0.5 & vira20<=5,646,18.457142857142856,0.35294117647058826,0.3912037037037037,-0.03826252723311546,2.9411764705882355,8.680555555555555,374,0.3877005347593583,272,0.30514705882352944,-4.227941176470588,-0.003503168944345436,-0.08605664488017428
efic50>=0.5 & vira20>=9,538,15.371428571428572,0.3513011152416357,0.3868304856978307,-0.035529370456194975,2.6951672862453533,8.024572854674602,354,0.3446327683615819,184,0.3641304347826087,4.619565217391305,-0.042197717336248775,-0.02270005091522198
efic50>=0.5 & vira50<=14,864,24.685714285714287,0.37037037037037035,0.38278525161933236,-0.012414881248962006,5.555555555555555,7.417787742899851,509,0.3929273084479371,355,0.3380281690140845,0.704225352112676,0.01014205682860475,-0.044757082605247855
efic50>=0.5 & amp20>=500,1302,37.2,0.36789554531490015,0.3809115030435461,-0.013015957728645944,5.184331797235023,7.136725456531918,758,0.3786279683377309,544,0.35294117647058826,2.9411764705882355,-0.0022835347058152156,-0.027970326572957838
efic50>=0.5 & dext20<=0.5,1026,29.314285714285713,0.33235867446393763,0.3826320132013201,-0.05027333873738249,-0.14619883040935672,7.39480198019802,605,0.3338842975206612,421,0.33016627078384797,-0.4750593824228028,-0.04874771568065894,-0.05246574241747215
efic50>=0.5 & dext20>=2,1273,36.371428571428574,0.3723487824037706,0.38260511129431163,-0.010256328890541011,5.852317360565593,7.390766694146744,771,0.35927367055771725,502,0.39243027888446214,8.864541832669323,-0.023331440736594378,0.009825167590150508
efic50>=0.5 & dext50<=0.5,872,24.914285714285715,0.3394495412844037,0.3807494673517985,-0.0412999260673948,0.9174311926605505,7.112420102769771,513,0.3489278752436647,359,0.32590529247910865,-1.1142061281337048,-0.03182159210813379,-0.05484417487268983
efic50>=0.5 & dext50>=3,1441,41.17142857142857,0.37682165163081194,0.3816501840756515,-0.004828532444839551,6.5232477446217905,7.2475276113477225,872,0.36926605504587157,569,0.3884007029876977,8.260105448154658,-0.012384129029779922,0.0067505189120461995
efic50>=0.5 & furo>=0,894,25.542857142857144,0.3389261744966443,0.3831316640709237,-0.04420548957427939,0.8389261744966443,7.469749610638552,521,0.3397312859884837,373,0.3378016085790885,0.6702412868632708,-0.043400378082440016,-0.04533005549183522
efic50>=0.5 & furo<=-1,1518,43.371428571428574,0.38274044795783924,0.37989447375728963,0.002845974200549606,7.41106719367589,6.984171063593446,920,0.3760869565217391,598,0.39297658862876256,8.946488294314381,-0.003807517235550506,0.013082114871472927
efic50>=0.5 & pos20<=0.2,688,19.65714285714286,0.373546511627907,0.3821892393320965,-0.008642727704189501,6.031976744186046,7.328385899814471,401,0.3566084788029925,287,0.397212543554007,9.581881533101045,-0.025580760529103963,0.015023304221910505
efic50>=0.5 & pos20>=0.8,515,14.714285714285714,0.3611650485436893,0.3830293417922284,-0.021864293248539113,4.174757281553398,7.454401268834259,290,0.3758620689655172,225,0.3422222222222222,1.3333333333333333,-0.007167272826711202,-0.04080711957000621
efic50>=0.5 & pos50<=0.2,939,26.82857142857143,0.3759318423855165,0.38003384094754655,-0.004101998562030029,6.389776357827476,7.00507614213198,556,0.3669064748201439,383,0.38903394255874674,8.355091383812011,-0.013127366127402673,0.009000101611200184
efic50>=0.5 & pos50>=0.8,952,27.2,0.34558823529411764,0.37909905820946327,-0.03351082291534563,1.838235294117647,6.864858731419494,554,0.3483754512635379,398,0.3417085427135678,1.256281407035176,-0.030723606945925352,-0.03739051549589545
efic50<=0.25 & vira20<=5,278,7.942857142857143,0.38489208633093525,0.3774373259052925,0.007454760425642748,7.733812949640288,6.6155988857938715,191,0.3507853403141361,87,0.45977011494252873,18.96551724137931,-0.02665198559115639,0.08233278903723623
efic50<=0.25 & vira20>=9,354,10.114285714285714,0.3870056497175141,0.37061469265367314,0.016390957063840972,8.05084745762712,5.5922038980509745,234,0.3888888888888889,120,0.38333333333333336,7.5,0.018274196235215756,0.01271864067966022
efic50<=0.25 & vira50<=14,303,8.657142857142857,0.3696369636963696,0.3646805455850682,0.0049564181113014305,5.445544554455446,4.70208183776023,206,0.38349514563106796,97,0.3402061855670103,1.0309278350515463,0.018814600045999774,-0.02447436001805786
efic50<=0.25 & amp20>=500,581,16.6,0.3855421686746988,0.3868142000922084,-0.0012720314175095893,7.831325301204819,8.022130013831259,382,0.3795811518324607,199,0.3969849246231156,9.547738693467336,-0.0072330482597476875,0.010170724530907171
efic50<=0.25 & dext20<=0.5,519,14.82857142857143,0.35645472061657035,0.3702290076335878,-0.01377428701701744,3.468208092485549,5.534351145038168,342,0.3538011695906433,177,0.3615819209039548,4.237288135593221,-0.01642783804294451,-0.008647086729632991
efic50<=0.25 & dext20>=2,667,19.057142857142857,0.34632683658170915,0.3813953488372093,-0.03506851225550017,1.949025487256372,7.209302325581396,435,0.3471264367816092,232,0.3448275862068966,1.7241379310344827,-0.03426891205560012,-0.03656776263031275
efic50<=0.25 & dext50>=3,854,24.4,0.3372365339578454,0.37889099631819706,-0.04165446236035164,0.585480093676815,6.833649447729555,564,0.3351063829787234,290,0.3413793103448276,1.206896551724138,-0.043784613339473644,-0.03751168597336946
efic50<=0.25 & furo>=0,435,12.428571428571429,0.3448275862068966,0.3713978494623656,-0.026570263255469018,1.7241379310344827,5.709677419354839,288,0.3472222222222222,147,0.3401360544217687,1.0204081632653061,-0.024175627240143382,-0.031261795040596896
efic50<=0.25 & furo<=-1,826,23.6,0.35351089588377727,0.3796858878826092,-0.026174991998831942,3.026634382566586,6.952883182391379,540,0.35555555555555557,286,0.34965034965034963,2.4475524475524475,-0.02413033232705364,-0.030035538232259573
efic50<=0.25 & pos20<=0.2,287,8.2,0.3623693379790941,0.3861815754339119,-0.02381223745481781,4.355400696864112,7.927236315086782,189,0.35978835978835977,98,0.3673469387755102,5.1020408163265305,-0.026393215645552137,-0.018834636658401682
vira20<=5 & vira50<=14,760,21.714285714285715,0.38421052631578945,0.3851304548603094,-0.0009199285445199434,7.631578947368421,7.76956822904641,449,0.4053452115812918,311,0.3536977491961415,3.054662379421222,0.020214756720982385,-0.03143270566416789
vira20<=5 & amp20>=500,945,27.0,0.37566137566137564,0.3922169592272685,-0.016555583565892873,6.349206349206349,8.832543884090276,553,0.39421338155515373,392,0.3494897959183674,2.423469387755102,0.0019964223278852167,-0.04272716330890114
vira20<=5 & dext20<=0.5,558,15.942857142857143,0.3548387096774194,0.38570729319628,-0.030868583518860626,3.225806451612903,7.856093979441997,324,0.37037037037037035,234,0.3333333333333333,0.0,-0.015336922825909649,-0.052373959862946684
vira20<=5 & dext20>=2,586,16.742857142857144,0.40273037542662116,0.39155990957045966,0.011170465856161493,10.409556313993175,8.733986435568953,349,0.4183381088825215,237,0.379746835443038,6.962025316455696,0.026778199312061823,-0.011813074127421663
vira20<=5 & dext50<=0.5,431,12.314285714285715,0.3619489559164733,0.3780434782608696,-0.01609452234439629,4.292343387470997,6.706521739130435,246,0.4024390243902439,185,0.3081081081081081,-3.7837837837837838,0.024395546129374335,-0.06993537015276147
vira20<=5 & dext50>=3,675,19.285714285714285,0.3925925925925926,0.39233552190807985,0.00025707068451275017,8.88888888888889,8.85032828621198,396,0.3939393939393939,279,0.3906810035842294,8.602150537634408,0.0016038720313140686,-0.0016545183238504402
vira20<=5 & furo>=0,507,14.485714285714286,0.3629191321499014,0.38770770055386816,-0.02478856840396676,4.437869822485207,8.156155083080222,294,0.3877551020408163,213,0.3286384976525822,-0.704225352112676,4.740148694815094e-05,-0.05906920290128598
vira20<=5 & furo<=-1,685,19.571428571428573,0.39854014598540144,0.3888449367088608,0.009695209276540662,9.781021897810218,8.326740506329115,415,0.40963855421686746,270,0.3814814814814815,7.222222222222222,0.02079361750800668,-0.007363455227379301
vira20<=5 & pos20<=0.2,229,6.542857142857143,0.4192139737991266,0.38974926253687314,0.029464711262253473,12.882096069868995,8.462389380530974,127,0.4330708661417323,102,0.4019607843137255,10.294117647058824,0.04332160360485915,0.012211521776852363
vira20<=5 & pos20>=0.8,402,11.485714285714286,0.3656716417910448,0.3883139284174213,-0.022642286626376518,4.850746268656716,8.247089262613196,236,0.3940677966101695,166,0.3253012048192771,-1.2048192771084338,0.005753868192748202,-0.0630127235981442
vira20<=5 & pos50<=0.2,228,6.514285714285714,0.40789473684210525,0.39272175890826383,0.015172977933841425,11.18421052631579,8.908263836239575,120,0.425,108,0.3888888888888889,8.333333333333334,0.03227824109173616,-0.0038328700193749343
vira20<=5 & pos50>=0.8,454,12.971428571428572,0.36123348017621143,0.3764385854781335,-0.015205105301922095,4.185022026431718,6.465787821720025,260,0.4,194,0.30927835051546393,-3.6082474226804124,0.023561414521866497,-0.0671602349626696
vira20>=9 & dext20<=0.5,437,12.485714285714286,0.35697940503432496,0.38073394495412843,-0.023754539919803475,3.5469107551487413,7.110091743119266,292,0.363013698630137,145,0.3448275862068966,1.7241379310344827,-0.01772024632399144,-0.03590635874723186
vira20>=9 & dext20>=2,574,16.4,0.3554006968641115,0.3729237363814967,-0.017523039517385153,3.3101045296167246,5.938560457224504,376,0.3377659574468085,198,0.3888888888888889,8.333333333333334,-0.03515777893468819,0.015965152507392222
vira20>=9 & dext50>=3,750,21.428571428571427,0.3506666666666667,0.37467018469656993,-0.024003518029903248,2.6,6.200527704485488,501,0.3393213572854291,249,0.37349397590361444,6.024096385542169,-0.035348827411140815,-0.001176208792955491
vira20>=9 & furo>=0,330,9.428571428571429,0.34545454545454546,0.3781328320802005,-0.03267828662565503,1.8181818181818181,6.719924812030075,226,0.3407079646017699,104,0.3557692307692308,3.3653846153846154,-0.0374248674784306,-0.022363601310969705
vira20>=9 & furo<=-1,766,21.885714285714286,0.3668407310704961,0.3759419098506645,-0.009101178780168417,5.026109660574413,6.391286477599671,490,0.35306122448979593,276,0.391304347826087,8.695652173913043,-0.02288068536086857,0.015362437975422472
vira20>=9 & pos20<=0.2,294,8.4,0.35374149659863946,0.37861763704460333,-0.024876140445963868,3.061224489795918,6.7926455566905,190,0.32105263157894737,104,0.41346153846153844,12.01923076923077,-0.05756500546565596,0.03484390141693511
vira20>=9 & pos50<=0.2,270,7.714285714285714,0.37777777777777777,0.37628865979381443,0.0014891179839633395,6.666666666666667,6.443298969072165,186,0.3709677419354839,84,0.39285714285714285,8.928571428571429,-0.005320917858330554,0.01656848306332842
vira50<=14 & amp20>=500,917,26.2,0.3751363140676118,0.3809479029527929,-0.005811588885181129,6.270447110141767,7.142185442918939,540,0.3907407407407407,377,0.35278514588859416,2.9177718832891246,0.009792837787947817,-0.02816275706419874
vira50<=14 & dext20<=0.5,625,17.857142857142858,0.3424,0.377800556450432,-0.035400556450432,1.36,6.6700834675647975,370,0.35135135135135137,255,0.32941176470588235,-0.5882352941176471,-0.026449205099080608,-0.04838879174454963
vira50<=14 & dext20>=2,719,20.542857142857144,0.3894297635605007,0.3819383809405014,0.007491382619999265,8.414464534075105,7.290757141075215,437,0.40503432494279173,282,0.36524822695035464,4.787234042553192,0.023095944002290314,-0.016690153990146783
vira50<=14 & dext50<=0.5,422,12.057142857142857,0.3578199052132701,0.37022367194780986,-0.012403766734539745,3.6729857819905214,5.533550792171482,249,0.37751004016064255,173,0.32947976878612717,-0.5780346820809249,0.007286368212832683,-0.04074390316168269
vira50<=14 & dext50>=3,926,26.457142857142856,0.3855291576673866,0.38430284411852145,0.0012263135488651544,7.829373650107992,7.645426617778218,564,0.39361702127659576,362,0.3729281767955801,5.939226519337017,0.00931417715807431,-0.011374667322941345
vira50<=14 & furo>=0,560,16.0,0.35,0.3788625904010519,-0.028862590401051935,2.5,6.829388560157791,330,0.36363636363636365,230,0.33043478260869563,-0.43478260869565216,-0.015226226764688267,-0.04842780779235628
vira50<=14 & furo<=-1,862,24.62857142857143,0.3874709976798144,0.37857142857142856,0.008899569108385852,8.120649651972158,6.785714285714286,528,0.4053030303030303,334,0.3592814371257485,3.8922155688622753,0.026731601731601717,-0.019289991445680055
vira50<=14 & pos20<=0.2,319,9.114285714285714,0.3824451410658307,0.378956372968349,0.0034887680974817203,7.366771159874608,6.8434559452523525,184,0.3641304347826087,135,0.4074074074074074,11.11111111111111,-0.014825938185740295,0.028451034439058387
vira50<=14 & pos20>=0.8,362,10.342857142857143,0.3812154696132597,0.376905311778291,0.004310157834968686,7.18232044198895,6.535796766743649,210,0.3952380952380952,152,0.3618421052631579,4.276315789473684,0.018332783459804214,-0.015063206515133098
vira50<=14 & pos50<=0.2,376,10.742857142857142,0.39893617021276595,0.3785809906291834,0.020355179583582572,9.840425531914894,6.78714859437751,223,0.40358744394618834,153,0.39215686274509803,8.823529411764707,0.025006453317004962,0.013575872115914656
vira50<=14 & pos50>=0.8,464,13.257142857142858,0.3620689655172414,0.3663220088626292,-0.004253043345387841,4.310344827586207,4.948301329394387,276,0.3804347826086957,188,0.3351063829787234,0.26595744680851063,0.014112773746066454,-0.031215625883905807
amp20>=500 & dext20<=0.5,1145,32.714285714285715,0.37816593886462885,0.3793713659728659,-0.0012054271082370671,6.724890829694323,6.9057048959298895,691,0.37337192474674386,454,0.3854625550660793,7.819383259911894,-0.00599944122612206,0.006091189093213378
amp20>=500 & dext20>=2,1225,35.0,0.3746938775510204,0.3847303035068407,-0.010036425955820272,6.204081632653061,7.709545526026105,749,0.3818424566088118,476,0.3634453781512605,4.516806722689076,-0.0028878468980289007,-0.021284925355580187
amp20>=500 & dext50<=0.5,869,24.82857142857143,0.380897583429229,0.3763428827215756,0.004554700707653403,7.13463751438435,6.4514324082363474,522,0.3831417624521073,347,0.37752161383285304,6.628242074927954,0.006798879730531671,0.0011787311112774201
amp20>=500 & dext50>=3,1382,39.48571428571429,0.38060781476121563,0.3839479392624729,-0.003340124501257258,7.091172214182344,7.592190889370933,850,0.3847058823529412,532,0.37406015037593987,6.109022556390977,0.0007579430904682827,-0.009887788886533022
amp20>=500 & furo>=0,1062,30.34285714285714,0.3785310734463277,0.3791525578841402,-0.0006214844378125139,6.779661016949152,6.872883682621031,644,0.37111801242236025,418,0.38995215311004783,8.492822966507177,-0.008034545461779952,0.010799595225907621
amp20>=500 & furo<=-1,1364,38.97142857142857,0.38269794721407624,0.3847525317358437,-0.002054584521767433,7.404692082111437,7.712879760376551,846,0.3900709219858156,518,0.37065637065637064,5.598455598455598,0.005318390249971938,-0.014096161079473035
amp20>=500 & pos20<=0.2,670,19.142857142857142,0.3686567164179104,0.38036373969877807,-0.011707023280867646,5.298507462686567,7.05456095481671,397,0.3778337531486146,273,0.3553113553113553,3.2967032967032965,-0.0025299865501634544,-0.025052384387422744
amp20>=500 & pos20>=0.8,922,26.34285714285714,0.3893709327548807,0.38044710003090554,0.008923832723975178,8.405639913232104,7.06706500463583,553,0.39059674502712477,369,0.3875338753387534,8.130081300813009,0.010149644996219231,0.007086775307847848
amp20>=500 & pos50<=0.2,684,19.542857142857144,0.38742690058479534,0.3810958118187034,0.006331088766091952,8.114035087719298,7.164371772805508,401,0.39900249376558605,283,0.3710247349823322,5.6537102473498235,0.017906681946882663,-0.010071076836371207
amp20>=500 & pos50>=0.8,902,25.771428571428572,0.3835920177383592,0.3754897692642577,0.008102248474101514,7.5388026607538805,6.323465389638659,531,0.3785310734463277,371,0.3908355795148248,8.625336927223719,0.0030413041820699926,0.015345810250567082
dext20<=0.5 & dext50<=0.5,1356,38.74285714285714,0.3561946902654867,0.3758508434448062,-0.019656153179319458,3.4292035398230087,6.377626516720923,839,0.3575685339690107,517,0.3539651837524178,3.094777562862669,-0.018282309475795455,-0.02188565969238837
dext20<=0.5 & dext50>=3,489,13.971428571428572,0.3476482617586912,0.386671758640443,-0.03902349688175183,2.147239263803681,8.000763796066451,306,0.3333333333333333,183,0.37158469945355194,5.737704918032787,-0.053338425307109694,-0.015087059186891072
dext20<=0.5 & furo>=0,1804,51.542857142857144,0.35476718403547675,0.3777217133768442,-0.022954529341367436,3.2150776053215075,6.658257006526627,1125,0.35555555555555557,679,0.35346097201767307,3.0191458026509572,-0.022166157821288612,-0.024260741359171112
dext20<=0.5 & pos20>=0.8,940,26.857142857142858,0.3829787234042553,0.37970076829761423,0.003277955106641084,7.446808510638298,6.955115244642135,565,0.384070796460177,375,0.38133333333333336,7.2,0.004370028162562767,0.0016325650357191246
dext20<=0.5 & pos50>=0.8,1231,35.17142857142857,0.35418359057676685,0.37524850894632206,-0.021064918369555208,3.1275385865150285,6.28727634194831,750,0.35333333333333333,481,0.35550935550935553,3.3264033264033266,-0.021915175612988724,-0.019739153436966528
dext20>=2 & dext50>=3,2465,70.42857142857143,0.36470588235294116,0.38022504773124266,-0.015519165378301503,4.705882352941177,7.033757159686395,1521,0.358974358974359,944,0.3739406779661017,6.091101694915254,-0.021250688756883684,-0.0062843697651409625
dext20>=2 & furo<=-1,2686,76.74285714285715,0.3648548026805659,0.3794915442400918,-0.014636741559525879,4.728220402084885,6.923731636013766,1655,0.3607250755287009,1031,0.37148399612027155,5.722599418040737,-0.01876646871139087,-0.00800754811982024
dext20>=2 & pos20<=0.2,1266,36.17142857142857,0.36808846761453395,0.3785719971344424,-0.010483529519908441,5.213270142180095,6.785799570166361,780,0.3525641025641026,486,0.39300411522633744,8.950617283950617,-0.026007894570339807,0.014432118091895041
dext20>=2 & pos50<=0.2,1259,35.97142857142857,0.3709293089753773,0.3803866950679993,-0.009457386092622033,5.639396346306593,7.058004260199902,765,0.3633986928104575,494,0.3825910931174089,7.388663967611336,-0.016988002257541823,0.002204398049409584
dext50<=0.5 & furo>=0,1198,34.22857142857143,0.3622704507512521,0.3774878742264593,-0.015217423475207215,4.340567612687813,6.623181133968891,743,0.3633916554508748,455,0.36043956043956044,4.065934065934066,-0.01409621877558448,-0.01704831378689886
dext50<=0.5 & pos20>=0.8,755,21.571428571428573,0.38145695364238413,0.37885575323179316,0.002601200410590976,7.218543046357616,6.828362984768975,450,0.38666666666666666,305,0.3737704918032787,6.065573770491803,0.007810913434873501,-0.005085261428514454
dext50<=0.5 & pos50>=0.8,1225,35.0,0.3551020408163265,0.3757945801271328,-0.02069253931080628,3.2653061224489797,6.369187019069923,746,0.353887399463807,479,0.3569937369519833,3.549060542797495,-0.02190718066332581,-0.018800843175149518
dext50>=3 & furo>=0,381,10.885714285714286,0.3569553805774278,0.38421828908554573,-0.02726290850811791,3.543307086614173,7.632743362831858,238,0.35294117647058826,143,0.36363636363636365,4.545454545454546,-0.03127711261495747,-0.02058192544918208
dext50>=3 & furo<=-1,2735,78.14285714285714,0.36709323583180986,0.3792253650641851,-0.012132129232375222,5.063985374771481,6.883804759627763,1682,0.3626634958382878,1053,0.3741690408357075,6.1253561253561255,-0.016561869225897308,-0.005056324228477571
dext50>=3 & pos20<=0.2,1263,36.08571428571429,0.3673792557403009,0.3790922916833427,-0.011713035943041794,5.10688836104513,6.863843752501401,778,0.35218508997429304,485,0.3917525773195876,8.762886597938145,-0.026907201709049644,0.012660285636244939
dext50>=3 & pos50<=0.2,1316,37.6,0.37462006079027355,0.3785284228633982,-0.0039083620731246715,6.193009118541034,6.779263429509735,800,0.3725,516,0.37790697674418605,6.686046511627907,-0.0060284228633982195,-0.0006214461192121656
furo>=0 & pos20>=0.8,921,26.314285714285713,0.38327904451682954,0.37981765437215087,0.0034613901446786666,7.49185667752443,6.972648155822627,558,0.37992831541218636,363,0.3884297520661157,8.264462809917354,0.00011066104003548682,0.008612097693964815
furo>=0 & pos50>=0.8,1126,32.17142857142857,0.35968028419182946,0.37769718948322756,-0.0180169052913981,3.952042628774423,6.654578422484134,689,0.3570391872278665,437,0.36384439359267734,4.576659038901602,-0.020658002255361074,-0.013852795890550218
furo<=-1 & pos20<=0.2,1268,36.22857142857143,0.36829652996845424,0.3788469184890656,-0.010550388520611353,5.244479495268139,6.827037773359841,781,0.353393085787452,487,0.3921971252566735,8.829568788501026,-0.02545383270161361,0.013350206767607897
furo<=-1 & pos50<=0.2,1297,37.05714285714286,0.37239784117193525,0.3791077948880775,-0.006709953716142247,5.859676175790285,6.866169233211621,786,0.36768447837150126,511,0.3796477495107632,6.947162426614481,-0.011423316516576243,0.0005399546226856899
pos20<=0.2 & pos50<=0.2,899,25.685714285714287,0.371523915461624,0.38331824354911725,-0.011794328087493255,5.728587319243604,7.497736532367587,544,0.36580882352941174,355,0.38028169014084506,7.042253521126761,-0.017509420019705513,-0.0030365534082721912
pos20>=0.8 & pos50>=0.8,752,21.485714285714284,0.3803191489361702,0.37909173243627897,0.0012274164998912207,7.047872340425532,6.863759865441843,448,0.38392857142857145,304,0.375,6.25,0.00483683899229248,-0.004091732436278972
