Data;tipo;dir;preco_virada;bricks_anteriores;bricks_novos;cont_apos_2;len_seq;next_len;price_move_seq;Quantity;Trades
2026-06-23 09:03:04.752;Pivô de Baixa → Alta (compra);1;172250;0;2;0;2;2;50;56447;130
2026-06-23 09:03:04.792;Pivô de Alta → Baixa (venda);-1;172200;2;2;0;2;1;50;1014;133
2026-06-23 09:03:05.092;Pivô de Baixa → Alta (compra);1;172250;1;2;0;2;1;50;333;65
2026-06-23 09:03:05.916;Pivô de Baixa → Alta (compra);1;172300;1;4;2;4;2;150;3509;595
2026-06-23 09:03:10.842;Pivô de Alta → Baixa (venda);-1;172350;4;2;0;2;6;50;6434;1426
2026-06-23 09:03:13.112;Pivô de Baixa → Alta (compra);1;172400;2;6;4;6;2;250;834;71
2026-06-23 09:03:21.145;Pivô de Alta → Baixa (venda);-1;172550;6;2;0;2;1;50;7129;1359
2026-06-23 09:03:24.032;Pivô de Alta → Baixa (venda);-1;172500;1;3;1;3;2;100;1505;285
2026-06-23 09:03:24.672;Pivô de Baixa → Alta (compra);1;172500;3;2;0;2;3;50;10398;1781
2026-06-23 09:03:28.475;Pivô de Alta → Baixa (venda);-1;172450;2;3;1;3;1;100;5501;1278
2026-06-23 09:03:33.980;Pivô de Alta → Baixa (venda);-1;172350;1;11;9;11;2;500;3416;723
2026-06-23 09:04:00.134;Pivô de Baixa → Alta (compra);1;171950;11;2;0;2;2;50;2143;324
2026-06-23 09:04:00.278;Pivô de Alta → Baixa (venda);-1;171900;2;2;0;2;1;50;295;56
2026-06-23 09:04:00.425;Pivô de Alta → Baixa (venda);-1;171850;1;2;0;2;1;50;7;3
2026-06-23 09:04:00.620;Pivô de Alta → Baixa (venda);-1;171800;1;2;0;2;7;50;3;1
2026-06-23 09:04:00.694;Pivô de Baixa → Alta (compra);1;171850;2;7;5;7;2;300;3265;665
2026-06-23 09:04:01.153;Pivô de Alta → Baixa (venda);-1;172050;7;2;0;2;1;50;133;19
2026-06-23 09:04:01.167;Pivô de Baixa → Alta (compra);1;172100;1;2;0;2;2;50;427;91
2026-06-23 09:04:01.307;Pivô de Alta → Baixa (venda);-1;172050;2;2;0;2;6;50;647;166
2026-06-23 09:04:01.539;Pivô de Baixa → Alta (compra);1;172100;2;6;4;6;2;250;588;192
2026-06-23 09:04:01.671;Pivô de Alta → Baixa (venda);-1;172250;6;2;0;2;2;50;547;29
2026-06-23 09:04:01.672;Pivô de Baixa → Alta (compra);1;172300;2;2;0;2;2;50;130;15
2026-06-23 09:04:01.674;Pivô de Alta → Baixa (venda);-1;172250;2;2;0;2;1;50;40;12
2026-06-23 09:04:01.722;Pivô de Alta → Baixa (venda);-1;172200;1;2;0;2;2;50;2;2
2026-06-23 09:04:01.729;Pivô de Baixa → Alta (compra);1;172250;2;2;0;2;2;50;56;3
2026-06-23 09:04:01.733;Pivô de Alta → Baixa (venda);-1;172200;2;2;0;2;1;50;12;9
2026-06-23 09:04:01.766;Pivô de Baixa → Alta (compra);1;172250;1;2;0;2;1;50;1;1
2026-06-23 09:04:01.801;Pivô de Alta → Baixa (venda);-1;172200;1;2;0;2;1;50;33;6
2026-06-23 09:04:01.832;Pivô de Alta → Baixa (venda);-1;172150;1;4;2;4;4;150;1;1
2026-06-23 09:04:01.835;Pivô de Baixa → Alta (compra);1;172100;4;4;2;4;4;150;298;11
2026-06-23 09:04:01.837;Pivô de Alta → Baixa (venda);-1;172150;4;4;2;4;4;150;1;1
2026-06-23 09:04:01.838;Pivô de Baixa → Alta (compra);1;172100;4;4;2;4;1;150;1;1
2026-06-23 09:04:01.860;Pivô de Baixa → Alta (compra);1;172250;1;2;0;2;3;50;5;3
2026-06-23 09:04:01.862;Pivô de Alta → Baixa (venda);-1;172200;2;3;1;3;3;100;1;1
2026-06-23 09:04:01.863;Pivô de Baixa → Alta (compra);1;172200;3;3;1;3;4;100;2;2
2026-06-23 09:04:01.863;Pivô de Alta → Baixa (venda);-1;172200;3;4;2;4;4;150;7;1
2026-06-23 09:04:01.864;Pivô de Baixa → Alta (compra);1;172150;4;4;2;4;2;150;42;14
2026-06-23 09:04:01.867;Pivô de Alta → Baixa (venda);-1;172200;4;2;0;2;2;50;3;1
2026-06-23 09:04:01.867;Pivô de Baixa → Alta (compra);1;172250;2;2;0;2;1;50;1;1
2026-06-23 09:04:01.923;Pivô de Alta → Baixa (venda);-1;172200;1;3;1;3;4;100;21;8
2026-06-23 09:04:01.934;Pivô de Baixa → Alta (compra);1;172200;3;4;2;4;2;150;37;10
2026-06-23 09:04:01.937;Pivô de Alta → Baixa (venda);-1;172250;4;2;0;2;1;50;39;8
2026-06-23 09:04:01.949;Pivô de Baixa → Alta (compra);1;172300;1;2;0;2;1;50;2;2
2026-06-23 09:04:01.962;Pivô de Alta → Baixa (venda);-1;172250;1;2;0;2;2;50;2;1
2026-06-23 09:04:01.965;Pivô de Baixa → Alta (compra);1;172300;2;2;0;2;1;50;9;4
2026-06-23 09:04:01.996;Pivô de Baixa → Alta (compra);1;172350;1;3;1;3;3;100;1;1
2026-06-23 09:04:02.006;Pivô de Alta → Baixa (venda);-1;172350;3;3;1;3;2;100;1299;191
2026-06-23 09:04:02.078;Pivô de Baixa → Alta (compra);1;172350;3;2;0;2;3;50;490;71
2026-06-23 09:04:02.229;Pivô de Alta → Baixa (venda);-1;172300;2;3;1;3;1;100;1572;437
2026-06-23 09:04:04.667;Pivô de Alta → Baixa (venda);-1;172200;1;3;1;3;1;100;1133;259
2026-06-23 09:04:07.269;Pivô de Alta → Baixa (venda);-1;172100;1;6;4;6;1;250;614;139
2026-06-23 09:04:09.432;Pivô de Alta → Baixa (venda);-1;171850;1;2;0;2;1;50;2377;770
2026-06-23 09:04:11.018;Pivô de Alta → Baixa (venda);-1;171800;1;2;0;2;1;50;7588;1645
2026-06-23 09:04:18.941;Pivô de Alta → Baixa (venda);-1;171750;1;3;1;3;7;100;10314;1545
2026-06-23 09:04:25.229;Pivô de Baixa → Alta (compra);1;171750;3;7;5;7;1;300;7310;1056
2026-06-23 09:04:32.948;Pivô de Baixa → Alta (compra);1;172050;1;2;0;2;1;50;5831;1198
2026-06-23 09:05:01.623;Pivô de Alta → Baixa (venda);-1;172000;1;12;10;12;7;550;9715;1593
2026-06-23 09:06:20.150;Pivô de Baixa → Alta (compra);1;171550;12;7;5;7;1;300;24264;4070
2026-06-23 09:06:45.988;Pivô de Baixa → Alta (compra);1;171850;1;2;0;2;3;50;8748;1609
2026-06-23 09:06:51.227;Pivô de Alta → Baixa (venda);-1;171800;2;3;1;3;8;100;14361;2749
2026-06-23 09:07:09.001;Pivô de Baixa → Alta (compra);1;171800;3;8;6;8;7;350;29256;4672
2026-06-23 09:08:59.511;Pivô de Alta → Baixa (venda);-1;172050;8;7;5;7;1;300;17934;2789
2026-06-23 09:12:06.244;Pivô de Baixa → Alta (compra);1;171850;1;2;0;2;2;50;37503;4956
2026-06-23 09:12:57.407;Pivô de Alta → Baixa (venda);-1;171800;2;2;0;2;1;50;12924;1817
2026-06-23 09:14:22.741;Pivô de Baixa → Alta (compra);1;171850;1;2;0;2;1;50;17894;2093
2026-06-23 09:15:09.249;Pivô de Baixa → Alta (compra);1;171900;1;2;0;2;1;50;17156;2014
2026-06-23 09:19:29.381;Pivô de Baixa → Alta (compra);1;171950;1;2;0;2;4;50;8118;872
2026-06-23 09:19:39.907;Pivô de Alta → Baixa (venda);-1;171900;2;4;2;4;2;150;75727;9040
2026-06-23 09:22:06.154;Pivô de Baixa → Alta (compra);1;171850;4;2;0;2;4;50;46435;6106
2026-06-23 09:23:49.065;Pivô de Alta → Baixa (venda);-1;171800;2;4;2;4;5;150;39224;5726
2026-06-23 09:30:02.141;Pivô de Baixa → Alta (compra);1;171750;4;5;3;5;3;200;20906;2240
2026-06-23 09:31:28.796;Pivô de Alta → Baixa (venda);-1;171850;5;3;1;3;1;100;67626;8727
2026-06-23 09:44:47.730;Pivô de Alta → Baixa (venda);-1;171750;1;6;4;6;4;250;52721;6408
2026-06-23 09:52:48.714;Pivô de Baixa → Alta (compra);1;171600;6;4;2;4;3;150;52988;5977
2026-06-23 09:54:17.311;Pivô de Alta → Baixa (venda);-1;171650;4;3;1;3;5;100;64823;9406
2026-06-23 09:57:08.965;Pivô de Baixa → Alta (compra);1;171650;3;5;3;5;3;200;79401;10882
2026-06-23 10:00:27.125;Pivô de Alta → Baixa (venda);-1;171750;5;3;1;3;1;100;14981;1533
2026-06-23 10:05:52.989;Pivô de Alta → Baixa (venda);-1;171650;1;5;3;5;1;200;10277;1366
2026-06-23 10:10:28.485;Pivô de Baixa → Alta (compra);1;171550;1;6;4;6;1;250;46470;4891
2026-06-23 10:13:21.836;Pivô de Baixa → Alta (compra);1;171800;1;7;5;7;8;300;13047;1340
2026-06-23 10:15:36.562;Pivô de Alta → Baixa (venda);-1;172000;7;8;6;8;6;350;30266;2597
2026-06-23 10:17:34.249;Pivô de Baixa → Alta (compra);1;171750;8;6;4;6;8;250;43426;4589
2026-06-23 10:19:58.708;Pivô de Alta → Baixa (venda);-1;171900;6;8;6;8;2;350;46453;5762
2026-06-23 10:21:53.359;Pivô de Baixa → Alta (compra);1;171650;8;2;0;2;1;50;79876;8885
2026-06-23 10:23:48.837;Pivô de Baixa → Alta (compra);1;171700;1;13;11;13;1;600;28995;3358
2026-06-23 10:28:48.582;Pivô de Baixa → Alta (compra);1;172300;1;6;4;6;3;250;61192;7374
2026-06-23 10:30:46.596;Pivô de Alta → Baixa (venda);-1;172450;6;3;1;3;8;100;11591;1133
2026-06-23 10:31:07.124;Pivô de Baixa → Alta (compra);1;172450;3;8;6;8;1;350;21834;2257
2026-06-23 10:32:11.554;Pivô de Baixa → Alta (compra);1;172800;1;4;2;4;3;150;5513;604
2026-06-23 10:32:54.983;Pivô de Alta → Baixa (venda);-1;172850;4;3;1;3;3;100;10492;1303
2026-06-23 10:33:36.045;Pivô de Baixa → Alta (compra);1;172850;3;3;1;3;1;100;36176;3422
2026-06-23 10:34:30.839;Pivô de Baixa → Alta (compra);1;172950;1;2;0;2;2;50;18502;1892
2026-06-23 10:34:46.781;Pivô de Alta → Baixa (venda);-1;172900;2;2;0;2;3;50;39755;4139
2026-06-23 10:36:00.321;Pivô de Baixa → Alta (compra);1;172950;2;3;1;3;2;100;20255;1922
2026-06-23 10:36:16.711;Pivô de Alta → Baixa (venda);-1;172950;3;2;0;2;2;50;43043;5006
2026-06-23 10:37:03.117;Pivô de Baixa → Alta (compra);1;173000;2;2;0;2;7;50;29501;2804
2026-06-23 10:37:27.956;Pivô de Alta → Baixa (venda);-1;172950;2;7;5;7;4;300;37015;4452
2026-06-23 10:39:10.191;Pivô de Baixa → Alta (compra);1;172750;7;4;2;4;3;150;31076;3561
2026-06-23 10:39:38.101;Pivô de Alta → Baixa (venda);-1;172800;4;3;1;3;1;100;27162;3105
2026-06-23 10:41:16.660;Pivô de Alta → Baixa (venda);-1;172700;1;4;2;4;3;150;14132;1914
2026-06-23 10:42:00.788;Pivô de Baixa → Alta (compra);1;172650;4;3;1;3;8;100;35569;3911
2026-06-23 10:43:01.491;Pivô de Alta → Baixa (venda);-1;172650;3;8;6;8;2;350;18417;2201
2026-06-23 10:44:45.680;Pivô de Baixa → Alta (compra);1;172400;8;2;0;2;2;50;8577;1136
2026-06-23 10:45:40.054;Pivô de Alta → Baixa (venda);-1;172350;2;2;0;2;1;50;10701;1123
2026-06-23 10:46:43.405;Pivô de Alta → Baixa (venda);-1;172300;1;2;0;2;2;50;18251;2124
2026-06-23 10:47:10.536;Pivô de Baixa → Alta (compra);1;172350;2;2;0;2;2;50;31677;2872
2026-06-23 10:47:27.880;Pivô de Alta → Baixa (venda);-1;172300;2;2;0;2;5;50;19098;1447
2026-06-23 10:48:01.581;Pivô de Baixa → Alta (compra);1;172350;2;5;3;5;1;200;13738;1532
2026-06-23 10:49:25.360;Pivô de Alta → Baixa (venda);-1;172450;1;2;0;2;1;50;17294;2101
2026-06-23 10:50:28.358;Pivô de Baixa → Alta (compra);1;172500;1;5;3;5;1;200;17284;1873
2026-06-23 10:54:32.533;Pivô de Baixa → Alta (compra);1;172700;1;4;2;4;2;150;10134;1095
2026-06-23 10:54:53.587;Pivô de Alta → Baixa (venda);-1;172750;4;2;0;2;2;50;23482;2213
2026-06-23 10:55:17.071;Pivô de Baixa → Alta (compra);1;172800;2;2;0;2;2;50;30349;3225
2026-06-23 10:55:53.771;Pivô de Alta → Baixa (venda);-1;172750;2;2;0;2;3;50;32015;3993
2026-06-23 10:56:34.645;Pivô de Baixa → Alta (compra);1;172800;2;3;1;3;1;100;9062;1134
2026-06-23 10:57:59.558;Pivô de Baixa → Alta (compra);1;172900;1;2;0;2;2;50;28912;3484
2026-06-23 10:59:04.051;Pivô de Alta → Baixa (venda);-1;172850;2;2;0;2;7;50;23442;2990
2026-06-23 11:00:51.206;Pivô de Baixa → Alta (compra);1;172900;2;7;5;7;1;300;7179;725
2026-06-23 11:01:52.145;Pivô de Baixa → Alta (compra);1;173200;1;5;3;5;3;200;66402;6923
2026-06-23 11:04:07.364;Pivô de Alta → Baixa (venda);-1;173300;5;3;1;3;3;100;12710;1392
2026-06-23 11:05:32.235;Pivô de Baixa → Alta (compra);1;173300;3;3;1;3;3;100;26223;4073
2026-06-23 11:07:41.833;Pivô de Alta → Baixa (venda);-1;173300;3;3;1;3;1;100;29276;3035
2026-06-23 11:10:09.674;Pivô de Alta → Baixa (venda);-1;173200;1;4;2;4;1;150;27685;2833
2026-06-23 11:13:34.557;Pivô de Alta → Baixa (venda);-1;173050;1;2;0;2;7;50;38311;4403
2026-06-23 11:15:03.481;Pivô de Baixa → Alta (compra);1;173100;2;7;5;7;1;300;24713;2481
2026-06-23 11:17:11.705;Pivô de Baixa → Alta (compra);1;173400;1;6;4;6;2;250;45283;5611
2026-06-23 11:20:38.347;Pivô de Alta → Baixa (venda);-1;173550;6;2;0;2;4;50;57637;6988
2026-06-23 11:21:56.561;Pivô de Baixa → Alta (compra);1;173600;2;4;2;4;6;150;36769;4420
2026-06-23 11:23:39.025;Pivô de Alta → Baixa (venda);-1;173650;4;6;4;6;6;250;38280;4774
2026-06-23 11:26:54.269;Pivô de Baixa → Alta (compra);1;173500;6;6;4;6;1;250;24108;2478
2026-06-23 11:31:04.960;Pivô de Alta → Baixa (venda);-1;173650;1;2;0;2;1;50;47135;5514
2026-06-23 11:33:01.558;Pivô de Alta → Baixa (venda);-1;173600;1;2;0;2;3;50;30547;3653
2026-06-23 11:34:02.156;Pivô de Baixa → Alta (compra);1;173650;2;3;1;3;1;100;50911;6136
2026-06-23 11:40:27.269;Pivô de Baixa → Alta (compra);1;173750;1;4;2;4;2;150;12888;1622
2026-06-23 11:44:02.059;Pivô de Alta → Baixa (venda);-1;173800;4;2;0;2;7;50;30258;3534
2026-06-23 11:45:32.694;Pivô de Baixa → Alta (compra);1;173850;2;7;5;7;6;300;14585;1679
2026-06-23 11:52:36.501;Pivô de Alta → Baixa (venda);-1;174050;7;6;4;6;4;250;54719;6207
2026-06-23 11:58:38.744;Pivô de Baixa → Alta (compra);1;173900;6;4;2;4;1;150;23490;2762
2026-06-23 12:01:27.590;Pivô de Baixa → Alta (compra);1;174050;1;5;3;5;2;200;24128;2945
2026-06-23 12:06:22.721;Pivô de Alta → Baixa (venda);-1;174150;5;2;0;2;1;50;34112;3509
2026-06-23 12:10:00.592;Pivô de Alta → Baixa (venda);-1;174100;1;3;1;3;1;100;31816;3453
2026-06-23 12:15:03.080;Pivô de Alta → Baixa (venda);-1;174000;1;5;3;5;1;200;30102;3791
2026-06-23 12:31:10.483;Pivô de Alta → Baixa (venda);-1;173800;1;6;4;6;1;250;21849;2210
2026-06-23 12:43:06.285;Pivô de Alta → Baixa (venda);-1;173550;1;2;0;2;20;50;67260;7571
2026-06-23 12:47:22.663;Pivô de Baixa → Alta (compra);1;173600;2;20;18;20;5;950;58986;6802
2026-06-23 13:10:07.296;Pivô de Alta → Baixa (venda);-1;174450;20;5;3;5;4;200;65628;7119
2026-06-23 13:18:12.593;Pivô de Baixa → Alta (compra);1;174350;5;4;2;4;1;150;48646;5870
2026-06-23 13:32:23.642;Pivô de Baixa → Alta (compra);1;174500;1;5;3;5;6;200;26853;2632
2026-06-23 13:33:12.534;Pivô de Alta → Baixa (venda);-1;174600;5;6;4;6;1;250;12104;1073
2026-06-23 14:00:08.526;Pivô de Alta → Baixa (venda);-1;174350;1;3;1;3;4;100;45201;5306
2026-06-23 14:07:59.982;Pivô de Baixa → Alta (compra);1;174350;3;4;2;4;1;150;60517;7606
2026-06-23 14:25:36.617;Pivô de Baixa → Alta (compra);1;174500;1;2;0;2;2;50;44762;4621
2026-06-23 14:29:04.378;Pivô de Alta → Baixa (venda);-1;174450;2;2;0;2;1;50;38680;4074
2026-06-23 14:37:46.067;Pivô de Baixa → Alta (compra);1;174500;1;3;1;3;1;100;59227;6721
2026-06-23 15:01:10.823;Pivô de Alta → Baixa (venda);-1;174500;1;3;1;3;1;100;39014;5208
2026-06-23 15:10:02.247;Pivô de Alta → Baixa (venda);-1;174400;1;6;4;6;2;250;114601;12680
2026-06-23 15:30:05.827;Pivô de Baixa → Alta (compra);1;174250;6;2;0;2;3;50;62337;5848
2026-06-23 15:38:27.559;Pivô de Alta → Baixa (venda);-1;174200;2;3;1;3;1;100;38600;4396
2026-06-23 15:53:12.166;Pivô de Baixa → Alta (compra);1;174200;1;5;3;5;1;200;73451;9006
2026-06-23 16:13:42.732;Pivô de Baixa → Alta (compra);1;174400;1;8;6;8;9;350;133824;13363
2026-06-23 16:36:03.274;Pivô de Alta → Baixa (venda);-1;174650;8;9;7;9;9;400;68115;6702
2026-06-23 17:00:35.665;Pivô de Baixa → Alta (compra);1;174350;9;9;7;9;1;400;104739;9632
2026-06-23 18:00:05.911;Pivô de Baixa → Alta (compra);1;174750;1;4;2;4;1;150;17346;2153
2026-06-23 18:14:27.566;Pivô de Alta → Baixa (venda);-1;174800;1;7;5;7;2;300;45868;5680
2026-06-24 09:03:20.495;Pivô de Baixa → Alta (compra);1;174600;7;2;0;2;5;50;13952;1994
2026-06-24 09:03:25.640;Pivô de Alta → Baixa (venda);-1;174550;2;5;3;5;2;200;13281;1783
2026-06-24 09:03:39.055;Pivô de Baixa → Alta (compra);1;174450;5;2;0;2;7;50;28253;3828
2026-06-24 09:03:50.825;Pivô de Alta → Baixa (venda);-1;174400;2;7;5;7;1;300;14965;1868
2026-06-24 09:04:05.205;Pivô de Alta → Baixa (venda);-1;174100;1;5;3;5;2;200;7350;883
2026-06-24 09:04:21.443;Pivô de Baixa → Alta (compra);1;174000;5;2;0;2;2;50;24270;3079
2026-06-24 09:04:30.912;Pivô de Alta → Baixa (venda);-1;173950;2;2;0;2;5;50;7532;820
2026-06-24 09:04:35.104;Pivô de Baixa → Alta (compra);1;174000;2;5;3;5;1;200;9628;1334
2026-06-24 09:05:01.145;Pivô de Baixa → Alta (compra);1;174200;1;2;0;2;5;50;4162;527
2026-06-24 09:05:03.017;Pivô de Alta → Baixa (venda);-1;174150;2;5;3;5;1;200;5116;680
2026-06-24 09:06:37.525;Pivô de Alta → Baixa (venda);-1;173950;1;12;10;12;3;550;4843;400
2026-06-24 09:08:44.481;Pivô de Baixa → Alta (compra);1;173500;12;3;1;3;2;100;19300;2036
2026-06-24 09:09:10.809;Pivô de Alta → Baixa (venda);-1;173500;3;2;0;2;3;50;7001;990
2026-06-24 09:09:28.792;Pivô de Baixa → Alta (compra);1;173550;2;3;1;3;3;100;7681;927
2026-06-24 09:09:44.324;Pivô de Alta → Baixa (venda);-1;173550;3;3;1;3;1;100;3493;514
2026-06-24 09:10:39.965;Pivô de Alta → Baixa (venda);-1;173450;1;5;3;5;1;200;16972;2013
2026-06-24 09:11:50.373;Pivô de Alta → Baixa (venda);-1;173250;1;3;1;3;2;100;9735;1416
2026-06-24 09:12:05.638;Pivô de Baixa → Alta (compra);1;173250;3;2;0;2;1;50;28494;3493
2026-06-24 09:14:14.637;Pivô de Baixa → Alta (compra);1;173300;1;2;0;2;4;50;10691;1114
2026-06-24 09:14:25.320;Pivô de Alta → Baixa (venda);-1;173250;2;4;2;4;4;150;17899;2408
2026-06-24 09:14:54.077;Pivô de Baixa → Alta (compra);1;173200;4;4;2;4;8;150;30200;3798
2026-06-24 09:16:51.637;Pivô de Alta → Baixa (venda);-1;173250;4;8;6;8;4;350;7885;996
2026-06-24 09:20:31.480;Pivô de Baixa → Alta (compra);1;173000;8;4;2;4;5;150;52108;6146
2026-06-24 09:22:46.511;Pivô de Alta → Baixa (venda);-1;173050;4;5;3;5;5;200;39447;4838
2026-06-24 09:24:10.837;Pivô de Baixa → Alta (compra);1;172950;5;5;3;5;4;200;61042;8543
2026-06-24 09:27:47.750;Pivô de Alta → Baixa (venda);-1;173050;5;4;2;4;3;150;11331;1618
2026-06-24 09:28:13.999;Pivô de Baixa → Alta (compra);1;173000;4;3;1;3;4;100;22842;2719
2026-06-24 09:30:06.728;Pivô de Alta → Baixa (venda);-1;173000;3;4;2;4;5;150;26187;2683
2026-06-24 09:30:38.869;Pivô de Baixa → Alta (compra);1;172950;4;5;3;5;3;200;47093;5775
2026-06-24 09:33:19.124;Pivô de Alta → Baixa (venda);-1;173050;5;3;1;3;1;100;18236;2793
2026-06-24 09:36:56.764;Pivô de Alta → Baixa (venda);-1;172950;1;2;0;2;1;50;48368;5872
2026-06-24 09:43:16.654;Pivô de Baixa → Alta (compra);1;173000;1;3;1;3;4;100;38125;5126
2026-06-24 09:46:06.141;Pivô de Alta → Baixa (venda);-1;173000;3;4;2;4;4;150;12825;1704
2026-06-24 09:48:16.011;Pivô de Baixa → Alta (compra);1;172950;4;4;2;4;3;150;58535;7286
2026-06-24 09:54:18.030;Pivô de Alta → Baixa (venda);-1;173000;4;3;1;3;5;100;91562;10957
2026-06-24 09:58:09.304;Pivô de Baixa → Alta (compra);1;173000;3;5;3;5;18;200;26205;3113
2026-06-24 10:00:24.394;Pivô de Alta → Baixa (venda);-1;173100;5;18;16;18;1;850;23906;2702
2026-06-24 10:01:54.095;Pivô de Baixa → Alta (compra);1;172350;1;11;9;11;2;500;3727;484
2026-06-24 10:02:18.467;Pivô de Alta → Baixa (venda);-1;172750;11;2;0;2;6;50;46666;5987
2026-06-24 10:03:18.114;Pivô de Baixa → Alta (compra);1;172800;2;6;4;6;1;250;33403;3988
2026-06-24 10:05:00.503;Pivô de Baixa → Alta (compra);1;173050;1;3;1;3;1;100;16615;1921
2026-06-24 10:05:55.549;Pivô de Alta → Baixa (venda);-1;173050;1;3;1;3;2;100;8070;932
2026-06-24 10:06:05.841;Pivô de Baixa → Alta (compra);1;173050;3;2;0;2;1;50;25581;2628
2026-06-24 10:06:31.221;Pivô de Baixa → Alta (compra);1;173100;1;2;0;2;1;50;30645;3799
2026-06-24 10:09:00.996;Pivô de Baixa → Alta (compra);1;173150;1;4;2;4;1;150;24615;3068
2026-06-24 10:10:02.055;Pivô de Baixa → Alta (compra);1;173300;1;2;0;2;2;50;17312;2067
2026-06-24 10:10:34.059;Pivô de Alta → Baixa (venda);-1;173250;2;2;0;2;7;50;41727;5090
2026-06-24 10:11:59.038;Pivô de Baixa → Alta (compra);1;173300;2;7;5;7;1;300;17546;2340
2026-06-24 10:13:09.340;Pivô de Baixa → Alta (compra);1;173600;1;3;1;3;5;100;33067;4446
2026-06-24 10:14:08.757;Pivô de Alta → Baixa (venda);-1;173600;3;5;3;5;2;200;29965;3448
2026-06-24 10:15:04.214;Pivô de Baixa → Alta (compra);1;173500;5;2;0;2;5;50;11067;1206
2026-06-24 10:15:22.036;Pivô de Alta → Baixa (venda);-1;173450;2;5;3;5;14;200;43461;5245
2026-06-24 10:16:32.269;Pivô de Baixa → Alta (compra);1;173350;5;14;12;14;6;650;28320;3724
2026-06-24 10:20:43.609;Pivô de Alta → Baixa (venda);-1;173900;14;6;4;6;4;250;66834;7227
2026-06-24 10:21:54.610;Pivô de Baixa → Alta (compra);1;173750;6;4;2;4;1;150;18579;2073
2026-06-24 10:23:39.611;Pivô de Alta → Baixa (venda);-1;173800;1;2;0;2;4;50;25669;2781
2026-06-24 10:24:09.461;Pivô de Baixa → Alta (compra);1;173850;2;4;2;4;1;150;16792;1964
2026-06-24 10:25:18.921;Pivô de Baixa → Alta (compra);1;174000;1;7;5;7;5;300;11583;1215
2026-06-24 10:26:59.675;Pivô de Alta → Baixa (venda);-1;174200;7;5;3;5;6;200;13217;978
2026-06-24 10:28:29.422;Pivô de Baixa → Alta (compra);1;174100;5;6;4;6;6;250;17581;1984
2026-06-24 10:30:07.797;Pivô de Alta → Baixa (venda);-1;174250;6;6;4;6;2;250;29119;2060
2026-06-24 10:30:39.410;Pivô de Baixa → Alta (compra);1;174100;6;2;0;2;9;50;40037;4537
2026-06-24 10:31:00.751;Pivô de Alta → Baixa (venda);-1;174050;2;9;7;9;1;400;12629;1533
2026-06-24 10:31:41.103;Pivô de Alta → Baixa (venda);-1;173650;1;7;5;7;3;300;9292;875
2026-06-24 10:32:18.328;Pivô de Baixa → Alta (compra);1;173450;7;3;1;3;1;100;8982;1023
2026-06-24 10:32:30.056;Pivô de Baixa → Alta (compra);1;173550;1;2;0;2;2;50;54662;5644
2026-06-24 10:33:18.324;Pivô de Alta → Baixa (venda);-1;173500;2;2;0;2;1;50;10946;1246
2026-06-24 10:34:02.048;Pivô de Alta → Baixa (venda);-1;173450;1;3;1;3;1;100;14267;1576
2026-06-24 10:34:37.279;Pivô de Alta → Baixa (venda);-1;173350;1;2;0;2;7;50;28291;3061
2026-06-24 10:35:06.930;Pivô de Baixa → Alta (compra);1;173400;2;7;5;7;2;300;24143;2867
2026-06-24 10:35:38.963;Pivô de Alta → Baixa (venda);-1;173600;7;2;0;2;1;50;41444;5321
2026-06-24 10:36:30.980;Pivô de Alta → Baixa (venda);-1;173550;1;8;6;8;4;350;20134;2523
2026-06-24 10:37:56.786;Pivô de Baixa → Alta (compra);1;173300;8;4;2;4;1;150;5692;787
2026-06-24 10:38:59.061;Pivô de Baixa → Alta (compra);1;173450;1;4;2;4;5;150;5326;872
2026-06-24 10:39:40.766;Pivô de Alta → Baixa (venda);-1;173500;4;5;3;5;2;200;19661;2651
2026-06-24 10:40:43.414;Pivô de Baixa → Alta (compra);1;173400;5;2;0;2;1;50;21265;2806
2026-06-24 10:42:02.473;Pivô de Baixa → Alta (compra);1;173450;1;3;1;3;2;100;12414;1257
2026-06-24 10:42:20.662;Pivô de Alta → Baixa (venda);-1;173450;3;2;0;2;3;50;10535;1105
2026-06-24 10:42:30.423;Pivô de Baixa → Alta (compra);1;173500;2;3;1;3;5;100;47014;5730
2026-06-24 10:44:16.451;Pivô de Alta → Baixa (venda);-1;173500;3;5;3;5;2;200;62821;7491
2026-06-24 10:46:17.818;Pivô de Baixa → Alta (compra);1;173400;5;2;0;2;3;50;4734;503
2026-06-24 10:46:35.723;Pivô de Alta → Baixa (venda);-1;173350;2;3;1;3;1;100;9608;1184
2026-06-24 10:48:37.808;Pivô de Baixa → Alta (compra);1;173350;1;7;5;7;3;300;15299;1856
2026-06-24 10:50:31.279;Pivô de Alta → Baixa (venda);-1;173550;7;3;1;3;6;100;23087;2883
2026-06-24 10:51:02.378;Pivô de Baixa → Alta (compra);1;173550;3;6;4;6;2;250;20924;2539
2026-06-24 10:52:08.179;Pivô de Alta → Baixa (venda);-1;173700;6;2;0;2;1;50;18776;2140
2026-06-24 10:53:12.619;Pivô de Baixa → Alta (compra);1;173750;1;2;0;2;3;50;40841;4849
2026-06-24 10:54:28.970;Pivô de Alta → Baixa (venda);-1;173700;2;3;1;3;1;100;7076;868
2026-06-24 10:55:15.297;Pivô de Alta → Baixa (venda);-1;173600;1;4;2;4;1;150;9667;1185
2026-06-24 10:56:01.808;Pivô de Alta → Baixa (venda);-1;173450;1;8;6;8;2;350;12773;1729
2026-06-24 10:56:54.232;Pivô de Baixa → Alta (compra);1;173200;8;2;0;2;1;50;27778;2885
2026-06-24 10:58:04.293;Pivô de Alta → Baixa (venda);-1;173150;1;2;0;2;6;50;16079;2009
2026-06-24 10:58:28.694;Pivô de Baixa → Alta (compra);1;173200;2;6;4;6;1;250;40253;3644
2026-06-24 11:00:32.445;Pivô de Baixa → Alta (compra);1;173450;1;5;3;5;8;200;4270;507
2026-06-24 11:01:17.648;Pivô de Alta → Baixa (venda);-1;173550;5;8;6;8;2;350;11923;1631
2026-06-24 11:02:26.325;Pivô de Baixa → Alta (compra);1;173300;8;2;0;2;1;50;29157;3623
2026-06-24 11:03:40.262;Pivô de Baixa → Alta (compra);1;173350;1;3;1;3;1;100;9270;1115
2026-06-24 11:08:04.389;Pivô de Baixa → Alta (compra);1;173450;1;2;0;2;3;50;41088;4205
2026-06-24 11:09:21.746;Pivô de Alta → Baixa (venda);-1;173400;2;3;1;3;2;100;21642;2223
2026-06-24 11:10:23.543;Pivô de Baixa → Alta (compra);1;173400;3;2;0;2;5;50;13630;1434
2026-06-24 11:10:44.266;Pivô de Alta → Baixa (venda);-1;173350;2;5;3;5;2;200;16241;1670
2026-06-24 11:11:38.258;Pivô de Baixa → Alta (compra);1;173250;5;2;0;2;2;50;21058;2166
2026-06-24 11:12:47.070;Pivô de Alta → Baixa (venda);-1;173200;2;2;0;2;4;50;26769;3082
2026-06-24 11:13:46.296;Pivô de Baixa → Alta (compra);1;173250;2;4;2;4;3;150;46001;4900
2026-06-24 11:16:41.375;Pivô de Alta → Baixa (venda);-1;173300;4;3;1;3;1;100;9732;1048
2026-06-24 11:18:35.303;Pivô de Alta → Baixa (venda);-1;173200;1;5;3;5;3;200;21961;2398
2026-06-24 11:20:45.717;Pivô de Baixa → Alta (compra);1;173100;5;3;1;3;3;100;28824;2808
2026-06-24 11:22:48.562;Pivô de Alta → Baixa (venda);-1;173100;3;3;1;3;1;100;24900;2591
2026-06-24 11:24:07.142;Pivô de Alta → Baixa (venda);-1;173000;1;3;1;3;1;100;7947;919
2026-06-24 11:25:56.422;Pivô de Alta → Baixa (venda);-1;172900;1;4;2;4;3;150;19744;2416
2026-06-24 11:27:19.407;Pivô de Baixa → Alta (compra);1;172850;4;3;1;3;3;100;28179;3030
2026-06-24 11:29:33.855;Pivô de Alta → Baixa (venda);-1;172850;3;3;1;3;3;100;61621;8279
2026-06-24 11:32:21.680;Pivô de Baixa → Alta (compra);1;172850;3;3;1;3;6;100;96401;10539
2026-06-24 11:36:16.415;Pivô de Alta → Baixa (venda);-1;172850;3;6;4;6;1;250;61013;7514
2026-06-24 11:40:34.798;Pivô de Alta → Baixa (venda);-1;172600;1;2;0;2;12;50;34584;3950
2026-06-24 11:41:34.719;Pivô de Baixa → Alta (compra);1;172650;2;12;10;12;8;550;39291;5400
2026-06-24 11:47:19.121;Pivô de Alta → Baixa (venda);-1;173100;12;8;6;8;5;350;49520;6515
2026-06-24 11:54:21.554;Pivô de Baixa → Alta (compra);1;172850;8;5;3;5;2;200;45098;5400
2026-06-24 12:02:14.087;Pivô de Alta → Baixa (venda);-1;172950;5;2;0;2;4;50;32339;3702
2026-06-24 12:03:18.649;Pivô de Baixa → Alta (compra);1;173000;2;4;2;4;6;150;28355;3156
2026-06-24 12:05:01.664;Pivô de Alta → Baixa (venda);-1;173050;4;6;4;6;5;250;57420;6673
2026-06-24 12:09:14.750;Pivô de Baixa → Alta (compra);1;172900;6;5;3;5;1;200;39013;4641
2026-06-24 12:12:51.288;Pivô de Baixa → Alta (compra);1;173100;1;5;3;5;2;200;8981;916
2026-06-24 12:15:15.064;Pivô de Alta → Baixa (venda);-1;173200;5;2;0;2;3;50;17729;2281
2026-06-24 12:15:54.771;Pivô de Baixa → Alta (compra);1;173250;2;3;1;3;1;100;14769;1782
2026-06-24 12:18:51.664;Pivô de Baixa → Alta (compra);1;173350;1;3;1;3;4;100;27573;3212
2026-06-24 12:20:18.500;Pivô de Alta → Baixa (venda);-1;173350;3;4;2;4;1;150;16338;1849
2026-06-24 12:22:50.768;Pivô de Alta → Baixa (venda);-1;173200;1;3;1;3;3;100;12513;1180
2026-06-24 12:25:08.335;Pivô de Baixa → Alta (compra);1;173200;3;3;1;3;6;100;21506;2358
2026-06-24 12:27:30.942;Pivô de Alta → Baixa (venda);-1;173200;3;6;4;6;5;250;99070;9795
2026-06-24 12:32:43.377;Pivô de Baixa → Alta (compra);1;173050;6;5;3;5;3;200;8693;753
2026-06-24 12:34:31.832;Pivô de Alta → Baixa (venda);-1;173150;5;3;1;3;3;100;25512;2896
2026-06-24 12:37:08.780;Pivô de Baixa → Alta (compra);1;173150;3;3;1;3;1;100;34239;4032
2026-06-24 12:46:34.825;Pivô de Baixa → Alta (compra);1;173250;1;2;0;2;5;50;34107;3733
2026-06-24 12:49:39.197;Pivô de Alta → Baixa (venda);-1;173200;2;5;3;5;1;200;33163;3702
2026-06-24 13:05:05.725;Pivô de Alta → Baixa (venda);-1;173000;1;2;0;2;5;50;23425;2820
2026-06-24 13:08:46.090;Pivô de Baixa → Alta (compra);1;173050;2;5;3;5;1;200;47806;5424
2026-06-24 13:23:05.194;Pivô de Baixa → Alta (compra);1;173250;1;5;3;5;4;200;152004;16681
2026-06-24 13:35:16.373;Pivô de Alta → Baixa (venda);-1;173350;5;4;2;4;1;150;38368;4071
2026-06-24 13:39:31.161;Pivô de Alta → Baixa (venda);-1;173200;1;4;2;4;5;150;16485;1990
2026-06-24 13:42:56.439;Pivô de Baixa → Alta (compra);1;173150;4;5;3;5;3;200;32957;3563
2026-06-24 13:49:05.541;Pivô de Alta → Baixa (venda);-1;173250;5;3;1;3;2;100;43662;5236
2026-06-24 13:57:55.616;Pivô de Baixa → Alta (compra);1;173250;3;2;0;2;9;50;88400;9626
2026-06-24 14:05:06.318;Pivô de Alta → Baixa (venda);-1;173200;2;9;7;9;2;400;24701;2726
2026-06-24 14:16:40.993;Pivô de Baixa → Alta (compra);1;172900;9;2;0;2;4;50;27071;3270
2026-06-24 14:19:43.203;Pivô de Alta → Baixa (venda);-1;172850;2;4;2;4;2;150;63714;6722
2026-06-24 14:25:12.484;Pivô de Baixa → Alta (compra);1;172800;4;2;0;2;1;50;113908;12054
2026-06-24 14:31:31.512;Pivô de Baixa → Alta (compra);1;172850;1;2;0;2;4;50;18987;2129
2026-06-24 14:35:02.734;Pivô de Alta → Baixa (venda);-1;172800;2;4;2;4;2;150;31147;3792
2026-06-24 14:44:48.435;Pivô de Baixa → Alta (compra);1;172750;4;2;0;2;1;50;56955;7192
2026-06-24 14:50:43.894;Pivô de Baixa → Alta (compra);1;172800;1;7;5;7;2;300;42766;5015
2026-06-24 14:56:05.249;Pivô de Alta → Baixa (venda);-1;173000;7;2;0;2;1;50;37786;4060
2026-06-24 15:02:35.216;Pivô de Baixa → Alta (compra);1;173050;1;3;1;3;1;100;42892;4940
2026-06-24 15:09:25.779;Pivô de Baixa → Alta (compra);1;173150;1;3;1;3;2;100;15868;1687
2026-06-24 15:10:47.428;Pivô de Alta → Baixa (venda);-1;173150;3;2;0;2;4;50;34639;3916
2026-06-24 15:14:08.446;Pivô de Baixa → Alta (compra);1;173200;2;4;2;4;2;150;21412;2272
2026-06-24 15:15:49.129;Pivô de Alta → Baixa (venda);-1;173250;4;2;0;2;1;50;36812;4934
2026-06-24 15:19:21.782;Pivô de Alta → Baixa (venda);-1;173200;1;2;0;2;2;50;19867;2109
2026-06-24 15:20:20.466;Pivô de Baixa → Alta (compra);1;173250;2;2;0;2;1;50;44298;5806
2026-06-24 15:44:12.618;Pivô de Alta → Baixa (venda);-1;173200;1;2;0;2;6;50;62771;6556
2026-06-24 15:49:17.872;Pivô de Baixa → Alta (compra);1;173250;2;6;4;6;2;250;55083;6606
2026-06-24 15:54:30.960;Pivô de Alta → Baixa (venda);-1;173400;6;2;0;2;2;50;83218;8637
2026-06-24 15:58:32.457;Pivô de Baixa → Alta (compra);1;173450;2;2;0;2;3;50;56706;5979
2026-06-24 16:03:40.861;Pivô de Alta → Baixa (venda);-1;173400;2;3;1;3;3;100;17539;2049
2026-06-24 16:07:03.068;Pivô de Baixa → Alta (compra);1;173400;3;3;1;3;1;100;60622;6843
2026-06-24 16:11:00.045;Pivô de Baixa → Alta (compra);1;173500;1;5;3;5;2;200;14206;1630
2026-06-24 16:15:46.255;Pivô de Alta → Baixa (venda);-1;173600;5;2;0;2;1;50;35185;3718
2026-06-24 16:26:42.785;Pivô de Alta → Baixa (venda);-1;173550;1;5;3;5;3;200;28707;2411
2026-06-24 16:37:13.744;Pivô de Baixa → Alta (compra);1;173450;5;3;1;3;1;100;26686;3188
2026-06-24 16:58:26.036;Pivô de Baixa → Alta (compra);1;173550;1;10;8;10;3;450;29413;2708
2026-06-24 17:12:05.317;Pivô de Alta → Baixa (venda);-1;173900;10;3;1;3;13;100;14127;1828
2026-06-24 17:15:05.663;Pivô de Baixa → Alta (compra);1;173900;3;13;11;13;5;600;64132;7774
2026-06-24 18:12:23.582;Pivô de Alta → Baixa (venda);-1;174400;13;5;3;5;5;200;14005;1715
2026-06-24 18:24:53.826;Pivô de Baixa → Alta (compra);1;174300;5;5;3;5;2;200;20766;89
2026-06-25 09:03:08.088;Pivô de Alta → Baixa (venda);-1;174400;5;2;0;2;1;50;184;44
2026-06-25 09:03:08.432;Pivô de Alta → Baixa (venda);-1;174350;1;2;0;2;7;50;1169;391
2026-06-25 09:03:09.291;Pivô de Baixa → Alta (compra);1;174400;2;7;5;7;1;300;1292;179
2026-06-25 09:03:12.827;Pivô de Baixa → Alta (compra);1;174700;1;4;2;4;5;150;3196;728
2026-06-25 09:03:14.521;Pivô de Alta → Baixa (venda);-1;174750;4;5;3;5;2;200;1479;287
2026-06-25 09:03:15.067;Pivô de Baixa → Alta (compra);1;174650;5;2;0;2;1;50;564;56
2026-06-25 09:03:15.168;Pivô de Baixa → Alta (compra);1;174700;1;4;2;4;4;150;1468;286
2026-06-25 09:03:17.335;Pivô de Alta → Baixa (venda);-1;174750;4;4;2;4;7;150;2272;410
2026-06-25 09:03:22.426;Pivô de Baixa → Alta (compra);1;174700;4;7;5;7;4;300;6377;1032
2026-06-25 09:03:31.103;Pivô de Alta → Baixa (venda);-1;174900;7;4;2;4;1;150;5985;891
2026-06-25 09:03:36.949;Pivô de Alta → Baixa (venda);-1;174750;1;12;10;12;2;550;2178;479
2026-06-25 09:04:06.298;Pivô de Baixa → Alta (compra);1;174300;12;2;0;2;10;50;4649;604
2026-06-25 09:04:07.156;Pivô de Alta → Baixa (venda);-1;174250;2;10;8;10;5;450;6463;1108
2026-06-25 09:04:16.386;Pivô de Baixa → Alta (compra);1;173900;10;5;3;5;4;200;14093;2537
2026-06-25 09:04:20.796;Pivô de Alta → Baixa (venda);-1;174000;5;4;2;4;6;150;4450;668
2026-06-25 09:04:45.197;Pivô de Baixa → Alta (compra);1;173950;4;6;4;6;1;250;7640;1142
2026-06-25 09:04:55.591;Pivô de Alta → Baixa (venda);-1;174100;1;2;0;2;6;50;87;19
2026-06-25 09:04:56.068;Pivô de Baixa → Alta (compra);1;174150;2;6;4;6;2;250;7830;1653
2026-06-25 09:05:11.253;Pivô de Alta → Baixa (venda);-1;174300;6;2;0;2;8;50;2039;365
2026-06-25 09:05:11.650;Pivô de Baixa → Alta (compra);1;174350;2;8;6;8;2;350;2350;450
2026-06-25 09:05:32.706;Pivô de Alta → Baixa (venda);-1;174600;8;2;0;2;1;50;3315;580
2026-06-25 09:05:36.043;Pivô de Alta → Baixa (venda);-1;174550;1;2;0;2;1;50;1658;285
2026-06-25 09:05:43.685;Pivô de Baixa → Alta (compra);1;174600;1;7;5;7;1;300;9933;1803
2026-06-25 09:08:12.388;Pivô de Alta → Baixa (venda);-1;174800;1;2;0;2;5;50;21958;3237
2026-06-25 09:08:34.988;Pivô de Baixa → Alta (compra);1;174850;2;5;3;5;8;200;5463;848
2026-06-25 09:09:03.427;Pivô de Alta → Baixa (venda);-1;174950;5;8;6;8;1;350;29572;4465
2026-06-25 09:11:42.555;Pivô de Alta → Baixa (venda);-1;174600;1;5;3;5;1;200;19670;2721
2026-06-25 09:15:13.853;Pivô de Baixa → Alta (compra);1;174500;1;3;1;3;3;100;39577;5323
2026-06-25 09:16:35.066;Pivô de Alta → Baixa (venda);-1;174500;3;3;1;3;8;100;19379;3092
2026-06-25 09:17:09.272;Pivô de Baixa → Alta (compra);1;174500;3;8;6;8;9;350;25040;3632
2026-06-25 09:20:01.714;Pivô de Alta → Baixa (venda);-1;174750;8;9;7;9;1;400;8229;567
2026-06-25 09:24:39.873;Pivô de Alta → Baixa (venda);-1;174350;1;2;0;2;5;50;30072;3618
2026-06-25 09:25:31.633;Pivô de Baixa → Alta (compra);1;174400;2;5;3;5;2;200;12200;1534
2026-06-25 09:26:42.846;Pivô de Alta → Baixa (venda);-1;174500;5;2;0;2;9;50;33361;4827
2026-06-25 09:27:33.796;Pivô de Baixa → Alta (compra);1;174550;2;9;7;9;2;400;7217;859
2026-06-25 09:30:36.268;Pivô de Alta → Baixa (venda);-1;174850;9;2;0;2;1;50;25476;3040
2026-06-25 09:31:08.497;Pivô de Alta → Baixa (venda);-1;174800;1;5;3;5;11;200;3728;516
2026-06-25 09:31:24.086;Pivô de Baixa → Alta (compra);1;174700;5;11;9;11;4;500;26247;3413
2026-06-25 09:34:45.783;Pivô de Alta → Baixa (venda);-1;175100;11;4;2;4;4;150;43619;5142
2026-06-25 09:35:22.963;Pivô de Baixa → Alta (compra);1;175050;4;4;2;4;3;150;31020;4256
2026-06-25 09:36:27.547;Pivô de Alta → Baixa (venda);-1;175100;4;3;1;3;1;100;64712;7323
2026-06-25 09:38:50.382;Pivô de Alta → Baixa (venda);-1;175000;1;4;2;4;4;150;39040;5081
2026-06-25 09:40:26.986;Pivô de Baixa → Alta (compra);1;174950;4;4;2;4;2;150;48910;6084
2026-06-25 09:42:49.140;Pivô de Alta → Baixa (venda);-1;175000;4;2;0;2;3;50;13672;1787
2026-06-25 09:43:15.746;Pivô de Baixa → Alta (compra);1;175050;2;3;1;3;1;100;30496;3620
2026-06-25 09:47:51.056;Pivô de Alta → Baixa (venda);-1;175050;1;13;11;13;2;600;13689;1639
2026-06-25 09:58:58.937;Pivô de Baixa → Alta (compra);1;174550;13;2;0;2;1;50;47449;5138
2026-06-25 10:00:24.755;Pivô de Alta → Baixa (venda);-1;174500;1;3;1;3;1;100;40212;4526
2026-06-25 10:03:06.891;Pivô de Baixa → Alta (compra);1;174500;1;2;0;2;1;50;26567;2937
2026-06-25 10:05:05.076;Pivô de Baixa → Alta (compra);1;174550;1;5;3;5;2;200;18130;2513
2026-06-25 10:06:29.916;Pivô de Alta → Baixa (venda);-1;174650;5;2;0;2;1;50;53208;6650
2026-06-25 10:09:59.506;Pivô de Baixa → Alta (compra);1;174700;1;12;10;12;1;550;44962;5483
2026-06-25 10:13:50.970;Pivô de Baixa → Alta (compra);1;175250;1;9;7;9;3;400;17233;2005
2026-06-25 10:15:08.141;Pivô de Alta → Baixa (venda);-1;175550;9;3;1;3;6;100;31534;3885
2026-06-25 10:15:31.034;Pivô de Baixa → Alta (compra);1;175550;3;6;4;6;9;250;11024;1315
2026-06-25 10:17:26.475;Pivô de Alta → Baixa (venda);-1;175700;6;9;7;9;1;400;24283;3290
2026-06-25 10:19:24.854;Pivô de Alta → Baixa (venda);-1;175300;1;6;4;6;1;250;30367;3532
2026-06-25 10:20:54.956;Pivô de Alta → Baixa (venda);-1;175050;1;3;1;3;6;100;14497;1685
2026-06-25 10:22:13.742;Pivô de Baixa → Alta (compra);1;175050;3;6;4;6;13;250;27903;3308
2026-06-25 10:24:01.810;Pivô de Alta → Baixa (venda);-1;175200;6;13;11;13;5;600;18216;2564
2026-06-25 10:27:49.954;Pivô de Baixa → Alta (compra);1;174700;13;5;3;5;3;200;64340;7872
2026-06-25 10:29:41.671;Pivô de Alta → Baixa (venda);-1;174800;5;3;1;3;2;100;14179;2030
2026-06-25 10:30:23.311;Pivô de Baixa → Alta (compra);1;174800;3;2;0;2;7;50;8534;1166
2026-06-25 10:30:35.413;Pivô de Alta → Baixa (venda);-1;174750;2;7;5;7;1;300;25969;2779
2026-06-25 10:31:30.809;Pivô de Alta → Baixa (venda);-1;174450;1;3;1;3;3;100;22700;2709
2026-06-25 10:32:14.588;Pivô de Baixa → Alta (compra);1;174450;3;3;1;3;1;100;13394;1642
2026-06-25 10:33:00.544;Pivô de Alta → Baixa (venda);-1;174450;1;8;6;8;2;350;12305;1413
2026-06-25 10:34:47.333;Pivô de Baixa → Alta (compra);1;174200;8;2;0;2;1;50;68707;7503
2026-06-25 10:36:03.016;Pivô de Baixa → Alta (compra);1;174250;1;2;0;2;5;50;13388;1623
2026-06-25 10:36:34.287;Pivô de Alta → Baixa (venda);-1;174200;2;5;3;5;1;200;29274;3267
2026-06-25 10:37:51.328;Pivô de Alta → Baixa (venda);-1;174000;1;3;1;3;1;100;54152;6440
2026-06-25 10:40:08.630;Pivô de Baixa → Alta (compra);1;174000;1;5;3;5;1;200;43968;5414
2026-06-25 10:42:14.438;Pivô de Baixa → Alta (compra);1;174200;1;3;1;3;3;100;24174;2624
2026-06-25 10:43:26.428;Pivô de Alta → Baixa (venda);-1;174200;3;3;1;3;5;100;18974;2376
2026-06-25 10:43:56.007;Pivô de Baixa → Alta (compra);1;174200;3;5;3;5;4;200;17197;1911
2026-06-25 10:45:03.250;Pivô de Alta → Baixa (venda);-1;174300;5;4;2;4;2;150;31573;3954
2026-06-25 10:45:45.933;Pivô de Baixa → Alta (compra);1;174250;4;2;0;2;1;50;33999;4623
2026-06-25 10:46:49.113;Pivô de Baixa → Alta (compra);1;174300;1;4;2;4;2;150;22054;2735
2026-06-25 10:48:05.655;Pivô de Alta → Baixa (venda);-1;174350;4;2;0;2;3;50;38903;5153
2026-06-25 10:48:58.163;Pivô de Baixa → Alta (compra);1;174400;2;3;1;3;1;100;16102;2081
2026-06-25 10:50:55.949;Pivô de Baixa → Alta (compra);1;174500;1;2;0;2;2;50;33088;4353
2026-06-25 10:51:48.495;Pivô de Alta → Baixa (venda);-1;174450;2;2;0;2;4;50;8610;1163
2026-06-25 10:52:40.582;Pivô de Baixa → Alta (compra);1;174500;2;4;2;4;2;150;12701;1694
2026-06-25 10:54:09.188;Pivô de Alta → Baixa (venda);-1;174550;4;2;0;2;1;50;24948;3362
2026-06-25 10:55:06.171;Pivô de Alta → Baixa (venda);-1;174500;1;5;3;5;1;200;5626;685
2026-06-25 10:55:51.648;Pivô de Alta → Baixa (venda);-1;174300;1;4;2;4;2;150;36894;3571
2026-06-25 10:57:13.866;Pivô de Baixa → Alta (compra);1;174250;4;2;0;2;1;50;12483;1553
2026-06-25 10:58:09.440;Pivô de Baixa → Alta (compra);1;174300;1;11;9;11;1;500;40335;5747
2026-06-25 11:02:07.999;Pivô de Baixa → Alta (compra);1;174800;1;8;6;8;1;350;14147;1604
2026-06-25 11:03:55.827;Pivô de Baixa → Alta (compra);1;175150;1;2;0;2;1;50;13547;1811
2026-06-25 11:05:39.764;Pivô de Alta → Baixa (venda);-1;175100;1;4;2;4;1;150;12892;1507
2026-06-25 11:08:12.717;Pivô de Baixa → Alta (compra);1;175050;1;9;7;9;5;400;23160;3154
2026-06-25 11:10:45.445;Pivô de Alta → Baixa (venda);-1;175350;9;5;3;5;1;200;24063;3067
2026-06-25 11:12:54.387;Pivô de Alta → Baixa (venda);-1;175150;1;3;1;3;2;100;10271;1482
2026-06-25 11:14:17.509;Pivô de Baixa → Alta (compra);1;175150;3;2;0;2;4;50;24255;3414
2026-06-25 11:15:23.775;Pivô de Alta → Baixa (venda);-1;175100;2;4;2;4;2;150;26121;3470
2026-06-25 11:16:50.910;Pivô de Baixa → Alta (compra);1;175050;4;2;0;2;2;50;44684;5509
2026-06-25 11:18:00.278;Pivô de Alta → Baixa (venda);-1;175000;2;2;0;2;9;50;31405;4448
2026-06-25 11:19:26.187;Pivô de Baixa → Alta (compra);1;175050;2;9;7;9;1;400;10683;1240
2026-06-25 11:21:58.117;Pivô de Baixa → Alta (compra);1;175450;1;5;3;5;1;200;49559;6687
2026-06-25 11:25:15.793;Pivô de Baixa → Alta (compra);1;175650;1;7;5;7;1;300;24298;3102
2026-06-25 11:29:29.808;Pivô de Baixa → Alta (compra);1;175950;1;3;1;3;4;100;34387;4558
2026-06-25 11:31:33.973;Pivô de Alta → Baixa (venda);-1;175950;3;4;2;4;6;150;8977;1300
2026-06-25 11:32:03.340;Pivô de Baixa → Alta (compra);1;175900;4;6;4;6;1;250;16901;1923
2026-06-25 11:33:53.679;Pivô de Baixa → Alta (compra);1;176150;1;2;0;2;3;50;32019;4535
2026-06-25 11:37:07.342;Pivô de Alta → Baixa (venda);-1;176100;2;3;1;3;4;100;25174;2814
2026-06-25 11:37:36.420;Pivô de Baixa → Alta (compra);1;176100;3;4;2;4;3;150;20121;2847
2026-06-25 11:39:37.006;Pivô de Alta → Baixa (venda);-1;176150;4;3;1;3;1;100;25727;3519
2026-06-25 11:42:40.379;Pivô de Alta → Baixa (venda);-1;176050;1;2;0;2;1;50;18455;2335
2026-06-25 11:46:04.504;Pivô de Alta → Baixa (venda);-1;176000;1;6;4;6;2;250;12944;1944
2026-06-25 11:48:06.550;Pivô de Baixa → Alta (compra);1;175850;6;2;0;2;9;50;31976;3792
2026-06-25 11:50:03.616;Pivô de Alta → Baixa (venda);-1;175800;2;9;7;9;2;400;17992;2423
2026-06-25 11:57:56.750;Pivô de Baixa → Alta (compra);1;175500;9;2;0;2;3;50;43809;5297
2026-06-25 11:59:50.445;Pivô de Alta → Baixa (venda);-1;175450;2;3;1;3;1;100;13191;1364
2026-06-25 12:03:20.422;Pivô de Baixa → Alta (compra);1;175450;1;6;4;6;6;250;34785;4091
2026-06-25 12:05:16.620;Pivô de Alta → Baixa (venda);-1;175600;6;6;4;6;1;250;19346;2034
2026-06-25 12:10:51.954;Pivô de Alta → Baixa (venda);-1;175350;1;2;0;2;1;50;40735;5163
2026-06-25 12:15:23.930;Pivô de Baixa → Alta (compra);1;175400;1;2;0;2;1;50;11770;1591
2026-06-25 12:17:10.194;Pivô de Baixa → Alta (compra);1;175450;1;3;1;3;1;100;10351;1368
2026-06-25 12:20:10.140;Pivô de Baixa → Alta (compra);1;175550;1;5;3;5;1;200;20111;2769
2026-06-25 12:23:12.580;Pivô de Baixa → Alta (compra);1;175750;1;5;3;5;2;200;6232;800
2026-06-25 12:34:15.492;Pivô de Alta → Baixa (venda);-1;175850;5;2;0;2;5;50;33794;4011
2026-06-25 12:35:38.700;Pivô de Baixa → Alta (compra);1;175900;2;5;3;5;4;200;40658;5339
2026-06-25 12:46:45.684;Pivô de Alta → Baixa (venda);-1;176000;5;4;2;4;6;150;27366;3411
2026-06-25 12:53:18.294;Pivô de Baixa → Alta (compra);1;175950;4;6;4;6;6;250;130795;15397
2026-06-25 13:17:16.560;Pivô de Alta → Baixa (venda);-1;176100;6;6;4;6;1;250;61541;7622
2026-06-25 13:32:07.094;Pivô de Alta → Baixa (venda);-1;175850;1;9;7;9;6;400;37612;4377
2026-06-25 13:45:43.486;Pivô de Baixa → Alta (compra);1;175550;9;6;4;6;3;250;34625;4270
2026-06-25 13:54:53.814;Pivô de Alta → Baixa (venda);-1;175700;6;3;1;3;1;100;39013;4272
2026-06-25 14:11:18.783;Pivô de Alta → Baixa (venda);-1;175600;1;2;0;2;1;50;13035;1548
2026-06-25 14:16:19.026;Pivô de Alta → Baixa (venda);-1;175550;1;9;7;9;4;400;14092;1572
2026-06-25 14:19:48.846;Pivô de Baixa → Alta (compra);1;175250;9;4;2;4;1;150;74442;9631
2026-06-25 14:33:10.827;Pivô de Baixa → Alta (compra);1;175400;1;2;0;2;2;50;18808;2291
2026-06-25 14:35:03.766;Pivô de Alta → Baixa (venda);-1;175350;2;2;0;2;4;50;98857;12729
2026-06-25 14:45:34.049;Pivô de Baixa → Alta (compra);1;175400;2;4;2;4;10;150;59371;7473
2026-06-25 14:55:44.508;Pivô de Alta → Baixa (venda);-1;175450;4;10;8;10;2;450;18508;2241
2026-06-25 15:02:47.145;Pivô de Baixa → Alta (compra);1;175100;10;2;0;2;4;50;24366;2664
2026-06-25 15:03:19.774;Pivô de Alta → Baixa (venda);-1;175050;2;4;2;4;1;150;9879;1173
2026-06-25 15:04:11.642;Pivô de Alta → Baixa (venda);-1;174900;1;2;0;2;6;50;32468;3426
2026-06-25 15:05:42.796;Pivô de Baixa → Alta (compra);1;174950;2;6;4;6;3;250;20765;1919
2026-06-25 15:09:43.569;Pivô de Alta → Baixa (venda);-1;175100;6;3;1;3;6;100;70902;7241
2026-06-25 15:14:07.673;Pivô de Baixa → Alta (compra);1;175100;3;6;4;6;2;250;13416;1821
2026-06-25 15:19:04.824;Pivô de Alta → Baixa (venda);-1;175250;6;2;0;2;3;50;18653;2242
2026-06-25 15:22:49.915;Pivô de Baixa → Alta (compra);1;175300;2;3;1;3;8;100;23783;2818
2026-06-25 15:25:45.898;Pivô de Alta → Baixa (venda);-1;175300;3;8;6;8;1;350;44058;5720
2026-06-25 15:45:20.372;Pivô de Alta → Baixa (venda);-1;174950;1;2;0;2;3;50;25558;3124
2026-06-25 15:47:18.692;Pivô de Baixa → Alta (compra);1;175000;2;3;1;3;1;100;47013;5875
2026-06-25 16:03:14.892;Pivô de Baixa → Alta (compra);1;175100;1;2;0;2;2;50;53297;6810
2026-06-25 16:09:46.021;Pivô de Alta → Baixa (venda);-1;175050;2;2;0;2;1;50;82292;9563
2026-06-25 16:40:03.368;Pivô de Alta → Baixa (venda);-1;175000;1;6;4;6;5;250;21399;2274
2026-06-25 16:56:45.600;Pivô de Baixa → Alta (compra);1;174850;6;5;3;5;19;200;56547;5778
2026-06-25 17:00:41.327;Pivô de Alta → Baixa (venda);-1;174950;5;19;17;19;1;900;218941;29454
2026-06-26 09:00:48.030;Pivô de Baixa → Alta (compra);1;174150;1;2;0;2;2;50;1733;363
2026-06-26 09:00:49.079;Pivô de Alta → Baixa (venda);-1;174100;2;2;0;2;3;50;3741;806
2026-06-26 09:00:52.019;Pivô de Baixa → Alta (compra);1;174150;2;3;1;3;2;100;1139;317
2026-06-26 09:00:53.782;Pivô de Alta → Baixa (venda);-1;174150;3;2;0;2;2;50;2166;362
2026-06-26 09:00:54.568;Pivô de Baixa → Alta (compra);1;174200;2;2;0;2;1;50;1420;270
2026-06-26 09:00:54.995;Pivô de Alta → Baixa (venda);-1;174150;1;8;6;8;4;350;4;4
2026-06-26 09:00:56.723;Pivô de Baixa → Alta (compra);1;173900;8;4;2;4;4;150;467;66
2026-06-26 09:00:56.971;Pivô de Alta → Baixa (venda);-1;173950;4;4;2;4;5;150;1301;339
2026-06-26 09:00:59.197;Pivô de Baixa → Alta (compra);1;173900;4;5;3;5;1;200;2678;620
2026-06-26 09:01:00.853;Pivô de Baixa → Alta (compra);1;174100;1;4;2;4;1;150;2174;487
2026-06-26 09:01:02.939;Pivô de Baixa → Alta (compra);1;174250;1;3;1;3;1;100;628;201
2026-06-26 09:01:03.919;Pivô de Alta → Baixa (venda);-1;174250;1;2;0;2;3;50;339;91
2026-06-26 09:01:04.475;Pivô de Baixa → Alta (compra);1;174300;2;3;1;3;6;100;1916;520
2026-06-26 09:01:07.137;Pivô de Alta → Baixa (venda);-1;174300;3;6;4;6;2;250;1695;374
2026-06-26 09:01:07.919;Pivô de Baixa → Alta (compra);1;174150;6;2;0;2;1;50;286;16
2026-06-26 09:01:08.227;Pivô de Baixa → Alta (compra);1;174200;1;6;4;6;5;250;631;79
2026-06-26 09:01:11.792;Pivô de Alta → Baixa (venda);-1;174350;6;5;3;5;4;200;2794;594
2026-06-26 09:01:13.630;Pivô de Baixa → Alta (compra);1;174250;5;4;2;4;1;150;727;97
2026-06-26 09:01:14.219;Pivô de Baixa → Alta (compra);1;174400;1;4;2;4;5;150;1275;315
2026-06-26 09:01:18.417;Pivô de Alta → Baixa (venda);-1;174450;4;5;3;5;1;200;5612;1464
2026-06-26 09:01:23.428;Pivô de Alta → Baixa (venda);-1;174250;1;2;0;2;2;50;683;108
2026-06-26 09:01:23.537;Pivô de Baixa → Alta (compra);1;174300;2;2;0;2;3;50;267;61
2026-06-26 09:01:23.899;Pivô de Alta → Baixa (venda);-1;174250;2;3;1;3;3;100;131;46
2026-06-26 09:01:24.123;Pivô de Baixa → Alta (compra);1;174250;3;3;1;3;1;100;1165;216
2026-06-26 09:01:24.727;Pivô de Baixa → Alta (compra);1;174350;1;2;0;2;2;50;361;128
2026-06-26 09:01:25.248;Pivô de Alta → Baixa (venda);-1;174300;2;2;0;2;4;50;1008;213
2026-06-26 09:01:28.635;Pivô de Baixa → Alta (compra);1;174350;2;4;2;4;3;150;6667;1572
2026-06-26 09:01:45.061;Pivô de Alta → Baixa (venda);-1;174400;4;3;1;3;3;100;1668;290
2026-06-26 09:01:47.722;Pivô de Baixa → Alta (compra);1;174400;3;3;1;3;2;100;1619;303
2026-06-26 09:01:57.601;Pivô de Alta → Baixa (venda);-1;174400;3;2;0;2;1;50;3938;610
2026-06-26 09:02:13.193;Pivô de Alta → Baixa (venda);-1;174350;1;6;4;6;1;250;1591;205
2026-06-26 09:02:21.098;Pivô de Baixa → Alta (compra);1;174200;1;6;4;6;5;250;21135;3784
2026-06-26 09:02:35.223;Pivô de Alta → Baixa (venda);-1;174350;6;5;3;5;3;200;1006;98
2026-06-26 09:02:36.355;Pivô de Baixa → Alta (compra);1;174250;5;3;1;3;1;100;1227;173
2026-06-26 09:02:44.870;Pivô de Baixa → Alta (compra);1;174350;1;3;1;3;2;100;5106;996
2026-06-26 09:02:54.486;Pivô de Alta → Baixa (venda);-1;174350;3;2;0;2;1;50;1197;194
2026-06-26 09:03:03.425;Pivô de Alta → Baixa (venda);-1;174300;1;4;2;4;2;150;2036;451
2026-06-26 09:03:15.789;Pivô de Baixa → Alta (compra);1;174250;4;2;0;2;1;50;3694;558
2026-06-26 09:03:23.207;Pivô de Baixa → Alta (compra);1;174300;1;4;2;4;2;150;8899;1433
2026-06-26 09:04:09.099;Pivô de Alta → Baixa (venda);-1;174350;4;2;0;2;8;50;5561;845
2026-06-26 09:04:15.991;Pivô de Baixa → Alta (compra);1;174400;2;8;6;8;2;350;9571;1478
2026-06-26 09:05:59.894;Pivô de Alta → Baixa (venda);-1;174650;8;2;0;2;6;50;27278;4295
2026-06-26 09:06:23.032;Pivô de Baixa → Alta (compra);1;174700;2;6;4;6;4;250;13093;2050
2026-06-26 09:08:14.209;Pivô de Alta → Baixa (venda);-1;174850;6;4;2;4;16;150;50773;7025
2026-06-26 09:10:25.600;Pivô de Baixa → Alta (compra);1;174800;4;16;14;16;6;750;19177;2968
2026-06-26 09:17:09.518;Pivô de Alta → Baixa (venda);-1;175450;16;6;4;6;1;250;8989;1144
2026-06-26 09:20:00.816;Pivô de Alta → Baixa (venda);-1;175200;1;2;0;2;1;50;27431;2768
2026-06-26 09:20:44.812;Pivô de Alta → Baixa (venda);-1;175150;1;6;4;6;3;250;13114;1466
2026-06-26 09:21:29.132;Pivô de Baixa → Alta (compra);1;175000;6;3;1;3;3;100;49028;6196
2026-06-26 09:22:41.152;Pivô de Alta → Baixa (venda);-1;175000;3;3;1;3;3;100;27344;3524
2026-06-26 09:24:00.906;Pivô de Baixa → Alta (compra);1;175000;3;3;1;3;2;100;20399;2670
2026-06-26 09:25:32.790;Pivô de Alta → Baixa (venda);-1;175000;3;2;0;2;2;50;32533;4303
2026-06-26 09:27:08.329;Pivô de Baixa → Alta (compra);1;175050;2;2;0;2;1;50;21751;2932
2026-06-26 09:31:20.747;Pivô de Baixa → Alta (compra);1;175100;1;2;0;2;6;50;20219;2596
2026-06-26 09:32:56.009;Pivô de Alta → Baixa (venda);-1;175050;2;6;4;6;1;250;21768;2752
2026-06-26 09:37:03.029;Pivô de Alta → Baixa (venda);-1;174800;1;7;5;7;4;300;44720;5540
2026-06-26 09:43:09.673;Pivô de Baixa → Alta (compra);1;174600;7;4;2;4;1;150;29922;3976
2026-06-26 09:45:06.038;Pivô de Baixa → Alta (compra);1;174750;1;2;0;2;1;50;23384;2952
2026-06-26 09:48:55.885;Pivô de Alta → Baixa (venda);-1;174700;1;2;0;2;1;50;42723;5501
2026-06-26 09:52:41.617;Pivô de Alta → Baixa (venda);-1;174650;1;2;0;2;1;50;50321;6302
2026-06-26 09:55:02.512;Pivô de Alta → Baixa (venda);-1;174600;1;2;0;2;1;50;10666;1562
2026-06-26 09:59:45.845;Pivô de Baixa → Alta (compra);1;174650;1;2;0;2;9;50;11388;1365
2026-06-26 10:00:05.033;Pivô de Alta → Baixa (venda);-1;174600;2;9;7;9;4;400;8607;1071
2026-06-26 10:00:58.798;Pivô de Baixa → Alta (compra);1;174300;9;4;2;4;1;150;24481;2755
2026-06-26 10:03:40.676;Pivô de Baixa → Alta (compra);1;174450;1;4;2;4;4;150;49698;6518
2026-06-26 10:05:54.518;Pivô de Alta → Baixa (venda);-1;174500;4;4;2;4;1;150;87736;10721
2026-06-26 10:08:47.848;Pivô de Alta → Baixa (venda);-1;174350;1;2;0;2;2;50;32067;3730
2026-06-26 10:09:47.213;Pivô de Baixa → Alta (compra);1;174400;2;2;0;2;2;50;29052;3741
2026-06-26 10:10:17.989;Pivô de Alta → Baixa (venda);-1;174350;2;2;0;2;2;50;12022;1593
2026-06-26 10:10:37.917;Pivô de Baixa → Alta (compra);1;174400;2;2;0;2;4;50;30946;3692
2026-06-26 10:11:30.454;Pivô de Alta → Baixa (venda);-1;174350;2;4;2;4;2;150;36867;4604
2026-06-26 10:12:28.762;Pivô de Baixa → Alta (compra);1;174300;4;2;0;2;2;50;32529;3814
2026-06-26 10:13:03.699;Pivô de Alta → Baixa (venda);-1;174250;2;2;0;2;3;50;45764;5250
2026-06-26 10:14:10.227;Pivô de Baixa → Alta (compra);1;174300;2;3;1;3;6;100;12669;1650
2026-06-26 10:15:00.849;Pivô de Alta → Baixa (venda);-1;174300;3;6;4;6;1;250;20287;2092
2026-06-26 10:16:04.933;Pivô de Alta → Baixa (venda);-1;174050;1;3;1;3;3;100;24283;3317
2026-06-26 10:16:51.203;Pivô de Baixa → Alta (compra);1;174050;3;3;1;3;5;100;34209;3935
2026-06-26 10:17:26.105;Pivô de Alta → Baixa (venda);-1;174050;3;5;3;5;1;200;50751;6402
2026-06-26 10:19:02.300;Pivô de Alta → Baixa (venda);-1;173850;1;2;0;2;7;50;10763;1113
2026-06-26 10:19:12.111;Pivô de Baixa → Alta (compra);1;173900;2;7;5;7;2;300;9457;1318
2026-06-26 10:20:30.318;Pivô de Alta → Baixa (venda);-1;174100;7;2;0;2;1;50;31206;3916
2026-06-26 10:21:46.088;Pivô de Alta → Baixa (venda);-1;174050;1;2;0;2;3;50;22799;2916
2026-06-26 10:22:36.265;Pivô de Baixa → Alta (compra);1;174100;2;3;1;3;4;100;34944;3962
2026-06-26 10:23:38.818;Pivô de Alta → Baixa (venda);-1;174100;3;4;2;4;2;150;21578;2469
2026-06-26 10:24:06.124;Pivô de Baixa → Alta (compra);1;174050;4;2;0;2;3;50;16502;1929
2026-06-26 10:24:28.073;Pivô de Alta → Baixa (venda);-1;174000;2;3;1;3;6;100;30325;3852
2026-06-26 10:25:56.010;Pivô de Baixa → Alta (compra);1;174000;3;6;4;6;3;250;11485;1568
2026-06-26 10:28:49.417;Pivô de Alta → Baixa (venda);-1;174150;6;3;1;3;7;100;28116;3392
2026-06-26 10:30:02.203;Pivô de Baixa → Alta (compra);1;174150;3;7;5;7;3;300;13459;1446
2026-06-26 10:31:52.593;Pivô de Alta → Baixa (venda);-1;174350;7;3;1;3;2;100;17183;2215
2026-06-26 10:33:04.429;Pivô de Baixa → Alta (compra);1;174350;3;2;0;2;4;50;25569;3079
2026-06-26 10:33:39.803;Pivô de Alta → Baixa (venda);-1;174300;2;4;2;4;5;150;6072;797
2026-06-26 10:33:56.489;Pivô de Baixa → Alta (compra);1;174250;4;5;3;5;6;200;35563;4055
2026-06-26 10:35:27.834;Pivô de Alta → Baixa (venda);-1;174350;5;6;4;6;1;250;50508;6530
2026-06-26 10:38:44.083;Pivô de Alta → Baixa (venda);-1;174100;1;2;0;2;1;50;3417;494
2026-06-26 10:39:36.018;Pivô de Alta → Baixa (venda);-1;174050;1;2;0;2;1;50;10038;1265
2026-06-26 10:40:09.274;Pivô de Alta → Baixa (venda);-1;174000;1;3;1;3;4;100;30506;3481
2026-06-26 10:41:48.284;Pivô de Baixa → Alta (compra);1;174000;3;4;2;4;4;150;15576;2055
2026-06-26 10:42:28.330;Pivô de Alta → Baixa (venda);-1;174050;4;4;2;4;1;150;7092;802
2026-06-26 10:44:17.701;Pivô de Alta → Baixa (venda);-1;173900;1;2;0;2;6;50;29067;3360
2026-06-26 10:45:11.681;Pivô de Baixa → Alta (compra);1;173950;2;6;4;6;1;250;56400;7152
2026-06-26 10:47:59.535;Pivô de Baixa → Alta (compra);1;174200;1;3;1;3;4;100;66575;8014
2026-06-26 10:51:10.902;Pivô de Alta → Baixa (venda);-1;174200;3;4;2;4;2;150;24410;2566
2026-06-26 10:52:45.739;Pivô de Baixa → Alta (compra);1;174150;4;2;0;2;1;50;38640;4381
2026-06-26 10:55:53.347;Pivô de Baixa → Alta (compra);1;174200;1;6;4;6;1;250;19199;2451
2026-06-26 10:57:12.712;Pivô de Baixa → Alta (compra);1;174450;1;3;1;3;3;100;10325;1245
2026-06-26 10:57:44.234;Pivô de Alta → Baixa (venda);-1;174450;3;3;1;3;6;100;51117;5880
2026-06-26 10:58:39.990;Pivô de Baixa → Alta (compra);1;174450;3;6;4;6;6;250;11864;1513
2026-06-26 11:00:12.139;Pivô de Alta → Baixa (venda);-1;174600;6;6;4;6;3;250;18848;2457
2026-06-26 11:01:27.378;Pivô de Baixa → Alta (compra);1;174450;6;3;1;3;2;100;9285;1216
2026-06-26 11:01:53.594;Pivô de Alta → Baixa (venda);-1;174450;3;2;0;2;1;50;13905;1513
2026-06-26 11:02:58.875;Pivô de Alta → Baixa (venda);-1;174400;1;2;0;2;1;50;16922;2244
2026-06-26 11:05:46.130;Pivô de Baixa → Alta (compra);1;174450;1;2;0;2;1;50;68034;7852
2026-06-26 11:08:59.995;Pivô de Baixa → Alta (compra);1;174500;1;3;1;3;1;100;16281;1864
2026-06-26 11:10:10.015;Pivô de Baixa → Alta (compra);1;174600;1;2;0;2;1;50;63211;7474
2026-06-26 11:15:32.698;Pivô de Baixa → Alta (compra);1;174650;1;19;17;19;8;900;14402;1578
2026-06-26 11:21:40.657;Pivô de Alta → Baixa (venda);-1;175450;19;8;6;8;2;350;35214;3246
2026-06-26 11:26:29.324;Pivô de Baixa → Alta (compra);1;175200;8;2;0;2;1;50;38056;3619
2026-06-26 11:27:52.484;Pivô de Baixa → Alta (compra);1;175250;1;5;3;5;3;200;46284;5290
2026-06-26 11:34:15.131;Pivô de Alta → Baixa (venda);-1;175350;5;3;1;3;7;100;17321;2127
2026-06-26 11:35:06.544;Pivô de Baixa → Alta (compra);1;175350;3;7;5;7;1;300;29083;3633
2026-06-26 11:40:23.661;Pivô de Baixa → Alta (compra);1;175650;1;2;0;2;2;50;31681;3785
2026-06-26 11:42:12.915;Pivô de Alta → Baixa (venda);-1;175600;2;2;0;2;1;50;32908;4287
2026-06-26 11:43:54.786;Pivô de Alta → Baixa (venda);-1;175550;1;3;1;3;2;100;17470;2146
2026-06-26 11:45:43.405;Pivô de Baixa → Alta (compra);1;175550;3;2;0;2;3;50;44501;4959
2026-06-26 11:46:51.075;Pivô de Alta → Baixa (venda);-1;175500;2;3;1;3;8;100;27491;3086
2026-06-26 11:47:40.277;Pivô de Baixa → Alta (compra);1;175500;3;8;6;8;3;350;74909;7562
2026-06-26 11:50:57.081;Pivô de Alta → Baixa (venda);-1;175750;8;3;1;3;3;100;139962;15628
2026-06-26 11:56:13.066;Pivô de Baixa → Alta (compra);1;175750;3;3;1;3;3;100;14397;1823
2026-06-26 11:58:05.678;Pivô de Alta → Baixa (venda);-1;175750;3;3;1;3;4;100;22647;2682
2026-06-26 11:59:56.505;Pivô de Baixa → Alta (compra);1;175750;3;4;2;4;1;150;41500;4981
2026-06-26 12:05:56.654;Pivô de Baixa → Alta (compra);1;175900;1;4;2;4;2;150;47683;5288
2026-06-26 12:09:24.039;Pivô de Alta → Baixa (venda);-1;175950;4;2;0;2;2;50;68340;7587
2026-06-26 12:11:16.754;Pivô de Baixa → Alta (compra);1;176000;2;2;0;2;4;50;27351;3120
2026-06-26 12:11:59.077;Pivô de Alta → Baixa (venda);-1;175950;2;4;2;4;5;150;28326;2592
2026-06-26 12:15:23.172;Pivô de Baixa → Alta (compra);1;175900;4;5;3;5;1;200;15201;1893
2026-06-26 12:19:35.892;Pivô de Baixa → Alta (compra);1;176100;1;3;1;3;1;100;97612;10745
2026-06-26 12:27:07.512;Pivô de Baixa → Alta (compra);1;176200;1;5;3;5;5;200;48677;4987
2026-06-26 12:30:12.357;Pivô de Alta → Baixa (venda);-1;176300;5;5;3;5;6;200;74677;8029
2026-06-26 12:37:28.172;Pivô de Baixa → Alta (compra);1;176200;5;6;4;6;4;250;23632;2413
2026-06-26 12:46:10.320;Pivô de Alta → Baixa (venda);-1;176350;6;4;2;4;1;150;123428;11650
2026-06-26 12:52:17.435;Pivô de Alta → Baixa (venda);-1;176200;1;2;0;2;7;50;43693;4896
2026-06-26 12:54:56.815;Pivô de Baixa → Alta (compra);1;176250;2;7;5;7;2;300;15786;1735
2026-06-26 13:06:07.251;Pivô de Alta → Baixa (venda);-1;176450;7;2;0;2;2;50;64638;7674
2026-06-26 13:12:48.219;Pivô de Baixa → Alta (compra);1;176500;2;2;0;2;3;50;67964;7556
2026-06-26 13:19:17.884;Pivô de Alta → Baixa (venda);-1;176450;2;3;1;3;5;100;36832;3310
2026-06-26 13:26:59.266;Pivô de Baixa → Alta (compra);1;176450;3;5;3;5;7;200;72273;7898
2026-06-26 13:34:41.306;Pivô de Alta → Baixa (venda);-1;176550;5;7;5;7;9;300;127116;14409
2026-06-26 13:47:41.205;Pivô de Baixa → Alta (compra);1;176350;7;9;7;9;5;400;170832;17168
2026-06-26 14:08:50.881;Pivô de Alta → Baixa (venda);-1;176650;9;5;3;5;5;200;79957;8148
2026-06-26 14:21:07.905;Pivô de Baixa → Alta (compra);1;176550;5;5;3;5;3;200;40970;4382
2026-06-26 14:30:25.729;Pivô de Alta → Baixa (venda);-1;176650;5;3;1;3;3;100;36664;4000
2026-06-26 14:40:18.402;Pivô de Baixa → Alta (compra);1;176650;3;3;1;3;1;100;38293;3481
2026-06-26 14:55:12.411;Pivô de Baixa → Alta (compra);1;176750;1;4;2;4;4;150;93034;9622
2026-06-26 15:04:01.375;Pivô de Alta → Baixa (venda);-1;176800;4;4;2;4;4;150;40208;4448
2026-06-26 15:20:55.115;Pivô de Baixa → Alta (compra);1;176750;4;4;2;4;10;150;17553;1680
2026-06-26 15:25:01.850;Pivô de Alta → Baixa (venda);-1;176800;4;10;8;10;1;450;49113;5726
2026-06-26 15:57:49.573;Pivô de Baixa → Alta (compra);1;176450;1;2;0;2;2;50;76301;6778
2026-06-26 16:02:11.543;Pivô de Alta → Baixa (venda);-1;176400;2;2;0;2;1;50;43131;4082
2026-06-26 16:14:47.353;Pivô de Alta → Baixa (venda);-1;176350;1;3;1;3;2;100;61754;6461
2026-06-26 16:23:24.756;Pivô de Baixa → Alta (compra);1;176350;3;2;0;2;2;50;51762;5736
2026-06-26 16:27:38.661;Pivô de Alta → Baixa (venda);-1;176300;2;2;0;2;2;50;39785;3623
2026-06-26 16:30:42.344;Pivô de Baixa → Alta (compra);1;176350;2;2;0;2;3;50;70472;6463
2026-06-26 16:34:26.950;Pivô de Alta → Baixa (venda);-1;176300;2;3;1;3;1;100;108633;10133
2026-06-26 16:46:40.010;Pivô de Alta → Baixa (venda);-1;176200;1;2;0;2;2;50;20002;1997
2026-06-26 16:47:53.999;Pivô de Baixa → Alta (compra);1;176250;2;2;0;2;1;50;117443;10877
2026-06-26 17:00:07.036;Pivô de Alta → Baixa (venda);-1;176200;1;2;0;2;7;50;96303;6346
2026-06-26 17:05:35.333;Pivô de Baixa → Alta (compra);1;176250;2;7;5;7;6;300;39984;3799
2026-06-26 17:28:07.103;Pivô de Alta → Baixa (venda);-1;176450;7;6;4;6;3;250;35567;3685
2026-06-26 17:37:18.160;Pivô de Baixa → Alta (compra);1;176300;6;3;1;3;3;100;72169;8089
2026-06-26 17:54:07.655;Pivô de Alta → Baixa (venda);-1;176300;3;3;1;3;4;100;38271;4756
2026-06-26 18:01:27.377;Pivô de Baixa → Alta (compra);1;176300;3;4;2;4;4;150;8580;958
2026-06-26 18:05:14.412;Pivô de Alta → Baixa (venda);-1;176350;4;4;2;4;1;150;18667;2195
2026-06-26 18:18:43.869;Pivô de Baixa → Alta (compra);1;176300;1;19;17;19;6;900;38991;2272
2026-06-29 09:02:58.227;Pivô de Alta → Baixa (venda);-1;177100;19;6;4;6;3;250;4859;748
2026-06-29 09:03:00.412;Pivô de Baixa → Alta (compra);1;176950;6;3;1;3;2;100;1118;165
2026-06-29 09:03:01.647;Pivô de Alta → Baixa (venda);-1;176950;3;2;0;2;1;50;2741;552
2026-06-29 09:03:06.620;Pivô de Alta → Baixa (venda);-1;176900;1;7;5;7;1;300;1440;327
2026-06-29 09:03:17.884;Pivô de Alta → Baixa (venda);-1;176600;1;3;1;3;11;100;5989;898
2026-06-29 09:03:23.338;Pivô de Baixa → Alta (compra);1;176600;3;11;9;11;6;500;6482;736
2026-06-29 09:03:53.034;Pivô de Alta → Baixa (venda);-1;177000;11;6;4;6;1;250;9907;1478
2026-06-29 09:04:19.623;Pivô de Alta → Baixa (venda);-1;176750;1;11;9;11;1;500;6802;812
2026-06-29 09:08:02.094;Pivô de Baixa → Alta (compra);1;176350;1;4;2;4;8;150;12858;1589
2026-06-29 09:08:52.641;Pivô de Alta → Baixa (venda);-1;176400;4;8;6;8;4;350;9883;1291
2026-06-29 09:11:50.002;Pivô de Baixa → Alta (compra);1;176150;8;4;2;4;1;150;24781;3227
2026-06-29 09:14:16.444;Pivô de Baixa → Alta (compra);1;176300;1;3;1;3;4;100;5710;692
2026-06-29 09:15:03.900;Pivô de Alta → Baixa (venda);-1;176300;3;4;2;4;3;150;14049;1475
2026-06-29 09:15:32.851;Pivô de Baixa → Alta (compra);1;176250;4;3;1;3;11;100;24816;3142
2026-06-29 09:18:02.714;Pivô de Alta → Baixa (venda);-1;176250;3;11;9;11;2;500;38685;4643
2026-06-29 09:22:37.122;Pivô de Baixa → Alta (compra);1;175850;11;2;0;2;2;50;57332;6270
2026-06-29 09:23:12.413;Pivô de Alta → Baixa (venda);-1;175800;2;2;0;2;3;50;76710;9540
2026-06-29 09:25:44.756;Pivô de Baixa → Alta (compra);1;175850;2;3;1;3;1;100;140935;17087
2026-06-29 09:31:02.220;Pivô de Baixa → Alta (compra);1;175950;1;5;3;5;10;200;41633;5289
2026-06-29 09:34:30.050;Pivô de Alta → Baixa (venda);-1;176050;5;10;8;10;7;450;98865;10384
2026-06-29 09:41:42.108;Pivô de Baixa → Alta (compra);1;175700;10;7;5;7;1;300;38107;5292
2026-06-29 09:49:53.235;Pivô de Baixa → Alta (compra);1;176000;1;7;5;7;1;300;26950;3277
2026-06-29 09:57:42.898;Pivô de Baixa → Alta (compra);1;176300;1;4;2;4;7;150;28285;3608
2026-06-29 10:00:04.349;Pivô de Alta → Baixa (venda);-1;176350;4;7;5;7;3;300;50674;6300
2026-06-29 10:02:02.467;Pivô de Baixa → Alta (compra);1;176150;7;3;1;3;1;100;10930;1620
2026-06-29 10:03:35.086;Pivô de Baixa → Alta (compra);1;176250;1;2;0;2;1;50;12997;1899
2026-06-29 10:04:24.208;Pivô de Baixa → Alta (compra);1;176300;1;3;1;3;1;100;10179;1158
2026-06-29 10:07:27.264;Pivô de Alta → Baixa (venda);-1;176300;1;3;1;3;8;100;89704;11033
2026-06-29 10:09:58.117;Pivô de Baixa → Alta (compra);1;176300;3;8;6;8;9;350;35562;4687
2026-06-29 10:12:39.100;Pivô de Alta → Baixa (venda);-1;176550;8;9;7;9;1;400;37956;4760
2026-06-29 10:16:54.102;Pivô de Baixa → Alta (compra);1;176250;1;2;0;2;2;50;5355;591
2026-06-29 10:17:31.335;Pivô de Alta → Baixa (venda);-1;176200;2;2;0;2;1;50;28662;3195
2026-06-29 10:20:47.894;Pivô de Alta → Baixa (venda);-1;176150;1;5;3;5;2;200;41671;4978
2026-06-29 10:22:19.505;Pivô de Baixa → Alta (compra);1;176050;5;2;0;2;4;50;45850;5789
2026-06-29 10:23:28.666;Pivô de Alta → Baixa (venda);-1;176000;2;4;2;4;3;150;54092;6807
2026-06-29 10:25:46.153;Pivô de Baixa → Alta (compra);1;175950;4;3;1;3;1;100;71625;9168
2026-06-29 10:28:32.131;Pivô de Alta → Baixa (venda);-1;175950;1;12;10;12;2;550;32995;3983
2026-06-29 10:30:38.311;Pivô de Baixa → Alta (compra);1;175500;12;2;0;2;2;50;19692;2468
2026-06-29 10:30:46.362;Pivô de Alta → Baixa (venda);-1;175450;2;2;0;2;4;50;13363;1542
2026-06-29 10:30:52.846;Pivô de Baixa → Alta (compra);1;175500;2;4;2;4;7;150;48451;4975
2026-06-29 10:31:29.744;Pivô de Alta → Baixa (venda);-1;175550;4;7;5;7;1;300;34251;4028
2026-06-29 10:33:54.895;Pivô de Alta → Baixa (venda);-1;175250;1;5;3;5;1;200;18341;2225
2026-06-29 10:36:50.554;Pivô de Alta → Baixa (venda);-1;175050;1;2;0;2;4;50;46489;4889
2026-06-29 10:38:01.630;Pivô de Baixa → Alta (compra);1;175100;2;4;2;4;2;150;29572;3301
2026-06-29 10:39:29.289;Pivô de Alta → Baixa (venda);-1;175150;4;2;0;2;12;50;7256;868
2026-06-29 10:39:38.009;Pivô de Baixa → Alta (compra);1;175200;2;12;10;12;2;550;12544;1566
2026-06-29 10:44:12.778;Pivô de Alta → Baixa (venda);-1;175650;12;2;0;2;4;50;23978;2926
2026-06-29 10:44:47.664;Pivô de Baixa → Alta (compra);1;175700;2;4;2;4;2;150;38484;4953
2026-06-29 10:46:40.538;Pivô de Alta → Baixa (venda);-1;175750;4;2;0;2;1;50;58157;6850
2026-06-29 10:50:08.245;Pivô de Baixa → Alta (compra);1;175800;1;4;2;4;3;150;16400;2148
2026-06-29 10:51:12.754;Pivô de Alta → Baixa (venda);-1;175850;4;3;1;3;2;100;20538;2114
2026-06-29 10:52:04.859;Pivô de Baixa → Alta (compra);1;175850;3;2;0;2;9;50;66053;8138
2026-06-29 10:54:22.648;Pivô de Alta → Baixa (venda);-1;175800;2;9;7;9;7;400;34308;4343
2026-06-29 10:56:38.676;Pivô de Baixa → Alta (compra);1;175500;9;7;5;7;1;300;23888;2941
2026-06-29 10:59:11.485;Pivô de Baixa → Alta (compra);1;175800;1;2;0;2;2;50;17033;2134
2026-06-29 11:00:00.096;Pivô de Alta → Baixa (venda);-1;175750;2;2;0;2;1;50;16532;2041
2026-06-29 11:01:00.942;Pivô de Alta → Baixa (venda);-1;175700;1;4;2;4;2;150;23389;3031
2026-06-29 11:01:44.689;Pivô de Baixa → Alta (compra);1;175650;4;2;0;2;3;50;21009;2158
2026-06-29 11:03:41.280;Pivô de Alta → Baixa (venda);-1;175600;2;3;1;3;1;100;12198;1479
2026-06-29 11:06:28.090;Pivô de Alta → Baixa (venda);-1;175500;1;5;3;5;7;200;9194;1199
2026-06-29 11:07:40.282;Pivô de Baixa → Alta (compra);1;175400;5;7;5;7;4;300;18869;2432
2026-06-29 11:10:05.026;Pivô de Alta → Baixa (venda);-1;175600;7;4;2;4;2;150;13818;1984
2026-06-29 11:11:03.822;Pivô de Baixa → Alta (compra);1;175550;4;2;0;2;3;50;9528;1434
2026-06-29 11:11:43.258;Pivô de Alta → Baixa (venda);-1;175500;2;3;1;3;3;100;16007;2128
2026-06-29 11:13:17.729;Pivô de Baixa → Alta (compra);1;175500;3;3;1;3;2;100;18719;2259
2026-06-29 11:14:36.722;Pivô de Alta → Baixa (venda);-1;175500;3;2;0;2;7;50;13733;1867
2026-06-29 11:15:01.147;Pivô de Baixa → Alta (compra);1;175550;2;7;5;7;3;300;22268;2882
2026-06-29 11:16:32.086;Pivô de Alta → Baixa (venda);-1;175750;7;3;1;3;3;100;30834;3219
2026-06-29 11:17:02.091;Pivô de Baixa → Alta (compra);1;175750;3;3;1;3;3;100;30868;3005
2026-06-29 11:17:41.702;Pivô de Alta → Baixa (venda);-1;175750;3;3;1;3;7;100;18641;1835
2026-06-29 11:18:25.916;Pivô de Baixa → Alta (compra);1;175750;3;7;5;7;2;300;12869;1608
2026-06-29 11:21:05.999;Pivô de Alta → Baixa (venda);-1;175950;7;2;0;2;6;50;53623;6926
2026-06-29 11:23:00.615;Pivô de Baixa → Alta (compra);1;176000;2;6;4;6;4;250;57723;7000
2026-06-29 11:28:07.924;Pivô de Alta → Baixa (venda);-1;176150;6;4;2;4;2;150;46238;5006
2026-06-29 11:29:31.618;Pivô de Baixa → Alta (compra);1;176100;4;2;0;2;2;50;56529;7471
2026-06-29 11:31:30.641;Pivô de Alta → Baixa (venda);-1;176050;2;2;0;2;2;50;15246;2137
2026-06-29 11:34:16.599;Pivô de Baixa → Alta (compra);1;176100;2;2;0;2;7;50;14390;1570
2026-06-29 11:36:03.703;Pivô de Alta → Baixa (venda);-1;176050;2;7;5;7;3;300;28378;4132
2026-06-29 11:40:05.481;Pivô de Baixa → Alta (compra);1;175850;7;3;1;3;3;100;25965;3258
2026-06-29 11:44:38.533;Pivô de Alta → Baixa (venda);-1;175850;3;3;1;3;1;100;17871;2180
2026-06-29 11:52:45.487;Pivô de Alta → Baixa (venda);-1;175750;1;2;0;2;1;50;40116;4947
2026-06-29 12:00:02.729;Pivô de Alta → Baixa (venda);-1;175700;1;4;2;4;2;150;43927;5733
2026-06-29 12:02:23.965;Pivô de Baixa → Alta (compra);1;175650;4;2;0;2;2;50;54579;6955
2026-06-29 12:07:54.772;Pivô de Alta → Baixa (venda);-1;175600;2;2;0;2;3;50;57610;6342
2026-06-29 12:12:41.677;Pivô de Baixa → Alta (compra);1;175650;2;3;1;3;4;100;40554;4312
2026-06-29 12:15:47.451;Pivô de Alta → Baixa (venda);-1;175650;3;4;2;4;2;150;27761;3455
2026-06-29 12:21:49.146;Pivô de Baixa → Alta (compra);1;175600;4;2;0;2;5;50;39973;4477
2026-06-29 12:27:43.626;Pivô de Alta → Baixa (venda);-1;175550;2;5;3;5;1;200;55744;6707
2026-06-29 12:38:43.301;Pivô de Alta → Baixa (venda);-1;175350;1;2;0;2;1;50;152239;18645
2026-06-29 13:07:31.383;Pivô de Baixa → Alta (compra);1;175400;1;6;4;6;1;250;15539;1248
2026-06-29 13:24:56.241;Pivô de Baixa → Alta (compra);1;175650;1;12;10;12;3;550;45102;4879
2026-06-29 13:51:04.258;Pivô de Alta → Baixa (venda);-1;176100;12;3;1;3;2;100;59349;7012
2026-06-29 13:57:59.794;Pivô de Baixa → Alta (compra);1;176100;3;2;0;2;3;50;56288;7257
2026-06-29 14:14:36.003;Pivô de Alta → Baixa (venda);-1;176050;2;3;1;3;8;100;137310;16131
2026-06-29 14:45:10.332;Pivô de Baixa → Alta (compra);1;176050;3;8;6;8;11;350;81213;9689
2026-06-29 15:44:35.419;Pivô de Alta → Baixa (venda);-1;176300;8;11;9;11;4;500;35040;4411
2026-06-29 16:44:36.716;Pivô de Baixa → Alta (compra);1;175900;11;4;2;4;3;150;64632;6574
2026-06-29 17:24:55.047;Pivô de Alta → Baixa (venda);-1;175950;4;3;1;3;1;100;83371;10455
2026-06-29 18:12:20.587;Pivô de Alta → Baixa (venda);-1;175850;1;2;0;2;1;50;40488;5275
2026-06-30 09:03:09.613;Pivô de Alta → Baixa (venda);-1;175800;1;6;4;6;2;250;63363;1394
2026-06-30 09:03:14.130;Pivô de Baixa → Alta (compra);1;175650;6;2;0;2;2;50;5516;939
2026-06-30 09:03:20.438;Pivô de Alta → Baixa (venda);-1;175600;2;2;0;2;8;50;11961;1878
2026-06-30 09:03:27.846;Pivô de Baixa → Alta (compra);1;175650;2;8;6;8;3;350;6152;1080
2026-06-30 09:03:47.388;Pivô de Alta → Baixa (venda);-1;175900;8;3;1;3;3;100;6268;814
2026-06-30 09:03:53.646;Pivô de Baixa → Alta (compra);1;175900;3;3;1;3;10;100;10310;1542
2026-06-30 09:04:00.875;Pivô de Alta → Baixa (venda);-1;175900;3;10;8;10;4;450;15518;2201
2026-06-30 09:04:16.116;Pivô de Baixa → Alta (compra);1;175550;10;4;2;4;1;150;20741;3122
2026-06-30 09:04:26.339;Pivô de Baixa → Alta (compra);1;175700;1;3;1;3;2;100;5369;796
2026-06-30 09:04:29.493;Pivô de Alta → Baixa (venda);-1;175700;3;2;0;2;5;50;7200;1150
2026-06-30 09:04:32.982;Pivô de Baixa → Alta (compra);1;175750;2;5;3;5;1;200;8114;1573
2026-06-30 09:05:20.595;Pivô de Baixa → Alta (compra);1;175950;1;4;2;4;2;150;5787;1126
2026-06-30 09:05:26.194;Pivô de Alta → Baixa (venda);-1;176000;4;2;0;2;1;50;21962;3747
2026-06-30 09:05:40.781;Pivô de Alta → Baixa (venda);-1;175950;1;4;2;4;1;150;5881;1010
2026-06-30 09:05:45.593;Pivô de Alta → Baixa (venda);-1;175800;1;2;0;2;1;50;10845;1485
2026-06-30 09:05:58.329;Pivô de Alta → Baixa (venda);-1;175750;1;3;1;3;2;100;3901;643
2026-06-30 09:06:09.727;Pivô de Baixa → Alta (compra);1;175750;3;2;0;2;3;50;12499;1637
2026-06-30 09:06:15.507;Pivô de Alta → Baixa (venda);-1;175700;2;3;1;3;3;100;6393;744
2026-06-30 09:06:36.133;Pivô de Baixa → Alta (compra);1;175700;3;3;1;3;4;100;13728;2063
2026-06-30 09:07:02.437;Pivô de Alta → Baixa (venda);-1;175700;3;4;2;4;7;150;9045;1135
2026-06-30 09:08:34.354;Pivô de Baixa → Alta (compra);1;175650;4;7;5;7;20;300;10448;1347
2026-06-30 09:08:56.191;Pivô de Alta → Baixa (venda);-1;175850;7;20;18;20;1;950;19662;2718
2026-06-30 09:15:02.399;Pivô de Alta → Baixa (venda);-1;174900;1;9;7;9;4;400;12106;1534
2026-06-30 09:16:39.221;Pivô de Baixa → Alta (compra);1;174600;9;4;2;4;3;150;26499;3149
2026-06-30 09:17:07.130;Pivô de Alta → Baixa (venda);-1;174650;4;3;1;3;2;100;23520;3196
2026-06-30 09:17:24.458;Pivô de Baixa → Alta (compra);1;174650;3;2;0;2;2;50;5710;621
2026-06-30 09:17:33.425;Pivô de Alta → Baixa (venda);-1;174600;2;2;0;2;3;50;15946;2147
2026-06-30 09:18:07.852;Pivô de Baixa → Alta (compra);1;174650;2;3;1;3;1;100;37297;4419
2026-06-30 09:19:01.314;Pivô de Baixa → Alta (compra);1;174750;1;3;1;3;2;100;22616;3202
2026-06-30 09:19:37.376;Pivô de Alta → Baixa (venda);-1;174750;3;2;0;2;4;50;42682;5486
2026-06-30 09:20:17.431;Pivô de Baixa → Alta (compra);1;174800;2;4;2;4;11;150;15696;1960
2026-06-30 09:21:30.201;Pivô de Alta → Baixa (venda);-1;174850;4;11;9;11;3;500;8090;991
2026-06-30 09:25:39.536;Pivô de Baixa → Alta (compra);1;174450;11;3;1;3;1;100;41878;5309
2026-06-30 09:26:30.608;Pivô de Baixa → Alta (compra);1;174550;1;2;0;2;1;50;13518;1071
2026-06-30 09:26:54.142;Pivô de Alta → Baixa (venda);-1;174500;1;3;1;3;8;100;29640;3675
2026-06-30 09:28:01.505;Pivô de Baixa → Alta (compra);1;174500;3;8;6;8;1;350;31033;4367
2026-06-30 09:30:10.994;Pivô de Baixa → Alta (compra);1;174850;1;4;2;4;3;150;9604;1266
2026-06-30 09:30:25.182;Pivô de Alta → Baixa (venda);-1;174900;4;3;1;3;2;100;33738;3826
2026-06-30 09:31:40.416;Pivô de Baixa → Alta (compra);1;174900;3;2;0;2;2;50;40844;4860
2026-06-30 09:33:01.955;Pivô de Alta → Baixa (venda);-1;174850;2;2;0;2;2;50;40833;5241
2026-06-30 09:33:58.535;Pivô de Baixa → Alta (compra);1;174900;2;2;0;2;2;50;20851;2458
2026-06-30 09:34:28.158;Pivô de Alta → Baixa (venda);-1;174850;2;2;0;2;3;50;23039;3015
2026-06-30 09:35:04.527;Pivô de Baixa → Alta (compra);1;174900;2;3;1;3;1;100;8734;1122
2026-06-30 09:35:52.482;Pivô de Baixa → Alta (compra);1;175000;1;2;0;2;6;50;5380;571
2026-06-30 09:36:05.883;Pivô de Alta → Baixa (venda);-1;174950;2;6;4;6;4;250;32095;3943
2026-06-30 09:38:00.931;Pivô de Baixa → Alta (compra);1;174800;6;4;2;4;1;150;30941;3666
2026-06-30 09:39:59.061;Pivô de Baixa → Alta (compra);1;174950;1;3;1;3;3;100;17790;2243
2026-06-30 09:40:31.842;Pivô de Alta → Baixa (venda);-1;174950;3;3;1;3;4;100;23262;2362
2026-06-30 09:40:51.924;Pivô de Baixa → Alta (compra);1;174950;3;4;2;4;1;150;26084;3276
2026-06-30 09:45:56.392;Pivô de Baixa → Alta (compra);1;175100;1;2;0;2;1;50;63462;8655
2026-06-30 09:50:03.611;Pivô de Alta → Baixa (venda);-1;175050;1;7;5;7;1;300;18534;2375
2026-06-30 09:55:36.353;Pivô de Alta → Baixa (venda);-1;174750;1;10;8;10;1;450;62274;7880
2026-06-30 10:02:38.549;Pivô de Alta → Baixa (venda);-1;174300;1;4;2;4;5;150;24748;2442
2026-06-30 10:03:23.138;Pivô de Baixa → Alta (compra);1;174250;4;5;3;5;7;200;30345;3978
2026-06-30 10:04:27.176;Pivô de Alta → Baixa (venda);-1;174350;5;7;5;7;1;300;10831;1224
2026-06-30 10:06:09.837;Pivô de Alta → Baixa (venda);-1;174050;1;5;3;5;2;200;18716;2018
2026-06-30 10:07:53.379;Pivô de Baixa → Alta (compra);1;173950;5;2;0;2;1;50;34098;4370
2026-06-30 10:09:12.627;Pivô de Baixa → Alta (compra);1;174000;1;5;3;5;1;200;9415;1031
2026-06-30 10:10:00.417;Pivô de Baixa → Alta (compra);1;174200;1;2;0;2;7;50;53384;6070
2026-06-30 10:11:14.629;Pivô de Alta → Baixa (venda);-1;174150;2;7;5;7;1;300;6884;811
2026-06-30 10:13:21.963;Pivô de Alta → Baixa (venda);-1;173850;1;5;3;5;1;200;39337;5065
2026-06-30 10:15:24.691;Pivô de Alta → Baixa (venda);-1;173650;1;3;1;3;7;100;30668;4214
2026-06-30 10:17:53.171;Pivô de Baixa → Alta (compra);1;173650;3;7;5;7;3;300;25503;2684
2026-06-30 10:20:14.435;Pivô de Alta → Baixa (venda);-1;173850;7;3;1;3;3;100;22709;3291
2026-06-30 10:20:45.836;Pivô de Baixa → Alta (compra);1;173850;3;3;1;3;5;100;31673;4119
2026-06-30 10:23:09.180;Pivô de Alta → Baixa (venda);-1;173850;3;5;3;5;3;200;24369;2877
2026-06-30 10:24:24.188;Pivô de Baixa → Alta (compra);1;173750;5;3;1;3;2;100;14830;1398
2026-06-30 10:24:50.094;Pivô de Alta → Baixa (venda);-1;173750;3;2;0;2;3;50;14645;1633
2026-06-30 10:26:00.187;Pivô de Baixa → Alta (compra);1;173800;2;3;1;3;7;100;23126;2368
2026-06-30 10:27:13.167;Pivô de Alta → Baixa (venda);-1;173800;3;7;5;7;6;300;27537;3239
2026-06-30 10:29:27.724;Pivô de Baixa → Alta (compra);1;173600;7;6;4;6;3;250;35873;3957
2026-06-30 10:31:34.971;Pivô de Alta → Baixa (venda);-1;173750;6;3;1;3;3;100;12956;1383
2026-06-30 10:31:58.958;Pivô de Baixa → Alta (compra);1;173750;3;3;1;3;9;100;28021;2878
2026-06-30 10:32:55.183;Pivô de Alta → Baixa (venda);-1;173750;3;9;7;9;2;400;6412;687
2026-06-30 10:34:08.563;Pivô de Baixa → Alta (compra);1;173450;9;2;0;2;2;50;22227;2591
2026-06-30 10:34:28.922;Pivô de Alta → Baixa (venda);-1;173400;2;2;0;2;2;50;79666;8917
2026-06-30 10:36:04.222;Pivô de Baixa → Alta (compra);1;173450;2;2;0;2;2;50;52057;5598
2026-06-30 10:36:48.320;Pivô de Alta → Baixa (venda);-1;173400;2;2;0;2;1;50;24318;2464
2026-06-30 10:38:26.571;Pivô de Baixa → Alta (compra);1;173450;1;2;0;2;6;50;5344;551
2026-06-30 10:39:01.398;Pivô de Alta → Baixa (venda);-1;173400;2;6;4;6;3;250;28791;3197
2026-06-30 10:41:17.480;Pivô de Baixa → Alta (compra);1;173250;6;3;1;3;5;100;40245;5356
2026-06-30 10:42:22.549;Pivô de Alta → Baixa (venda);-1;173250;3;5;3;5;10;200;14819;1794
2026-06-30 10:43:01.522;Pivô de Baixa → Alta (compra);1;173150;5;10;8;10;1;450;29073;3965
2026-06-30 10:46:50.689;Pivô de Baixa → Alta (compra);1;173600;1;6;4;6;7;250;27531;2676
2026-06-30 10:48:53.504;Pivô de Alta → Baixa (venda);-1;173750;6;7;5;7;7;300;16515;1583
2026-06-30 10:50:07.808;Pivô de Baixa → Alta (compra);1;173550;7;7;5;7;4;300;19125;2452
2026-06-30 10:51:26.588;Pivô de Alta → Baixa (venda);-1;173750;7;4;2;4;5;150;50012;6483
2026-06-30 10:55:37.005;Pivô de Baixa → Alta (compra);1;173700;4;5;3;5;2;200;20262;1917
2026-06-30 10:57:30.943;Pivô de Alta → Baixa (venda);-1;173800;5;2;0;2;1;50;20738;2477
2026-06-30 11:00:08.216;Pivô de Alta → Baixa (venda);-1;173750;1;6;4;6;1;250;12037;1387
2026-06-30 11:00:51.353;Pivô de Baixa → Alta (compra);1;173600;1;6;4;6;3;250;13650;1847
2026-06-30 11:02:29.975;Pivô de Alta → Baixa (venda);-1;173750;6;3;1;3;5;100;8160;871
2026-06-30 11:02:50.251;Pivô de Baixa → Alta (compra);1;173750;3;5;3;5;2;200;42833;5060
2026-06-30 11:06:12.158;Pivô de Alta → Baixa (venda);-1;173850;5;2;0;2;1;50;14192;1563
2026-06-30 11:07:43.972;Pivô de Baixa → Alta (compra);1;173900;1;6;4;6;1;250;9335;998
2026-06-30 11:09:25.577;Pivô de Baixa → Alta (compra);1;174150;1;4;2;4;1;150;39371;4465
2026-06-30 11:11:36.614;Pivô de Baixa → Alta (compra);1;174300;1;5;3;5;1;200;10391;1316
2026-06-30 11:12:35.704;Pivô de Baixa → Alta (compra);1;174500;1;3;1;3;1;100;21899;2162
2026-06-30 11:14:49.857;Pivô de Baixa → Alta (compra);1;174600;1;4;2;4;2;150;20332;2111
2026-06-30 11:15:23.057;Pivô de Alta → Baixa (venda);-1;174650;4;2;0;2;2;50;55004;5313
2026-06-30 11:16:22.529;Pivô de Baixa → Alta (compra);1;174700;2;2;0;2;13;50;37400;2953
2026-06-30 11:17:15.691;Pivô de Alta → Baixa (venda);-1;174650;2;13;11;13;2;600;46576;4513
2026-06-30 11:21:24.809;Pivô de Baixa → Alta (compra);1;174150;13;2;0;2;3;50;21396;2479
2026-06-30 11:21:57.059;Pivô de Alta → Baixa (venda);-1;174100;2;3;1;3;4;100;16443;1729
2026-06-30 11:22:22.842;Pivô de Baixa → Alta (compra);1;174100;3;4;2;4;2;150;34139;4008
2026-06-30 11:23:51.239;Pivô de Alta → Baixa (venda);-1;174150;4;2;0;2;1;50;25562;3250
2026-06-30 11:25:05.325;Pivô de Alta → Baixa (venda);-1;174100;1;4;2;4;3;150;36838;3564
2026-06-30 11:28:08.745;Pivô de Baixa → Alta (compra);1;174050;4;3;1;3;2;100;42120;4726
2026-06-30 11:29:37.581;Pivô de Alta → Baixa (venda);-1;174050;3;2;0;2;2;50;17318;1910
2026-06-30 11:30:14.470;Pivô de Baixa → Alta (compra);1;174100;2;2;0;2;4;50;10336;1169
2026-06-30 11:31:04.715;Pivô de Alta → Baixa (venda);-1;174050;2;4;2;4;2;150;37918;3765
2026-06-30 11:32:41.229;Pivô de Baixa → Alta (compra);1;174000;4;2;0;2;1;50;44667;4865
2026-06-30 11:34:58.027;Pivô de Baixa → Alta (compra);1;174050;1;2;0;2;2;50;23069;2396
2026-06-30 11:36:35.228;Pivô de Alta → Baixa (venda);-1;174000;2;2;0;2;3;50;33539;3328
2026-06-30 11:37:21.486;Pivô de Baixa → Alta (compra);1;174050;2;3;1;3;2;100;27178;2825
2026-06-30 11:40:58.415;Pivô de Alta → Baixa (venda);-1;174050;3;2;0;2;3;50;12862;1169
2026-06-30 11:41:26.330;Pivô de Baixa → Alta (compra);1;174100;2;3;1;3;2;100;11821;1430
2026-06-30 11:43:12.584;Pivô de Alta → Baixa (venda);-1;174100;3;2;0;2;2;50;33142;3337
2026-06-30 11:44:53.969;Pivô de Baixa → Alta (compra);1;174150;2;2;0;2;1;50;13134;1394
2026-06-30 11:48:02.469;Pivô de Alta → Baixa (venda);-1;174100;1;3;1;3;3;100;34646;3536
2026-06-30 11:49:44.552;Pivô de Baixa → Alta (compra);1;174100;3;3;1;3;6;100;33303;3321
2026-06-30 11:51:46.047;Pivô de Alta → Baixa (venda);-1;174100;3;6;4;6;5;250;54153;6136
2026-06-30 11:56:45.034;Pivô de Baixa → Alta (compra);1;173950;6;5;3;5;1;200;41460;4455
2026-06-30 12:00:27.624;Pivô de Baixa → Alta (compra);1;174150;1;5;3;5;2;200;20905;1876
2026-06-30 12:01:40.091;Pivô de Alta → Baixa (venda);-1;174250;5;2;0;2;3;50;30885;3077
2026-06-30 12:03:17.915;Pivô de Baixa → Alta (compra);1;174300;2;3;1;3;1;100;63267;6163
2026-06-30 12:07:28.413;Pivô de Baixa → Alta (compra);1;174400;1;5;3;5;1;200;25960;2911
2026-06-30 12:11:02.905;Pivô de Baixa → Alta (compra);1;174600;1;3;1;3;1;100;16619;1669
2026-06-30 12:13:51.182;Pivô de Alta → Baixa (venda);-1;174600;1;7;5;7;1;300;11455;1328
2026-06-30 12:19:52.308;Pivô de Alta → Baixa (venda);-1;174300;1;3;1;3;6;100;29500;3587
2026-06-30 12:22:58.974;Pivô de Baixa → Alta (compra);1;174300;3;6;4;6;3;250;29860;3235
2026-06-30 12:26:53.886;Pivô de Alta → Baixa (venda);-1;174450;6;3;1;3;3;100;68816;7898
2026-06-30 12:33:38.003;Pivô de Baixa → Alta (compra);1;174450;3;3;1;3;2;100;13793;1319
2026-06-30 12:36:30.717;Pivô de Alta → Baixa (venda);-1;174450;3;2;0;2;4;50;36269;4122
2026-06-30 12:40:31.077;Pivô de Baixa → Alta (compra);1;174500;2;4;2;4;1;150;29220;3269
2026-06-30 12:47:54.722;Pivô de Baixa → Alta (compra);1;174650;1;3;1;3;1;100;48239;5644
2026-06-30 13:02:45.214;Pivô de Baixa → Alta (compra);1;174750;1;5;3;5;2;200;15827;1831
2026-06-30 13:10:04.370;Pivô de Alta → Baixa (venda);-1;174850;5;2;0;2;6;50;26027;3514
2026-06-30 13:15:33.432;Pivô de Baixa → Alta (compra);1;174900;2;6;4;6;5;250;82542;8970
2026-06-30 13:29:03.958;Pivô de Alta → Baixa (venda);-1;175050;6;5;3;5;3;200;38277;4905
2026-06-30 13:37:13.358;Pivô de Baixa → Alta (compra);1;174950;5;3;1;3;5;100;66600;7328
2026-06-30 13:42:35.705;Pivô de Alta → Baixa (venda);-1;174950;3;5;3;5;1;200;25050;2839
2026-06-30 13:56:45.527;Pivô de Alta → Baixa (venda);-1;174750;1;2;0;2;3;50;39525;4006
2026-06-30 13:59:24.852;Pivô de Baixa → Alta (compra);1;174800;2;3;1;3;3;100;45390;4562
2026-06-30 14:01:57.090;Pivô de Alta → Baixa (venda);-1;174800;3;3;1;3;5;100;68158;7663
2026-06-30 14:06:56.135;Pivô de Baixa → Alta (compra);1;174800;3;5;3;5;2;200;77633;8012
2026-06-30 14:16:38.581;Pivô de Alta → Baixa (venda);-1;174900;5;2;0;2;1;50;77099;8061
2026-06-30 14:23:46.986;Pivô de Baixa → Alta (compra);1;174950;1;3;1;3;2;100;31219;3332
2026-06-30 14:26:04.309;Pivô de Alta → Baixa (venda);-1;174950;3;2;0;2;9;50;167964;17483
2026-06-30 14:38:43.319;Pivô de Baixa → Alta (compra);1;175000;2;9;7;9;4;400;63680;6726
2026-06-30 14:51:44.130;Pivô de Alta → Baixa (venda);-1;175300;9;4;2;4;3;150;201115;21736
2026-06-30 15:07:35.579;Pivô de Baixa → Alta (compra);1;175250;4;3;1;3;7;100;97685;9833
2026-06-30 15:17:28.761;Pivô de Alta → Baixa (venda);-1;175250;3;7;5;7;2;300;119477;12728
2026-06-30 15:46:31.098;Pivô de Baixa → Alta (compra);1;175050;7;2;0;2;5;50;55810;5515
2026-06-30 15:55:05.928;Pivô de Alta → Baixa (venda);-1;175000;2;5;3;5;3;200;134801;13966
2026-06-30 16:21:59.792;Pivô de Baixa → Alta (compra);1;174900;5;3;1;3;4;100;103639;10426
2026-06-30 16:30:21.873;Pivô de Alta → Baixa (venda);-1;174900;3;4;2;4;1;150;111154;11161
2026-06-30 16:58:06.305;Pivô de Alta → Baixa (venda);-1;174750;1;5;3;5;2;200;185775;18658
2026-06-30 17:28:19.693;Pivô de Baixa → Alta (compra);1;174650;5;2;0;2;14;50;62947;7731
2026-06-30 17:45:21.216;Pivô de Alta → Baixa (venda);-1;174600;2;14;12;14;1;650;89794;11592
2026-07-01 09:00:49.015;Pivô de Baixa → Alta (compra);1;174050;1;4;2;4;1;150;216;41
2026-07-01 09:00:51.674;Pivô de Alta → Baixa (venda);-1;174100;1;6;4;6;3;250;151;48
2026-07-01 09:00:54.212;Pivô de Baixa → Alta (compra);1;173950;6;3;1;3;3;100;2141;462
2026-07-01 09:00:56.732;Pivô de Alta → Baixa (venda);-1;173950;3;3;1;3;5;100;970;194
2026-07-01 09:00:57.121;Pivô de Baixa → Alta (compra);1;173950;3;5;3;5;2;200;368;36
2026-07-01 09:01:01.015;Pivô de Alta → Baixa (venda);-1;174050;5;2;0;2;1;50;1973;429
2026-07-01 09:01:03.007;Pivô de Alta → Baixa (venda);-1;174000;1;3;1;3;2;100;3168;706
2026-07-01 09:01:05.100;Pivô de Baixa → Alta (compra);1;174000;3;2;0;2;4;50;142;26
2026-07-01 09:01:05.472;Pivô de Alta → Baixa (venda);-1;173950;2;4;2;4;1;150;3026;572
2026-07-01 09:01:09.026;Pivô de Baixa → Alta (compra);1;173900;1;2;0;2;1;50;450;70
2026-07-01 09:01:10.734;Pivô de Alta → Baixa (venda);-1;173850;1;3;1;3;4;100;2620;631
2026-07-01 09:01:13.167;Pivô de Baixa → Alta (compra);1;173850;3;4;2;4;1;150;3333;557
2026-07-01 09:01:18.475;Pivô de Alta → Baixa (venda);-1;173900;1;2;0;2;4;50;5646;1090
2026-07-01 09:01:23.503;Pivô de Baixa → Alta (compra);1;173950;2;4;2;4;3;150;4547;947
2026-07-01 09:01:30.503;Pivô de Alta → Baixa (venda);-1;174000;4;3;1;3;3;100;3608;943
2026-07-01 09:01:34.719;Pivô de Baixa → Alta (compra);1;174000;3;3;1;3;5;100;3947;875
2026-07-01 09:01:41.872;Pivô de Alta → Baixa (venda);-1;174000;3;5;3;5;2;200;3878;714
2026-07-01 09:01:51.310;Pivô de Baixa → Alta (compra);1;173900;5;2;0;2;4;50;2378;277
2026-07-01 09:01:52.457;Pivô de Alta → Baixa (venda);-1;173850;2;4;2;4;1;150;1338;311
2026-07-01 09:02:00.477;Pivô de Alta → Baixa (venda);-1;173700;1;10;8;10;1;450;987;106
2026-07-01 09:02:11.671;Pivô de Baixa → Alta (compra);1;173350;1;7;5;7;3;300;64;14
2026-07-01 09:02:12.359;Pivô de Alta → Baixa (venda);-1;173550;7;3;1;3;3;100;1632;313
2026-07-01 09:02:13.524;Pivô de Baixa → Alta (compra);1;173550;3;3;1;3;3;100;1845;375
2026-07-01 09:02:19.359;Pivô de Alta → Baixa (venda);-1;173550;3;3;1;3;2;100;1430;261
2026-07-01 09:02:19.912;Pivô de Baixa → Alta (compra);1;173550;3;2;0;2;1;50;562;57
2026-07-01 09:02:23.214;Pivô de Baixa → Alta (compra);1;173600;1;2;0;2;1;50;2459;649
2026-07-01 09:02:42.170;Pivô de Alta → Baixa (venda);-1;173550;1;4;2;4;3;150;1768;248
2026-07-01 09:02:43.126;Pivô de Baixa → Alta (compra);1;173500;4;3;1;3;3;100;3934;1021
2026-07-01 09:03:01.652;Pivô de Alta → Baixa (venda);-1;173500;3;3;1;3;3;100;1430;301
2026-07-01 09:03:04.597;Pivô de Baixa → Alta (compra);1;173500;3;3;1;3;1;100;1018;170
2026-07-01 09:03:12.813;Pivô de Alta → Baixa (venda);-1;173500;1;4;2;4;3;150;1572;307
2026-07-01 09:03:15.945;Pivô de Baixa → Alta (compra);1;173450;4;3;1;3;6;100;2899;557
2026-07-01 09:03:20.716;Pivô de Alta → Baixa (venda);-1;173450;3;6;4;6;1;250;806;170
2026-07-01 09:03:40.603;Pivô de Alta → Baixa (venda);-1;173200;1;6;4;6;1;250;5655;1088
2026-07-01 09:03:59.290;Pivô de Alta → Baixa (venda);-1;172950;1;2;0;2;6;50;8855;1491
2026-07-01 09:04:04.008;Pivô de Baixa → Alta (compra);1;173000;2;6;4;6;6;250;8450;1283
2026-07-01 09:04:09.775;Pivô de Alta → Baixa (venda);-1;173150;6;6;4;6;2;250;3400;554
2026-07-01 09:04:21.538;Pivô de Baixa → Alta (compra);1;173000;6;2;0;2;2;50;9141;1770
2026-07-01 09:04:28.521;Pivô de Alta → Baixa (venda);-1;172950;2;2;0;2;1;50;17331;3410
2026-07-01 09:04:57.434;Pivô de Alta → Baixa (venda);-1;172900;1;4;2;4;4;150;2792;332
2026-07-01 09:05:04.611;Pivô de Baixa → Alta (compra);1;172850;4;4;2;4;1;150;44209;6504
2026-07-01 09:06:09.642;Pivô de Baixa → Alta (compra);1;173000;1;2;0;2;1;50;5855;753
2026-07-01 09:06:17.130;Pivô de Baixa → Alta (compra);1;173050;1;3;1;3;2;100;9321;1167
2026-07-01 09:06:28.799;Pivô de Alta → Baixa (venda);-1;173050;3;2;0;2;2;50;4664;708
2026-07-01 09:06:34.751;Pivô de Baixa → Alta (compra);1;173100;2;2;0;2;4;50;7742;958
2026-07-01 09:06:44.448;Pivô de Alta → Baixa (venda);-1;173050;2;4;2;4;2;150;10801;1895
2026-07-01 09:07:01.635;Pivô de Baixa → Alta (compra);1;173000;4;2;0;2;1;50;18483;2712
2026-07-01 09:07:16.136;Pivô de Baixa → Alta (compra);1;173050;1;5;3;5;2;200;12193;2176
2026-07-01 09:08:39.100;Pivô de Alta → Baixa (venda);-1;173150;5;2;0;2;1;50;2985;345
2026-07-01 09:08:40.589;Pivô de Alta → Baixa (venda);-1;173100;1;6;4;6;2;250;40737;6510
2026-07-01 09:10:01.904;Pivô de Baixa → Alta (compra);1;172950;6;2;0;2;1;50;1756;65
2026-07-01 09:10:01.947;Pivô de Baixa → Alta (compra);1;173000;1;5;3;5;2;200;621;85
2026-07-01 09:10:27.818;Pivô de Alta → Baixa (venda);-1;173100;5;2;0;2;6;50;16180;2719
2026-07-01 09:10:50.022;Pivô de Baixa → Alta (compra);1;173150;2;6;4;6;1;250;5755;1003
2026-07-01 09:11:55.027;Pivô de Alta → Baixa (venda);-1;173300;1;6;4;6;3;250;3013;559
2026-07-01 09:11:59.001;Pivô de Baixa → Alta (compra);1;173150;6;3;1;3;3;100;962;42
2026-07-01 09:11:59.009;Pivô de Alta → Baixa (venda);-1;173150;3;3;1;3;2;100;201;45
2026-07-01 09:11:59.037;Pivô de Baixa → Alta (compra);1;173150;3;2;0;2;1;50;417;38
2026-07-01 09:11:59.694;Pivô de Baixa → Alta (compra);1;173200;1;3;1;3;1;100;796;237
2026-07-01 09:12:12.503;Pivô de Alta → Baixa (venda);-1;173200;1;2;0;2;2;50;59173;10323
2026-07-01 09:15:01.429;Pivô de Baixa → Alta (compra);1;173250;2;2;0;2;4;50;5659;935
2026-07-01 09:15:23.496;Pivô de Alta → Baixa (venda);-1;173200;2;4;2;4;1;150;9201;1685
2026-07-01 09:17:30.497;Pivô de Alta → Baixa (venda);-1;173050;1;9;7;9;1;400;17524;2643
2026-07-01 09:19:20.305;Pivô de Alta → Baixa (venda);-1;172650;1;2;0;2;4;50;18435;2946
2026-07-01 09:20:35.764;Pivô de Baixa → Alta (compra);1;172700;2;4;2;4;1;150;34790;4636
2026-07-01 09:22:13.814;Pivô de Alta → Baixa (venda);-1;172750;1;2;0;2;1;50;16895;2617
2026-07-01 09:23:13.878;Pivô de Alta → Baixa (venda);-1;172700;1;2;0;2;1;50;29139;3865
2026-07-01 09:27:16.954;Pivô de Alta → Baixa (venda);-1;172650;1;4;2;4;3;150;19229;2305
2026-07-01 09:28:46.604;Pivô de Baixa → Alta (compra);1;172600;4;3;1;3;2;100;27773;4135
2026-07-01 09:30:01.916;Pivô de Alta → Baixa (venda);-1;172600;3;2;0;2;2;50;35355;4425
2026-07-01 09:31:10.417;Pivô de Baixa → Alta (compra);1;172650;2;2;0;2;6;50;45047;6151
2026-07-01 09:33:03.266;Pivô de Alta → Baixa (venda);-1;172600;2;6;4;6;1;250;26083;3079
2026-07-01 09:43:34.995;Pivô de Baixa → Alta (compra);1;172450;1;2;0;2;1;50;98236;11717
2026-07-01 09:49:03.331;Pivô de Baixa → Alta (compra);1;172500;1;2;0;2;6;50;31418;3865
2026-07-01 09:50:12.546;Pivô de Alta → Baixa (venda);-1;172450;2;6;4;6;8;250;43478;5643
2026-07-01 09:51:37.813;Pivô de Baixa → Alta (compra);1;172300;6;8;6;8;6;350;22719;2957
2026-07-01 09:58:16.928;Pivô de Alta → Baixa (venda);-1;172550;8;6;4;6;2;250;21224;2297
2026-07-01 09:59:03.393;Pivô de Baixa → Alta (compra);1;172400;6;2;0;2;2;50;13134;1350
2026-07-01 09:59:07.070;Pivô de Alta → Baixa (venda);-1;172350;2;2;0;2;4;50;29008;4544
2026-07-01 10:00:17.359;Pivô de Baixa → Alta (compra);1;172400;2;4;2;4;1;150;39319;5128
2026-07-01 10:02:23.768;Pivô de Alta → Baixa (venda);-1;172450;1;5;3;5;2;200;23348;3114
2026-07-01 10:03:08.270;Pivô de Baixa → Alta (compra);1;172350;5;2;0;2;4;50;61771;7768
2026-07-01 10:04:46.409;Pivô de Alta → Baixa (venda);-1;172300;2;4;2;4;3;150;13050;1561
2026-07-01 10:05:05.930;Pivô de Baixa → Alta (compra);1;172250;4;3;1;3;2;100;39960;4917
2026-07-01 10:07:21.093;Pivô de Alta → Baixa (venda);-1;172250;3;2;0;2;2;50;50939;6484
2026-07-01 10:08:45.826;Pivô de Baixa → Alta (compra);1;172300;2;2;0;2;2;50;21610;2944
2026-07-01 10:10:06.259;Pivô de Alta → Baixa (venda);-1;172250;2;2;0;2;4;50;35412;4149
2026-07-01 10:11:05.249;Pivô de Baixa → Alta (compra);1;172300;2;4;2;4;6;150;15032;1739
2026-07-01 10:12:23.750;Pivô de Alta → Baixa (venda);-1;172350;4;6;4;6;4;250;42280;5201
2026-07-01 10:13:54.179;Pivô de Baixa → Alta (compra);1;172200;6;4;2;4;1;150;42383;4134
2026-07-01 10:15:28.987;Pivô de Alta → Baixa (venda);-1;172250;1;2;0;2;8;50;30054;3484
2026-07-01 10:16:18.116;Pivô de Baixa → Alta (compra);1;172300;2;8;6;8;2;350;12729;1520
2026-07-01 10:17:50.099;Pivô de Alta → Baixa (venda);-1;172550;8;2;0;2;1;50;23125;2394
2026-07-01 10:18:18.606;Pivô de Alta → Baixa (venda);-1;172500;1;2;0;2;2;50;9119;1163
2026-07-01 10:18:34.932;Pivô de Baixa → Alta (compra);1;172550;2;2;0;2;3;50;88666;10679
2026-07-01 10:20:52.211;Pivô de Alta → Baixa (venda);-1;172500;2;3;1;3;7;100;17827;2352
2026-07-01 10:21:17.971;Pivô de Baixa → Alta (compra);1;172500;3;7;5;7;1;300;7707;1017
2026-07-01 10:24:13.015;Pivô de Baixa → Alta (compra);1;172800;1;2;0;2;6;50;17754;1829
2026-07-01 10:24:33.104;Pivô de Alta → Baixa (venda);-1;172750;2;6;4;6;7;250;18382;2019
2026-07-01 10:25:07.461;Pivô de Baixa → Alta (compra);1;172600;6;7;5;7;1;300;73374;9307
2026-07-01 10:28:00.979;Pivô de Baixa → Alta (compra);1;172900;1;2;0;2;4;50;18560;1969
2026-07-01 10:28:31.592;Pivô de Alta → Baixa (venda);-1;172850;2;4;2;4;4;150;20261;2243
2026-07-01 10:29:05.497;Pivô de Baixa → Alta (compra);1;172800;4;4;2;4;2;150;27241;2647
2026-07-01 10:29:53.321;Pivô de Alta → Baixa (venda);-1;172850;4;2;0;2;1;50;19661;1536
2026-07-01 10:30:05.384;Pivô de Alta → Baixa (venda);-1;172800;1;5;3;5;9;200;14902;1377
2026-07-01 10:30:18.428;Pivô de Baixa → Alta (compra);1;172700;5;9;7;9;4;400;26309;3799
2026-07-01 10:31:45.968;Pivô de Alta → Baixa (venda);-1;173000;9;4;2;4;3;150;25522;2804
2026-07-01 10:32:11.516;Pivô de Baixa → Alta (compra);1;172950;4;3;1;3;4;100;13167;1601
2026-07-01 10:32:43.657;Pivô de Alta → Baixa (venda);-1;172950;3;4;2;4;10;150;41610;4441
2026-07-01 10:33:23.271;Pivô de Baixa → Alta (compra);1;172900;4;10;8;10;1;450;25972;3175
2026-07-01 10:35:42.560;Pivô de Baixa → Alta (compra);1;173350;1;8;6;8;4;350;15929;1899
2026-07-01 10:37:19.985;Pivô de Alta → Baixa (venda);-1;173600;8;4;2;4;7;150;39838;4108
2026-07-01 10:38:27.481;Pivô de Baixa → Alta (compra);1;173550;4;7;5;7;1;300;28223;3328
2026-07-01 10:39:41.021;Pivô de Baixa → Alta (compra);1;173850;1;3;1;3;8;100;38035;4397
2026-07-01 10:41:19.602;Pivô de Alta → Baixa (venda);-1;173850;3;8;6;8;7;350;40099;4382
2026-07-01 10:43:27.132;Pivô de Baixa → Alta (compra);1;173600;8;7;5;7;1;300;22998;2911
2026-07-01 10:44:07.604;Pivô de Baixa → Alta (compra);1;173900;1;5;3;5;1;200;13154;1906
2026-07-01 10:45:06.713;Pivô de Baixa → Alta (compra);1;174100;1;4;2;4;8;150;24567;2657
2026-07-01 10:46:48.211;Pivô de Alta → Baixa (venda);-1;174150;4;8;6;8;4;350;24330;3257
2026-07-01 10:48:28.364;Pivô de Baixa → Alta (compra);1;173900;8;4;2;4;6;150;16008;1977
2026-07-01 10:49:15.154;Pivô de Alta → Baixa (venda);-1;173950;4;6;4;6;4;250;34206;4203
2026-07-01 10:50:39.389;Pivô de Baixa → Alta (compra);1;173800;6;4;2;4;6;150;49863;6470
2026-07-01 10:52:11.194;Pivô de Alta → Baixa (venda);-1;173850;4;6;4;6;3;250;39523;4132
2026-07-01 10:53:28.696;Pivô de Baixa → Alta (compra);1;173700;6;3;1;3;1;100;27803;4264
2026-07-01 10:55:07.635;Pivô de Baixa → Alta (compra);1;173800;1;4;2;4;2;150;13055;1551
2026-07-01 10:58:19.388;Pivô de Alta → Baixa (venda);-1;173850;4;2;0;2;2;50;19141;2892
2026-07-01 10:59:53.216;Pivô de Baixa → Alta (compra);1;173900;2;2;0;2;3;50;5412;842
2026-07-01 11:00:11.751;Pivô de Alta → Baixa (venda);-1;173850;2;3;1;3;2;100;9736;1638
2026-07-01 11:01:03.309;Pivô de Baixa → Alta (compra);1;173850;3;2;0;2;2;50;17819;2609
2026-07-01 11:01:32.749;Pivô de Alta → Baixa (venda);-1;173800;2;2;0;2;2;50;23899;3140
2026-07-01 11:02:11.898;Pivô de Baixa → Alta (compra);1;173850;2;2;0;2;2;50;10568;1302
2026-07-01 11:02:37.642;Pivô de Alta → Baixa (venda);-1;173800;2;2;0;2;2;50;22338;2855
2026-07-01 11:03:21.092;Pivô de Baixa → Alta (compra);1;173850;2;2;0;2;2;50;72114;8857
2026-07-01 11:05:54.039;Pivô de Alta → Baixa (venda);-1;173800;2;2;0;2;3;50;10400;1311
2026-07-01 11:06:08.895;Pivô de Baixa → Alta (compra);1;173850;2;3;1;3;1;100;11518;1367
2026-07-01 11:09:15.858;Pivô de Alta → Baixa (venda);-1;173850;1;3;1;3;6;100;10223;1182
2026-07-01 11:11:10.445;Pivô de Baixa → Alta (compra);1;173850;3;6;4;6;1;250;30324;3336
2026-07-01 11:15:02.789;Pivô de Baixa → Alta (compra);1;174100;1;8;6;8;2;350;13662;1139
2026-07-01 11:16:35.581;Pivô de Alta → Baixa (venda);-1;174350;8;2;0;2;2;50;13922;935
2026-07-01 11:16:37.074;Pivô de Baixa → Alta (compra);1;174400;2;2;0;2;3;50;57945;6530
2026-07-01 11:17:50.323;Pivô de Alta → Baixa (venda);-1;174350;2;3;1;3;2;100;32046;4396
2026-07-01 11:19:18.384;Pivô de Baixa → Alta (compra);1;174350;3;2;0;2;9;50;25771;2893
2026-07-01 11:20:13.590;Pivô de Alta → Baixa (venda);-1;174300;2;9;7;9;2;400;54983;7193
2026-07-01 11:26:09.158;Pivô de Baixa → Alta (compra);1;174000;9;2;0;2;1;50;19709;2349
2026-07-01 11:26:58.756;Pivô de Baixa → Alta (compra);1;174050;1;3;1;3;1;100;55958;6291
2026-07-01 11:31:00.619;Pivô de Alta → Baixa (venda);-1;174050;1;2;0;2;3;50;60803;6730
2026-07-01 11:32:51.393;Pivô de Baixa → Alta (compra);1;174100;2;3;1;3;2;100;45595;5508
2026-07-01 11:35:01.272;Pivô de Alta → Baixa (venda);-1;174100;3;2;0;2;2;50;19848;2086
2026-07-01 11:35:43.002;Pivô de Baixa → Alta (compra);1;174150;2;2;0;2;2;50;41331;4865
2026-07-01 11:37:05.354;Pivô de Alta → Baixa (venda);-1;174100;2;2;0;2;1;50;35126;4237
2026-07-01 11:40:42.201;Pivô de Alta → Baixa (venda);-1;174050;1;5;3;5;1;200;15719;2161
2026-07-01 11:46:48.881;Pivô de Alta → Baixa (venda);-1;173850;1;4;2;4;6;150;34911;4632
2026-07-01 11:48:47.604;Pivô de Baixa → Alta (compra);1;173800;4;6;4;6;7;250;69990;8732
2026-07-01 11:52:30.796;Pivô de Alta → Baixa (venda);-1;173950;6;7;5;7;2;300;70559;8193
2026-07-01 12:00:38.111;Pivô de Baixa → Alta (compra);1;173750;7;2;0;2;4;50;15098;1677
2026-07-01 12:01:59.593;Pivô de Alta → Baixa (venda);-1;173700;2;4;2;4;1;150;108892;13773
2026-07-01 12:11:02.284;Pivô de Alta → Baixa (venda);-1;173550;1;2;0;2;2;50;16023;2028
2026-07-01 12:12:26.890;Pivô de Baixa → Alta (compra);1;173600;2;2;0;2;2;50;19897;2280
2026-07-01 12:15:02.394;Pivô de Alta → Baixa (venda);-1;173550;2;2;0;2;2;50;40998;5113
2026-07-01 12:17:13.069;Pivô de Baixa → Alta (compra);1;173600;2;2;0;2;2;50;33213;4560
2026-07-01 12:18:53.674;Pivô de Alta → Baixa (venda);-1;173550;2;2;0;2;5;50;33842;4357
2026-07-01 12:22:29.651;Pivô de Baixa → Alta (compra);1;173600;2;5;3;5;3;200;40250;4846
2026-07-01 12:27:02.122;Pivô de Alta → Baixa (venda);-1;173700;5;3;1;3;16;100;16995;1887
2026-07-01 12:28:12.079;Pivô de Baixa → Alta (compra);1;173700;3;16;14;16;3;750;69777;8120
2026-07-01 12:45:18.059;Pivô de Alta → Baixa (venda);-1;174350;16;3;1;3;4;100;45819;5576
2026-07-01 12:51:00.698;Pivô de Baixa → Alta (compra);1;174350;3;4;2;4;4;150;7897;942
2026-07-01 12:52:05.540;Pivô de Alta → Baixa (venda);-1;174400;4;4;2;4;2;150;79791;10942
2026-07-01 12:58:51.220;Pivô de Baixa → Alta (compra);1;174350;4;2;0;2;1;50;51099;6549
2026-07-01 13:03:58.234;Pivô de Baixa → Alta (compra);1;174400;1;2;0;2;2;50;25750;3127
2026-07-01 13:06:16.921;Pivô de Alta → Baixa (venda);-1;174350;2;2;0;2;5;50;164737;19952
2026-07-01 13:26:39.796;Pivô de Baixa → Alta (compra);1;174400;2;5;3;5;1;200;38215;5184
2026-07-01 13:37:40.334;Pivô de Alta → Baixa (venda);-1;174500;1;5;3;5;6;200;149583;19928
2026-07-01 13:55:38.834;Pivô de Baixa → Alta (compra);1;174400;5;6;4;6;3;250;91163;12148
2026-07-01 14:04:20.017;Pivô de Alta → Baixa (venda);-1;174550;6;3;1;3;2;100;67707;8394
2026-07-01 14:18:04.642;Pivô de Baixa → Alta (compra);1;174550;3;2;0;2;3;50;31773;4515
2026-07-01 14:24:19.885;Pivô de Alta → Baixa (venda);-1;174500;2;3;1;3;3;100;55729;7592
2026-07-01 14:32:17.016;Pivô de Baixa → Alta (compra);1;174500;3;3;1;3;10;100;37878;4345
2026-07-01 14:38:09.311;Pivô de Alta → Baixa (venda);-1;174500;3;10;8;10;4;450;25520;3593
2026-07-01 14:51:05.864;Pivô de Baixa → Alta (compra);1;174150;10;4;2;4;6;150;98396;12811
2026-07-01 15:01:12.750;Pivô de Alta → Baixa (venda);-1;174200;4;6;4;6;1;250;19713;2586
2026-07-01 15:15:38.946;Pivô de Baixa → Alta (compra);1;174050;1;4;2;4;2;150;61640;7608
2026-07-01 15:21:35.589;Pivô de Alta → Baixa (venda);-1;174100;4;2;0;2;1;50;77358;8915
2026-07-01 15:37:47.448;Pivô de Alta → Baixa (venda);-1;174050;1;2;0;2;3;50;15516;1768
2026-07-01 15:50:12.139;Pivô de Baixa → Alta (compra);1;174100;2;3;1;3;2;100;66904;8333
2026-07-01 16:00:17.254;Pivô de Alta → Baixa (venda);-1;174100;3;2;0;2;9;50;31252;3867
2026-07-01 16:02:12.999;Pivô de Baixa → Alta (compra);1;174150;2;9;7;9;5;400;72007;8246
2026-07-01 16:08:36.294;Pivô de Alta → Baixa (venda);-1;174450;9;5;3;5;4;200;4420;265
2026-07-01 16:13:21.699;Pivô de Baixa → Alta (compra);1;174350;5;4;2;4;5;150;39611;4547
2026-07-01 16:20:52.560;Pivô de Alta → Baixa (venda);-1;174400;4;5;3;5;4;200;35596;4904
2026-07-01 16:34:45.515;Pivô de Baixa → Alta (compra);1;174300;5;4;2;4;4;150;43348;5430
2026-07-01 16:45:58.707;Pivô de Alta → Baixa (venda);-1;174350;4;4;2;4;1;150;40297;5021
2026-07-01 16:59:14.999;Pivô de Alta → Baixa (venda);-1;174200;1;2;0;2;4;50;19376;1876
2026-07-01 17:02:19.888;Pivô de Baixa → Alta (compra);1;174250;2;4;2;4;3;150;35465;3380
2026-07-01 17:05:19.374;Pivô de Alta → Baixa (venda);-1;174300;4;3;1;3;7;100;40089;4974
2026-07-01 17:21:41.741;Pivô de Baixa → Alta (compra);1;174300;3;7;5;7;2;300;35465;4210
2026-07-01 17:51:33.841;Pivô de Alta → Baixa (venda);-1;174500;7;2;0;2;1;50;57154;8219
2026-07-02 09:00:48.083;Pivô de Alta → Baixa (venda);-1;174450;1;6;4;6;2;250;4043;959
2026-07-02 09:00:55.985;Pivô de Baixa → Alta (compra);1;174300;6;2;0;2;7;50;2083;509
2026-07-02 09:00:56.967;Pivô de Alta → Baixa (venda);-1;174250;2;7;5;7;2;300;1133;251
2026-07-02 09:01:04.631;Pivô de Baixa → Alta (compra);1;174050;7;2;0;2;2;50;3429;726
2026-07-02 09:01:05.752;Pivô de Alta → Baixa (venda);-1;174000;2;2;0;2;1;50;4779;971
2026-07-02 09:01:22.577;Pivô de Baixa → Alta (compra);1;174050;1;3;1;3;1;100;1991;356
2026-07-02 09:01:35.744;Pivô de Baixa → Alta (compra);1;174150;1;2;0;2;2;50;6717;1110
2026-07-02 09:01:48.014;Pivô de Alta → Baixa (venda);-1;174100;2;2;0;2;5;50;3934;651
2026-07-02 09:02:01.255;Pivô de Baixa → Alta (compra);1;174150;2;5;3;5;1;200;14454;2270
2026-07-02 09:02:32.232;Pivô de Baixa → Alta (compra);1;174350;1;4;2;4;1;150;7418;1300
2026-07-02 09:03:05.567;Pivô de Baixa → Alta (compra);1;174500;1;2;0;2;2;50;4843;550
2026-07-02 09:03:09.168;Pivô de Alta → Baixa (venda);-1;174450;2;2;0;2;4;50;8223;1407
2026-07-02 09:03:25.143;Pivô de Baixa → Alta (compra);1;174500;2;4;2;4;3;150;14896;2243
2026-07-02 09:03:50.007;Pivô de Alta → Baixa (venda);-1;174550;4;3;1;3;6;100;10254;1509
2026-07-02 09:03:57.760;Pivô de Baixa → Alta (compra);1;174550;3;6;4;6;1;250;12448;1834
2026-07-02 09:04:30.903;Pivô de Baixa → Alta (compra);1;174800;1;2;0;2;3;50;6885;889
2026-07-02 09:04:47.779;Pivô de Alta → Baixa (venda);-1;174750;2;3;1;3;1;100;18506;2699
2026-07-02 09:04:59.251;Pivô de Alta → Baixa (venda);-1;174650;1;6;4;6;1;250;6078;956
2026-07-02 09:05:29.880;Pivô de Alta → Baixa (venda);-1;174400;1;4;2;4;7;150;12197;2006
2026-07-02 09:06:01.704;Pivô de Baixa → Alta (compra);1;174350;4;7;5;7;3;300;11841;1548
2026-07-02 09:07:10.231;Pivô de Alta → Baixa (venda);-1;174550;7;3;1;3;3;100;19145;2873
2026-07-02 09:08:13.317;Pivô de Baixa → Alta (compra);1;174550;3;3;1;3;2;100;12846;1865
2026-07-02 09:08:50.768;Pivô de Alta → Baixa (venda);-1;174550;3;2;0;2;3;50;16239;2555
2026-07-02 09:09:33.959;Pivô de Baixa → Alta (compra);1;174600;2;3;1;3;2;100;18393;2571
2026-07-02 09:10:19.109;Pivô de Alta → Baixa (venda);-1;174600;3;2;0;2;1;50;36122;5133
2026-07-02 09:13:06.500;Pivô de Baixa → Alta (compra);1;174650;1;5;3;5;7;200;6565;854
2026-07-02 09:16:48.577;Pivô de Alta → Baixa (venda);-1;174750;5;7;5;7;5;300;27769;3925
2026-07-02 09:20:38.447;Pivô de Baixa → Alta (compra);1;174550;7;5;3;5;1;200;18383;2547
2026-07-02 09:24:59.208;Pivô de Baixa → Alta (compra);1;174750;1;5;3;5;2;200;24516;3608
2026-07-02 09:26:11.253;Pivô de Alta → Baixa (venda);-1;174850;5;2;0;2;3;50;20260;2775
2026-07-02 09:26:59.791;Pivô de Baixa → Alta (compra);1;174900;2;3;1;3;1;100;36575;5989
2026-07-02 09:29:10.083;Pivô de Baixa → Alta (compra);1;175000;1;4;2;4;15;150;22302;3807
2026-07-02 09:30:03.072;Pivô de Alta → Baixa (venda);-1;175050;4;15;13;15;4;700;4724;731
2026-07-02 09:30:04.207;Pivô de Baixa → Alta (compra);1;174450;15;4;2;4;1;150;861;49
2026-07-02 09:30:04.249;Pivô de Alta → Baixa (venda);-1;174500;1;4;2;4;8;150;21;11
2026-07-02 09:30:04.253;Pivô de Baixa → Alta (compra);1;174450;4;8;6;8;1;350;276;28
2026-07-02 09:30:05.182;Pivô de Baixa → Alta (compra);1;174800;1;7;5;7;1;300;1277;303
2026-07-02 09:30:05.352;Pivô de Alta → Baixa (venda);-1;175000;1;2;0;2;2;50;5;3
2026-07-02 09:30:05.353;Pivô de Baixa → Alta (compra);1;175050;2;2;0;2;2;50;11;6
2026-07-02 09:30:05.353;Pivô de Alta → Baixa (venda);-1;175000;2;2;0;2;2;50;1;1
2026-07-02 09:30:05.353;Pivô de Baixa → Alta (compra);1;175050;2;2;0;2;2;50;8;3
2026-07-02 09:30:05.355;Pivô de Alta → Baixa (venda);-1;175000;2;2;0;2;2;50;4;1
2026-07-02 09:30:05.355;Pivô de Baixa → Alta (compra);1;175050;2;2;0;2;3;50;1;1
2026-07-02 09:30:05.356;Pivô de Alta → Baixa (venda);-1;175000;2;3;1;3;3;100;139;35
2026-07-02 09:30:05.369;Pivô de Baixa → Alta (compra);1;175000;3;3;1;3;1;100;93;23
2026-07-02 09:30:05.377;Pivô de Alta → Baixa (venda);-1;175000;1;2;0;2;1;50;33;19
2026-07-02 09:30:05.413;Pivô de Alta → Baixa (venda);-1;174950;1;2;0;2;1;50;9;6
2026-07-02 09:30:05.561;Pivô de Baixa → Alta (compra);1;175000;1;3;1;3;3;100;198;42
2026-07-02 09:30:05.629;Pivô de Alta → Baixa (venda);-1;175000;3;3;1;3;1;100;5361;1227
2026-07-02 09:30:07.016;Pivô de Alta → Baixa (venda);-1;174900;1;2;0;2;1;50;1911;514
2026-07-02 09:30:07.437;Pivô de Baixa → Alta (compra);1;174950;1;2;0;2;1;50;101;28
2026-07-02 09:30:07.600;Pivô de Alta → Baixa (venda);-1;174900;1;2;0;2;4;50;276;63
2026-07-02 09:30:07.618;Pivô de Baixa → Alta (compra);1;174950;2;4;2;4;1;150;103;20
2026-07-02 09:30:08.332;Pivô de Baixa → Alta (compra);1;175100;1;9;7;9;5;400;1770;554
2026-07-02 09:30:14.976;Pivô de Alta → Baixa (venda);-1;175400;9;5;3;5;3;200;1365;110
2026-07-02 09:30:15.070;Pivô de Baixa → Alta (compra);1;175300;5;3;1;3;3;100;708;122
2026-07-02 09:30:15.193;Pivô de Alta → Baixa (venda);-1;175300;3;3;1;3;3;100;6176;1198
2026-07-02 09:30:17.109;Pivô de Baixa → Alta (compra);1;175300;3;3;1;3;1;100;6576;1303
2026-07-02 09:30:23.370;Pivô de Baixa → Alta (compra);1;175400;1;9;7;9;3;400;5417;991
2026-07-02 09:30:59.402;Pivô de Alta → Baixa (venda);-1;175700;9;3;1;3;4;100;21660;2745
2026-07-02 09:31:24.064;Pivô de Baixa → Alta (compra);1;175700;3;4;2;4;1;150;18331;2965
2026-07-02 09:32:15.273;Pivô de Baixa → Alta (compra);1;175850;1;6;4;6;4;250;8260;750
2026-07-02 09:32:44.323;Pivô de Alta → Baixa (venda);-1;176000;6;4;2;4;5;150;26844;3870
2026-07-02 09:33:23.150;Pivô de Baixa → Alta (compra);1;175950;4;5;3;5;2;200;8357;1064
2026-07-02 09:34:24.830;Pivô de Alta → Baixa (venda);-1;176050;5;2;0;2;6;50;46687;6479
2026-07-02 09:35:33.206;Pivô de Baixa → Alta (compra);1;176100;2;6;4;6;1;250;11368;1132
2026-07-02 09:38:18.080;Pivô de Baixa → Alta (compra);1;176350;1;5;3;5;3;200;19309;2682
2026-07-02 09:39:12.081;Pivô de Alta → Baixa (venda);-1;176450;5;3;1;3;5;100;23328;3011
2026-07-02 09:41:20.532;Pivô de Baixa → Alta (compra);1;176450;3;5;3;5;7;200;49447;6631
2026-07-02 09:42:12.310;Pivô de Alta → Baixa (venda);-1;176550;5;7;5;7;2;300;26010;3983
2026-07-02 09:44:01.455;Pivô de Baixa → Alta (compra);1;176350;7;2;0;2;12;50;23300;3310
2026-07-02 09:45:01.652;Pivô de Alta → Baixa (venda);-1;176300;2;12;10;12;2;550;10421;1526
2026-07-02 09:48:24.019;Pivô de Baixa → Alta (compra);1;175850;12;2;0;2;3;50;42184;5027
2026-07-02 09:48:49.055;Pivô de Alta → Baixa (venda);-1;175800;2;3;1;3;3;100;20785;2681
2026-07-02 09:49:31.724;Pivô de Baixa → Alta (compra);1;175800;3;3;1;3;2;100;14638;1743
2026-07-02 09:50:30.417;Pivô de Alta → Baixa (venda);-1;175800;3;2;0;2;2;50;19350;2754
2026-07-02 09:51:16.720;Pivô de Baixa → Alta (compra);1;175850;2;2;0;2;2;50;26442;3566
2026-07-02 09:52:13.255;Pivô de Alta → Baixa (venda);-1;175800;2;2;0;2;2;50;14782;1716
2026-07-02 09:53:05.248;Pivô de Baixa → Alta (compra);1;175850;2;2;0;2;5;50;15754;2246
2026-07-02 09:54:02.664;Pivô de Alta → Baixa (venda);-1;175800;2;5;3;5;4;200;13180;1795
2026-07-02 09:57:39.254;Pivô de Baixa → Alta (compra);1;175700;5;4;2;4;10;150;17866;2240
2026-07-02 10:00:05.027;Pivô de Alta → Baixa (venda);-1;175750;4;10;8;10;5;450;40563;4922
2026-07-02 10:01:35.934;Pivô de Baixa → Alta (compra);1;175400;10;5;3;5;3;200;31447;3832
2026-07-02 10:02:15.677;Pivô de Alta → Baixa (venda);-1;175500;5;3;1;3;2;100;32512;4025
2026-07-02 10:03:30.100;Pivô de Baixa → Alta (compra);1;175500;3;2;0;2;1;50;7037;767
2026-07-02 10:04:04.270;Pivô de Baixa → Alta (compra);1;175550;1;4;2;4;1;150;18954;2687
2026-07-02 10:06:16.606;Pivô de Baixa → Alta (compra);1;175700;1;2;0;2;1;50;27819;3739
2026-07-02 10:07:30.001;Pivô de Baixa → Alta (compra);1;175750;1;2;0;2;2;50;19135;2277
2026-07-02 10:08:03.685;Pivô de Alta → Baixa (venda);-1;175700;2;2;0;2;2;50;42200;5825
2026-07-02 10:09:00.624;Pivô de Baixa → Alta (compra);1;175750;2;2;0;2;1;50;26476;3421
2026-07-02 10:10:35.473;Pivô de Alta → Baixa (venda);-1;175700;1;3;1;3;4;100;10702;1277
2026-07-02 10:10:58.758;Pivô de Baixa → Alta (compra);1;175700;3;4;2;4;2;150;21148;2682
2026-07-02 10:12:20.737;Pivô de Alta → Baixa (venda);-1;175750;4;2;0;2;4;50;24860;3197
2026-07-02 10:12:40.284;Pivô de Baixa → Alta (compra);1;175800;2;4;2;4;5;150;19429;2567
2026-07-02 10:13:21.536;Pivô de Alta → Baixa (venda);-1;175850;4;5;3;5;5;200;31308;3898
2026-07-02 10:14:32.606;Pivô de Baixa → Alta (compra);1;175750;5;5;3;5;4;200;26299;3422
2026-07-02 10:15:10.536;Pivô de Alta → Baixa (venda);-1;175850;5;4;2;4;2;150;25483;3349
2026-07-02 10:16:02.938;Pivô de Baixa → Alta (compra);1;175800;4;2;0;2;5;50;25524;3624
2026-07-02 10:16:52.644;Pivô de Alta → Baixa (venda);-1;175750;2;5;3;5;1;200;27652;3142
2026-07-02 10:18:56.105;Pivô de Alta → Baixa (venda);-1;175550;1;2;0;2;1;50;17960;2184
2026-07-02 10:19:57.897;Pivô de Alta → Baixa (venda);-1;175500;1;3;1;3;3;100;21353;2623
2026-07-02 10:20:50.599;Pivô de Baixa → Alta (compra);1;175500;3;3;1;3;5;100;28659;3700
2026-07-02 10:21:27.517;Pivô de Alta → Baixa (venda);-1;175500;3;5;3;5;4;200;7649;1003
2026-07-02 10:23:34.919;Pivô de Baixa → Alta (compra);1;175400;5;4;2;4;8;150;36349;4465
2026-07-02 10:24:33.381;Pivô de Alta → Baixa (venda);-1;175450;4;8;6;8;6;350;23560;3025
2026-07-02 10:29:03.008;Pivô de Baixa → Alta (compra);1;175200;8;6;4;6;2;250;37475;4351
2026-07-02 10:30:04.453;Pivô de Alta → Baixa (venda);-1;175350;6;2;0;2;2;50;31122;3327
2026-07-02 10:30:17.543;Pivô de Baixa → Alta (compra);1;175400;2;2;0;2;1;50;22383;2448
2026-07-02 10:31:16.664;Pivô de Baixa → Alta (compra);1;175450;1;5;3;5;4;200;15102;1748
2026-07-02 10:32:31.715;Pivô de Alta → Baixa (venda);-1;175550;5;4;2;4;4;150;63478;7030
2026-07-02 10:34:09.155;Pivô de Baixa → Alta (compra);1;175500;4;4;2;4;1;150;28996;3781
2026-07-02 10:35:28.525;Pivô de Baixa → Alta (compra);1;175650;1;7;5;7;4;300;12614;1535
2026-07-02 10:36:47.633;Pivô de Alta → Baixa (venda);-1;175850;7;4;2;4;11;150;40916;4875
2026-07-02 10:37:33.266;Pivô de Baixa → Alta (compra);1;175800;4;11;9;11;1;500;12247;1546
2026-07-02 10:38:56.021;Pivô de Baixa → Alta (compra);1;176300;1;6;4;6;3;250;27128;2767
2026-07-02 10:40:06.248;Pivô de Alta → Baixa (venda);-1;176450;6;3;1;3;3;100;17053;1894
2026-07-02 10:40:17.712;Pivô de Baixa → Alta (compra);1;176450;3;3;1;3;1;100;16725;1862
2026-07-02 10:41:04.330;Pivô de Baixa → Alta (compra);1;176550;1;2;0;2;2;50;8909;1176
2026-07-02 10:41:34.366;Pivô de Alta → Baixa (venda);-1;176500;2;2;0;2;2;50;27178;2881
2026-07-02 10:42:00.425;Pivô de Baixa → Alta (compra);1;176550;2;2;0;2;2;50;19634;2271
2026-07-02 10:42:31.259;Pivô de Alta → Baixa (venda);-1;176500;2;2;0;2;1;50;19036;1816
2026-07-02 10:42:51.018;Pivô de Alta → Baixa (venda);-1;176450;1;2;0;2;1;50;11199;1093
2026-07-02 10:43:50.337;Pivô de Baixa → Alta (compra);1;176500;1;11;9;11;3;500;14414;1257
2026-07-02 10:45:36.488;Pivô de Alta → Baixa (venda);-1;176900;11;3;1;3;3;100;46266;5244
2026-07-02 10:46:17.456;Pivô de Baixa → Alta (compra);1;176900;3;3;1;3;1;100;36965;4130
2026-07-02 10:47:43.978;Pivô de Baixa → Alta (compra);1;177000;1;2;0;2;3;50;24020;2806
2026-07-02 10:48:21.337;Pivô de Alta → Baixa (venda);-1;176950;2;3;1;3;1;100;17107;1726
2026-07-02 10:49:08.203;Pivô de Alta → Baixa (venda);-1;176850;1;9;7;9;5;400;11707;1393
2026-07-02 10:50:31.095;Pivô de Baixa → Alta (compra);1;176550;9;5;3;5;19;200;8894;1053
2026-07-02 10:51:08.205;Pivô de Alta → Baixa (venda);-1;176650;5;19;17;19;6;900;22133;2616
2026-07-02 10:58:24.549;Pivô de Baixa → Alta (compra);1;175850;19;6;4;6;3;250;37325;4266
2026-07-02 11:00:47.062;Pivô de Alta → Baixa (venda);-1;176000;6;3;1;3;4;100;25729;3228
2026-07-02 11:01:17.345;Pivô de Baixa → Alta (compra);1;176000;3;4;2;4;1;150;27264;3061
2026-07-02 11:03:08.619;Pivô de Alta → Baixa (venda);-1;176050;1;4;2;4;1;150;28928;3315
2026-07-02 11:06:39.826;Pivô de Baixa → Alta (compra);1;176000;1;2;0;2;2;50;20043;3468
2026-07-02 11:07:29.038;Pivô de Alta → Baixa (venda);-1;175950;2;2;0;2;2;50;14171;1797
2026-07-02 11:08:21.435;Pivô de Baixa → Alta (compra);1;176000;2;2;0;2;6;50;4332;470
2026-07-02 11:08:30.094;Pivô de Alta → Baixa (venda);-1;175950;2;6;4;6;5;250;32447;3770
2026-07-02 11:10:51.517;Pivô de Baixa → Alta (compra);1;175800;6;5;3;5;1;200;24543;3039
2026-07-02 11:13:05.023;Pivô de Baixa → Alta (compra);1;176000;1;2;0;2;1;50;11050;1243
2026-07-02 11:14:15.633;Pivô de Baixa → Alta (compra);1;176050;1;2;0;2;2;50;31582;3475
2026-07-02 11:15:10.975;Pivô de Alta → Baixa (venda);-1;176000;2;2;0;2;1;50;33580;3657
2026-07-02 11:16:18.433;Pivô de Alta → Baixa (venda);-1;175950;1;7;5;7;2;300;30578;3407
2026-07-02 11:21:28.859;Pivô de Baixa → Alta (compra);1;175750;7;2;0;2;1;50;15783;1894
2026-07-02 11:22:36.341;Pivô de Baixa → Alta (compra);1;175800;1;2;0;2;5;50;9746;1127
2026-07-02 11:23:01.080;Pivô de Alta → Baixa (venda);-1;175750;2;5;3;5;1;200;17152;2065
2026-07-02 11:24:20.472;Pivô de Alta → Baixa (venda);-1;175550;1;4;2;4;1;150;13218;1214
2026-07-02 11:26:16.784;Pivô de Alta → Baixa (venda);-1;175400;1;5;3;5;1;200;35720;3876
2026-07-02 11:30:40.419;Pivô de Baixa → Alta (compra);1;175300;1;6;4;6;6;250;19050;2274
2026-07-02 11:32:23.113;Pivô de Alta → Baixa (venda);-1;175450;6;6;4;6;1;250;28899;3234
2026-07-02 11:34:23.616;Pivô de Alta → Baixa (venda);-1;175200;1;5;3;5;1;200;25253;2592
2026-07-02 11:36:11.796;Pivô de Alta → Baixa (venda);-1;175000;1;7;5;7;1;300;59313;6956
2026-07-02 11:41:23.216;Pivô de Alta → Baixa (venda);-1;174700;1;2;0;2;2;50;34269;3737
2026-07-02 11:42:06.017;Pivô de Baixa → Alta (compra);1;174750;2;2;0;2;1;50;17754;1997
2026-07-02 11:43:03.756;Pivô de Baixa → Alta (compra);1;174800;1;3;1;3;2;100;23128;2894
2026-07-02 11:44:33.364;Pivô de Alta → Baixa (venda);-1;174800;3;2;0;2;4;50;40488;4849
2026-07-02 11:46:13.135;Pivô de Baixa → Alta (compra);1;174850;2;4;2;4;3;150;14431;2029
2026-07-02 11:47:08.674;Pivô de Alta → Baixa (venda);-1;174900;4;3;1;3;3;100;35537;3954
2026-07-02 11:48:06.460;Pivô de Baixa → Alta (compra);1;174900;3;3;1;3;3;100;43209;5008
2026-07-02 11:49:30.753;Pivô de Alta → Baixa (venda);-1;174900;3;3;1;3;1;100;39701;4739
2026-07-02 11:55:30.178;Pivô de Baixa → Alta (compra);1;174900;1;3;1;3;2;100;9329;1188
2026-07-02 11:56:16.499;Pivô de Alta → Baixa (venda);-1;174900;3;2;0;2;4;50;12642;1674
2026-07-02 11:57:11.478;Pivô de Baixa → Alta (compra);1;174950;2;4;2;4;1;150;35518;4460
2026-07-02 12:03:15.921;Pivô de Alta → Baixa (venda);-1;175000;1;12;10;12;5;550;22881;2088
2026-07-02 12:07:33.812;Pivô de Baixa → Alta (compra);1;174550;12;5;3;5;9;200;30919;3847
2026-07-02 12:11:54.288;Pivô de Alta → Baixa (venda);-1;174650;5;9;7;9;6;400;56871;7621
2026-07-02 12:17:46.722;Pivô de Baixa → Alta (compra);1;174350;9;6;4;6;1;250;27296;3630
2026-07-02 12:21:57.434;Pivô de Baixa → Alta (compra);1;174600;1;5;3;5;1;200;23907;2773
2026-07-02 12:26:14.050;Pivô de Alta → Baixa (venda);-1;174700;1;3;1;3;3;100;45678;5713
2026-07-02 12:29:51.933;Pivô de Baixa → Alta (compra);1;174700;3;3;1;3;1;100;23647;2559
2026-07-02 12:40:43.611;Pivô de Baixa → Alta (compra);1;174800;1;2;0;2;2;50;9950;1272
2026-07-02 12:41:22.049;Pivô de Alta → Baixa (venda);-1;174750;2;2;0;2;2;50;12656;1383
2026-07-02 12:42:49.544;Pivô de Baixa → Alta (compra);1;174800;2;2;0;2;2;50;15457;1763
2026-07-02 12:44:40.258;Pivô de Alta → Baixa (venda);-1;174750;2;2;0;2;2;50;65588;8209
2026-07-02 12:50:17.488;Pivô de Baixa → Alta (compra);1;174800;2;2;0;2;2;50;63846;6936
2026-07-02 12:54:52.551;Pivô de Alta → Baixa (venda);-1;174750;2;2;0;2;4;50;17361;2016
2026-07-02 12:57:23.298;Pivô de Baixa → Alta (compra);1;174800;2;4;2;4;4;150;35618;4123
2026-07-02 13:00:55.848;Pivô de Alta → Baixa (venda);-1;174850;4;4;2;4;4;150;43914;5168
2026-07-02 13:09:37.823;Pivô de Baixa → Alta (compra);1;174800;4;4;2;4;7;150;31950;3470
2026-07-02 13:12:47.883;Pivô de Alta → Baixa (venda);-1;174850;4;7;5;7;3;300;38910;4141
2026-07-02 13:23:57.028;Pivô de Baixa → Alta (compra);1;174650;7;3;1;3;3;100;26706;2146
2026-07-02 13:25:49.373;Pivô de Alta → Baixa (venda);-1;174650;3;3;1;3;2;100;50137;5756
2026-07-02 13:31:56.814;Pivô de Baixa → Alta (compra);1;174650;3;2;0;2;1;50;10723;1175
2026-07-02 13:34:16.277;Pivô de Baixa → Alta (compra);1;174700;1;2;0;2;2;50;17689;2107
2026-07-02 13:35:58.688;Pivô de Alta → Baixa (venda);-1;174650;2;2;0;2;3;50;26064;3219
2026-07-02 13:37:45.804;Pivô de Baixa → Alta (compra);1;174700;2;3;1;3;5;100;47434;5980
2026-07-02 13:49:16.858;Pivô de Alta → Baixa (venda);-1;174700;3;5;3;5;4;200;77875;8135
2026-07-02 13:57:58.512;Pivô de Baixa → Alta (compra);1;174600;5;4;2;4;1;150;56440;6245
2026-07-02 14:03:10.198;Pivô de Baixa → Alta (compra);1;174750;1;2;0;2;1;50;49724;5758
2026-07-02 14:15:46.962;Pivô de Alta → Baixa (venda);-1;174700;1;3;1;3;2;100;27533;3295
2026-07-02 14:25:22.864;Pivô de Baixa → Alta (compra);1;174700;3;2;0;2;3;50;70537;9579
2026-07-02 14:33:14.781;Pivô de Alta → Baixa (venda);-1;174650;2;3;1;3;2;100;24838;2933
2026-07-02 14:36:37.813;Pivô de Baixa → Alta (compra);1;174650;3;2;0;2;2;50;95586;10334
2026-07-02 14:47:01.239;Pivô de Alta → Baixa (venda);-1;174600;2;2;0;2;5;50;93106;9929
2026-07-02 15:00:11.088;Pivô de Baixa → Alta (compra);1;174650;2;5;3;5;2;200;41889;4438
2026-07-02 15:06:44.124;Pivô de Alta → Baixa (venda);-1;174750;5;2;0;2;2;50;18584;1602
2026-07-02 15:07:02.500;Pivô de Baixa → Alta (compra);1;174800;2;2;0;2;4;50;22780;2045
2026-07-02 15:07:47.617;Pivô de Alta → Baixa (venda);-1;174750;2;4;2;4;11;150;88567;10593
2026-07-02 15:18:50.988;Pivô de Baixa → Alta (compra);1;174700;4;11;9;11;1;500;27932;3130
2026-07-02 15:44:23.404;Pivô de Alta → Baixa (venda);-1;175100;1;2;0;2;4;50;44745;4425
2026-07-02 15:46:29.567;Pivô de Baixa → Alta (compra);1;175150;2;4;2;4;11;150;46734;4949
2026-07-02 15:56:11.960;Pivô de Alta → Baixa (venda);-1;175200;4;11;9;11;5;500;37768;4580
2026-07-02 16:25:25.796;Pivô de Baixa → Alta (compra);1;174800;11;5;3;5;2;200;35153;3665
2026-07-02 16:43:49.091;Pivô de Alta → Baixa (venda);-1;174900;5;2;0;2;8;50;44045;4608
2026-07-02 16:48:23.269;Pivô de Baixa → Alta (compra);1;174950;2;8;6;8;2;350;86381;8832
2026-07-02 17:00:13.513;Pivô de Alta → Baixa (venda);-1;175200;8;2;0;2;3;50;18717;1379
2026-07-02 17:00:38.329;Pivô de Baixa → Alta (compra);1;175250;2;3;1;3;1;100;43579;4860
2026-07-02 17:10:18.383;Pivô de Baixa → Alta (compra);1;175350;1;2;0;2;4;50;108526;13117
2026-07-02 17:30:07.138;Pivô de Alta → Baixa (venda);-1;175300;2;4;2;4;11;150;131963;16638
2026-07-02 18:17:54.924;Pivô de Baixa → Alta (compra);1;175250;4;11;9;11;1;500;43069;2308
2026-07-03 09:03:00.152;Pivô de Baixa → Alta (compra);1;175750;1;5;3;5;3;200;6965;1065
2026-07-03 09:03:09.860;Pivô de Alta → Baixa (venda);-1;175850;5;3;1;3;2;100;7063;1214
2026-07-03 09:03:25.008;Pivô de Baixa → Alta (compra);1;175850;3;2;0;2;1;50;13974;1846
2026-07-03 09:03:54.965;Pivô de Baixa → Alta (compra);1;175900;1;2;0;2;6;50;4913;842
2026-07-03 09:04:01.308;Pivô de Alta → Baixa (venda);-1;175850;2;6;4;6;14;250;8571;1527
2026-07-03 09:04:30.052;Pivô de Baixa → Alta (compra);1;175700;6;14;12;14;2;650;7891;627
2026-07-03 09:06:28.379;Pivô de Alta → Baixa (venda);-1;176250;14;2;0;2;6;50;12714;1638
2026-07-03 09:06:34.867;Pivô de Baixa → Alta (compra);1;176300;2;6;4;6;4;250;13653;2301
2026-07-03 09:07:44.405;Pivô de Alta → Baixa (venda);-1;176450;6;4;2;4;6;150;23777;3184
2026-07-03 09:08:01.939;Pivô de Baixa → Alta (compra);1;176400;4;6;4;6;1;250;12387;1890
2026-07-03 09:09:09.261;Pivô de Baixa → Alta (compra);1;176650;1;2;0;2;7;50;17092;2619
2026-07-03 09:09:35.440;Pivô de Alta → Baixa (venda);-1;176600;2;7;5;7;2;300;15664;1570
2026-07-03 09:10:12.653;Pivô de Baixa → Alta (compra);1;176400;7;2;0;2;5;50;24652;3499
2026-07-03 09:10:28.553;Pivô de Alta → Baixa (venda);-1;176350;2;5;3;5;1;200;23177;3359
2026-07-03 09:12:05.298;Pivô de Baixa → Alta (compra);1;176250;1;6;4;6;3;250;12741;2061
2026-07-03 09:15:02.891;Pivô de Alta → Baixa (venda);-1;176400;6;3;1;3;2;100;42423;6488
2026-07-03 09:16:32.329;Pivô de Baixa → Alta (compra);1;176400;3;2;0;2;1;50;32785;5247
2026-07-03 09:18:23.909;Pivô de Baixa → Alta (compra);1;176450;1;3;1;3;2;100;19167;2784
2026-07-03 09:19:34.468;Pivô de Alta → Baixa (venda);-1;176450;3;2;0;2;3;50;30054;4742
2026-07-03 09:20:15.276;Pivô de Baixa → Alta (compra);1;176500;2;3;1;3;2;100;47515;6821
2026-07-03 09:21:53.113;Pivô de Alta → Baixa (venda);-1;176500;3;2;0;2;5;50;80883;10847
2026-07-03 09:24:06.859;Pivô de Baixa → Alta (compra);1;176550;2;5;3;5;2;200;17874;2558
2026-07-03 09:28:37.903;Pivô de Alta → Baixa (venda);-1;176650;5;2;0;2;1;50;18008;1881
2026-07-03 09:29:15.197;Pivô de Alta → Baixa (venda);-1;176600;1;3;1;3;2;100;46522;5958
2026-07-03 09:30:45.889;Pivô de Baixa → Alta (compra);1;176600;3;2;0;2;6;50;33768;5077
2026-07-03 09:31:31.979;Pivô de Alta → Baixa (venda);-1;176550;2;6;4;6;5;250;34664;5268
2026-07-03 09:36:32.607;Pivô de Baixa → Alta (compra);1;176400;6;5;3;5;6;200;16608;2128
2026-07-03 09:38:21.130;Pivô de Alta → Baixa (venda);-1;176500;5;6;4;6;9;250;41874;6465
2026-07-03 09:42:25.238;Pivô de Baixa → Alta (compra);1;176350;6;9;7;9;1;400;37121;5558
2026-07-03 09:52:07.963;Pivô de Alta → Baixa (venda);-1;176650;1;3;1;3;1;100;12064;1844
2026-07-03 09:54:31.139;Pivô de Alta → Baixa (venda);-1;176550;1;4;2;4;1;150;20843;3338
2026-07-03 09:58:09.411;Pivô de Alta → Baixa (venda);-1;176400;1;3;1;3;3;100;13492;1984
2026-07-03 09:59:20.564;Pivô de Baixa → Alta (compra);1;176400;3;3;1;3;3;100;42887;5526
2026-07-03 10:00:18.045;Pivô de Alta → Baixa (venda);-1;176400;3;3;1;3;2;100;9715;1198
2026-07-03 10:00:35.517;Pivô de Baixa → Alta (compra);1;176400;3;2;0;2;5;50;20089;3084
2026-07-03 10:01:02.144;Pivô de Alta → Baixa (venda);-1;176350;2;5;3;5;5;200;11243;1709
2026-07-03 10:01:44.092;Pivô de Baixa → Alta (compra);1;176250;5;5;3;5;3;200;12419;1294
2026-07-03 10:02:02.742;Pivô de Alta → Baixa (venda);-1;176350;5;3;1;3;1;100;24944;3699
2026-07-03 10:04:24.248;Pivô de Alta → Baixa (venda);-1;176250;1;3;1;3;1;100;35166;3395
2026-07-03 10:06:02.484;Pivô de Alta → Baixa (venda);-1;176150;1;8;6;8;3;350;21334;2708
2026-07-03 10:10:23.715;Pivô de Baixa → Alta (compra);1;175900;8;3;1;3;3;100;62336;7359
2026-07-03 10:11:27.856;Pivô de Alta → Baixa (venda);-1;175900;3;3;1;3;2;100;36329;4173
2026-07-03 10:12:47.433;Pivô de Baixa → Alta (compra);1;175900;3;2;0;2;7;50;26976;3374
2026-07-03 10:13:18.991;Pivô de Alta → Baixa (venda);-1;175850;2;7;5;7;7;300;37906;5108
2026-07-03 10:15:33.097;Pivô de Baixa → Alta (compra);1;175650;7;7;5;7;7;300;10705;644
2026-07-03 10:16:54.625;Pivô de Alta → Baixa (venda);-1;175850;7;7;5;7;1;300;22615;2300
2026-07-03 10:18:35.453;Pivô de Baixa → Alta (compra);1;175650;1;3;1;3;7;100;11831;891
2026-07-03 10:18:48.855;Pivô de Alta → Baixa (venda);-1;175650;3;7;5;7;8;300;11237;1519
2026-07-03 10:24:07.409;Pivô de Baixa → Alta (compra);1;175450;7;8;6;8;1;350;44767;5240
2026-07-03 10:26:32.256;Pivô de Baixa → Alta (compra);1;175800;1;4;2;4;2;150;34642;3564
2026-07-03 10:27:28.860;Pivô de Alta → Baixa (venda);-1;175850;4;2;0;2;1;50;40664;5320
2026-07-03 10:29:19.047;Pivô de Alta → Baixa (venda);-1;175800;1;5;3;5;2;200;8969;1103
2026-07-03 10:30:25.124;Pivô de Baixa → Alta (compra);1;175700;5;2;0;2;4;50;42007;5625
2026-07-03 10:31:18.373;Pivô de Alta → Baixa (venda);-1;175650;2;4;2;4;1;150;27478;3505
2026-07-03 10:33:25.064;Pivô de Alta → Baixa (venda);-1;175500;1;2;0;2;5;50;42674;5692
2026-07-03 10:34:35.725;Pivô de Baixa → Alta (compra);1;175550;2;5;3;5;1;200;21114;2360
2026-07-03 10:37:04.549;Pivô de Baixa → Alta (compra);1;175750;1;4;2;4;1;150;11748;1699
2026-07-03 10:40:16.463;Pivô de Baixa → Alta (compra);1;175900;1;3;1;3;3;100;50407;6260
2026-07-03 10:41:34.958;Pivô de Alta → Baixa (venda);-1;175900;3;3;1;3;4;100;76220;9819
2026-07-03 10:43:20.293;Pivô de Baixa → Alta (compra);1;175900;3;4;2;4;3;150;33542;3501
2026-07-03 10:43:46.108;Pivô de Alta → Baixa (venda);-1;175950;4;3;1;3;5;100;63120;7852
2026-07-03 10:45:28.141;Pivô de Baixa → Alta (compra);1;175950;3;5;3;5;4;200;53965;7865
2026-07-03 10:51:10.724;Pivô de Alta → Baixa (venda);-1;176050;5;4;2;4;4;150;38849;4612
2026-07-03 10:51:34.286;Pivô de Baixa → Alta (compra);1;176000;4;4;2;4;1;150;6958;473
2026-07-03 10:57:39.877;Pivô de Baixa → Alta (compra);1;176150;1;11;9;11;1;500;63264;8599
2026-07-03 11:09:46.320;Pivô de Alta → Baixa (venda);-1;176550;1;3;1;3;1;100;54764;6746
2026-07-03 11:12:58.614;Pivô de Alta → Baixa (venda);-1;176450;1;2;0;2;2;50;49974;7446
2026-07-03 11:15:24.577;Pivô de Baixa → Alta (compra);1;176500;2;2;0;2;3;50;57889;7045
2026-07-03 11:17:07.980;Pivô de Alta → Baixa (venda);-1;176450;2;3;1;3;4;100;48713;6836
2026-07-03 11:19:17.727;Pivô de Baixa → Alta (compra);1;176450;3;4;2;4;3;150;45156;6335
2026-07-03 11:31:28.096;Pivô de Alta → Baixa (venda);-1;176500;4;3;1;3;5;100;55719;6685
2026-07-03 11:36:22.069;Pivô de Baixa → Alta (compra);1;176500;3;5;3;5;1;200;40691;4950
2026-07-03 11:41:35.154;Pivô de Alta → Baixa (venda);-1;176600;1;2;0;2;3;50;28147;3568
2026-07-03 11:45:18.100;Pivô de Baixa → Alta (compra);1;176650;2;3;1;3;1;100;63260;8334
2026-07-03 11:59:10.519;Pivô de Baixa → Alta (compra);1;176750;1;3;1;3;1;100;62477;7181
2026-07-03 12:10:24.687;Pivô de Baixa → Alta (compra);1;176850;1;3;1;3;2;100;53544;6358
2026-07-03 12:22:45.208;Pivô de Alta → Baixa (venda);-1;176850;3;2;0;2;3;50;69996;8448
2026-07-03 12:30:34.299;Pivô de Baixa → Alta (compra);1;176900;2;3;1;3;1;100;50987;6099
2026-07-03 12:59:26.391;Pivô de Baixa → Alta (compra);1;177000;1;4;2;4;4;150;42482;3933
2026-07-03 13:08:25.008;Pivô de Alta → Baixa (venda);-1;177050;4;4;2;4;1;150;128350;13756
2026-07-03 13:34:17.388;Pivô de Alta → Baixa (venda);-1;176900;1;2;0;2;1;50;174104;21676
2026-07-03 14:06:30.077;Pivô de Alta → Baixa (venda);-1;176850;1;3;1;3;5;100;60963;7763
2026-07-03 14:18:34.172;Pivô de Baixa → Alta (compra);1;176850;3;5;3;5;5;200;29752;3635
2026-07-03 14:37:09.018;Pivô de Alta → Baixa (venda);-1;176950;5;5;3;5;1;200;143688;19788
2026-07-03 15:17:26.504;Pivô de Baixa → Alta (compra);1;176850;1;2;0;2;6;50;34193;3461
2026-07-03 15:21:25.790;Pivô de Alta → Baixa (venda);-1;176800;2;6;4;6;3;250;159993;19570
2026-07-03 16:40:43.457;Pivô de Baixa → Alta (compra);1;176650;6;3;1;3;3;100;147189;16830
2026-07-03 16:56:20.513;Pivô de Alta → Baixa (venda);-1;176650;3;3;1;3;5;100;104638;12361
2026-07-03 17:05:09.877;Pivô de Baixa → Alta (compra);1;176650;3;5;3;5;1;200;83044;9364
2026-07-03 18:17:48.160;Pivô de Baixa → Alta (compra);1;176850;1;2;0;2;6;50;16393;2157
2026-07-03 18:31:23.496;Pivô de Alta → Baixa (venda);-1;176800;2;6;4;6;4;250;21017;87
2026-07-06 09:00:52.143;Pivô de Baixa → Alta (compra);1;176650;6;4;2;4;3;150;1087;327
2026-07-06 09:00:53.765;Pivô de Alta → Baixa (venda);-1;176700;4;3;1;3;2;100;1384;339
2026-07-06 09:00:56.131;Pivô de Baixa → Alta (compra);1;176700;3;2;0;2;9;50;1874;349
2026-07-06 09:01:04.467;Pivô de Alta → Baixa (venda);-1;176650;2;9;7;9;3;400;4762;961
2026-07-06 09:01:16.342;Pivô de Baixa → Alta (compra);1;176350;9;3;1;3;2;100;3916;695
2026-07-06 09:01:18.042;Pivô de Alta → Baixa (venda);-1;176350;3;2;0;2;3;50;2652;418
2026-07-06 09:01:21.049;Pivô de Baixa → Alta (compra);1;176400;2;3;1;3;10;100;5870;1274
2026-07-06 09:01:26.339;Pivô de Alta → Baixa (venda);-1;176400;3;10;8;10;3;450;10356;2062
2026-07-06 09:01:53.616;Pivô de Baixa → Alta (compra);1;176050;10;3;1;3;11;100;11910;2140
2026-07-06 09:01:59.971;Pivô de Alta → Baixa (venda);-1;176050;3;11;9;11;1;500;3100;584
2026-07-06 09:03:02.779;Pivô de Alta → Baixa (venda);-1;175550;1;2;0;2;1;50;5230;847
2026-07-06 09:03:25.377;Pivô de Baixa → Alta (compra);1;175600;1;4;2;4;3;150;6709;1114
2026-07-06 09:03:32.059;Pivô de Alta → Baixa (venda);-1;175650;4;3;1;3;2;100;5773;942
2026-07-06 09:03:40.080;Pivô de Baixa → Alta (compra);1;175650;3;2;0;2;2;50;14065;2294
2026-07-06 09:03:53.526;Pivô de Alta → Baixa (venda);-1;175600;2;2;0;2;1;50;26954;4156
2026-07-06 09:04:37.398;Pivô de Alta → Baixa (venda);-1;175550;1;2;0;2;2;50;5049;875
2026-07-06 09:04:44.930;Pivô de Baixa → Alta (compra);1;175600;2;2;0;2;1;50;18243;2840
2026-07-06 09:05:18.408;Pivô de Baixa → Alta (compra);1;175650;1;2;0;2;6;50;11611;1775
2026-07-06 09:05:31.154;Pivô de Alta → Baixa (venda);-1;175600;2;6;4;6;2;250;18450;2395
2026-07-06 09:06:16.763;Pivô de Baixa → Alta (compra);1;175450;6;2;0;2;2;50;43248;6586
2026-07-06 09:07:08.716;Pivô de Alta → Baixa (venda);-1;175400;2;2;0;2;3;50;14706;1797
2026-07-06 09:07:21.141;Pivô de Baixa → Alta (compra);1;175450;2;3;1;3;1;100;11655;1739
2026-07-06 09:08:36.602;Pivô de Baixa → Alta (compra);1;175550;1;2;0;2;7;50;22115;2854
2026-07-06 09:09:33.261;Pivô de Alta → Baixa (venda);-1;175500;2;7;5;7;5;300;10961;1266
2026-07-06 09:11:41.981;Pivô de Baixa → Alta (compra);1;175300;7;5;3;5;1;200;42958;5469
2026-07-06 09:13:43.718;Pivô de Baixa → Alta (compra);1;175500;1;3;1;3;2;100;8478;1271
2026-07-06 09:15:18.856;Pivô de Alta → Baixa (venda);-1;175500;3;2;0;2;1;50;40101;4949
2026-07-06 09:16:44.677;Pivô de Baixa → Alta (compra);1;175550;1;7;5;7;3;300;9958;1404
2026-07-06 09:18:21.755;Pivô de Alta → Baixa (venda);-1;175750;7;3;1;3;1;100;17812;1944
2026-07-06 09:18:56.314;Pivô de Alta → Baixa (venda);-1;175650;1;7;5;7;1;300;39530;4678
2026-07-06 09:23:31.833;Pivô de Alta → Baixa (venda);-1;175350;1;6;4;6;1;250;37683;3915
2026-07-06 09:29:17.037;Pivô de Baixa → Alta (compra);1;175200;1;5;3;5;3;200;16924;1990
2026-07-06 09:30:57.801;Pivô de Alta → Baixa (venda);-1;175300;5;3;1;3;1;100;11236;1136
2026-07-06 09:35:08.158;Pivô de Alta → Baixa (venda);-1;175200;1;3;1;3;4;100;37443;4817
2026-07-06 09:41:41.709;Pivô de Baixa → Alta (compra);1;175200;3;4;2;4;5;150;31313;4143
2026-07-06 09:43:11.722;Pivô de Alta → Baixa (venda);-1;175250;4;5;3;5;1;200;17992;2353
2026-07-06 09:58:29.241;Pivô de Alta → Baixa (venda);-1;175050;1;5;3;5;1;200;41255;4655
2026-07-06 10:01:00.440;Pivô de Alta → Baixa (venda);-1;174850;1;2;0;2;2;50;28781;3171
2026-07-06 10:01:47.582;Pivô de Baixa → Alta (compra);1;174900;2;2;0;2;1;50;47674;5720
2026-07-06 10:05:04.278;Pivô de Baixa → Alta (compra);1;174950;1;6;4;6;1;250;20902;2687
2026-07-06 10:08:11.720;Pivô de Alta → Baixa (venda);-1;175100;1;4;2;4;1;150;37618;4594
2026-07-06 10:10:27.048;Pivô de Baixa → Alta (compra);1;175050;1;5;3;5;6;200;47879;5397
2026-07-06 10:12:06.992;Pivô de Alta → Baixa (venda);-1;175150;5;6;4;6;2;250;51967;6326
2026-07-06 10:14:27.894;Pivô de Baixa → Alta (compra);1;175000;6;2;0;2;2;50;93238;8437
2026-07-06 10:15:46.250;Pivô de Alta → Baixa (venda);-1;174950;2;2;0;2;3;50;42356;4383
2026-07-06 10:16:45.335;Pivô de Baixa → Alta (compra);1;175000;2;3;1;3;4;100;21104;2639
2026-07-06 10:17:14.177;Pivô de Alta → Baixa (venda);-1;175000;3;4;2;4;2;150;58343;7235
2026-07-06 10:19:03.054;Pivô de Baixa → Alta (compra);1;174950;4;2;0;2;4;50;52496;5485
2026-07-06 10:20:08.646;Pivô de Alta → Baixa (venda);-1;174900;2;4;2;4;2;150;10549;1220
2026-07-06 10:20:59.865;Pivô de Baixa → Alta (compra);1;174850;4;2;0;2;2;50;71632;7484
2026-07-06 10:22:28.883;Pivô de Alta → Baixa (venda);-1;174800;2;2;0;2;1;50;23615;3170
2026-07-06 10:24:49.567;Pivô de Alta → Baixa (venda);-1;174750;1;3;1;3;1;100;9872;1023
2026-07-06 10:26:27.785;Pivô de Alta → Baixa (venda);-1;174650;1;4;2;4;1;150;20943;2092
2026-07-06 10:29:03.830;Pivô de Baixa → Alta (compra);1;174600;1;8;6;8;5;350;22580;3079
2026-07-06 10:30:28.181;Pivô de Alta → Baixa (venda);-1;174850;8;5;3;5;2;200;51821;6220
2026-07-06 10:31:25.229;Pivô de Baixa → Alta (compra);1;174750;5;2;0;2;3;50;12723;1306
2026-07-06 10:31:37.829;Pivô de Alta → Baixa (venda);-1;174700;2;3;1;3;3;100;15890;1764
2026-07-06 10:32:12.973;Pivô de Baixa → Alta (compra);1;174700;3;3;1;3;4;100;76499;8321
2026-07-06 10:33:33.529;Pivô de Alta → Baixa (venda);-1;174700;3;4;2;4;2;150;24240;2381
2026-07-06 10:34:23.358;Pivô de Baixa → Alta (compra);1;174650;4;2;0;2;1;50;44906;4964
2026-07-06 10:35:27.398;Pivô de Baixa → Alta (compra);1;174700;1;3;1;3;1;100;28379;2942
2026-07-06 10:37:05.986;Pivô de Baixa → Alta (compra);1;174800;1;3;1;3;4;100;47438;4945
2026-07-06 10:38:34.143;Pivô de Alta → Baixa (venda);-1;174800;3;4;2;4;1;150;35822;3887
2026-07-06 10:41:35.434;Pivô de Baixa → Alta (compra);1;174750;1;13;11;13;4;600;30426;3574
2026-07-06 10:46:27.278;Pivô de Alta → Baixa (venda);-1;175250;13;4;2;4;6;150;28803;3141
2026-07-06 10:47:07.778;Pivô de Baixa → Alta (compra);1;175200;4;6;4;6;5;250;32625;4089
2026-07-06 10:48:40.090;Pivô de Alta → Baixa (venda);-1;175350;6;5;3;5;2;200;39399;4280
2026-07-06 10:49:34.484;Pivô de Baixa → Alta (compra);1;175250;5;2;0;2;9;50;7907;1037
2026-07-06 10:49:46.493;Pivô de Alta → Baixa (venda);-1;175200;2;9;7;9;2;400;35655;4558
2026-07-06 10:51:17.013;Pivô de Baixa → Alta (compra);1;174900;9;2;0;2;1;50;44387;5595
2026-07-06 10:53:06.284;Pivô de Baixa → Alta (compra);1;174950;1;2;0;2;1;50;22213;2565
2026-07-06 10:54:37.147;Pivô de Alta → Baixa (venda);-1;174900;1;6;4;6;2;250;15370;2103
2026-07-06 10:56:28.657;Pivô de Baixa → Alta (compra);1;174750;6;2;0;2;3;50;25560;3039
2026-07-06 10:56:52.160;Pivô de Alta → Baixa (venda);-1;174700;2;3;1;3;3;100;53859;7101
2026-07-06 10:58:34.680;Pivô de Baixa → Alta (compra);1;174700;3;3;1;3;3;100;44883;6350
2026-07-06 11:00:22.308;Pivô de Alta → Baixa (venda);-1;174700;3;3;1;3;1;100;9465;1264
2026-07-06 11:01:08.853;Pivô de Alta → Baixa (venda);-1;174600;1;8;6;8;1;350;30938;4308
2026-07-06 11:08:15.407;Pivô de Alta → Baixa (venda);-1;174250;1;4;2;4;2;150;32670;3587
2026-07-06 11:09:52.035;Pivô de Baixa → Alta (compra);1;174200;4;2;0;2;1;50;54387;6758
2026-07-06 11:12:12.653;Pivô de Baixa → Alta (compra);1;174250;1;2;0;2;1;50;24892;3160
2026-07-06 11:13:57.901;Pivô de Alta → Baixa (venda);-1;174200;1;2;0;2;2;50;80678;9630
2026-07-06 11:18:51.641;Pivô de Baixa → Alta (compra);1;174250;2;2;0;2;1;50;36327;3890
2026-07-06 11:22:20.678;Pivô de Baixa → Alta (compra);1;174300;1;3;1;3;4;100;76949;9305
2026-07-06 11:25:22.507;Pivô de Alta → Baixa (venda);-1;174300;3;4;2;4;1;150;56668;6270
2026-07-06 11:35:34.714;Pivô de Alta → Baixa (venda);-1;174150;1;5;3;5;1;200;13018;1250
2026-07-06 11:44:49.879;Pivô de Alta → Baixa (venda);-1;173950;1;2;0;2;4;50;54949;6174
2026-07-06 11:46:46.118;Pivô de Baixa → Alta (compra);1;174000;2;4;2;4;1;150;114947;12761
2026-07-06 11:54:19.986;Pivô de Baixa → Alta (compra);1;174150;1;3;1;3;2;100;154833;17892
2026-07-06 12:06:56.692;Pivô de Alta → Baixa (venda);-1;174150;3;2;0;2;3;50;19113;1883
2026-07-06 12:07:29.674;Pivô de Baixa → Alta (compra);1;174200;2;3;1;3;2;100;27132;2531
2026-07-06 12:10:50.487;Pivô de Alta → Baixa (venda);-1;174200;3;2;0;2;1;50;96208;10348
2026-07-06 12:16:02.604;Pivô de Alta → Baixa (venda);-1;174150;1;3;1;3;7;100;52420;5882
2026-07-06 12:19:12.561;Pivô de Baixa → Alta (compra);1;174150;3;7;5;7;6;300;57046;5918
2026-07-06 12:40:13.655;Pivô de Alta → Baixa (venda);-1;174350;7;6;4;6;1;250;21025;1805
2026-07-06 13:22:53.020;Pivô de Baixa → Alta (compra);1;174200;1;4;2;4;1;150;162932;17568
2026-07-06 13:49:41.821;Pivô de Alta → Baixa (venda);-1;174250;1;2;0;2;3;50;56586;6092
2026-07-06 13:55:03.136;Pivô de Baixa → Alta (compra);1;174300;2;3;1;3;1;100;78635;8891
2026-07-06 14:04:49.953;Pivô de Baixa → Alta (compra);1;174400;1;2;0;2;3;50;39007;4452
2026-07-06 14:09:45.113;Pivô de Alta → Baixa (venda);-1;174350;2;3;1;3;9;100;19729;2161
2026-07-06 14:10:36.517;Pivô de Baixa → Alta (compra);1;174350;3;9;7;9;4;400;93521;8986
2026-07-06 14:29:07.121;Pivô de Alta → Baixa (venda);-1;174650;9;4;2;4;6;150;21352;2118
2026-07-06 14:35:09.988;Pivô de Baixa → Alta (compra);1;174600;4;6;4;6;1;250;132242;13363
2026-07-06 15:00:08.083;Pivô de Alta → Baixa (venda);-1;174750;1;2;0;2;1;50;20338;2168
2026-07-06 15:01:50.944;Pivô de Alta → Baixa (venda);-1;174700;1;3;1;3;4;100;118878;12028
2026-07-06 15:10:03.773;Pivô de Baixa → Alta (compra);1;174700;3;4;2;4;7;150;63318;5968
2026-07-06 15:22:46.197;Pivô de Alta → Baixa (venda);-1;174750;4;7;5;7;3;300;228893;23481
2026-07-06 16:12:21.164;Pivô de Baixa → Alta (compra);1;174550;7;3;1;3;1;100;106805;11447
2026-07-06 16:38:10.505;Pivô de Baixa → Alta (compra);1;174650;1;2;0;2;1;50;62098;7030
2026-07-06 16:56:14.279;Pivô de Baixa → Alta (compra);1;174700;1;3;1;3;9;100;120445;11603
2026-07-06 17:45:05.768;Pivô de Alta → Baixa (venda);-1;174700;3;9;7;9;3;400;137246;16094
2026-07-07 09:03:09.399;Pivô de Baixa → Alta (compra);1;174400;9;3;1;3;3;100;2073;292
2026-07-07 09:03:17.357;Pivô de Alta → Baixa (venda);-1;174400;3;3;1;3;15;100;8817;1111
2026-07-07 09:03:22.160;Pivô de Baixa → Alta (compra);1;174400;3;15;13;15;3;700;11538;1732
2026-07-07 09:04:15.227;Pivô de Alta → Baixa (venda);-1;175000;15;3;1;3;4;100;21732;2799
2026-07-07 09:04:35.923;Pivô de Baixa → Alta (compra);1;175000;3;4;2;4;3;150;8818;1155
2026-07-07 09:04:48.629;Pivô de Alta → Baixa (venda);-1;175050;4;3;1;3;4;100;7694;1008
2026-07-07 09:05:04.537;Pivô de Baixa → Alta (compra);1;175050;3;4;2;4;2;150;4687;571
2026-07-07 09:05:21.306;Pivô de Alta → Baixa (venda);-1;175100;4;2;0;2;5;50;15732;1783
2026-07-07 09:05:29.198;Pivô de Baixa → Alta (compra);1;175150;2;5;3;5;1;200;38861;5159
2026-07-07 09:06:59.903;Pivô de Baixa → Alta (compra);1;175350;1;5;3;5;3;200;14613;1657
2026-07-07 09:07:51.465;Pivô de Alta → Baixa (venda);-1;175450;5;3;1;3;1;100;32247;3660
2026-07-07 09:09:46.233;Pivô de Baixa → Alta (compra);1;175450;1;3;1;3;3;100;9822;1314
2026-07-07 09:10:14.651;Pivô de Alta → Baixa (venda);-1;175450;3;3;1;3;5;100;91269;11234
2026-07-07 09:11:56.667;Pivô de Baixa → Alta (compra);1;175450;3;5;3;5;4;200;50984;6804
2026-07-07 09:14:35.977;Pivô de Alta → Baixa (venda);-1;175550;5;4;2;4;3;150;91607;10750
2026-07-07 09:16:34.970;Pivô de Baixa → Alta (compra);1;175500;4;3;1;3;4;100;12681;1671
2026-07-07 09:18:11.399;Pivô de Alta → Baixa (venda);-1;175500;3;4;2;4;1;150;29354;3050
2026-07-07 09:19:52.750;Pivô de Alta → Baixa (venda);-1;175350;1;5;3;5;3;200;14827;1679
2026-07-07 09:20:47.007;Pivô de Baixa → Alta (compra);1;175250;5;3;1;3;1;100;75263;8463
2026-07-07 09:23:58.995;Pivô de Baixa → Alta (compra);1;175350;1;5;3;5;1;200;16947;1995
2026-07-07 09:28:42.745;Pivô de Alta → Baixa (venda);-1;175450;1;5;3;5;3;200;64773;9061
2026-07-07 09:32:15.561;Pivô de Baixa → Alta (compra);1;175350;5;3;1;3;2;100;64922;7862
2026-07-07 09:34:14.555;Pivô de Alta → Baixa (venda);-1;175350;3;2;0;2;1;50;22770;2976
2026-07-07 09:35:11.680;Pivô de Alta → Baixa (venda);-1;175300;1;4;2;4;4;150;64519;7932
2026-07-07 09:38:47.713;Pivô de Baixa → Alta (compra);1;175250;4;4;2;4;5;150;94889;11556
2026-07-07 09:44:02.635;Pivô de Alta → Baixa (venda);-1;175300;4;5;3;5;2;200;73542;9272
2026-07-07 09:50:34.963;Pivô de Baixa → Alta (compra);1;175200;5;2;0;2;2;50;25081;2802
2026-07-07 09:52:38.632;Pivô de Alta → Baixa (venda);-1;175150;2;2;0;2;1;50;19437;1940
2026-07-07 09:57:43.963;Pivô de Alta → Baixa (venda);-1;175100;1;2;0;2;2;50;38427;4348
2026-07-07 09:58:44.594;Pivô de Baixa → Alta (compra);1;175150;2;2;0;2;2;50;40700;3810
2026-07-07 10:00:01.199;Pivô de Alta → Baixa (venda);-1;175100;2;2;0;2;4;50;45617;4719
2026-07-07 10:00:51.362;Pivô de Baixa → Alta (compra);1;175150;2;4;2;4;4;150;45466;4753
2026-07-07 10:01:45.984;Pivô de Alta → Baixa (venda);-1;175200;4;4;2;4;3;150;38389;3946
2026-07-07 10:02:35.201;Pivô de Baixa → Alta (compra);1;175150;4;3;1;3;6;100;34540;4041
2026-07-07 10:03:43.240;Pivô de Alta → Baixa (venda);-1;175150;3;6;4;6;2;250;28051;2719
2026-07-07 10:04:23.097;Pivô de Baixa → Alta (compra);1;175000;6;2;0;2;4;50;87695;10455
2026-07-07 10:05:44.288;Pivô de Alta → Baixa (venda);-1;174950;2;4;2;4;5;150;43466;5075
2026-07-07 10:07:33.911;Pivô de Baixa → Alta (compra);1;174900;4;5;3;5;3;200;26942;2686
2026-07-07 10:08:48.322;Pivô de Alta → Baixa (venda);-1;175000;5;3;1;3;1;100;46264;5028
2026-07-07 10:11:02.838;Pivô de Alta → Baixa (venda);-1;174900;1;2;0;2;5;50;5861;655
2026-07-07 10:11:16.895;Pivô de Baixa → Alta (compra);1;174950;2;5;3;5;8;200;12926;1687
2026-07-07 10:12:35.449;Pivô de Alta → Baixa (venda);-1;175050;5;8;6;8;2;350;64290;6146
2026-07-07 10:14:33.338;Pivô de Baixa → Alta (compra);1;174800;8;2;0;2;1;50;20202;1804
2026-07-07 10:15:06.000;Pivô de Baixa → Alta (compra);1;174850;1;2;0;2;2;50;59502;6597
2026-07-07 10:15:49.666;Pivô de Alta → Baixa (venda);-1;174800;2;2;0;2;8;50;38347;4072
2026-07-07 10:17:48.367;Pivô de Baixa → Alta (compra);1;174850;2;8;6;8;2;350;44700;4018
2026-07-07 10:20:10.295;Pivô de Alta → Baixa (venda);-1;175100;8;2;0;2;1;50;129285;13303
2026-07-07 10:23:38.981;Pivô de Alta → Baixa (venda);-1;175050;1;9;7;9;10;400;15779;1630
2026-07-07 10:27:27.607;Pivô de Baixa → Alta (compra);1;174750;9;10;8;10;1;450;90026;10474
2026-07-07 10:30:29.554;Pivô de Baixa → Alta (compra);1;175200;1;6;4;6;1;250;73978;7571
2026-07-07 10:33:16.998;Pivô de Baixa → Alta (compra);1;175450;1;4;2;4;4;150;15163;2008
2026-07-07 10:34:06.550;Pivô de Alta → Baixa (venda);-1;175500;4;4;2;4;3;150;34967;3967
2026-07-07 10:35:30.499;Pivô de Baixa → Alta (compra);1;175450;4;3;1;3;2;100;36001;4539
2026-07-07 10:36:03.527;Pivô de Alta → Baixa (venda);-1;175450;3;2;0;2;5;50;41760;5251
2026-07-07 10:36:52.004;Pivô de Baixa → Alta (compra);1;175500;2;5;3;5;5;200;15185;1787
2026-07-07 10:39:08.820;Pivô de Alta → Baixa (venda);-1;175600;5;5;3;5;4;200;34664;4104
2026-07-07 10:40:28.025;Pivô de Baixa → Alta (compra);1;175500;5;4;2;4;3;150;62038;7355
2026-07-07 10:42:18.336;Pivô de Alta → Baixa (venda);-1;175550;4;3;1;3;4;100;8436;926
2026-07-07 10:42:49.954;Pivô de Baixa → Alta (compra);1;175550;3;4;2;4;3;150;10783;1171
2026-07-07 10:44:02.882;Pivô de Alta → Baixa (venda);-1;175600;4;3;1;3;4;100;34484;3181
2026-07-07 10:44:54.776;Pivô de Baixa → Alta (compra);1;175600;3;4;2;4;6;150;20799;2088
2026-07-07 10:45:39.108;Pivô de Alta → Baixa (venda);-1;175650;4;6;4;6;2;250;86003;9406
2026-07-07 10:49:00.795;Pivô de Baixa → Alta (compra);1;175500;6;2;0;2;3;50;24232;2637
2026-07-07 10:49:31.698;Pivô de Alta → Baixa (venda);-1;175450;2;3;1;3;1;100;16410;1744
2026-07-07 10:51:01.319;Pivô de Alta → Baixa (venda);-1;175350;1;2;0;2;1;50;14992;1372
2026-07-07 10:53:09.499;Pivô de Alta → Baixa (venda);-1;175300;1;7;5;7;1;300;16152;1672
2026-07-07 10:55:37.510;Pivô de Alta → Baixa (venda);-1;175000;1;10;8;10;9;450;31892;3572
2026-07-07 10:59:03.360;Pivô de Baixa → Alta (compra);1;174650;10;9;7;9;3;400;26621;3750
2026-07-07 11:01:01.819;Pivô de Alta → Baixa (venda);-1;174950;9;3;1;3;1;100;25254;2872
2026-07-07 11:02:11.120;Pivô de Alta → Baixa (venda);-1;174850;1;7;5;7;5;300;42579;4359
2026-07-07 11:04:39.036;Pivô de Baixa → Alta (compra);1;174650;7;5;3;5;2;200;33559;3553
2026-07-07 11:06:03.016;Pivô de Alta → Baixa (venda);-1;174750;5;2;0;2;2;50;83337;9284
2026-07-07 11:07:37.583;Pivô de Baixa → Alta (compra);1;174800;2;2;0;2;5;50;21002;2532
2026-07-07 11:08:02.034;Pivô de Alta → Baixa (venda);-1;174750;2;5;3;5;3;200;19861;2099
2026-07-07 11:08:52.566;Pivô de Baixa → Alta (compra);1;174650;5;3;1;3;5;100;27559;2429
2026-07-07 11:09:25.821;Pivô de Alta → Baixa (venda);-1;174650;3;5;3;5;2;200;27135;3368
2026-07-07 11:13:12.892;Pivô de Baixa → Alta (compra);1;174550;5;2;0;2;5;50;17735;1539
2026-07-07 11:13:30.109;Pivô de Alta → Baixa (venda);-1;174500;2;5;3;5;1;200;20007;2160
2026-07-07 11:16:07.187;Pivô de Alta → Baixa (venda);-1;174300;1;4;2;4;2;150;19681;2389
2026-07-07 11:17:34.817;Pivô de Baixa → Alta (compra);1;174250;4;2;0;2;6;50;45276;5921
2026-07-07 11:18:22.411;Pivô de Alta → Baixa (venda);-1;174200;2;6;4;6;1;250;14544;1682
2026-07-07 11:24:00.962;Pivô de Alta → Baixa (venda);-1;173950;1;8;6;8;6;350;16105;1841
2026-07-07 11:26:18.409;Pivô de Baixa → Alta (compra);1;173700;8;6;4;6;1;250;63231;7879
2026-07-07 11:32:43.027;Pivô de Alta → Baixa (venda);-1;173850;1;2;0;2;4;50;28968;3569
2026-07-07 11:34:39.053;Pivô de Baixa → Alta (compra);1;173900;2;4;2;4;1;150;38015;4356
2026-07-07 11:39:56.813;Pivô de Baixa → Alta (compra);1;174050;1;4;2;4;1;150;31950;3895
2026-07-07 11:42:05.031;Pivô de Baixa → Alta (compra);1;174200;1;7;5;7;4;300;34354;3818
2026-07-07 11:48:08.030;Pivô de Alta → Baixa (venda);-1;174400;7;4;2;4;2;150;68346;7754
2026-07-07 11:51:52.666;Pivô de Baixa → Alta (compra);1;174350;4;2;0;2;3;50;30614;3430
2026-07-07 11:55:08.870;Pivô de Alta → Baixa (venda);-1;174300;2;3;1;3;1;100;23058;2704
2026-07-07 11:56:12.311;Pivô de Alta → Baixa (venda);-1;174200;1;7;5;7;2;300;33398;4019
2026-07-07 12:05:23.246;Pivô de Baixa → Alta (compra);1;174000;7;2;0;2;3;50;78916;9438
2026-07-07 12:09:19.981;Pivô de Alta → Baixa (venda);-1;173950;2;3;1;3;1;100;35885;4637
2026-07-07 12:12:44.662;Pivô de Alta → Baixa (venda);-1;173850;1;4;2;4;3;150;42485;5048
2026-07-07 12:17:33.768;Pivô de Baixa → Alta (compra);1;173800;4;3;1;3;1;100;63630;7482
2026-07-07 12:26:12.182;Pivô de Baixa → Alta (compra);1;173900;1;2;0;2;5;50;79707;8811
2026-07-07 12:32:53.036;Pivô de Alta → Baixa (venda);-1;173850;2;5;3;5;2;200;29397;3255
2026-07-07 12:38:58.009;Pivô de Baixa → Alta (compra);1;173750;5;2;0;2;2;50;56607;7353
2026-07-07 12:48:33.120;Pivô de Alta → Baixa (venda);-1;173700;2;2;0;2;1;50;23548;2377
2026-07-07 12:52:39.176;Pivô de Alta → Baixa (venda);-1;173650;1;3;1;3;4;100;106267;10593
2026-07-07 13:09:08.050;Pivô de Baixa → Alta (compra);1;173650;3;4;2;4;1;150;36794;3992
2026-07-07 13:30:34.348;Pivô de Alta → Baixa (venda);-1;173700;1;2;0;2;5;50;17964;1875
2026-07-07 13:41:32.181;Pivô de Baixa → Alta (compra);1;173750;2;5;3;5;1;200;218142;22399
2026-07-07 14:05:48.367;Pivô de Baixa → Alta (compra);1;173950;1;2;0;2;2;50;27433;3525
2026-07-07 14:08:31.659;Pivô de Alta → Baixa (venda);-1;173900;2;2;0;2;6;50;26774;2497
2026-07-07 14:10:31.328;Pivô de Baixa → Alta (compra);1;173950;2;6;4;6;2;250;154418;15373
2026-07-07 14:29:24.993;Pivô de Alta → Baixa (venda);-1;174100;6;2;0;2;1;50;74815;8004
2026-07-07 14:36:34.695;Pivô de Alta → Baixa (venda);-1;174050;1;4;2;4;2;150;55248;5553
2026-07-07 14:44:14.319;Pivô de Baixa → Alta (compra);1;174000;4;2;0;2;5;50;105391;12525
2026-07-07 14:54:37.386;Pivô de Alta → Baixa (venda);-1;173950;2;5;3;5;8;200;93383;9768
2026-07-07 15:05:20.820;Pivô de Baixa → Alta (compra);1;173850;5;8;6;8;1;350;159714;17554
2026-07-07 15:38:49.274;Pivô de Baixa → Alta (compra);1;174200;1;3;1;3;3;100;91138;9260
2026-07-07 15:47:39.912;Pivô de Alta → Baixa (venda);-1;174200;3;3;1;3;1;100;57271;5162
2026-07-07 15:52:00.394;Pivô de Alta → Baixa (venda);-1;174100;1;4;2;4;3;150;163737;17127
2026-07-07 16:01:05.532;Pivô de Baixa → Alta (compra);1;174050;4;3;1;3;2;100;32632;3411
2026-07-07 16:04:49.169;Pivô de Alta → Baixa (venda);-1;174050;3;2;0;2;2;50;56032;5407
2026-07-07 16:12:46.036;Pivô de Baixa → Alta (compra);1;174100;2;2;0;2;1;50;77951;8021
2026-07-07 16:22:22.091;Pivô de Alta → Baixa (venda);-1;174050;1;4;2;4;2;150;71860;7552
2026-07-07 16:35:09.811;Pivô de Baixa → Alta (compra);1;174000;4;2;0;2;1;50;48547;4954
2026-07-07 16:40:23.427;Pivô de Baixa → Alta (compra);1;174050;1;2;0;2;1;50;87425;8983
2026-07-07 16:53:38.119;Pivô de Baixa → Alta (compra);1;174100;1;2;0;2;37;50;110852;10745
2026-07-07 17:02:16.481;Pivô de Alta → Baixa (venda);-1;174050;2;37;35;37;4;1800;94375;10439
2026-07-08 09:00:58.558;Pivô de Baixa → Alta (compra);1;172350;37;4;2;4;2;150;16559;130
2026-07-08 09:01:01.025;Pivô de Alta → Baixa (venda);-1;172400;4;2;0;2;7;50;3443;915
2026-07-08 09:01:04.170;Pivô de Baixa → Alta (compra);1;172450;2;7;5;7;12;300;6186;1107
2026-07-08 09:01:10.015;Pivô de Alta → Baixa (venda);-1;172650;7;12;10;12;6;550;666;66
2026-07-08 09:01:24.959;Pivô de Baixa → Alta (compra);1;172200;12;6;4;6;2;250;8575;1783
2026-07-08 09:01:29.286;Pivô de Alta → Baixa (venda);-1;172350;6;2;0;2;11;50;6457;1537
2026-07-08 09:01:31.094;Pivô de Baixa → Alta (compra);1;172400;2;11;9;11;4;500;2864;594
2026-07-08 09:01:42.618;Pivô de Alta → Baixa (venda);-1;172800;11;4;2;4;5;150;5328;1009
2026-07-08 09:01:45.620;Pivô de Baixa → Alta (compra);1;172750;4;5;3;5;1;200;4988;989
2026-07-08 09:01:52.754;Pivô de Baixa → Alta (compra);1;172950;1;14;12;14;6;650;18237;3415
2026-07-08 09:02:27.735;Pivô de Alta → Baixa (venda);-1;173500;14;6;4;6;4;250;5470;743
2026-07-08 09:02:32.196;Pivô de Baixa → Alta (compra);1;173350;6;4;2;4;3;150;5903;1108
2026-07-08 09:02:36.950;Pivô de Alta → Baixa (venda);-1;173400;4;3;1;3;2;100;5194;942
2026-07-08 09:02:42.725;Pivô de Baixa → Alta (compra);1;173400;3;2;0;2;1;50;7517;1153
2026-07-08 09:02:54.558;Pivô de Alta → Baixa (venda);-1;173350;1;3;1;3;4;100;1669;262
2026-07-08 09:02:57.075;Pivô de Baixa → Alta (compra);1;173350;3;4;2;4;1;150;4761;778
2026-07-08 09:03:14.956;Pivô de Baixa → Alta (compra);1;173500;1;2;0;2;3;50;28774;4491
2026-07-08 09:03:44.311;Pivô de Alta → Baixa (venda);-1;173450;2;3;1;3;3;100;30725;4099
2026-07-08 09:04:02.135;Pivô de Baixa → Alta (compra);1;173450;3;3;1;3;2;100;7675;1010
2026-07-08 09:04:11.221;Pivô de Alta → Baixa (venda);-1;173450;3;2;0;2;6;50;13385;1881
2026-07-08 09:04:33.477;Pivô de Baixa → Alta (compra);1;173500;2;6;4;6;1;250;11419;1636
2026-07-08 09:05:37.898;Pivô de Alta → Baixa (venda);-1;173650;1;2;0;2;2;50;46723;5483
2026-07-08 09:06:20.494;Pivô de Baixa → Alta (compra);1;173700;2;2;0;2;7;50;25464;3826
2026-07-08 09:06:49.122;Pivô de Alta → Baixa (venda);-1;173650;2;7;5;7;1;300;17674;2458
2026-07-08 09:08:41.581;Pivô de Alta → Baixa (venda);-1;173350;1;3;1;3;5;100;8505;1149
2026-07-08 09:09:02.937;Pivô de Baixa → Alta (compra);1;173350;3;5;3;5;1;200;33516;4701
2026-07-08 09:10:03.231;Pivô de Baixa → Alta (compra);1;173550;1;2;0;2;1;50;7138;1004
2026-07-08 09:12:02.271;Pivô de Baixa → Alta (compra);1;173600;1;3;1;3;2;100;21241;2685
2026-07-08 09:12:40.524;Pivô de Alta → Baixa (venda);-1;173600;3;2;0;2;1;50;30577;3541
2026-07-08 09:13:22.051;Pivô de Alta → Baixa (venda);-1;173550;1;6;4;6;6;250;30741;4197
2026-07-08 09:15:52.702;Pivô de Baixa → Alta (compra);1;173400;6;6;4;6;1;250;23737;3156
2026-07-08 09:21:08.296;Pivô de Baixa → Alta (compra);1;173650;1;3;1;3;2;100;17516;2405
2026-07-08 09:21:42.653;Pivô de Alta → Baixa (venda);-1;173650;3;2;0;2;1;50;13462;1740
2026-07-08 09:23:49.858;Pivô de Alta → Baixa (venda);-1;173600;1;2;0;2;5;50;19212;2615
2026-07-08 09:25:02.414;Pivô de Baixa → Alta (compra);1;173650;2;5;3;5;3;200;20778;2196
2026-07-08 09:30:08.054;Pivô de Alta → Baixa (venda);-1;173750;5;3;1;3;1;100;40411;4899
2026-07-08 09:33:05.090;Pivô de Alta → Baixa (venda);-1;173650;1;2;0;2;1;50;36345;4829
2026-07-08 09:39:44.249;Pivô de Alta → Baixa (venda);-1;173600;1;2;0;2;1;50;39746;5438
2026-07-08 09:51:07.780;Pivô de Baixa → Alta (compra);1;173650;1;2;0;2;1;50;25285;2938
2026-07-08 09:54:29.583;Pivô de Baixa → Alta (compra);1;173700;1;2;0;2;4;50;53064;6008
2026-07-08 09:56:21.532;Pivô de Alta → Baixa (venda);-1;173650;2;4;2;4;2;150;21401;1856
2026-07-08 09:56:47.208;Pivô de Baixa → Alta (compra);1;173600;4;2;0;2;1;50;28414;2896
2026-07-08 10:00:00.581;Pivô de Baixa → Alta (compra);1;173650;1;3;1;3;2;100;5158;374
2026-07-08 10:00:10.317;Pivô de Alta → Baixa (venda);-1;173650;3;2;0;2;1;50;68866;6405
2026-07-08 10:02:04.981;Pivô de Baixa → Alta (compra);1;173700;1;2;0;2;8;50;65022;7157
2026-07-08 10:04:14.690;Pivô de Alta → Baixa (venda);-1;173650;2;8;6;8;4;350;33468;3730
2026-07-08 10:06:10.126;Pivô de Baixa → Alta (compra);1;173400;8;4;2;4;2;150;40280;4964
2026-07-08 10:07:11.002;Pivô de Alta → Baixa (venda);-1;173450;4;2;0;2;1;50;38396;4708
2026-07-08 10:08:38.202;Pivô de Alta → Baixa (venda);-1;173400;1;4;2;4;2;150;69504;7155
2026-07-08 10:10:36.800;Pivô de Baixa → Alta (compra);1;173350;4;2;0;2;7;50;45739;4869
2026-07-08 10:11:06.220;Pivô de Alta → Baixa (venda);-1;173300;2;7;5;7;1;300;20447;2465
2026-07-08 10:14:32.742;Pivô de Baixa → Alta (compra);1;173100;1;2;0;2;9;50;33812;4029
2026-07-08 10:15:06.683;Pivô de Alta → Baixa (venda);-1;173050;2;9;7;9;4;400;21948;2635
2026-07-08 10:17:41.121;Pivô de Baixa → Alta (compra);1;172750;9;4;2;4;16;150;17596;946
2026-07-08 10:17:58.906;Pivô de Alta → Baixa (venda);-1;172800;4;16;14;16;6;750;20258;2136
2026-07-08 10:21:28.903;Pivô de Baixa → Alta (compra);1;172150;16;6;4;6;1;250;119217;11749
2026-07-08 10:23:35.628;Pivô de Baixa → Alta (compra);1;172400;1;11;9;11;2;500;31510;2836
2026-07-08 10:25:43.780;Pivô de Alta → Baixa (venda);-1;172800;11;2;0;2;3;50;31507;2709
2026-07-08 10:25:56.169;Pivô de Baixa → Alta (compra);1;172850;2;3;1;3;2;100;18210;1563
2026-07-08 10:26:22.583;Pivô de Alta → Baixa (venda);-1;172850;3;2;0;2;9;50;69288;8251
2026-07-08 10:27:34.322;Pivô de Baixa → Alta (compra);1;172900;2;9;7;9;3;400;28194;3336
2026-07-08 10:28:52.478;Pivô de Alta → Baixa (venda);-1;173200;9;3;1;3;5;100;48862;5770
2026-07-08 10:30:30.834;Pivô de Baixa → Alta (compra);1;173200;3;5;3;5;3;200;15316;1703
2026-07-08 10:31:03.310;Pivô de Alta → Baixa (venda);-1;173300;5;3;1;3;1;100;24569;2735
2026-07-08 10:31:43.173;Pivô de Baixa → Alta (compra);1;173300;1;4;2;4;4;150;11434;1542
2026-07-08 10:32:20.963;Pivô de Alta → Baixa (venda);-1;173350;4;4;2;4;2;150;10944;1081
2026-07-08 10:32:41.948;Pivô de Baixa → Alta (compra);1;173300;4;2;0;2;1;50;6708;918
2026-07-08 10:33:01.296;Pivô de Baixa → Alta (compra);1;173350;1;3;1;3;4;100;11009;1347
2026-07-08 10:33:22.306;Pivô de Alta → Baixa (venda);-1;173350;3;4;2;4;1;150;54714;6261
2026-07-08 10:34:33.666;Pivô de Alta → Baixa (venda);-1;173200;1;8;6;8;1;350;29391;3400
2026-07-08 10:36:04.045;Pivô de Alta → Baixa (venda);-1;172850;1;2;0;2;1;50;40263;5007
2026-07-08 10:38:04.577;Pivô de Baixa → Alta (compra);1;172900;1;3;1;3;1;100;75388;7788
2026-07-08 10:41:05.764;Pivô de Baixa → Alta (compra);1;173000;1;3;1;3;2;100;26225;2729
2026-07-08 10:41:49.142;Pivô de Alta → Baixa (venda);-1;173000;3;2;0;2;1;50;55072;5298
2026-07-08 10:43:14.836;Pivô de Baixa → Alta (compra);1;173050;1;4;2;4;3;150;28777;3263
2026-07-08 10:44:19.630;Pivô de Alta → Baixa (venda);-1;173100;4;3;1;3;4;100;38903;4211
2026-07-08 10:45:55.151;Pivô de Baixa → Alta (compra);1;173100;3;4;2;4;7;150;5643;519
2026-07-08 10:46:18.170;Pivô de Alta → Baixa (venda);-1;173150;4;7;5;7;3;300;26040;2623
2026-07-08 10:48:55.566;Pivô de Baixa → Alta (compra);1;172950;7;3;1;3;3;100;37431;4693
2026-07-08 10:50:05.691;Pivô de Alta → Baixa (venda);-1;172950;3;3;1;3;2;100;21562;2664
2026-07-08 10:50:42.167;Pivô de Baixa → Alta (compra);1;172950;3;2;0;2;4;50;12711;1464
2026-07-08 10:51:01.750;Pivô de Alta → Baixa (venda);-1;172900;2;4;2;4;1;150;6696;976
2026-07-08 10:52:20.616;Pivô de Alta → Baixa (venda);-1;172750;1;2;0;2;1;50;49978;6648
2026-07-08 10:54:51.240;Pivô de Alta → Baixa (venda);-1;172700;1;2;0;2;1;50;15530;1753
2026-07-08 10:58:41.774;Pivô de Baixa → Alta (compra);1;172750;1;2;0;2;1;50;7651;843
2026-07-08 11:00:30.535;Pivô de Baixa → Alta (compra);1;172800;1;2;0;2;4;50;30517;3183
2026-07-08 11:01:19.725;Pivô de Alta → Baixa (venda);-1;172750;2;4;2;4;2;150;18026;1980
2026-07-08 11:02:04.697;Pivô de Baixa → Alta (compra);1;172700;4;2;0;2;2;50;62282;7662
2026-07-08 11:04:28.563;Pivô de Alta → Baixa (venda);-1;172650;2;2;0;2;2;50;11722;1368
2026-07-08 11:05:15.301;Pivô de Baixa → Alta (compra);1;172700;2;2;0;2;1;50;13898;1670
2026-07-08 11:06:48.510;Pivô de Baixa → Alta (compra);1;172750;1;8;6;8;3;350;36436;3757
2026-07-08 11:09:49.324;Pivô de Alta → Baixa (venda);-1;173000;8;3;1;3;2;100;16332;2040
2026-07-08 11:10:31.454;Pivô de Baixa → Alta (compra);1;173000;3;2;0;2;7;50;41252;5219
2026-07-08 11:11:36.282;Pivô de Alta → Baixa (venda);-1;172950;2;7;5;7;4;300;40083;4862
2026-07-08 11:15:22.642;Pivô de Baixa → Alta (compra);1;172750;7;4;2;4;3;150;82714;10576
2026-07-08 11:18:29.560;Pivô de Alta → Baixa (venda);-1;172800;4;3;1;3;6;100;17144;2096
2026-07-08 11:20:07.228;Pivô de Baixa → Alta (compra);1;172800;3;6;4;6;2;250;29455;3863
2026-07-08 11:23:07.550;Pivô de Alta → Baixa (venda);-1;172950;6;2;0;2;2;50;20923;2393
2026-07-08 11:24:15.742;Pivô de Baixa → Alta (compra);1;173000;2;2;0;2;7;50;31463;3914
2026-07-08 11:25:31.243;Pivô de Alta → Baixa (venda);-1;172950;2;7;5;7;4;300;32890;4066
2026-07-08 11:27:15.900;Pivô de Baixa → Alta (compra);1;172750;7;4;2;4;2;150;14175;1529
2026-07-08 11:28:48.297;Pivô de Alta → Baixa (venda);-1;172800;4;2;0;2;1;50;5558;493
2026-07-08 11:29:31.687;Pivô de Alta → Baixa (venda);-1;172750;1;3;1;3;2;100;32395;4586
2026-07-08 11:33:40.478;Pivô de Baixa → Alta (compra);1;172750;3;2;0;2;6;50;22802;2607
2026-07-08 11:34:21.131;Pivô de Alta → Baixa (venda);-1;172700;2;6;4;6;3;250;39442;4810
2026-07-08 11:37:13.763;Pivô de Baixa → Alta (compra);1;172550;6;3;1;3;4;100;16864;1906
2026-07-08 11:37:33.971;Pivô de Alta → Baixa (venda);-1;172550;3;4;2;4;1;150;28000;3474
2026-07-08 11:44:14.325;Pivô de Alta → Baixa (venda);-1;172400;1;2;0;2;1;50;34672;3823
2026-07-08 11:47:21.649;Pivô de Alta → Baixa (venda);-1;172350;1;4;2;4;1;150;43071;4588
2026-07-08 11:51:06.612;Pivô de Alta → Baixa (venda);-1;172200;1;2;0;2;3;50;20636;2173
2026-07-08 11:54:10.462;Pivô de Baixa → Alta (compra);1;172250;2;3;1;3;2;100;46093;5043
2026-07-08 11:55:34.553;Pivô de Alta → Baixa (venda);-1;172250;3;2;0;2;1;50;67995;6980
2026-07-08 11:57:53.409;Pivô de Alta → Baixa (venda);-1;172200;1;3;1;3;8;100;15854;1693
2026-07-08 12:00:26.163;Pivô de Baixa → Alta (compra);1;172200;3;8;6;8;2;350;68981;8223
2026-07-08 12:07:55.094;Pivô de Alta → Baixa (venda);-1;172450;8;2;0;2;1;50;131697;15750
2026-07-08 12:15:07.224;Pivô de Alta → Baixa (venda);-1;172400;1;2;0;2;1;50;18528;2160
2026-07-08 12:20:46.336;Pivô de Alta → Baixa (venda);-1;172350;1;2;0;2;6;50;37740;4709
2026-07-08 12:26:35.095;Pivô de Baixa → Alta (compra);1;172400;2;6;4;6;2;250;80800;10222
2026-07-08 12:36:31.016;Pivô de Alta → Baixa (venda);-1;172550;6;2;0;2;1;50;62202;7978
2026-07-08 12:43:08.270;Pivô de Alta → Baixa (venda);-1;172500;1;6;4;6;1;250;50409;6090
2026-07-08 13:27:37.927;Pivô de Alta → Baixa (venda);-1;172250;1;2;0;2;1;50;109965;10121
2026-07-08 13:36:06.308;Pivô de Baixa → Alta (compra);1;172300;1;7;5;7;1;300;37929;4058
2026-07-08 13:41:26.367;Pivô de Baixa → Alta (compra);1;172600;1;8;6;8;8;350;71345;8453
2026-07-08 13:52:03.475;Pivô de Alta → Baixa (venda);-1;172850;8;8;6;8;6;350;30793;3746
2026-07-08 14:11:04.770;Pivô de Baixa → Alta (compra);1;172600;8;6;4;6;4;250;38875;4543
2026-07-08 14:22:23.788;Pivô de Alta → Baixa (venda);-1;172750;6;4;2;4;1;150;66304;8107
2026-07-08 14:32:27.691;Pivô de Alta → Baixa (venda);-1;172600;1;2;0;2;1;50;69945;7438
2026-07-08 14:55:34.292;Pivô de Baixa → Alta (compra);1;172650;1;7;5;7;3;300;63143;6525
2026-07-08 15:10:36.555;Pivô de Alta → Baixa (venda);-1;172850;7;3;1;3;2;100;74226;8432
2026-07-08 15:25:35.508;Pivô de Baixa → Alta (compra);1;172850;3;2;0;2;2;50;68541;7851
2026-07-08 15:31:05.579;Pivô de Alta → Baixa (venda);-1;172800;2;2;0;2;3;50;51411;5809
2026-07-08 15:35:35.370;Pivô de Baixa → Alta (compra);1;172850;2;3;1;3;2;100;151994;17294
2026-07-08 15:51:18.930;Pivô de Alta → Baixa (venda);-1;172850;3;2;0;2;2;50;68896;7143
2026-07-08 15:56:00.874;Pivô de Baixa → Alta (compra);1;172900;2;2;0;2;1;50;140770;15366
2026-07-08 16:24:45.293;Pivô de Baixa → Alta (compra);1;172950;1;3;1;3;4;100;80453;9784
2026-07-08 16:37:05.986;Pivô de Alta → Baixa (venda);-1;172950;3;4;2;4;2;150;124271;14743
2026-07-08 16:48:10.442;Pivô de Baixa → Alta (compra);1;172900;4;2;0;2;5;50;44342;4530
2026-07-08 16:57:30.814;Pivô de Alta → Baixa (venda);-1;172850;2;5;3;5;1;200;37096;3577
2026-07-08 17:05:35.069;Pivô de Alta → Baixa (venda);-1;172650;1;5;3;5;15;200;111374;12599
2026-07-08 17:36:25.694;Pivô de Baixa → Alta (compra);1;172550;5;15;13;15;14;700;32370;3777
2026-07-09 09:00:58.788;Pivô de Alta → Baixa (venda);-1;173150;15;14;12;14;11;650;10674;1258
2026-07-09 09:01:24.563;Pivô de Baixa → Alta (compra);1;172600;14;11;9;11;4;500;9985;1015
2026-07-09 09:01:51.043;Pivô de Alta → Baixa (venda);-1;173000;11;4;2;4;3;150;6220;699
2026-07-09 09:02:02.145;Pivô de Baixa → Alta (compra);1;172950;4;3;1;3;1;100;9055;981
2026-07-09 09:02:35.863;Pivô de Alta → Baixa (venda);-1;172950;1;2;0;2;1;50;21391;2000
2026-07-09 09:03:27.494;Pivô de Baixa → Alta (compra);1;173000;1;3;1;3;1;100;3882;412
2026-07-09 09:04:08.189;Pivô de Alta → Baixa (venda);-1;173000;1;2;0;2;2;50;5921;518
2026-07-09 09:04:14.967;Pivô de Baixa → Alta (compra);1;173050;2;2;0;2;2;50;21472;1886
2026-07-09 09:04:36.344;Pivô de Alta → Baixa (venda);-1;173000;2;2;0;2;6;50;24409;2115
2026-07-09 09:05:04.372;Pivô de Baixa → Alta (compra);1;173050;2;6;4;6;1;250;12119;1114
2026-07-09 09:06:11.875;Pivô de Baixa → Alta (compra);1;173300;1;3;1;3;3;100;15272;1419
2026-07-09 09:06:39.821;Pivô de Alta → Baixa (venda);-1;173300;3;3;1;3;10;100;18823;1559
2026-07-09 09:06:59.068;Pivô de Baixa → Alta (compra);1;173300;3;10;8;10;11;450;16858;1423
2026-07-09 09:08:41.723;Pivô de Alta → Baixa (venda);-1;173650;10;11;9;11;10;500;29885;2787
2026-07-09 09:11:58.405;Pivô de Baixa → Alta (compra);1;173250;11;10;8;10;1;450;44373;3336
2026-07-09 09:19:14.631;Pivô de Baixa → Alta (compra);1;173700;1;2;0;2;2;50;12466;1252
2026-07-09 09:19:47.633;Pivô de Alta → Baixa (venda);-1;173650;2;2;0;2;4;50;9691;604
2026-07-09 09:20:53.890;Pivô de Baixa → Alta (compra);1;173700;2;4;2;4;3;150;18264;1592
2026-07-09 09:23:37.369;Pivô de Alta → Baixa (venda);-1;173750;4;3;1;3;1;100;26342;2572
2026-07-09 09:26:43.704;Pivô de Alta → Baixa (venda);-1;173650;1;2;0;2;2;50;20168;2156
2026-07-09 09:27:32.100;Pivô de Baixa → Alta (compra);1;173700;2;2;0;2;2;50;19220;1891
2026-07-09 09:28:09.530;Pivô de Alta → Baixa (venda);-1;173650;2;2;0;2;1;50;28981;3187
2026-07-09 09:30:40.502;Pivô de Baixa → Alta (compra);1;173700;1;2;0;2;3;50;28729;2481
2026-07-09 09:31:23.285;Pivô de Alta → Baixa (venda);-1;173650;2;3;1;3;2;100;42958;4033
2026-07-09 09:33:01.500;Pivô de Baixa → Alta (compra);1;173650;3;2;0;2;6;50;73783;7290
2026-07-09 09:35:06.003;Pivô de Alta → Baixa (venda);-1;173600;2;6;4;6;3;250;42160;4233
2026-07-09 09:41:45.865;Pivô de Baixa → Alta (compra);1;173450;6;3;1;3;5;100;19134;1857
2026-07-09 09:42:45.349;Pivô de Alta → Baixa (venda);-1;173450;3;5;3;5;1;200;96197;9369
2026-07-09 09:54:36.818;Pivô de Alta → Baixa (venda);-1;173250;1;6;4;6;8;250;22843;1994
2026-07-09 09:57:46.000;Pivô de Baixa → Alta (compra);1;173100;6;8;6;8;3;350;27702;2547
2026-07-09 10:01:27.899;Pivô de Alta → Baixa (venda);-1;173350;8;3;1;3;1;100;70923;5474
2026-07-09 10:03:04.996;Pivô de Baixa → Alta (compra);1;173350;1;3;1;3;1;100;13890;1307
2026-07-09 10:04:35.863;Pivô de Baixa → Alta (compra);1;173450;1;3;1;3;3;100;28306;2028
2026-07-09 10:05:32.884;Pivô de Alta → Baixa (venda);-1;173450;3;3;1;3;1;100;43739;3798
2026-07-09 10:09:00.328;Pivô de Baixa → Alta (compra);1;173450;1;2;0;2;1;50;11353;852
2026-07-09 10:12:43.255;Pivô de Baixa → Alta (compra);1;173500;1;6;4;6;6;250;15293;1161
2026-07-09 10:14:14.861;Pivô de Alta → Baixa (venda);-1;173650;6;6;4;6;1;250;73086;5588
2026-07-09 10:16:10.327;Pivô de Alta → Baixa (venda);-1;173400;1;4;2;4;10;150;50801;5020
2026-07-09 10:18:58.380;Pivô de Baixa → Alta (compra);1;173350;4;10;8;10;8;450;30127;2016
2026-07-09 10:23:27.135;Pivô de Alta → Baixa (venda);-1;173700;10;8;6;8;1;350;80237;6148
2026-07-09 10:28:52.616;Pivô de Alta → Baixa (venda);-1;173350;1;9;7;9;1;400;36745;3677
2026-07-09 10:31:45.356;Pivô de Baixa → Alta (compra);1;173050;1;6;4;6;4;250;39557;3437
2026-07-09 10:33:59.809;Pivô de Alta → Baixa (venda);-1;173200;6;4;2;4;1;150;18987;1556
2026-07-09 10:35:59.584;Pivô de Baixa → Alta (compra);1;173150;1;2;0;2;1;50;18577;1142
2026-07-09 10:38:11.832;Pivô de Alta → Baixa (venda);-1;173100;1;2;0;2;3;50;20669;1756
2026-07-09 10:38:51.914;Pivô de Baixa → Alta (compra);1;173150;2;3;1;3;5;100;72940;6176
2026-07-09 10:42:31.240;Pivô de Alta → Baixa (venda);-1;173150;3;5;3;5;1;200;25173;2119
2026-07-09 10:46:01.339;Pivô de Alta → Baixa (venda);-1;172950;1;3;1;3;2;100;100676;8265
2026-07-09 10:50:35.834;Pivô de Baixa → Alta (compra);1;172950;3;2;0;2;1;50;68977;5561
2026-07-09 10:53:10.885;Pivô de Alta → Baixa (venda);-1;172900;1;2;0;2;8;50;30403;2364
2026-07-09 10:54:53.355;Pivô de Baixa → Alta (compra);1;172950;2;8;6;8;1;350;50580;3967
2026-07-09 11:01:00.941;Pivô de Baixa → Alta (compra);1;173300;1;12;10;12;2;550;46818;3643
2026-07-09 11:06:48.401;Pivô de Alta → Baixa (venda);-1;173750;12;2;0;2;5;50;47605;3432
2026-07-09 11:07:14.642;Pivô de Baixa → Alta (compra);1;173800;2;5;3;5;6;200;48093;4114
2026-07-09 11:08:49.334;Pivô de Alta → Baixa (venda);-1;173900;5;6;4;6;4;250;33856;2811
2026-07-09 11:12:01.979;Pivô de Baixa → Alta (compra);1;173750;6;4;2;4;2;150;67782;5925
2026-07-09 11:14:50.553;Pivô de Alta → Baixa (venda);-1;173800;4;2;0;2;3;50;30064;2214
2026-07-09 11:15:30.150;Pivô de Baixa → Alta (compra);1;173850;2;3;1;3;1;100;43062;3529
2026-07-09 11:17:47.358;Pivô de Baixa → Alta (compra);1;173950;1;3;1;3;4;100;15533;1295
2026-07-09 11:18:48.801;Pivô de Alta → Baixa (venda);-1;173950;3;4;2;4;4;150;49291;4889
2026-07-09 11:21:12.876;Pivô de Baixa → Alta (compra);1;173900;4;4;2;4;1;150;18381;1513
2026-07-09 11:22:34.717;Pivô de Baixa → Alta (compra);1;174050;1;2;0;2;1;50;21817;1840
2026-07-09 11:23:56.260;Pivô de Baixa → Alta (compra);1;174100;1;6;4;6;3;250;46757;3832
2026-07-09 11:26:32.229;Pivô de Alta → Baixa (venda);-1;174250;6;3;1;3;4;100;52117;3475
2026-07-09 11:26:59.481;Pivô de Baixa → Alta (compra);1;174250;3;4;2;4;2;150;87526;6927
2026-07-09 11:31:04.325;Pivô de Alta → Baixa (venda);-1;174300;4;2;0;2;1;50;41440;4076
2026-07-09 11:36:51.253;Pivô de Alta → Baixa (venda);-1;174250;1;3;1;3;2;100;25986;2259
2026-07-09 11:38:16.977;Pivô de Baixa → Alta (compra);1;174250;3;2;0;2;1;50;40355;3521
2026-07-09 11:42:21.453;Pivô de Baixa → Alta (compra);1;174300;1;4;2;4;1;150;93460;8765
2026-07-09 11:55:27.433;Pivô de Baixa → Alta (compra);1;174450;1;2;0;2;2;50;71637;7356
2026-07-09 12:00:05.074;Pivô de Alta → Baixa (venda);-1;174400;2;2;0;2;6;50;61245;4851
2026-07-09 12:02:17.755;Pivô de Baixa → Alta (compra);1;174450;2;6;4;6;10;250;87059;7989
2026-07-09 12:14:31.013;Pivô de Alta → Baixa (venda);-1;174600;6;10;8;10;1;450;55249;4982
2026-07-09 12:30:20.171;Pivô de Baixa → Alta (compra);1;174250;1;11;9;11;6;500;55355;4629
2026-07-09 13:10:57.533;Pivô de Alta → Baixa (venda);-1;174650;11;6;4;6;1;250;114244;11457
2026-07-09 14:08:49.036;Pivô de Baixa → Alta (compra);1;174500;1;10;8;10;4;450;127881;12110
2026-07-09 14:41:01.935;Pivô de Alta → Baixa (venda);-1;174850;10;4;2;4;1;150;236009;19890
2026-07-09 15:13:59.174;Pivô de Alta → Baixa (venda);-1;174700;1;2;0;2;6;50;96717;7916
2026-07-09 15:28:26.172;Pivô de Baixa → Alta (compra);1;174750;2;6;4;6;3;250;201052;15566
2026-07-09 16:19:04.191;Pivô de Alta → Baixa (venda);-1;174900;6;3;1;3;7;100;185599;14623
2026-07-09 16:34:53.301;Pivô de Baixa → Alta (compra);1;174900;3;7;5;7;2;300;109117;8548
2026-07-09 17:19:49.664;Pivô de Alta → Baixa (venda);-1;175100;7;2;0;2;6;50;63828;5723
2026-07-09 17:41:13.529;Pivô de Baixa → Alta (compra);1;175150;2;6;4;6;1;250;52238;5716
2026-07-09 18:17:44.643;Pivô de Baixa → Alta (compra);1;175400;1;15;13;15;2;700;29598;3693
2026-07-10 09:00:51.545;Pivô de Alta → Baixa (venda);-1;176000;15;2;0;2;5;50;1126;207
2026-07-10 09:00:51.664;Pivô de Baixa → Alta (compra);1;176050;2;5;3;5;4;200;2241;397
2026-07-10 09:00:52.830;Pivô de Alta → Baixa (venda);-1;176150;5;4;2;4;3;150;660;102
2026-07-10 09:00:55.763;Pivô de Baixa → Alta (compra);1;176100;4;3;1;3;2;100;6053;753
2026-07-10 09:00:58.215;Pivô de Alta → Baixa (venda);-1;176100;3;2;0;2;6;50;1027;155
2026-07-10 09:01:00.080;Pivô de Baixa → Alta (compra);1;176150;2;6;4;6;2;250;4270;613
2026-07-10 09:01:09.950;Pivô de Alta → Baixa (venda);-1;176300;6;2;0;2;2;50;4728;605
2026-07-10 09:01:11.617;Pivô de Baixa → Alta (compra);1;176350;2;2;0;2;3;50;13135;1451
2026-07-10 09:01:19.756;Pivô de Alta → Baixa (venda);-1;176300;2;3;1;3;4;100;18375;1751
2026-07-10 09:01:28.380;Pivô de Baixa → Alta (compra);1;176300;3;4;2;4;6;150;14937;1475
2026-07-10 09:01:44.973;Pivô de Alta → Baixa (venda);-1;176350;4;6;4;6;2;250;21158;2226
2026-07-10 09:02:06.185;Pivô de Baixa → Alta (compra);1;176200;6;2;0;2;3;50;6251;568
2026-07-10 09:02:08.114;Pivô de Alta → Baixa (venda);-1;176150;2;3;1;3;7;100;9264;1060
2026-07-10 09:02:16.839;Pivô de Baixa → Alta (compra);1;176150;3;7;5;7;1;300;1781;179
2026-07-10 09:02:59.729;Pivô de Baixa → Alta (compra);1;176450;1;3;1;3;1;100;7211;729
2026-07-10 09:03:26.034;Pivô de Baixa → Alta (compra);1;176550;1;6;4;6;1;250;6587;618
2026-07-10 09:04:44.783;Pivô de Baixa → Alta (compra);1;176800;1;2;0;2;3;50;23836;2584
2026-07-10 09:05:05.396;Pivô de Alta → Baixa (venda);-1;176750;2;3;1;3;5;100;32791;2969
2026-07-10 09:05:33.223;Pivô de Baixa → Alta (compra);1;176750;3;5;3;5;3;200;12106;1025
2026-07-10 09:06:38.036;Pivô de Alta → Baixa (venda);-1;176850;5;3;1;3;3;100;16931;1564
2026-07-10 09:07:00.220;Pivô de Baixa → Alta (compra);1;176850;3;3;1;3;1;100;20140;1851
2026-07-10 09:07:58.662;Pivô de Baixa → Alta (compra);1;176950;1;9;7;9;1;400;8378;751
2026-07-10 09:12:22.590;Pivô de Baixa → Alta (compra);1;177350;1;6;4;6;3;250;15674;1277
2026-07-10 09:14:03.922;Pivô de Alta → Baixa (venda);-1;177500;6;3;1;3;4;100;24996;1545
2026-07-10 09:14:31.402;Pivô de Baixa → Alta (compra);1;177500;3;4;2;4;7;150;13423;753
2026-07-10 09:14:53.222;Pivô de Alta → Baixa (venda);-1;177550;4;7;5;7;2;300;39154;2785
2026-07-10 09:16:17.217;Pivô de Baixa → Alta (compra);1;177350;7;2;0;2;1;50;40135;3178
2026-07-10 09:17:35.422;Pivô de Baixa → Alta (compra);1;177400;1;3;1;3;1;100;42523;3550
2026-07-10 09:20:27.549;Pivô de Baixa → Alta (compra);1;177500;1;2;0;2;1;50;28428;2281
2026-07-10 09:21:20.411;Pivô de Baixa → Alta (compra);1;177550;1;7;5;7;2;300;115462;9792
2026-07-10 09:26:07.440;Pivô de Alta → Baixa (venda);-1;177750;7;2;0;2;1;50;23850;1693
2026-07-10 09:26:58.964;Pivô de Alta → Baixa (venda);-1;177700;1;5;3;5;5;200;14541;1091
2026-07-10 09:29:59.752;Pivô de Baixa → Alta (compra);1;177600;5;5;3;5;4;200;32866;2960
2026-07-10 09:31:46.123;Pivô de Alta → Baixa (venda);-1;177700;5;4;2;4;4;150;55191;4338
2026-07-10 09:36:50.394;Pivô de Baixa → Alta (compra);1;177650;4;4;2;4;2;150;12669;899
2026-07-10 09:38:01.154;Pivô de Alta → Baixa (venda);-1;177700;4;2;0;2;6;50;96290;8986
2026-07-10 09:41:21.818;Pivô de Baixa → Alta (compra);1;177750;2;6;4;6;3;250;31702;2716
2026-07-10 09:47:15.192;Pivô de Alta → Baixa (venda);-1;177900;6;3;1;3;2;100;40512;2883
2026-07-10 09:47:52.579;Pivô de Baixa → Alta (compra);1;177900;3;2;0;2;1;50;39007;3331
2026-07-10 09:51:40.850;Pivô de Baixa → Alta (compra);1;177950;1;19;17;19;1;900;90586;7801
2026-07-10 09:55:09.342;Pivô de Baixa → Alta (compra);1;178850;1;7;5;7;1;300;3914;500
2026-07-10 09:55:10.182;Pivô de Baixa → Alta (compra);1;179150;1;3;1;3;2;100;921;108
2026-07-10 09:55:10.410;Pivô de Alta → Baixa (venda);-1;179150;3;2;0;2;1;50;37146;142
2026-07-10 09:57:41.060;Pivô de Alta → Baixa (venda);-1;179100;1;2;0;2;3;50;1274;194
2026-07-10 09:57:41.233;Pivô de Baixa → Alta (compra);1;179150;2;3;1;3;12;100;4307;599
2026-07-10 09:57:42.408;Pivô de Alta → Baixa (venda);-1;179150;3;12;10;12;4;550;2010;106
2026-07-10 09:57:52.973;Pivô de Baixa → Alta (compra);1;178700;12;4;2;4;3;150;11140;1350
2026-07-10 09:57:56.353;Pivô de Alta → Baixa (venda);-1;178750;4;3;1;3;1;100;2849;229
2026-07-10 09:58:00.427;Pivô de Alta → Baixa (venda);-1;178650;1;7;5;7;2;300;1837;254
2026-07-10 09:58:09.196;Pivô de Baixa → Alta (compra);1;178450;7;2;0;2;1;50;14507;1267
2026-07-10 09:58:12.722;Pivô de Baixa → Alta (compra);1;178500;1;5;3;5;2;200;1983;279
2026-07-10 09:58:13.379;Pivô de Alta → Baixa (venda);-1;178600;5;2;0;2;1;50;2525;315
2026-07-10 09:58:13.773;Pivô de Alta → Baixa (venda);-1;178550;1;6;4;6;14;250;661;140
2026-07-10 09:58:20.723;Pivô de Baixa → Alta (compra);1;178400;6;14;12;14;7;650;12660;1265
2026-07-10 09:58:26.367;Pivô de Alta → Baixa (venda);-1;178950;14;7;5;7;4;300;166;10
2026-07-10 09:58:26.369;Pivô de Baixa → Alta (compra);1;178750;7;4;2;4;1;150;189;29
2026-07-10 09:58:26.401;Pivô de Baixa → Alta (compra);1;178900;1;2;0;2;4;50;20;1
2026-07-10 09:58:26.403;Pivô de Alta → Baixa (venda);-1;178850;2;4;2;4;3;150;125;16
2026-07-10 09:58:26.405;Pivô de Baixa → Alta (compra);1;178800;4;3;1;3;3;100;274;51
2026-07-10 09:58:26.412;Pivô de Alta → Baixa (venda);-1;178800;3;3;1;3;1;100;21;14
2026-07-10 09:58:26.417;Pivô de Alta → Baixa (venda);-1;178700;1;3;1;3;1;100;51;12
2026-07-10 09:58:27.240;Pivô de Baixa → Alta (compra);1;178700;1;2;0;2;9;50;705;108
2026-07-10 09:58:27.435;Pivô de Alta → Baixa (venda);-1;178650;2;9;7;9;4;400;818;162
2026-07-10 09:58:52.740;Pivô de Baixa → Alta (compra);1;178350;9;4;2;4;1;150;17498;1766
2026-07-10 09:59:05.869;Pivô de Alta → Baixa (venda);-1;178400;1;3;1;3;1;100;5485;862
2026-07-10 09:59:24.667;Pivô de Alta → Baixa (venda);-1;178300;1;2;0;2;6;50;23856;2819
2026-07-10 10:00:01.521;Pivô de Baixa → Alta (compra);1;178350;2;6;4;6;1;250;18189;2087
2026-07-10 10:01:36.119;Pivô de Baixa → Alta (compra);1;178600;1;2;0;2;1;50;17427;2154
2026-07-10 10:03:14.462;Pivô de Baixa → Alta (compra);1;178650;1;3;1;3;2;100;9746;814
2026-07-10 10:03:23.923;Pivô de Alta → Baixa (venda);-1;178650;3;2;0;2;1;50;14513;1327
2026-07-10 10:04:06.635;Pivô de Alta → Baixa (venda);-1;178600;1;6;4;6;3;250;12835;1308
2026-07-10 10:04:43.027;Pivô de Baixa → Alta (compra);1;178450;6;3;1;3;2;100;5725;555
2026-07-10 10:06:06.496;Pivô de Alta → Baixa (venda);-1;178450;3;2;0;2;2;50;17549;1566
2026-07-10 10:06:52.419;Pivô de Baixa → Alta (compra);1;178500;2;2;0;2;7;50;10246;854
2026-07-10 10:08:02.943;Pivô de Alta → Baixa (venda);-1;178450;2;7;5;7;2;300;11799;1001
2026-07-10 10:09:44.498;Pivô de Baixa → Alta (compra);1;178250;7;2;0;2;4;50;8956;741
2026-07-10 10:10:02.857;Pivô de Alta → Baixa (venda);-1;178200;2;4;2;4;2;150;5967;619
2026-07-10 10:11:14.292;Pivô de Baixa → Alta (compra);1;178150;4;2;0;2;2;50;46844;4044
2026-07-10 10:12:01.044;Pivô de Alta → Baixa (venda);-1;178100;2;2;0;2;1;50;25324;2226
2026-07-10 10:14:08.970;Pivô de Alta → Baixa (venda);-1;178050;1;2;0;2;2;50;16476;1385
2026-07-10 10:14:43.404;Pivô de Baixa → Alta (compra);1;178100;2;2;0;2;2;50;16124;1445
2026-07-10 10:15:01.414;Pivô de Alta → Baixa (venda);-1;178050;2;2;0;2;2;50;18336;1783
2026-07-10 10:15:37.643;Pivô de Baixa → Alta (compra);1;178100;2;2;0;2;5;50;28869;2231
2026-07-10 10:16:02.471;Pivô de Alta → Baixa (venda);-1;178050;2;5;3;5;3;200;36524;3276
2026-07-10 10:17:13.584;Pivô de Baixa → Alta (compra);1;177950;5;3;1;3;4;100;52736;4525
2026-07-10 10:18:01.301;Pivô de Alta → Baixa (venda);-1;177950;3;4;2;4;1;150;16466;1082
2026-07-10 10:19:11.288;Pivô de Alta → Baixa (venda);-1;177800;1;3;1;3;1;100;20315;1447
2026-07-10 10:20:45.820;Pivô de Alta → Baixa (venda);-1;177700;1;4;2;4;4;150;17422;1505
2026-07-10 10:21:45.505;Pivô de Baixa → Alta (compra);1;177650;4;4;2;4;1;150;16939;1191
2026-07-10 10:24:27.944;Pivô de Baixa → Alta (compra);1;177800;1;3;1;3;1;100;25494;1945
2026-07-10 10:25:14.803;Pivô de Baixa → Alta (compra);1;177900;1;8;6;8;5;350;32605;3066
2026-07-10 10:26:05.971;Pivô de Alta → Baixa (venda);-1;178150;8;5;3;5;2;200;14766;1411
2026-07-10 10:27:26.448;Pivô de Baixa → Alta (compra);1;178050;5;2;0;2;3;50;53026;4442
2026-07-10 10:28:53.845;Pivô de Alta → Baixa (venda);-1;178000;2;3;1;3;4;100;20943;2149
2026-07-10 10:30:14.037;Pivô de Baixa → Alta (compra);1;178000;3;4;2;4;2;150;19780;1252
2026-07-10 10:31:50.602;Pivô de Alta → Baixa (venda);-1;178050;4;2;0;2;1;50;26946;1912
2026-07-10 10:33:06.474;Pivô de Baixa → Alta (compra);1;178100;1;2;0;2;1;50;29824;2353
2026-07-10 10:34:16.025;Pivô de Baixa → Alta (compra);1;178150;1;2;0;2;4;50;19280;1463
2026-07-10 10:34:54.829;Pivô de Alta → Baixa (venda);-1;178100;2;4;2;4;3;150;15668;1006
2026-07-10 10:35:18.747;Pivô de Baixa → Alta (compra);1;178050;4;3;1;3;1;100;25904;2085
2026-07-10 10:36:45.281;Pivô de Baixa → Alta (compra);1;178150;1;7;5;7;2;300;4141;263
2026-07-10 10:38:03.512;Pivô de Alta → Baixa (venda);-1;178350;7;2;0;2;3;50;60341;4469
2026-07-10 10:38:59.349;Pivô de Baixa → Alta (compra);1;178400;2;3;1;3;2;100;25145;2236
2026-07-10 10:40:05.261;Pivô de Alta → Baixa (venda);-1;178400;3;2;0;2;1;50;24204;1289
2026-07-10 10:41:41.532;Pivô de Alta → Baixa (venda);-1;178350;1;11;9;11;2;500;45008;3517
2026-07-10 10:45:16.717;Pivô de Baixa → Alta (compra);1;177950;11;2;0;2;1;50;47081;3920
2026-07-10 10:49:20.236;Pivô de Baixa → Alta (compra);1;178000;1;9;7;9;2;400;17303;1034
2026-07-10 10:52:33.606;Pivô de Alta → Baixa (venda);-1;178300;9;2;0;2;3;50;128846;8873
2026-07-10 10:55:17.059;Pivô de Baixa → Alta (compra);1;178350;2;3;1;3;1;100;19348;1514
2026-07-10 10:57:01.463;Pivô de Baixa → Alta (compra);1;178450;1;8;6;8;6;350;61579;3739
2026-07-10 11:02:27.845;Pivô de Alta → Baixa (venda);-1;178700;8;6;4;6;3;250;121518;8803
2026-07-10 11:07:23.549;Pivô de Baixa → Alta (compra);1;178550;6;3;1;3;6;100;19549;1471
2026-07-10 11:08:26.947;Pivô de Alta → Baixa (venda);-1;178550;3;6;4;6;1;250;54556;4315
2026-07-10 11:11:14.928;Pivô de Alta → Baixa (venda);-1;178300;1;2;0;2;10;50;8628;650
2026-07-10 11:12:06.024;Pivô de Baixa → Alta (compra);1;178350;2;10;8;10;5;450;40161;3464
2026-07-10 11:18:48.729;Pivô de Alta → Baixa (venda);-1;178700;10;5;3;5;8;200;108145;6808
2026-07-10 11:23:21.423;Pivô de Baixa → Alta (compra);1;178600;5;8;6;8;2;350;54426;3947
2026-07-10 11:27:12.514;Pivô de Alta → Baixa (venda);-1;178850;8;2;0;2;1;50;112229;8151
2026-07-10 11:30:04.251;Pivô de Alta → Baixa (venda);-1;178800;1;16;14;16;1;750;15674;1354
2026-07-10 11:33:16.246;Pivô de Baixa → Alta (compra);1;178150;1;8;6;8;1;350;25055;1426
2026-07-10 11:36:01.340;Pivô de Baixa → Alta (compra);1;178500;1;3;1;3;1;100;17941;1123
2026-07-10 11:38:01.006;Pivô de Alta → Baixa (venda);-1;178500;1;3;1;3;12;100;42211;3510
2026-07-10 11:39:38.273;Pivô de Baixa → Alta (compra);1;178500;3;12;10;12;15;550;68209;5658
2026-07-10 11:53:10.951;Pivô de Alta → Baixa (venda);-1;178950;12;15;13;15;1;700;16296;1207
2026-07-10 12:16:35.980;Pivô de Alta → Baixa (venda);-1;178250;1;2;0;2;4;50;26406;1757
2026-07-10 12:19:04.217;Pivô de Baixa → Alta (compra);1;178300;2;4;2;4;5;150;57587;4642
2026-07-10 12:26:38.807;Pivô de Alta → Baixa (venda);-1;178350;4;5;3;5;3;200;89175;6686
2026-07-10 12:37:15.666;Pivô de Baixa → Alta (compra);1;178250;5;3;1;3;1;100;43346;3205
2026-07-10 12:48:24.750;Pivô de Baixa → Alta (compra);1;178350;1;3;1;3;1;100;67817;5101
2026-07-10 12:55:46.768;Pivô de Baixa → Alta (compra);1;178450;1;11;9;11;1;500;37483;3322
2026-07-10 13:19:25.724;Pivô de Baixa → Alta (compra);1;178950;1;6;4;6;1;250;61873;5637
2026-07-10 13:36:14.090;Pivô de Baixa → Alta (compra);1;179200;1;7;5;7;3;300;63943;5094
2026-07-10 13:50:36.567;Pivô de Alta → Baixa (venda);-1;179400;7;3;1;3;2;100;68158;4810
2026-07-10 14:01:21.332;Pivô de Baixa → Alta (compra);1;179400;3;2;0;2;3;50;108341;9028
2026-07-10 14:15:31.288;Pivô de Alta → Baixa (venda);-1;179350;2;3;1;3;3;100;19721;1058
2026-07-10 14:19:43.196;Pivô de Baixa → Alta (compra);1;179350;3;3;1;3;3;100;45284;3770
2026-07-10 14:41:40.786;Pivô de Alta → Baixa (venda);-1;179350;3;3;1;3;8;100;71336;5846
2026-07-10 14:58:31.793;Pivô de Baixa → Alta (compra);1;179350;3;8;6;8;1;350;39843;2276
2026-07-10 15:08:08.305;Pivô de Baixa → Alta (compra);1;179700;1;5;3;5;8;200;37061;2919
2026-07-10 15:17:31.291;Pivô de Alta → Baixa (venda);-1;179800;5;8;6;8;1;350;95425;7809
2026-07-10 16:02:17.487;Pivô de Baixa → Alta (compra);1;179550;1;4;2;4;1;150;22082;807
2026-07-10 16:14:44.385;Pivô de Baixa → Alta (compra);1;179700;1;2;0;2;1;50;154106;11762
2026-07-10 16:35:06.927;Pivô de Baixa → Alta (compra);1;179750;1;7;5;7;1;300;174359;12485
2026-07-10 17:03:55.902;Pivô de Baixa → Alta (compra);1;180050;1;7;5;7;1;300;32073;2649
2026-07-10 17:14:06.866;Pivô de Baixa → Alta (compra);1;180350;1;5;3;5;1;200;70730;7444
2026-07-10 17:59:00.184;Pivô de Baixa → Alta (compra);1;180550;1;3;1;3;2;100;42629;5665
2026-07-10 18:05:46.197;Pivô de Alta → Baixa (venda);-1;180550;3;2;0;2;1;50;8447;678
2026-07-10 18:14:38.791;Pivô de Baixa → Alta (compra);1;180600;1;2;0;2;22;50;12293;1388
2026-07-10 18:16:23.005;Pivô de Alta → Baixa (venda);-1;180550;2;22;20;22;10;1050;9503;1243
2026-07-13 09:03:11.913;Pivô de Baixa → Alta (compra);1;179600;22;10;8;10;5;450;4596;522
2026-07-13 09:03:20.727;Pivô de Alta → Baixa (venda);-1;179950;10;5;3;5;5;200;8294;1053
2026-07-13 09:03:22.243;Pivô de Baixa → Alta (compra);1;179850;5;5;3;5;2;200;2066;270
2026-07-13 09:03:26.192;Pivô de Alta → Baixa (venda);-1;179950;5;2;0;2;5;50;5687;781
2026-07-13 09:03:27.823;Pivô de Baixa → Alta (compra);1;180000;2;5;3;5;5;200;12978;1914
2026-07-13 09:03:37.093;Pivô de Alta → Baixa (venda);-1;180100;5;5;3;5;5;200;4249;463
2026-07-13 09:03:38.764;Pivô de Baixa → Alta (compra);1;180000;5;5;3;5;2;200;3221;423
2026-07-13 09:03:42.019;Pivô de Alta → Baixa (venda);-1;180100;5;2;0;2;2;50;10621;1460
2026-07-13 09:03:46.843;Pivô de Baixa → Alta (compra);1;180150;2;2;0;2;2;50;8418;1001
2026-07-13 09:03:51.295;Pivô de Alta → Baixa (venda);-1;180100;2;2;0;2;1;50;3739;236
2026-07-13 09:03:52.544;Pivô de Alta → Baixa (venda);-1;180050;1;3;1;3;3;100;9094;1142
2026-07-13 09:03:57.327;Pivô de Baixa → Alta (compra);1;180050;3;3;1;3;7;100;10431;1243
2026-07-13 09:04:01.539;Pivô de Alta → Baixa (venda);-1;180050;3;7;5;7;4;300;11497;1548
2026-07-13 09:04:08.198;Pivô de Baixa → Alta (compra);1;179850;7;4;2;4;3;150;4718;609
2026-07-13 09:04:10.185;Pivô de Alta → Baixa (venda);-1;179900;4;3;1;3;1;100;4847;680
2026-07-13 09:04:13.963;Pivô de Alta → Baixa (venda);-1;179800;1;5;3;5;1;200;3565;381
2026-07-13 09:04:19.179;Pivô de Alta → Baixa (venda);-1;179600;1;2;0;2;6;50;4335;592
2026-07-13 09:04:22.767;Pivô de Baixa → Alta (compra);1;179650;2;6;4;6;1;250;4086;549
2026-07-13 09:04:34.053;Pivô de Alta → Baixa (venda);-1;179800;1;5;3;5;1;200;2610;272
2026-07-13 09:04:44.547;Pivô de Baixa → Alta (compra);1;179700;1;3;1;3;1;100;14928;1994
2026-07-13 09:05:05.570;Pivô de Alta → Baixa (venda);-1;179700;1;2;0;2;4;50;2547;339
2026-07-13 09:05:10.041;Pivô de Baixa → Alta (compra);1;179750;2;4;2;4;3;150;4348;522
2026-07-13 09:05:31.043;Pivô de Alta → Baixa (venda);-1;179800;4;3;1;3;4;100;13166;1429
2026-07-13 09:05:40.507;Pivô de Baixa → Alta (compra);1;179800;3;4;2;4;3;150;10858;1224
2026-07-13 09:06:56.620;Pivô de Alta → Baixa (venda);-1;179850;4;3;1;3;1;100;20309;2112
2026-07-13 09:08:13.433;Pivô de Baixa → Alta (compra);1;179850;1;3;1;3;3;100;29104;2433
2026-07-13 09:08:56.046;Pivô de Alta → Baixa (venda);-1;179850;3;3;1;3;1;100;22560;2528
2026-07-13 09:10:30.425;Pivô de Alta → Baixa (venda);-1;179750;1;5;3;5;3;200;19109;1925
2026-07-13 09:12:13.589;Pivô de Baixa → Alta (compra);1;179650;5;3;1;3;2;100;12817;1251
2026-07-13 09:13:19.069;Pivô de Alta → Baixa (venda);-1;179650;3;2;0;2;3;50;41351;4550
2026-07-13 09:14:44.067;Pivô de Baixa → Alta (compra);1;179700;2;3;1;3;2;100;9828;1328
2026-07-13 09:15:11.078;Pivô de Alta → Baixa (venda);-1;179700;3;2;0;2;7;50;29346;2549
2026-07-13 09:15:46.944;Pivô de Baixa → Alta (compra);1;179750;2;7;5;7;1;300;9484;1146
2026-07-13 09:19:00.574;Pivô de Alta → Baixa (venda);-1;179950;1;6;4;6;1;250;28143;2867
2026-07-13 09:20:47.369;Pivô de Alta → Baixa (venda);-1;179700;1;2;0;2;1;50;20389;2088
2026-07-13 09:22:11.418;Pivô de Alta → Baixa (venda);-1;179650;1;3;1;3;7;100;26048;2477
2026-07-13 09:24:46.373;Pivô de Baixa → Alta (compra);1;179650;3;7;5;7;2;300;13361;1170
2026-07-13 09:30:07.004;Pivô de Alta → Baixa (venda);-1;179850;7;2;0;2;1;50;49989;4918
2026-07-13 09:33:03.926;Pivô de Alta → Baixa (venda);-1;179800;1;2;0;2;7;50;9242;879
2026-07-13 09:36:29.518;Pivô de Baixa → Alta (compra);1;179850;2;7;5;7;2;300;29411;2104
2026-07-13 09:42:10.856;Pivô de Alta → Baixa (venda);-1;180050;7;2;0;2;1;50;34185;2695
2026-07-13 09:45:05.149;Pivô de Alta → Baixa (venda);-1;180000;1;2;0;2;2;50;14174;1626
2026-07-13 09:45:39.600;Pivô de Baixa → Alta (compra);1;180050;2;2;0;2;1;50;65650;5994
2026-07-13 09:49:16.885;Pivô de Alta → Baixa (venda);-1;180000;1;4;2;4;6;150;35927;3653
2026-07-13 09:52:06.204;Pivô de Baixa → Alta (compra);1;179950;4;6;4;6;2;250;28592;2376
2026-07-13 09:55:19.621;Pivô de Alta → Baixa (venda);-1;180100;6;2;0;2;1;50;49930;5184
2026-07-13 09:58:20.612;Pivô de Baixa → Alta (compra);1;180150;1;2;0;2;4;50;34483;3487
2026-07-13 10:00:00.202;Pivô de Alta → Baixa (venda);-1;180100;2;4;2;4;2;150;51023;3651
2026-07-13 10:00:43.603;Pivô de Baixa → Alta (compra);1;180050;4;2;0;2;6;50;15772;1432
2026-07-13 10:01:01.522;Pivô de Alta → Baixa (venda);-1;180000;2;6;4;6;1;250;19721;1430
2026-07-13 10:03:06.591;Pivô de Baixa → Alta (compra);1;179850;1;4;2;4;6;150;46602;3233
2026-07-13 10:04:11.760;Pivô de Alta → Baixa (venda);-1;179900;4;6;4;6;7;250;141496;12307
2026-07-13 10:09:40.734;Pivô de Baixa → Alta (compra);1;179750;6;7;5;7;1;300;49655;3878
2026-07-13 10:12:55.131;Pivô de Baixa → Alta (compra);1;180050;1;3;1;3;5;100;10186;702
2026-07-13 10:13:26.708;Pivô de Alta → Baixa (venda);-1;180050;3;5;3;5;2;200;27129;2628
2026-07-13 10:15:06.453;Pivô de Baixa → Alta (compra);1;179950;5;2;0;2;4;50;39533;3475
2026-07-13 10:16:02.432;Pivô de Alta → Baixa (venda);-1;179900;2;4;2;4;3;150;36059;3035
2026-07-13 10:19:33.178;Pivô de Baixa → Alta (compra);1;179850;4;3;1;3;11;100;73534;6665
2026-07-13 10:21:24.040;Pivô de Alta → Baixa (venda);-1;179850;3;11;9;11;4;500;47410;3966
2026-07-13 10:27:39.516;Pivô de Baixa → Alta (compra);1;179450;11;4;2;4;1;150;19868;1626
2026-07-13 10:29:35.472;Pivô de Baixa → Alta (compra);1;179600;1;4;2;4;1;150;51850;4272
2026-07-13 10:31:03.817;Pivô de Baixa → Alta (compra);1;179750;1;2;0;2;2;50;24199;1828
2026-07-13 10:31:24.517;Pivô de Alta → Baixa (venda);-1;179700;2;2;0;2;4;50;35677;2736
2026-07-13 10:32:19.875;Pivô de Baixa → Alta (compra);1;179750;2;4;2;4;6;150;24770;2208
2026-07-13 10:34:14.905;Pivô de Alta → Baixa (venda);-1;179800;4;6;4;6;1;250;29529;2289
2026-07-13 10:36:01.545;Pivô de Alta → Baixa (venda);-1;179550;1;10;8;10;2;450;35885;3136
2026-07-13 10:39:36.750;Pivô de Baixa → Alta (compra);1;179200;10;2;0;2;2;50;24612;1709
2026-07-13 10:40:04.445;Pivô de Alta → Baixa (venda);-1;179150;2;2;0;2;1;50;29905;2770
2026-07-13 10:41:08.195;Pivô de Alta → Baixa (venda);-1;179100;1;3;1;3;6;100;14793;1390
2026-07-13 10:42:03.871;Pivô de Baixa → Alta (compra);1;179100;3;6;4;6;1;250;58944;4595
2026-07-13 10:45:08.229;Pivô de Baixa → Alta (compra);1;179350;1;2;0;2;2;50;17331;1436
2026-07-13 10:46:02.313;Pivô de Alta → Baixa (venda);-1;179300;2;2;0;2;2;50;39741;2834
2026-07-13 10:47:03.994;Pivô de Baixa → Alta (compra);1;179350;2;2;0;2;5;50;23354;1797
2026-07-13 10:48:11.781;Pivô de Alta → Baixa (venda);-1;179300;2;5;3;5;8;200;25037;2182
2026-07-13 10:50:43.238;Pivô de Baixa → Alta (compra);1;179200;5;8;6;8;1;350;39027;3250
2026-07-13 10:57:26.227;Pivô de Alta → Baixa (venda);-1;179450;1;7;5;7;2;300;39114;3058
2026-07-13 11:02:30.066;Pivô de Baixa → Alta (compra);1;179250;7;2;0;2;3;50;33211;3015
2026-07-13 11:03:30.698;Pivô de Alta → Baixa (venda);-1;179200;2;3;1;3;1;100;34534;3218
2026-07-13 11:09:48.947;Pivô de Baixa → Alta (compra);1;179200;1;3;1;3;2;100;24652;2244
2026-07-13 11:11:23.052;Pivô de Alta → Baixa (venda);-1;179200;3;2;0;2;1;50;70897;6270
2026-07-13 11:15:19.572;Pivô de Alta → Baixa (venda);-1;179150;1;8;6;8;2;350;17839;1811
2026-07-13 11:16:50.792;Pivô de Baixa → Alta (compra);1;178900;8;2;0;2;4;50;40677;2527
2026-07-13 11:16:59.621;Pivô de Alta → Baixa (venda);-1;178850;2;4;2;4;7;150;66190;4660
2026-07-13 11:17:36.445;Pivô de Baixa → Alta (compra);1;178800;4;7;5;7;2;300;18942;1445
2026-07-13 11:18:13.215;Pivô de Alta → Baixa (venda);-1;179000;7;2;0;2;1;50;13875;1234
2026-07-13 11:18:33.025;Pivô de Alta → Baixa (venda);-1;178950;1;4;2;4;4;150;51929;4989
2026-07-13 11:21:07.881;Pivô de Baixa → Alta (compra);1;178900;4;4;2;4;1;150;83645;7343
2026-07-13 11:34:04.526;Pivô de Alta → Baixa (venda);-1;178950;1;10;8;10;4;450;22655;1991
2026-07-13 11:43:17.898;Pivô de Baixa → Alta (compra);1;178600;10;4;2;4;1;150;51532;4769
2026-07-13 11:57:59.244;Pivô de Baixa → Alta (compra);1;178750;1;2;0;2;9;50;30516;2745
2026-07-13 12:00:07.817;Pivô de Alta → Baixa (venda);-1;178700;2;9;7;9;2;400;74516;6112
2026-07-13 12:12:02.799;Pivô de Baixa → Alta (compra);1;178400;9;2;0;2;2;50;115142;10695
2026-07-13 12:18:01.911;Pivô de Alta → Baixa (venda);-1;178350;2;2;0;2;3;50;58556;4426
2026-07-13 12:21:14.964;Pivô de Baixa → Alta (compra);1;178400;2;3;1;3;1;100;63623;4892
2026-07-13 12:25:19.086;Pivô de Baixa → Alta (compra);1;178500;1;2;0;2;2;50;84666;7327
2026-07-13 12:30:27.474;Pivô de Alta → Baixa (venda);-1;178450;2;2;0;2;1;50;119463;9792
2026-07-13 12:44:38.242;Pivô de Baixa → Alta (compra);1;178500;1;2;0;2;4;50;15896;1352
2026-07-13 12:46:42.333;Pivô de Alta → Baixa (venda);-1;178450;2;4;2;4;1;150;22981;1922
2026-07-13 13:00:03.250;Pivô de Alta → Baixa (venda);-1;178300;1;2;0;2;1;50;251526;20353
2026-07-13 13:21:10.877;Pivô de Alta → Baixa (venda);-1;178250;1;5;3;5;3;200;165092;11824
2026-07-13 13:35:27.223;Pivô de Baixa → Alta (compra);1;178150;5;3;1;3;8;100;119556;8511
2026-07-13 13:45:13.405;Pivô de Alta → Baixa (venda);-1;178150;3;8;6;8;4;350;52227;3659
2026-07-13 14:01:27.559;Pivô de Baixa → Alta (compra);1;177900;8;4;2;4;2;150;190204;15981
2026-07-13 14:18:37.382;Pivô de Alta → Baixa (venda);-1;177950;4;2;0;2;1;50;43763;3333
2026-07-13 14:22:16.846;Pivô de Alta → Baixa (venda);-1;177900;1;6;4;6;1;250;28769;2477
2026-07-13 14:35:42.861;Pivô de Alta → Baixa (venda);-1;177650;1;2;0;2;2;50;70629;5484
2026-07-13 14:41:11.240;Pivô de Baixa → Alta (compra);1;177700;2;2;0;2;4;50;79055;6472
2026-07-13 14:45:43.396;Pivô de Alta → Baixa (venda);-1;177650;2;4;2;4;1;150;57537;4540
2026-07-13 14:57:43.424;Pivô de Baixa → Alta (compra);1;177600;1;2;0;2;1;50;91916;6454
2026-07-13 15:05:58.573;Pivô de Alta → Baixa (venda);-1;177550;1;3;1;3;5;100;69837;5693
2026-07-13 15:11:02.728;Pivô de Baixa → Alta (compra);1;177550;3;5;3;5;1;200;80541;5883
2026-07-13 15:40:05.722;Pivô de Baixa → Alta (compra);1;177750;1;3;1;3;8;100;140410;10609
2026-07-13 16:02:00.274;Pivô de Alta → Baixa (venda);-1;177750;3;8;6;8;3;350;157937;13967
2026-07-13 16:35:37.440;Pivô de Baixa → Alta (compra);1;177500;8;3;1;3;2;100;48547;3690
2026-07-13 16:49:05.797;Pivô de Alta → Baixa (venda);-1;177500;3;2;0;2;3;50;103429;7982
2026-07-13 16:56:34.350;Pivô de Baixa → Alta (compra);1;177550;2;3;1;3;12;100;102119;8111
2026-07-13 17:02:25.467;Pivô de Alta → Baixa (venda);-1;177550;3;12;10;12;6;550;138548;12708
2026-07-13 18:02:14.109;Pivô de Baixa → Alta (compra);1;177100;12;6;4;6;3;250;34010;4488
2026-07-13 18:22:15.183;Pivô de Alta → Baixa (venda);-1;177250;6;3;1;3;19;100;6016;539
2026-07-13 18:24:59.731;Pivô de Baixa → Alta (compra);1;177250;3;19;17;19;1;900;31;2
2026-07-14 09:02:55.800;Pivô de Baixa → Alta (compra);1;178150;1;3;1;3;3;100;1201;98
2026-07-14 09:02:57.705;Pivô de Alta → Baixa (venda);-1;178150;3;3;1;3;3;100;3897;619
2026-07-14 09:03:00.263;Pivô de Baixa → Alta (compra);1;178150;3;3;1;3;6;100;3045;367
2026-07-14 09:03:02.119;Pivô de Alta → Baixa (venda);-1;178150;3;6;4;6;3;250;3900;609
2026-07-14 09:03:08.335;Pivô de Baixa → Alta (compra);1;178000;6;3;1;3;4;100;2736;364
2026-07-14 09:03:11.378;Pivô de Alta → Baixa (venda);-1;178000;3;4;2;4;3;150;10206;1274
2026-07-14 09:03:19.249;Pivô de Baixa → Alta (compra);1;177950;4;3;1;3;4;100;6751;697
2026-07-14 09:03:20.455;Pivô de Alta → Baixa (venda);-1;177950;3;4;2;4;7;150;3739;569
2026-07-14 09:03:26.990;Pivô de Baixa → Alta (compra);1;177900;4;7;5;7;2;300;5455;718
2026-07-14 09:03:37.785;Pivô de Alta → Baixa (venda);-1;178100;7;2;0;2;2;50;5641;701
2026-07-14 09:03:39.241;Pivô de Baixa → Alta (compra);1;178150;2;2;0;2;4;50;1818;264
2026-07-14 09:03:41.928;Pivô de Alta → Baixa (venda);-1;178100;2;4;2;4;3;150;13351;1846
2026-07-14 09:03:53.823;Pivô de Baixa → Alta (compra);1;178050;4;3;1;3;1;100;11677;1367
2026-07-14 09:04:03.399;Pivô de Baixa → Alta (compra);1;178150;1;4;2;4;1;150;9490;1204
2026-07-14 09:04:34.668;Pivô de Alta → Baixa (venda);-1;178200;1;7;5;7;1;300;11554;1077
2026-07-14 09:05:12.439;Pivô de Alta → Baixa (venda);-1;177900;1;2;0;2;1;50;10584;1156
2026-07-14 09:05:32.003;Pivô de Alta → Baixa (venda);-1;177850;1;12;10;12;6;550;15324;2024
2026-07-14 09:08:07.561;Pivô de Baixa → Alta (compra);1;177400;12;6;4;6;3;250;28703;2517
2026-07-14 09:10:10.964;Pivô de Alta → Baixa (venda);-1;177550;6;3;1;3;7;100;32862;3591
2026-07-14 09:12:01.337;Pivô de Baixa → Alta (compra);1;177550;3;7;5;7;5;300;7108;769
2026-07-14 09:16:15.383;Pivô de Alta → Baixa (venda);-1;177750;7;5;3;5;3;200;41575;4084
2026-07-14 09:19:50.187;Pivô de Baixa → Alta (compra);1;177650;5;3;1;3;3;100;12134;924
2026-07-14 09:20:11.261;Pivô de Alta → Baixa (venda);-1;177650;3;3;1;3;5;100;25376;2657
2026-07-14 09:22:17.334;Pivô de Baixa → Alta (compra);1;177650;3;5;3;5;1;200;16486;1525
2026-07-14 09:24:05.795;Pivô de Baixa → Alta (compra);1;177850;1;2;0;2;9;50;32503;3025
2026-07-14 09:25:02.465;Pivô de Alta → Baixa (venda);-1;177800;2;9;7;9;3;400;14733;1445
2026-07-14 09:26:46.990;Pivô de Baixa → Alta (compra);1;177500;9;3;1;3;2;100;19496;1754
2026-07-14 09:28:00.344;Pivô de Alta → Baixa (venda);-1;177500;3;2;0;2;3;50;24792;3159
2026-07-14 09:29:16.294;Pivô de Baixa → Alta (compra);1;177550;2;3;1;3;2;100;24199;3024
2026-07-14 09:29:59.624;Pivô de Alta → Baixa (venda);-1;177550;3;2;0;2;4;50;3109;160
2026-07-14 09:30:00.685;Pivô de Baixa → Alta (compra);1;177600;2;4;2;4;4;150;1590;237
2026-07-14 09:30:02.034;Pivô de Alta → Baixa (venda);-1;177650;4;4;2;4;18;150;2388;101
2026-07-14 09:30:02.065;Pivô de Baixa → Alta (compra);1;177600;4;18;16;18;1;850;304;66
2026-07-14 09:30:09.957;Pivô de Alta → Baixa (venda);-1;178350;1;2;0;2;1;50;1136;196
2026-07-14 09:30:10.353;Pivô de Alta → Baixa (venda);-1;178300;1;7;5;7;2;300;1542;240
2026-07-14 09:30:11.033;Pivô de Baixa → Alta (compra);1;178100;7;2;0;2;2;50;585;33
2026-07-14 09:30:11.040;Pivô de Alta → Baixa (venda);-1;178050;2;2;0;2;1;50;67;12
2026-07-14 09:30:11.048;Pivô de Baixa → Alta (compra);1;178100;1;8;6;8;3;350;32;5
2026-07-14 09:30:12.712;Pivô de Alta → Baixa (venda);-1;178350;8;3;1;3;4;100;2903;453
2026-07-14 09:30:13.744;Pivô de Baixa → Alta (compra);1;178350;3;4;2;4;1;150;3728;607
2026-07-14 09:30:16.900;Pivô de Baixa → Alta (compra);1;178500;1;5;3;5;2;200;16061;1920
2026-07-14 09:30:33.767;Pivô de Alta → Baixa (venda);-1;178600;5;2;0;2;8;50;7882;829
2026-07-14 09:30:35.862;Pivô de Baixa → Alta (compra);1;178650;2;8;6;8;1;350;27385;2800
2026-07-14 09:30:52.991;Pivô de Baixa → Alta (compra);1;179000;1;5;3;5;4;200;8969;1023
2026-07-14 09:30:57.496;Pivô de Alta → Baixa (venda);-1;179100;5;4;2;4;4;150;3025;379
2026-07-14 09:30:58.353;Pivô de Baixa → Alta (compra);1;179050;4;4;2;4;3;150;2609;317
2026-07-14 09:31:00.327;Pivô de Alta → Baixa (venda);-1;179100;4;3;1;3;1;100;8150;1180
2026-07-14 09:31:11.607;Pivô de Alta → Baixa (venda);-1;179000;1;4;2;4;1;150;22255;2361
2026-07-14 09:31:42.494;Pivô de Alta → Baixa (venda);-1;178850;1;3;1;3;1;100;10754;1156
2026-07-14 09:32:12.700;Pivô de Alta → Baixa (venda);-1;178750;1;4;2;4;1;150;13539;1224
2026-07-14 09:33:28.457;Pivô de Baixa → Alta (compra);1;178700;1;3;1;3;9;100;19676;1984
2026-07-14 09:34:13.668;Pivô de Alta → Baixa (venda);-1;178700;3;9;7;9;7;400;52592;4343
2026-07-14 09:36:57.079;Pivô de Baixa → Alta (compra);1;178400;9;7;5;7;1;300;66589;5296
2026-07-14 09:41:51.541;Pivô de Alta → Baixa (venda);-1;178600;1;2;0;2;1;50;12188;1124
2026-07-14 09:42:51.676;Pivô de Alta → Baixa (venda);-1;178550;1;8;6;8;4;350;33672;3287
2026-07-14 09:48:32.898;Pivô de Baixa → Alta (compra);1;178300;8;4;2;4;1;150;38172;3594
2026-07-14 09:53:26.330;Pivô de Alta → Baixa (venda);-1;178350;1;2;0;2;2;50;35779;3441
2026-07-14 09:54:28.220;Pivô de Baixa → Alta (compra);1;178400;2;2;0;2;5;50;22936;1996
2026-07-14 09:55:03.374;Pivô de Alta → Baixa (venda);-1;178350;2;5;3;5;8;200;32897;3417
2026-07-14 10:00:03.429;Pivô de Baixa → Alta (compra);1;178250;5;8;6;8;1;350;85980;6665
2026-07-14 10:01:47.850;Pivô de Baixa → Alta (compra);1;178600;1;2;0;2;5;50;18587;1698
2026-07-14 10:02:03.439;Pivô de Alta → Baixa (venda);-1;178550;2;5;3;5;2;200;21960;2246
2026-07-14 10:03:16.872;Pivô de Baixa → Alta (compra);1;178450;5;2;0;2;2;50;39037;4003
2026-07-14 10:05:12.382;Pivô de Alta → Baixa (venda);-1;178400;2;2;0;2;1;50;22795;1909
2026-07-14 10:05:51.474;Pivô de Alta → Baixa (venda);-1;178350;1;2;0;2;1;50;115408;10346
2026-07-14 10:10:59.012;Pivô de Alta → Baixa (venda);-1;178300;1;6;4;6;1;250;26915;2251
2026-07-14 10:13:51.211;Pivô de Alta → Baixa (venda);-1;178050;1;6;4;6;7;250;23227;2214
2026-07-14 10:16:06.155;Pivô de Baixa → Alta (compra);1;177900;6;7;5;7;7;300;30326;1999
2026-07-14 10:17:30.118;Pivô de Alta → Baixa (venda);-1;178100;7;7;5;7;9;300;44986;3340
2026-07-14 10:20:13.359;Pivô de Baixa → Alta (compra);1;177900;7;9;7;9;5;400;40975;3336
2026-07-14 10:24:08.471;Pivô de Alta → Baixa (venda);-1;178200;9;5;3;5;1;200;56642;4866
2026-07-14 10:27:47.151;Pivô de Alta → Baixa (venda);-1;178000;1;3;1;3;11;100;28531;2254
2026-07-14 10:29:07.835;Pivô de Baixa → Alta (compra);1;178000;3;11;9;11;5;500;15225;1301
2026-07-14 10:30:54.394;Pivô de Alta → Baixa (venda);-1;178400;11;5;3;5;3;200;71825;4877
2026-07-14 10:32:39.450;Pivô de Baixa → Alta (compra);1;178300;5;3;1;3;2;100;15476;1279
2026-07-14 10:33:36.595;Pivô de Alta → Baixa (venda);-1;178300;3;2;0;2;5;50;9982;768
2026-07-14 10:34:02.241;Pivô de Baixa → Alta (compra);1;178350;2;5;3;5;8;200;4956;398
2026-07-14 10:34:37.625;Pivô de Alta → Baixa (venda);-1;178450;5;8;6;8;2;350;14715;1053
2026-07-14 10:36:03.356;Pivô de Baixa → Alta (compra);1;178200;8;2;0;2;1;50;58929;5081
2026-07-14 10:38:07.475;Pivô de Baixa → Alta (compra);1;178250;1;2;0;2;1;50;16362;1406
2026-07-14 10:39:11.399;Pivô de Baixa → Alta (compra);1;178300;1;4;2;4;1;150;6480;625
2026-07-14 10:41:38.351;Pivô de Alta → Baixa (venda);-1;178350;1;2;0;2;3;50;12745;1093
2026-07-14 10:42:35.547;Pivô de Baixa → Alta (compra);1;178400;2;3;1;3;5;100;21972;1668
2026-07-14 10:44:06.328;Pivô de Alta → Baixa (venda);-1;178400;3;5;3;5;3;200;28487;2547
2026-07-14 10:45:13.011;Pivô de Baixa → Alta (compra);1;178300;5;3;1;3;2;100;22321;1881
2026-07-14 10:46:22.792;Pivô de Alta → Baixa (venda);-1;178300;3;2;0;2;3;50;54970;4701
2026-07-14 10:47:36.687;Pivô de Baixa → Alta (compra);1;178350;2;3;1;3;3;100;8998;823
2026-07-14 10:48:10.038;Pivô de Alta → Baixa (venda);-1;178350;3;3;1;3;4;100;26735;1727
2026-07-14 10:48:48.792;Pivô de Baixa → Alta (compra);1;178350;3;4;2;4;3;150;42039;3748
2026-07-14 10:50:27.392;Pivô de Alta → Baixa (venda);-1;178400;4;3;1;3;3;100;65629;5645
2026-07-14 10:52:23.062;Pivô de Baixa → Alta (compra);1;178400;3;3;1;3;1;100;20039;1479
2026-07-14 10:54:00.935;Pivô de Baixa → Alta (compra);1;178500;1;3;1;3;1;100;6503;567
2026-07-14 10:54:53.918;Pivô de Baixa → Alta (compra);1;178600;1;2;0;2;1;50;42432;3922
2026-07-14 10:57:00.129;Pivô de Baixa → Alta (compra);1;178650;1;2;0;2;1;50;12329;1130
2026-07-14 10:59:09.845;Pivô de Baixa → Alta (compra);1;178700;1;6;4;6;7;250;42496;4069
2026-07-14 11:01:27.143;Pivô de Alta → Baixa (venda);-1;178850;6;7;5;7;5;300;28841;2544
2026-07-14 11:05:02.951;Pivô de Baixa → Alta (compra);1;178650;7;5;3;5;7;200;31872;2561
2026-07-14 11:06:34.528;Pivô de Alta → Baixa (venda);-1;178750;5;7;5;7;1;300;77445;7357
2026-07-14 11:10:58.891;Pivô de Alta → Baixa (venda);-1;178450;1;2;0;2;1;50;74533;8288
2026-07-14 11:14:26.125;Pivô de Alta → Baixa (venda);-1;178400;1;6;4;6;3;250;30638;3071
2026-07-14 11:16:33.665;Pivô de Baixa → Alta (compra);1;178250;6;3;1;3;1;100;20393;1593
2026-07-14 11:19:57.432;Pivô de Baixa → Alta (compra);1;178350;1;6;4;6;2;250;32471;3166
2026-07-14 11:23:08.858;Pivô de Alta → Baixa (venda);-1;178500;6;2;0;2;1;50;27307;2233
2026-07-14 11:24:17.878;Pivô de Alta → Baixa (venda);-1;178450;1;5;3;5;1;200;11561;992
2026-07-14 11:26:53.711;Pivô de Alta → Baixa (venda);-1;178250;1;2;0;2;10;50;17272;1425
2026-07-14 11:28:33.791;Pivô de Baixa → Alta (compra);1;178300;2;10;8;10;2;450;42840;4156
2026-07-14 11:34:13.790;Pivô de Alta → Baixa (venda);-1;178650;10;2;0;2;1;50;34213;1819
2026-07-14 11:34:22.082;Pivô de Alta → Baixa (venda);-1;178600;1;14;12;14;2;650;19523;1535
2026-07-14 11:46:09.294;Pivô de Baixa → Alta (compra);1;178050;14;2;0;2;1;50;96282;9010
2026-07-14 11:52:39.970;Pivô de Baixa → Alta (compra);1;178100;1;2;0;2;4;50;59738;6061
2026-07-14 11:55:56.252;Pivô de Alta → Baixa (venda);-1;178050;2;4;2;4;3;150;78974;7116
2026-07-14 12:01:57.999;Pivô de Baixa → Alta (compra);1;178000;4;3;1;3;1;100;98229;7670
2026-07-14 12:04:33.175;Pivô de Baixa → Alta (compra);1;178100;1;5;3;5;5;200;5182;300
2026-07-14 12:04:44.347;Pivô de Alta → Baixa (venda);-1;178200;5;5;3;5;4;200;11532;1054
2026-07-14 12:05:33.960;Pivô de Baixa → Alta (compra);1;178100;5;4;2;4;1;150;21776;2033
2026-07-14 12:10:04.658;Pivô de Baixa → Alta (compra);1;178250;1;5;3;5;3;200;15329;1414
2026-07-14 12:17:43.360;Pivô de Alta → Baixa (venda);-1;178350;5;3;1;3;1;100;63003;6029
2026-07-14 12:22:11.561;Pivô de Alta → Baixa (venda);-1;178250;1;7;5;7;4;300;219468;17920
2026-07-14 12:42:10.876;Pivô de Baixa → Alta (compra);1;178050;7;4;2;4;11;150;56903;4510
2026-07-14 12:47:52.622;Pivô de Alta → Baixa (venda);-1;178100;4;11;9;11;6;500;65872;5125
2026-07-14 13:07:08.812;Pivô de Baixa → Alta (compra);1;177700;11;6;4;6;1;250;65358;5468
2026-07-14 13:15:36.707;Pivô de Baixa → Alta (compra);1;177950;1;5;3;5;4;200;31512;2919
2026-07-14 13:42:02.403;Pivô de Alta → Baixa (venda);-1;178050;5;4;2;4;2;150;73346;6163
2026-07-14 13:48:41.190;Pivô de Baixa → Alta (compra);1;178000;4;2;0;2;4;50;99817;8781
2026-07-14 14:00:34.470;Pivô de Alta → Baixa (venda);-1;177950;2;4;2;4;1;150;52094;4359
2026-07-14 14:15:52.011;Pivô de Baixa → Alta (compra);1;177900;1;3;1;3;3;100;412995;35493
2026-07-14 14:51:34.316;Pivô de Alta → Baixa (venda);-1;177900;3;3;1;3;3;100;66178;5660
2026-07-14 14:56:41.062;Pivô de Baixa → Alta (compra);1;177900;3;3;1;3;1;100;108438;9827
2026-07-14 15:16:11.572;Pivô de Baixa → Alta (compra);1;178000;1;10;8;10;1;450;129996;11740
2026-07-14 15:52:10.566;Pivô de Baixa → Alta (compra);1;178450;1;2;0;2;1;50;112588;10225
2026-07-14 16:00:26.239;Pivô de Baixa → Alta (compra);1;178500;1;2;0;2;6;50;58420;5243
2026-07-14 16:07:00.214;Pivô de Alta → Baixa (venda);-1;178450;2;6;4;6;8;250;90252;7638
2026-07-14 16:33:10.458;Pivô de Baixa → Alta (compra);1;178300;6;8;6;8;4;350;53074;4568
2026-07-14 17:08:47.114;Pivô de Alta → Baixa (venda);-1;178550;8;4;2;4;2;150;34437;3253
2026-07-14 17:16:41.390;Pivô de Baixa → Alta (compra);1;178500;4;2;0;2;1;50;131878;13509
2026-07-14 17:52:06.001;Pivô de Alta → Baixa (venda);-1;178450;1;16;14;16;4;750;71862;8604
2026-07-15 09:02:48.838;Pivô de Baixa → Alta (compra);1;177800;16;4;2;4;4;150;8116;970
2026-07-15 09:02:53.180;Pivô de Alta → Baixa (venda);-1;177850;4;4;2;4;1;150;6113;605
2026-07-15 09:03:11.733;Pivô de Baixa → Alta (compra);1;177800;1;3;1;3;4;100;5590;809
2026-07-15 09:03:33.653;Pivô de Alta → Baixa (venda);-1;177800;3;4;2;4;1;150;7177;792
2026-07-15 09:04:16.876;Pivô de Alta → Baixa (venda);-1;177650;1;2;0;2;1;50;10628;936
2026-07-15 09:04:32.382;Pivô de Alta → Baixa (venda);-1;177600;1;9;7;9;1;400;9768;1054
2026-07-15 09:05:36.198;Pivô de Alta → Baixa (venda);-1;177200;1;3;1;3;2;100;44144;4068
2026-07-15 09:06:38.751;Pivô de Baixa → Alta (compra);1;177200;3;2;0;2;4;50;44149;3896
2026-07-15 09:07:20.482;Pivô de Alta → Baixa (venda);-1;177150;2;4;2;4;12;150;25218;2408
2026-07-15 09:08:29.174;Pivô de Baixa → Alta (compra);1;177100;4;12;10;12;1;550;42470;4164
2026-07-15 09:10:00.482;Pivô de Baixa → Alta (compra);1;177650;1;4;2;4;2;150;27288;2463
2026-07-15 09:10:40.708;Pivô de Alta → Baixa (venda);-1;177700;4;2;0;2;5;50;37277;3482
2026-07-15 09:11:07.878;Pivô de Baixa → Alta (compra);1;177750;2;5;3;5;1;200;11551;1239
2026-07-15 09:12:10.297;Pivô de Alta → Baixa (venda);-1;177850;1;2;0;2;1;50;38837;3777
2026-07-15 09:13:50.047;Pivô de Alta → Baixa (venda);-1;177800;1;3;1;3;2;100;31502;3662
2026-07-15 09:16:04.670;Pivô de Baixa → Alta (compra);1;177800;3;2;0;2;1;50;41129;3928
2026-07-15 09:19:00.978;Pivô de Baixa → Alta (compra);1;177850;1;2;0;2;1;50;6712;621
2026-07-15 09:20:14.969;Pivô de Baixa → Alta (compra);1;177900;1;5;3;5;4;200;14681;1671
2026-07-15 09:22:32.728;Pivô de Alta → Baixa (venda);-1;178000;5;4;2;4;4;150;58062;5621
2026-07-15 09:24:58.663;Pivô de Baixa → Alta (compra);1;177950;4;4;2;4;1;150;56194;5950
2026-07-15 09:29:47.387;Pivô de Baixa → Alta (compra);1;178100;1;4;2;4;8;150;7580;875
2026-07-15 09:30:19.295;Pivô de Alta → Baixa (venda);-1;178150;4;8;6;8;5;350;18103;2003
2026-07-15 09:31:01.223;Pivô de Baixa → Alta (compra);1;177900;8;5;3;5;1;200;10244;936
2026-07-15 09:32:16.857;Pivô de Baixa → Alta (compra);1;178100;1;8;6;8;1;350;49820;5059
2026-07-15 09:39:54.424;Pivô de Baixa → Alta (compra);1;178450;1;2;0;2;1;50;24502;2113
2026-07-15 09:42:00.816;Pivô de Baixa → Alta (compra);1;178500;1;4;2;4;5;150;7655;721
2026-07-15 09:48:15.817;Pivô de Alta → Baixa (venda);-1;178550;4;5;3;5;2;200;36213;3296
2026-07-15 09:53:49.308;Pivô de Baixa → Alta (compra);1;178450;5;2;0;2;2;50;21997;2300
2026-07-15 09:55:07.587;Pivô de Alta → Baixa (venda);-1;178400;2;2;0;2;1;50;70381;6290
2026-07-15 10:00:01.578;Pivô de Alta → Baixa (venda);-1;178350;1;12;10;12;7;550;22457;1347
2026-07-15 10:02:31.331;Pivô de Baixa → Alta (compra);1;177900;12;7;5;7;1;300;15695;1375
2026-07-15 10:04:12.136;Pivô de Baixa → Alta (compra);1;178200;1;2;0;2;1;50;32867;2893
2026-07-15 10:05:15.119;Pivô de Baixa → Alta (compra);1;178250;1;4;2;4;4;150;11770;1196
2026-07-15 10:06:03.454;Pivô de Alta → Baixa (venda);-1;178300;4;4;2;4;2;150;68616;6368
2026-07-15 10:08:05.735;Pivô de Baixa → Alta (compra);1;178250;4;2;0;2;3;50;27882;2509
2026-07-15 10:08:41.682;Pivô de Alta → Baixa (venda);-1;178200;2;3;1;3;1;100;56114;4675
2026-07-15 10:12:30.416;Pivô de Baixa → Alta (compra);1;178200;1;2;0;2;11;50;24195;1934
2026-07-15 10:13:03.548;Pivô de Alta → Baixa (venda);-1;178150;2;11;9;11;4;500;14588;1414
2026-07-15 10:15:58.576;Pivô de Baixa → Alta (compra);1;177750;11;4;2;4;1;150;21293;1390
2026-07-15 10:16:37.550;Pivô de Baixa → Alta (compra);1;177900;1;3;1;3;2;100;55967;5373
2026-07-15 10:19:16.864;Pivô de Alta → Baixa (venda);-1;177900;3;2;0;2;5;50;21389;1500
2026-07-15 10:19:35.466;Pivô de Baixa → Alta (compra);1;177950;2;5;3;5;6;200;15877;1112
2026-07-15 10:20:40.429;Pivô de Alta → Baixa (venda);-1;178050;5;6;4;6;3;250;31440;2495
2026-07-15 10:26:47.864;Pivô de Baixa → Alta (compra);1;177900;6;3;1;3;2;100;55663;3981
2026-07-15 10:27:37.396;Pivô de Alta → Baixa (venda);-1;177900;3;2;0;2;3;50;46335;3804
2026-07-15 10:28:46.716;Pivô de Baixa → Alta (compra);1;177950;2;3;1;3;1;100;44478;3805
2026-07-15 10:30:15.534;Pivô de Baixa → Alta (compra);1;178050;1;3;1;3;3;100;31674;2635
2026-07-15 10:31:23.153;Pivô de Alta → Baixa (venda);-1;178050;3;3;1;3;2;100;12189;1043
2026-07-15 10:31:52.746;Pivô de Baixa → Alta (compra);1;178050;3;2;0;2;9;50;40755;3702
2026-07-15 10:33:08.835;Pivô de Alta → Baixa (venda);-1;178000;2;9;7;9;1;400;12505;1027
2026-07-15 10:37:51.632;Pivô de Baixa → Alta (compra);1;177700;1;2;0;2;1;50;53771;4204
2026-07-15 10:40:18.625;Pivô de Alta → Baixa (venda);-1;177650;1;2;0;2;1;50;51702;3579
2026-07-15 10:43:26.967;Pivô de Alta → Baixa (venda);-1;177600;1;4;2;4;1;150;16373;1544
2026-07-15 10:45:30.732;Pivô de Alta → Baixa (venda);-1;177450;1;2;0;2;2;50;58792;5868
2026-07-15 10:47:47.425;Pivô de Baixa → Alta (compra);1;177500;2;2;0;2;2;50;43017;3567
2026-07-15 10:48:28.608;Pivô de Alta → Baixa (venda);-1;177450;2;2;0;2;5;50;54543;4108
2026-07-15 10:51:11.800;Pivô de Baixa → Alta (compra);1;177500;2;5;3;5;1;200;13421;1359
2026-07-15 10:54:58.590;Pivô de Baixa → Alta (compra);1;177700;1;4;2;4;2;150;37359;2855
2026-07-15 10:58:05.995;Pivô de Alta → Baixa (venda);-1;177750;4;2;0;2;2;50;85286;7656
2026-07-15 11:00:36.731;Pivô de Baixa → Alta (compra);1;177800;2;2;0;2;1;50;29984;2566
2026-07-15 11:06:43.340;Pivô de Baixa → Alta (compra);1;177850;1;5;3;5;7;200;137845;11377
2026-07-15 11:13:01.790;Pivô de Alta → Baixa (venda);-1;177950;5;7;5;7;1;300;40991;3430
2026-07-15 11:21:47.201;Pivô de Alta → Baixa (venda);-1;177650;1;6;4;6;3;250;59598;4973
2026-07-15 11:24:24.092;Pivô de Baixa → Alta (compra);1;177500;6;3;1;3;1;100;110099;8507
2026-07-15 11:32:12.559;Pivô de Baixa → Alta (compra);1;177600;1;7;5;7;5;300;26827;1763
2026-07-15 11:38:38.088;Pivô de Alta → Baixa (venda);-1;177800;7;5;3;5;1;200;44277;4011
2026-07-15 11:43:35.516;Pivô de Alta → Baixa (venda);-1;177600;1;2;0;2;6;50;62725;6207
2026-07-15 11:46:11.463;Pivô de Baixa → Alta (compra);1;177650;2;6;4;6;2;250;68439;5964
2026-07-15 11:52:16.660;Pivô de Alta → Baixa (venda);-1;177800;6;2;0;2;3;50;30918;2568
2026-07-15 11:55:31.932;Pivô de Baixa → Alta (compra);1;177850;2;3;1;3;1;100;54927;4621
2026-07-15 11:59:05.397;Pivô de Baixa → Alta (compra);1;177950;1;4;2;4;6;150;38309;3137
2026-07-15 12:06:49.749;Pivô de Alta → Baixa (venda);-1;178000;4;6;4;6;2;250;88415;7858
2026-07-15 12:16:57.170;Pivô de Baixa → Alta (compra);1;177850;6;2;0;2;5;50;32830;2411
2026-07-15 12:18:03.131;Pivô de Alta → Baixa (venda);-1;177800;2;5;3;5;1;200;75098;5990
2026-07-15 12:25:01.340;Pivô de Alta → Baixa (venda);-1;177600;1;5;3;5;2;200;128859;10923
2026-07-15 12:42:35.949;Pivô de Baixa → Alta (compra);1;177500;5;2;0;2;1;50;105761;9913
2026-07-15 13:00:09.297;Pivô de Alta → Baixa (venda);-1;177450;1;2;0;2;1;50;30715;3262
2026-07-15 13:12:46.480;Pivô de Alta → Baixa (venda);-1;177400;1;4;2;4;1;150;49649;4437
2026-07-15 13:35:15.622;Pivô de Baixa → Alta (compra);1;177350;1;5;3;5;9;200;35092;3342
2026-07-15 13:46:49.337;Pivô de Alta → Baixa (venda);-1;177450;5;9;7;9;6;400;21690;853
2026-07-15 13:58:24.485;Pivô de Baixa → Alta (compra);1;177150;9;6;4;6;3;250;42410;3855
2026-07-15 14:08:40.237;Pivô de Alta → Baixa (venda);-1;177300;6;3;1;3;7;100;44148;3904
2026-07-15 14:15:07.605;Pivô de Baixa → Alta (compra);1;177300;3;7;5;7;1;300;96364;8366
2026-07-15 14:30:46.418;Pivô de Baixa → Alta (compra);1;177600;1;7;5;7;3;300;62288;4950
2026-07-15 14:46:51.304;Pivô de Alta → Baixa (venda);-1;177800;7;3;1;3;4;100;127448;10892
2026-07-15 15:01:48.643;Pivô de Baixa → Alta (compra);1;177800;3;4;2;4;2;150;56036;4929
2026-07-15 15:13:02.913;Pivô de Alta → Baixa (venda);-1;177850;4;2;0;2;3;50;38912;3703
2026-07-15 15:23:55.729;Pivô de Baixa → Alta (compra);1;177900;2;3;1;3;3;100;66441;6319
2026-07-15 15:31:40.556;Pivô de Alta → Baixa (venda);-1;177900;3;3;1;3;4;100;93817;7761
2026-07-15 15:51:23.405;Pivô de Baixa → Alta (compra);1;177900;3;4;2;4;5;150;114840;10533
2026-07-15 16:18:38.027;Pivô de Alta → Baixa (venda);-1;177950;4;5;3;5;1;200;94949;8381
2026-07-15 16:33:50.955;Pivô de Alta → Baixa (venda);-1;177750;1;2;0;2;3;50;81870;7895
2026-07-15 16:57:09.901;Pivô de Baixa → Alta (compra);1;177800;2;3;1;3;4;100;75907;5987
2026-07-15 17:09:20.214;Pivô de Alta → Baixa (venda);-1;177800;3;4;2;4;1;150;37948;1949
2026-07-15 17:55:25.389;Pivô de Baixa → Alta (compra);1;177750;1;4;2;4;2;150;15723;1732
2026-07-15 18:13:41.987;Pivô de Alta → Baixa (venda);-1;177800;4;2;0;2;2;50;27189;3563
2026-07-15 18:18:44.667;Pivô de Baixa → Alta (compra);1;177850;2;2;0;2;6;50;13479;1802
2026-07-15 18:31:23.808;Pivô de Alta → Baixa (venda);-1;177800;2;6;4;6;6;250;20750;81
2026-07-16 09:02:34.017;Pivô de Baixa → Alta (compra);1;177650;6;6;4;6;1;250;62509;1095
2026-07-16 09:02:39.000;Pivô de Baixa → Alta (compra);1;177900;1;7;5;7;2;300;3074;517
2026-07-16 09:02:41.742;Pivô de Alta → Baixa (venda);-1;178100;7;2;0;2;1;50;448;77
2026-07-16 09:02:41.910;Pivô de Alta → Baixa (venda);-1;178050;1;2;0;2;3;50;1436;320
2026-07-16 09:02:42.365;Pivô de Baixa → Alta (compra);1;178100;2;3;1;3;1;100;2005;379
2026-07-16 09:02:44.978;Pivô de Baixa → Alta (compra);1;178200;1;4;2;4;5;150;7264;1209
2026-07-16 09:02:52.414;Pivô de Alta → Baixa (venda);-1;178250;4;5;3;5;3;200;9716;1226
2026-07-16 09:02:54.905;Pivô de Baixa → Alta (compra);1;178150;5;3;1;3;2;100;303;14
2026-07-16 09:02:54.908;Pivô de Alta → Baixa (venda);-1;178150;3;2;0;2;2;50;181;32
2026-07-16 09:02:54.915;Pivô de Baixa → Alta (compra);1;178200;2;2;0;2;4;50;36;6
2026-07-16 09:02:54.917;Pivô de Alta → Baixa (venda);-1;178150;2;4;2;4;4;150;1523;295
2026-07-16 09:03:01.463;Pivô de Baixa → Alta (compra);1;178100;4;4;2;4;2;150;5468;671
2026-07-16 09:03:08.141;Pivô de Alta → Baixa (venda);-1;178150;4;2;0;2;2;50;15215;1905
2026-07-16 09:03:15.039;Pivô de Baixa → Alta (compra);1;178200;2;2;0;2;1;50;10036;1168
2026-07-16 09:03:39.093;Pivô de Baixa → Alta (compra);1;178250;1;3;1;3;3;100;5246;745
2026-07-16 09:03:58.357;Pivô de Alta → Baixa (venda);-1;178250;3;3;1;3;7;100;11688;1451
2026-07-16 09:04:04.484;Pivô de Baixa → Alta (compra);1;178250;3;7;5;7;2;300;8137;1218
2026-07-16 09:04:31.946;Pivô de Alta → Baixa (venda);-1;178450;7;2;0;2;3;50;15138;1482
2026-07-16 09:04:37.631;Pivô de Baixa → Alta (compra);1;178500;2;3;1;3;3;100;2443;300
2026-07-16 09:04:55.785;Pivô de Alta → Baixa (venda);-1;178500;3;3;1;3;2;100;14196;1550
2026-07-16 09:05:01.822;Pivô de Baixa → Alta (compra);1;178500;3;2;0;2;5;50;342;23
2026-07-16 09:05:02.850;Pivô de Alta → Baixa (venda);-1;178450;2;5;3;5;7;200;17381;1728
2026-07-16 09:05:31.441;Pivô de Baixa → Alta (compra);1;178350;5;7;5;7;1;300;43274;4460
2026-07-16 09:06:59.723;Pivô de Baixa → Alta (compra);1;178650;1;2;0;2;1;50;13014;1185
2026-07-16 09:07:25.179;Pivô de Baixa → Alta (compra);1;178700;1;2;0;2;11;50;7123;671
2026-07-16 09:07:36.977;Pivô de Alta → Baixa (venda);-1;178650;2;11;9;11;2;500;16344;1687
2026-07-16 09:09:03.112;Pivô de Baixa → Alta (compra);1;178250;11;2;0;2;7;50;24301;2167
2026-07-16 09:09:45.893;Pivô de Alta → Baixa (venda);-1;178200;2;7;5;7;5;300;26234;2437
2026-07-16 09:11:31.798;Pivô de Baixa → Alta (compra);1;178000;7;5;3;5;6;200;26232;2447
2026-07-16 09:15:24.026;Pivô de Alta → Baixa (venda);-1;178100;5;6;4;6;1;250;32928;3242
2026-07-16 09:22:18.481;Pivô de Alta → Baixa (venda);-1;177850;1;5;3;5;1;200;43558;4181
2026-07-16 09:30:01.763;Pivô de Alta → Baixa (venda);-1;177650;1;2;0;2;1;50;10630;929
2026-07-16 09:30:23.955;Pivô de Alta → Baixa (venda);-1;177600;1;4;2;4;3;150;34820;4259
2026-07-16 09:32:39.803;Pivô de Baixa → Alta (compra);1;177550;4;3;1;3;1;100;57758;5158
2026-07-16 09:40:18.732;Pivô de Alta → Baixa (venda);-1;177550;1;4;2;4;4;150;90036;7745
2026-07-16 09:43:35.718;Pivô de Baixa → Alta (compra);1;177500;4;4;2;4;4;150;36736;3343
2026-07-16 09:47:35.115;Pivô de Alta → Baixa (venda);-1;177550;4;4;2;4;1;150;27584;2820
2026-07-16 09:53:52.130;Pivô de Alta → Baixa (venda);-1;177400;1;2;0;2;1;50;18308;1570
2026-07-16 09:55:10.124;Pivô de Alta → Baixa (venda);-1;177350;1;3;1;3;1;100;37382;3635
2026-07-16 09:59:57.266;Pivô de Alta → Baixa (venda);-1;177250;1;7;5;7;1;300;38192;2967
2026-07-16 10:01:22.906;Pivô de Alta → Baixa (venda);-1;176950;1;2;0;2;4;50;34514;2511
2026-07-16 10:01:50.021;Pivô de Baixa → Alta (compra);1;177000;2;4;2;4;2;150;96745;8338
2026-07-16 10:04:29.583;Pivô de Alta → Baixa (venda);-1;177050;4;2;0;2;1;50;28608;2470
2026-07-16 10:06:07.240;Pivô de Alta → Baixa (venda);-1;177000;1;9;7;9;3;400;12960;1060
2026-07-16 10:06:36.628;Pivô de Baixa → Alta (compra);1;176700;9;3;1;3;1;100;11108;778
2026-07-16 10:08:32.333;Pivô de Baixa → Alta (compra);1;176800;1;3;1;3;2;100;24102;2412
2026-07-16 10:09:53.261;Pivô de Alta → Baixa (venda);-1;176800;3;2;0;2;5;50;23678;1997
2026-07-16 10:10:16.402;Pivô de Baixa → Alta (compra);1;176850;2;5;3;5;4;200;151459;13654
2026-07-16 10:15:12.382;Pivô de Alta → Baixa (venda);-1;176950;5;4;2;4;1;150;73127;6238
2026-07-16 10:17:14.509;Pivô de Alta → Baixa (venda);-1;176800;1;5;3;5;2;200;20532;2141
2026-07-16 10:21:01.312;Pivô de Baixa → Alta (compra);1;176700;5;2;0;2;1;50;79267;5237
2026-07-16 10:23:20.530;Pivô de Baixa → Alta (compra);1;176750;1;2;0;2;2;50;9739;462
2026-07-16 10:24:05.287;Pivô de Alta → Baixa (venda);-1;176700;2;2;0;2;3;50;27505;2017
2026-07-16 10:24:37.258;Pivô de Baixa → Alta (compra);1;176750;2;3;1;3;12;100;25375;2069
2026-07-16 10:25:21.485;Pivô de Alta → Baixa (venda);-1;176750;3;12;10;12;2;550;30404;2749
2026-07-16 10:31:00.761;Pivô de Baixa → Alta (compra);1;176300;12;2;0;2;13;50;15560;900
2026-07-16 10:31:07.628;Pivô de Alta → Baixa (venda);-1;176250;2;13;11;13;2;600;37306;3113
2026-07-16 10:33:46.649;Pivô de Baixa → Alta (compra);1;175750;13;2;0;2;3;50;16949;1320
2026-07-16 10:34:14.632;Pivô de Alta → Baixa (venda);-1;175700;2;3;1;3;4;100;19497;1528
2026-07-16 10:35:21.381;Pivô de Baixa → Alta (compra);1;175700;3;4;2;4;5;150;37240;3023
2026-07-16 10:36:07.527;Pivô de Alta → Baixa (venda);-1;175750;4;5;3;5;3;200;35309;2814
2026-07-16 10:36:38.715;Pivô de Baixa → Alta (compra);1;175650;5;3;1;3;3;100;16393;1394
2026-07-16 10:37:25.986;Pivô de Alta → Baixa (venda);-1;175650;3;3;1;3;3;100;21513;1831
2026-07-16 10:38:16.664;Pivô de Baixa → Alta (compra);1;175650;3;3;1;3;2;100;43438;3269
2026-07-16 10:41:28.595;Pivô de Alta → Baixa (venda);-1;175650;3;2;0;2;1;50;7204;583
2026-07-16 10:42:15.654;Pivô de Alta → Baixa (venda);-1;175600;1;2;0;2;2;50;27758;2079
2026-07-16 10:43:03.957;Pivô de Baixa → Alta (compra);1;175650;2;2;0;2;4;50;43083;3364
2026-07-16 10:43:51.967;Pivô de Alta → Baixa (venda);-1;175600;2;4;2;4;2;150;26064;2070
2026-07-16 10:44:30.552;Pivô de Baixa → Alta (compra);1;175550;4;2;0;2;2;50;95090;7584
2026-07-16 10:47:19.968;Pivô de Alta → Baixa (venda);-1;175500;2;2;0;2;5;50;16242;1356
2026-07-16 10:48:01.834;Pivô de Baixa → Alta (compra);1;175550;2;5;3;5;2;200;62138;5068
2026-07-16 10:50:42.809;Pivô de Alta → Baixa (venda);-1;175650;5;2;0;2;2;50;34233;2388
2026-07-16 10:53:02.455;Pivô de Baixa → Alta (compra);1;175700;2;2;0;2;5;50;40908;3295
2026-07-16 10:54:15.998;Pivô de Alta → Baixa (venda);-1;175650;2;5;3;5;13;200;31895;2516
2026-07-16 10:58:11.058;Pivô de Baixa → Alta (compra);1;175550;5;13;11;13;2;600;14861;1113
2026-07-16 11:03:18.333;Pivô de Alta → Baixa (venda);-1;176050;13;2;0;2;2;50;44487;3324
2026-07-16 11:04:02.871;Pivô de Baixa → Alta (compra);1;176100;2;2;0;2;1;50;60630;5059
2026-07-16 11:06:13.697;Pivô de Baixa → Alta (compra);1;176150;1;7;5;7;2;300;32893;2888
2026-07-16 11:11:28.180;Pivô de Alta → Baixa (venda);-1;176350;7;2;0;2;1;50;41509;3104
2026-07-16 11:13:20.884;Pivô de Alta → Baixa (venda);-1;176300;1;6;4;6;5;250;70261;6134
2026-07-16 11:17:22.348;Pivô de Baixa → Alta (compra);1;176150;6;5;3;5;4;200;29644;2430
2026-07-16 11:19:51.437;Pivô de Alta → Baixa (venda);-1;176250;5;4;2;4;3;150;36632;3107
2026-07-16 11:21:10.523;Pivô de Baixa → Alta (compra);1;176200;4;3;1;3;1;100;162127;13724
2026-07-16 11:42:10.404;Pivô de Baixa → Alta (compra);1;176300;1;7;5;7;1;300;14890;1421
2026-07-16 11:48:51.450;Pivô de Baixa → Alta (compra);1;176600;1;6;4;6;6;250;31163;2189
2026-07-16 11:53:36.638;Pivô de Alta → Baixa (venda);-1;176750;6;6;4;6;2;250;60010;4672
2026-07-16 11:56:58.575;Pivô de Baixa → Alta (compra);1;176600;6;2;0;2;3;50;44081;3455
2026-07-16 11:58:08.866;Pivô de Alta → Baixa (venda);-1;176550;2;3;1;3;1;100;71920;6019
2026-07-16 12:03:05.123;Pivô de Baixa → Alta (compra);1;176550;1;2;0;2;4;50;36626;2802
2026-07-16 12:04:05.317;Pivô de Alta → Baixa (venda);-1;176500;2;4;2;4;4;150;62623;4878
2026-07-16 12:07:46.267;Pivô de Baixa → Alta (compra);1;176450;4;4;2;4;2;150;52859;4175
2026-07-16 12:10:09.627;Pivô de Alta → Baixa (venda);-1;176500;4;2;0;2;6;50;88549;7787
2026-07-16 12:13:57.435;Pivô de Baixa → Alta (compra);1;176550;2;6;4;6;5;250;49249;4311
2026-07-16 12:27:35.593;Pivô de Alta → Baixa (venda);-1;176700;6;5;3;5;5;200;45592;4288
2026-07-16 12:32:24.755;Pivô de Baixa → Alta (compra);1;176600;5;5;3;5;3;200;14170;966
2026-07-16 12:39:19.996;Pivô de Alta → Baixa (venda);-1;176700;5;3;1;3;3;100;87981;7316
2026-07-16 12:47:48.671;Pivô de Baixa → Alta (compra);1;176700;3;3;1;3;8;100;38130;3136
2026-07-16 12:50:57.066;Pivô de Alta → Baixa (venda);-1;176700;3;8;6;8;1;350;124843;11234
2026-07-16 13:18:28.448;Pivô de Alta → Baixa (venda);-1;176350;1;4;2;4;3;150;20561;1575
2026-07-16 13:20:34.720;Pivô de Baixa → Alta (compra);1;176300;4;3;1;3;5;100;74260;5743
2026-07-16 13:38:03.561;Pivô de Alta → Baixa (venda);-1;176300;3;5;3;5;1;200;58363;5272
2026-07-16 13:48:56.014;Pivô de Alta → Baixa (venda);-1;176100;1;10;8;10;2;450;123101;10901
2026-07-16 14:09:27.098;Pivô de Baixa → Alta (compra);1;175750;10;2;0;2;4;50;42358;2980
2026-07-16 14:12:22.319;Pivô de Alta → Baixa (venda);-1;175700;2;4;2;4;2;150;56339;4050
2026-07-16 14:15:05.361;Pivô de Baixa → Alta (compra);1;175650;4;2;0;2;1;50;25097;1858
2026-07-16 14:21:33.872;Pivô de Baixa → Alta (compra);1;175700;1;2;0;2;3;50;55729;4383
2026-07-16 14:25:38.480;Pivô de Alta → Baixa (venda);-1;175650;2;3;1;3;3;100;223531;19307
2026-07-16 14:40:34.504;Pivô de Baixa → Alta (compra);1;175650;3;3;1;3;10;100;58890;4400
2026-07-16 14:53:21.792;Pivô de Alta → Baixa (venda);-1;175650;3;10;8;10;6;450;19633;1332
2026-07-16 15:06:03.541;Pivô de Baixa → Alta (compra);1;175300;10;6;4;6;1;250;76005;6131
2026-07-16 15:22:15.845;Pivô de Alta → Baixa (venda);-1;175450;1;4;2;4;3;150;73039;5758
2026-07-16 15:31:56.252;Pivô de Baixa → Alta (compra);1;175400;4;3;1;3;3;100;223008;17734
2026-07-16 15:50:22.953;Pivô de Alta → Baixa (venda);-1;175400;3;3;1;3;1;100;43280;3366
2026-07-16 16:17:08.961;Pivô de Alta → Baixa (venda);-1;175300;1;2;0;2;1;50;115519;9261
2026-07-16 16:45:01.635;Pivô de Baixa → Alta (compra);1;175350;1;4;2;4;6;150;137131;10810
2026-07-16 17:04:40.980;Pivô de Alta → Baixa (venda);-1;175400;4;6;4;6;3;250;33186;2921
2026-07-16 17:30:33.866;Pivô de Baixa → Alta (compra);1;175250;6;3;1;3;3;100;79157;8405
2026-07-16 17:50:03.634;Pivô de Alta → Baixa (venda);-1;175250;3;3;1;3;1;100;17361;1947
2026-07-16 18:31:21.169;Pivô de Alta → Baixa (venda);-1;175150;1;13;11;13;2;600;22031;68
2026-07-17 09:03:06.948;Pivô de Baixa → Alta (compra);1;174650;13;2;0;2;1;50;4249;632
2026-07-17 09:03:09.004;Pivô de Baixa → Alta (compra);1;174700;1;3;1;3;2;100;4184;620
2026-07-17 09:03:10.319;Pivô de Alta → Baixa (venda);-1;174700;3;2;0;2;3;50;1348;198
2026-07-17 09:03:11.518;Pivô de Baixa → Alta (compra);1;174750;2;3;1;3;1;100;8490;1137
2026-07-17 09:03:23.244;Pivô de Baixa → Alta (compra);1;174850;1;11;9;11;1;500;4835;639
2026-07-17 09:04:04.469;Pivô de Baixa → Alta (compra);1;175350;1;6;4;6;4;250;3255;494
2026-07-17 09:04:20.494;Pivô de Alta → Baixa (venda);-1;175500;6;4;2;4;3;150;13536;1514
2026-07-17 09:04:25.229;Pivô de Baixa → Alta (compra);1;175450;4;3;1;3;5;100;10939;1257
2026-07-17 09:04:30.091;Pivô de Alta → Baixa (venda);-1;175450;3;5;3;5;2;200;3400;340
2026-07-17 09:04:36.172;Pivô de Baixa → Alta (compra);1;175350;5;2;0;2;3;50;4370;529
2026-07-17 09:04:39.017;Pivô de Alta → Baixa (venda);-1;175300;2;3;1;3;2;100;8841;1023
2026-07-17 09:04:44.258;Pivô de Baixa → Alta (compra);1;175300;3;2;0;2;2;50;4907;575
2026-07-17 09:04:48.670;Pivô de Alta → Baixa (venda);-1;175250;2;2;0;2;2;50;7449;940
2026-07-17 09:05:02.274;Pivô de Baixa → Alta (compra);1;175300;2;2;0;2;1;50;4108;413
2026-07-17 09:05:05.595;Pivô de Baixa → Alta (compra);1;175350;1;5;3;5;5;200;2995;214
2026-07-17 09:05:14.541;Pivô de Alta → Baixa (venda);-1;175450;5;5;3;5;1;200;7682;755
2026-07-17 09:05:41.113;Pivô de Baixa → Alta (compra);1;175350;1;6;4;6;4;250;17747;2068
2026-07-17 09:06:41.314;Pivô de Alta → Baixa (venda);-1;175500;6;4;2;4;2;150;8112;844
2026-07-17 09:06:55.902;Pivô de Baixa → Alta (compra);1;175450;4;2;0;2;6;50;26796;2730
2026-07-17 09:07:19.236;Pivô de Alta → Baixa (venda);-1;175400;2;6;4;6;1;250;26366;2632
2026-07-17 09:08:37.085;Pivô de Alta → Baixa (venda);-1;175150;1;5;3;5;7;200;16891;1795
2026-07-17 09:09:17.521;Pivô de Baixa → Alta (compra);1;175050;5;7;5;7;2;300;25057;2818
2026-07-17 09:10:44.221;Pivô de Alta → Baixa (venda);-1;175250;7;2;0;2;4;50;36123;3896
2026-07-17 09:13:09.696;Pivô de Baixa → Alta (compra);1;175300;2;4;2;4;8;150;23475;1868
2026-07-17 09:16:41.454;Pivô de Alta → Baixa (venda);-1;175350;4;8;6;8;3;350;29944;2940
2026-07-17 09:20:54.165;Pivô de Baixa → Alta (compra);1;175100;8;3;1;3;4;100;28899;2725
2026-07-17 09:21:29.273;Pivô de Alta → Baixa (venda);-1;175100;3;4;2;4;2;150;55400;5295
2026-07-17 09:25:29.857;Pivô de Baixa → Alta (compra);1;175050;4;2;0;2;1;50;33562;3261
2026-07-17 09:31:00.315;Pivô de Baixa → Alta (compra);1;175100;1;2;0;2;4;50;13243;787
2026-07-17 09:31:11.658;Pivô de Alta → Baixa (venda);-1;175050;2;4;2;4;5;150;48538;4260
2026-07-17 09:35:43.957;Pivô de Baixa → Alta (compra);1;175000;4;5;3;5;1;200;40903;3595
2026-07-17 09:42:29.247;Pivô de Baixa → Alta (compra);1;175200;1;4;2;4;1;150;15819;1424
2026-07-17 09:43:10.106;Pivô de Baixa → Alta (compra);1;175350;1;2;0;2;1;50;28421;2053
2026-07-17 09:48:00.775;Pivô de Baixa → Alta (compra);1;175400;1;2;0;2;4;50;104810;10673
2026-07-17 09:53:32.217;Pivô de Alta → Baixa (venda);-1;175350;2;4;2;4;2;150;44013;4630
2026-07-17 09:58:50.253;Pivô de Baixa → Alta (compra);1;175300;4;2;0;2;4;50;56410;5155
2026-07-17 10:00:01.564;Pivô de Alta → Baixa (venda);-1;175250;2;4;2;4;3;150;23478;1372
2026-07-17 10:00:21.834;Pivô de Baixa → Alta (compra);1;175200;4;3;1;3;6;100;27898;2409
2026-07-17 10:00:36.223;Pivô de Alta → Baixa (venda);-1;175200;3;6;4;6;2;250;47972;3528
2026-07-17 10:01:40.234;Pivô de Baixa → Alta (compra);1;175050;6;2;0;2;1;50;17336;1783
2026-07-17 10:02:15.319;Pivô de Baixa → Alta (compra);1;175100;1;4;2;4;2;150;41915;4237
2026-07-17 10:03:32.644;Pivô de Alta → Baixa (venda);-1;175150;4;2;0;2;4;50;30326;2955
2026-07-17 10:04:08.771;Pivô de Baixa → Alta (compra);1;175200;2;4;2;4;1;150;13163;1192
2026-07-17 10:06:27.544;Pivô de Alta → Baixa (venda);-1;175250;1;4;2;4;4;150;45143;4088
2026-07-17 10:08:34.233;Pivô de Baixa → Alta (compra);1;175200;4;4;2;4;4;150;60972;5068
2026-07-17 10:10:06.856;Pivô de Alta → Baixa (venda);-1;175250;4;4;2;4;3;150;33702;2769
2026-07-17 10:11:27.742;Pivô de Baixa → Alta (compra);1;175200;4;3;1;3;2;100;60594;4312
2026-07-17 10:14:04.286;Pivô de Alta → Baixa (venda);-1;175200;3;2;0;2;5;50;23273;2152
2026-07-17 10:15:22.479;Pivô de Baixa → Alta (compra);1;175250;2;5;3;5;10;200;55432;4357
2026-07-17 10:16:54.278;Pivô de Alta → Baixa (venda);-1;175350;5;10;8;10;2;450;46058;3405
2026-07-17 10:22:28.200;Pivô de Baixa → Alta (compra);1;175000;10;2;0;2;1;50;40703;3050
2026-07-17 10:24:03.507;Pivô de Alta → Baixa (venda);-1;174950;1;4;2;4;8;150;15675;1270
2026-07-17 10:24:57.705;Pivô de Baixa → Alta (compra);1;174900;4;8;6;8;1;350;34987;2971
2026-07-17 10:27:49.189;Pivô de Baixa → Alta (compra);1;175250;1;3;1;3;4;100;16187;1192
2026-07-17 10:28:15.409;Pivô de Alta → Baixa (venda);-1;175250;3;4;2;4;2;150;43991;4130
2026-07-17 10:30:05.164;Pivô de Baixa → Alta (compra);1;175200;4;2;0;2;1;50;36719;2722
2026-07-17 10:31:12.398;Pivô de Baixa → Alta (compra);1;175250;1;8;6;8;3;350;13598;1189
2026-07-17 10:33:30.780;Pivô de Alta → Baixa (venda);-1;175500;8;3;1;3;1;100;45851;3655
2026-07-17 10:35:09.644;Pivô de Alta → Baixa (venda);-1;175400;1;4;2;4;2;150;23559;1875
2026-07-17 10:35:37.609;Pivô de Baixa → Alta (compra);1;175350;4;2;0;2;4;50;58487;4591
2026-07-17 10:36:17.760;Pivô de Alta → Baixa (venda);-1;175300;2;4;2;4;3;150;12992;1241
2026-07-17 10:36:49.167;Pivô de Baixa → Alta (compra);1;175250;4;3;1;3;2;100;24806;2129
2026-07-17 10:37:13.815;Pivô de Alta → Baixa (venda);-1;175250;3;2;0;2;1;50;23066;2074
2026-07-17 10:38:39.294;Pivô de Alta → Baixa (venda);-1;175200;1;2;0;2;6;50;18813;1520
2026-07-17 10:39:14.348;Pivô de Baixa → Alta (compra);1;175250;2;6;4;6;2;250;46356;3863
2026-07-17 10:40:32.340;Pivô de Alta → Baixa (venda);-1;175400;6;2;0;2;2;50;44890;3577
2026-07-17 10:41:12.185;Pivô de Baixa → Alta (compra);1;175450;2;2;0;2;6;50;9227;788
2026-07-17 10:41:32.176;Pivô de Alta → Baixa (venda);-1;175400;2;6;4;6;2;250;37935;3216
2026-07-17 10:45:13.215;Pivô de Baixa → Alta (compra);1;175250;6;2;0;2;2;50;26348;2177
2026-07-17 10:45:44.677;Pivô de Alta → Baixa (venda);-1;175200;2;2;0;2;6;50;37865;3824
2026-07-17 10:46:51.095;Pivô de Baixa → Alta (compra);1;175250;2;6;4;6;3;250;31476;3101
2026-07-17 10:50:16.141;Pivô de Alta → Baixa (venda);-1;175400;6;3;1;3;6;100;46629;4464
2026-07-17 10:51:34.419;Pivô de Baixa → Alta (compra);1;175400;3;6;4;6;2;250;51371;4389
2026-07-17 10:54:02.497;Pivô de Alta → Baixa (venda);-1;175550;6;2;0;2;4;50;33770;2280
2026-07-17 10:54:36.142;Pivô de Baixa → Alta (compra);1;175600;2;4;2;4;1;150;28939;2105
2026-07-17 10:57:02.295;Pivô de Baixa → Alta (compra);1;175750;1;3;1;3;7;100;44171;3462
2026-07-17 10:58:56.690;Pivô de Alta → Baixa (venda);-1;175750;3;7;5;7;2;300;16943;1122
2026-07-17 11:01:53.088;Pivô de Baixa → Alta (compra);1;175550;7;2;0;2;9;50;16965;1597
2026-07-17 11:02:11.516;Pivô de Alta → Baixa (venda);-1;175500;2;9;7;9;3;400;45121;4174
2026-07-17 11:11:21.723;Pivô de Baixa → Alta (compra);1;175200;9;3;1;3;1;100;34978;2978
2026-07-17 11:14:04.571;Pivô de Baixa → Alta (compra);1;175300;1;3;1;3;1;100;39341;3447
2026-07-17 11:16:34.657;Pivô de Baixa → Alta (compra);1;175400;1;3;1;3;2;100;105365;10153
2026-07-17 11:20:31.406;Pivô de Alta → Baixa (venda);-1;175400;3;2;0;2;1;50;50846;4421
2026-07-17 11:30:23.850;Pivô de Baixa → Alta (compra);1;175450;1;2;0;2;1;50;76682;6931
2026-07-17 11:37:02.697;Pivô de Baixa → Alta (compra);1;175500;1;2;0;2;2;50;17039;1583
2026-07-17 11:38:36.033;Pivô de Alta → Baixa (venda);-1;175450;2;2;0;2;1;50;45401;4243
2026-07-17 11:43:08.489;Pivô de Baixa → Alta (compra);1;175500;1;6;4;6;1;250;54495;4634
2026-07-17 11:52:28.522;Pivô de Alta → Baixa (venda);-1;175650;1;2;0;2;2;50;35490;3063
2026-07-17 11:53:53.653;Pivô de Baixa → Alta (compra);1;175700;2;2;0;2;2;50;50563;4420
2026-07-17 11:55:34.473;Pivô de Alta → Baixa (venda);-1;175650;2;2;0;2;1;50;51018;4973
2026-07-17 11:59:21.182;Pivô de Alta → Baixa (venda);-1;175600;1;3;1;3;5;100;42437;3498
2026-07-17 12:02:02.518;Pivô de Baixa → Alta (compra);1;175600;3;5;3;5;1;200;36236;3193
2026-07-17 12:13:45.955;Pivô de Baixa → Alta (compra);1;175800;1;4;2;4;2;150;103109;9120
2026-07-17 12:22:28.984;Pivô de Alta → Baixa (venda);-1;175850;4;2;0;2;3;50;26743;2214
2026-07-17 12:24:00.846;Pivô de Baixa → Alta (compra);1;175900;2;3;1;3;1;100;41109;3498
2026-07-17 12:32:32.301;Pivô de Alta → Baixa (venda);-1;175900;1;2;0;2;1;50;52360;4648
2026-07-17 12:36:33.287;Pivô de Alta → Baixa (venda);-1;175850;1;3;1;3;5;100;76607;7280
2026-07-17 12:46:13.188;Pivô de Baixa → Alta (compra);1;175850;3;5;3;5;2;200;56898;5678
2026-07-17 12:58:30.282;Pivô de Alta → Baixa (venda);-1;175950;5;2;0;2;1;50;42602;3473
2026-07-17 13:02:33.503;Pivô de Alta → Baixa (venda);-1;175900;1;3;1;3;3;100;16873;1049
2026-07-17 13:06:44.348;Pivô de Baixa → Alta (compra);1;175900;3;3;1;3;13;100;59895;4794
2026-07-17 13:09:32.648;Pivô de Alta → Baixa (venda);-1;175900;3;13;11;13;4;600;71899;6329
2026-07-17 13:36:30.856;Pivô de Baixa → Alta (compra);1;175400;13;4;2;4;3;150;107463;9959
2026-07-17 13:49:04.832;Pivô de Alta → Baixa (venda);-1;175450;4;3;1;3;2;100;66399;5841
2026-07-17 13:57:41.858;Pivô de Baixa → Alta (compra);1;175450;3;2;0;2;2;50;64066;5678
2026-07-17 14:01:41.354;Pivô de Alta → Baixa (venda);-1;175400;2;2;0;2;2;50;188727;16996
2026-07-17 14:15:35.532;Pivô de Baixa → Alta (compra);1;175450;2;2;0;2;5;50;146046;13072
2026-07-17 14:34:31.817;Pivô de Alta → Baixa (venda);-1;175400;2;5;3;5;2;200;45878;3529
2026-07-17 14:40:34.685;Pivô de Baixa → Alta (compra);1;175300;5;2;0;2;8;50;90571;8418
2026-07-17 14:49:49.999;Pivô de Alta → Baixa (venda);-1;175250;2;8;6;8;2;350;86620;8093
2026-07-17 15:13:49.443;Pivô de Baixa → Alta (compra);1;175000;8;2;0;2;3;50;92226;8516
2026-07-17 15:18:08.780;Pivô de Alta → Baixa (venda);-1;174950;2;3;1;3;1;100;44715;3438
2026-07-17 15:53:15.790;Pivô de Alta → Baixa (venda);-1;174850;1;3;1;3;10;100;123533;11969
2026-07-17 16:17:14.542;Pivô de Baixa → Alta (compra);1;174850;3;10;8;10;2;450;129063;12385
2026-07-17 16:56:11.202;Pivô de Alta → Baixa (venda);-1;175200;10;2;0;2;1;50;90972;7098
2026-07-17 17:01:35.645;Pivô de Alta → Baixa (venda);-1;175150;1;5;3;5;1;200;104273;10778
2026-07-17 17:53:40.105;Pivô de Alta → Baixa (venda);-1;174950;1;2;0;2;2;50;25015;2771
2026-07-17 17:58:31.008;Pivô de Baixa → Alta (compra);1;175000;2;2;0;2;1;50;44137;5736
2026-07-17 18:19:27.372;Pivô de Baixa → Alta (compra);1;175050;1;11;9;11;9;500;9135;1155
2026-07-20 09:02:46.627;Pivô de Alta → Baixa (venda);-1;175450;11;9;7;9;2;400;64423;608
2026-07-20 09:02:49.109;Pivô de Baixa → Alta (compra);1;175150;9;2;0;2;8;50;1602;224
2026-07-20 09:02:50.025;Pivô de Alta → Baixa (venda);-1;175100;2;8;6;8;9;350;1931;323
2026-07-20 09:03:01.682;Pivô de Baixa → Alta (compra);1;174850;8;9;7;9;4;400;4370;335
2026-07-20 09:03:05.758;Pivô de Alta → Baixa (venda);-1;175150;9;4;2;4;3;150;4315;681
2026-07-20 09:03:08.119;Pivô de Baixa → Alta (compra);1;175100;4;3;1;3;3;100;2637;389
2026-07-20 09:03:09.871;Pivô de Alta → Baixa (venda);-1;175100;3;3;1;3;3;100;6497;977
2026-07-20 09:03:18.175;Pivô de Baixa → Alta (compra);1;175100;3;3;1;3;1;100;13940;2102
2026-07-20 09:03:33.504;Pivô de Baixa → Alta (compra);1;175200;1;5;3;5;1;200;12667;1960
2026-07-20 09:03:52.255;Pivô de Baixa → Alta (compra);1;175400;1;2;0;2;9;50;5446;818
2026-07-20 09:04:00.208;Pivô de Alta → Baixa (venda);-1;175350;2;9;7;9;3;400;15542;2169
2026-07-20 09:04:38.917;Pivô de Baixa → Alta (compra);1;175050;9;3;1;3;1;100;16120;2497
2026-07-20 09:05:41.795;Pivô de Baixa → Alta (compra);1;175150;1;3;1;3;1;100;12144;1678
2026-07-20 09:06:17.410;Pivô de Baixa → Alta (compra);1;175250;1;6;4;6;1;250;8642;1053
2026-07-20 09:07:01.078;Pivô de Baixa → Alta (compra);1;175500;1;2;0;2;4;50;3886;457
2026-07-20 09:07:03.754;Pivô de Alta → Baixa (venda);-1;175450;2;4;2;4;7;150;26347;2959
2026-07-20 09:07:24.893;Pivô de Baixa → Alta (compra);1;175400;4;7;5;7;5;300;5845;867
2026-07-20 09:08:35.545;Pivô de Alta → Baixa (venda);-1;175600;7;5;3;5;2;200;26826;3299
2026-07-20 09:09:54.536;Pivô de Baixa → Alta (compra);1;175500;5;2;0;2;4;50;22143;2567
2026-07-20 09:10:19.896;Pivô de Alta → Baixa (venda);-1;175450;2;4;2;4;1;150;11038;1377
2026-07-20 09:11:53.910;Pivô de Alta → Baixa (venda);-1;175300;1;6;4;6;1;250;12786;1636
2026-07-20 09:18:46.624;Pivô de Alta → Baixa (venda);-1;175050;1;6;4;6;1;250;25056;2584
2026-07-20 09:25:06.817;Pivô de Baixa → Alta (compra);1;174900;1;6;4;6;1;250;22313;2184
2026-07-20 09:28:05.799;Pivô de Baixa → Alta (compra);1;175150;1;4;2;4;1;150;24551;2410
2026-07-20 09:36:24.072;Pivô de Alta → Baixa (venda);-1;175200;1;4;2;4;2;150;24539;2665
2026-07-20 09:39:59.410;Pivô de Baixa → Alta (compra);1;175150;4;2;0;2;2;50;61472;8120
2026-07-20 09:43:48.155;Pivô de Alta → Baixa (venda);-1;175100;2;2;0;2;1;50;33806;3916
2026-07-20 09:48:47.055;Pivô de Baixa → Alta (compra);1;175150;1;4;2;4;1;150;82101;9545
2026-07-20 09:56:16.661;Pivô de Baixa → Alta (compra);1;175300;1;2;0;2;2;50;66059;6789
2026-07-20 09:58:15.956;Pivô de Alta → Baixa (venda);-1;175250;2;2;0;2;6;50;52858;5233
2026-07-20 10:00:02.017;Pivô de Baixa → Alta (compra);1;175300;2;6;4;6;2;250;6261;528
2026-07-20 10:00:48.216;Pivô de Alta → Baixa (venda);-1;175450;6;2;0;2;10;50;28221;3006
2026-07-20 10:01:03.889;Pivô de Baixa → Alta (compra);1;175500;2;10;8;10;10;450;12440;1499
2026-07-20 10:02:35.011;Pivô de Alta → Baixa (venda);-1;175850;10;10;8;10;2;450;18351;1819
2026-07-20 10:04:10.672;Pivô de Baixa → Alta (compra);1;175500;10;2;0;2;3;50;25556;3361
2026-07-20 10:05:01.334;Pivô de Alta → Baixa (venda);-1;175450;2;3;1;3;1;100;11294;1171
2026-07-20 10:07:14.705;Pivô de Alta → Baixa (venda);-1;175350;1;2;0;2;2;50;9328;1008
2026-07-20 10:07:58.758;Pivô de Baixa → Alta (compra);1;175400;2;2;0;2;1;50;5764;533
2026-07-20 10:08:18.660;Pivô de Baixa → Alta (compra);1;175450;1;3;1;3;1;100;28550;2961
2026-07-20 10:09:58.711;Pivô de Baixa → Alta (compra);1;175550;1;2;0;2;3;50;79769;8252
2026-07-20 10:12:22.997;Pivô de Alta → Baixa (venda);-1;175500;2;3;1;3;1;100;39458;4854
2026-07-20 10:15:14.112;Pivô de Alta → Baixa (venda);-1;175400;1;7;5;7;5;300;17973;1897
2026-07-20 10:19:16.226;Pivô de Baixa → Alta (compra);1;175200;7;5;3;5;1;200;31632;3329
2026-07-20 10:21:17.345;Pivô de Baixa → Alta (compra);1;175400;1;2;0;2;2;50;21151;2572
2026-07-20 10:21:59.100;Pivô de Alta → Baixa (venda);-1;175350;2;2;0;2;2;50;43698;5150
2026-07-20 10:23:40.141;Pivô de Baixa → Alta (compra);1;175400;2;2;0;2;5;50;12589;1280
2026-07-20 10:24:24.950;Pivô de Alta → Baixa (venda);-1;175350;2;5;3;5;2;200;15386;1733
2026-07-20 10:26:42.090;Pivô de Baixa → Alta (compra);1;175250;5;2;0;2;7;50;11804;1283
2026-07-20 10:27:56.232;Pivô de Alta → Baixa (venda);-1;175200;2;7;5;7;4;300;14337;1403
2026-07-20 10:30:27.878;Pivô de Baixa → Alta (compra);1;175000;7;4;2;4;4;150;10674;1211
2026-07-20 10:31:35.979;Pivô de Alta → Baixa (venda);-1;175050;4;4;2;4;2;150;26865;2799
2026-07-20 10:32:47.137;Pivô de Baixa → Alta (compra);1;175000;4;2;0;2;4;50;36120;4191
2026-07-20 10:33:20.511;Pivô de Alta → Baixa (venda);-1;174950;2;4;2;4;10;150;22093;2345
2026-07-20 10:35:00.555;Pivô de Baixa → Alta (compra);1;174900;4;10;8;10;5;450;15740;1742
2026-07-20 10:36:30.033;Pivô de Alta → Baixa (venda);-1;175250;10;5;3;5;2;200;55779;6185
2026-07-20 10:39:31.552;Pivô de Baixa → Alta (compra);1;175150;5;2;0;2;4;50;32532;3463
2026-07-20 10:40:04.870;Pivô de Alta → Baixa (venda);-1;175100;2;4;2;4;1;150;15387;1711
2026-07-20 10:41:14.604;Pivô de Alta → Baixa (venda);-1;174950;1;9;7;9;2;400;20989;2281
2026-07-20 10:45:14.761;Pivô de Baixa → Alta (compra);1;174650;9;2;0;2;1;50;20884;2611
2026-07-20 10:46:20.361;Pivô de Baixa → Alta (compra);1;174700;1;3;1;3;2;100;8986;887
2026-07-20 10:47:33.582;Pivô de Alta → Baixa (venda);-1;174700;3;2;0;2;9;50;21866;2136
2026-07-20 10:48:04.244;Pivô de Baixa → Alta (compra);1;174750;2;9;7;9;1;400;37574;4468
2026-07-20 10:51:43.284;Pivô de Alta → Baixa (venda);-1;175050;1;2;0;2;3;50;50009;4957
2026-07-20 10:53:22.149;Pivô de Baixa → Alta (compra);1;175100;2;3;1;3;2;100;30235;3342
2026-07-20 10:54:13.755;Pivô de Alta → Baixa (venda);-1;175100;3;2;0;2;2;50;20757;2508
2026-07-20 10:55:01.998;Pivô de Baixa → Alta (compra);1;175150;2;2;0;2;1;50;109867;12131
2026-07-20 11:00:02.915;Pivô de Baixa → Alta (compra);1;175200;1;5;3;5;4;200;12466;1666
2026-07-20 11:01:08.422;Pivô de Alta → Baixa (venda);-1;175300;5;4;2;4;1;150;71097;8336
2026-07-20 11:06:43.398;Pivô de Alta → Baixa (venda);-1;175150;1;5;3;5;3;200;15934;1695
2026-07-20 11:12:13.504;Pivô de Baixa → Alta (compra);1;175050;5;3;1;3;2;100;162280;17914
2026-07-20 11:17:07.792;Pivô de Alta → Baixa (venda);-1;175050;3;2;0;2;4;50;98090;11553
2026-07-20 11:21:22.192;Pivô de Baixa → Alta (compra);1;175100;2;4;2;4;1;150;34584;4093
2026-07-20 11:30:03.283;Pivô de Baixa → Alta (compra);1;175250;1;6;4;6;1;250;30749;3995
2026-07-20 11:38:14.766;Pivô de Alta → Baixa (venda);-1;175400;1;3;1;3;4;100;89744;10048
2026-07-20 11:41:12.908;Pivô de Baixa → Alta (compra);1;175400;3;4;2;4;1;150;59262;7533
2026-07-20 11:46:29.235;Pivô de Baixa → Alta (compra);1;175550;1;5;3;5;5;200;25160;2467
2026-07-20 11:50:40.226;Pivô de Alta → Baixa (venda);-1;175650;5;5;3;5;1;200;100280;11602
2026-07-20 12:00:05.942;Pivô de Baixa → Alta (compra);1;175550;1;2;0;2;3;50;56504;5579
2026-07-20 12:01:47.651;Pivô de Alta → Baixa (venda);-1;175500;2;3;1;3;3;100;58932;7005
2026-07-20 12:05:47.142;Pivô de Baixa → Alta (compra);1;175500;3;3;1;3;8;100;38686;4326
2026-07-20 12:08:55.165;Pivô de Alta → Baixa (venda);-1;175500;3;8;6;8;5;350;28235;3216
2026-07-20 12:24:58.135;Pivô de Baixa → Alta (compra);1;175250;8;5;3;5;1;200;44386;5076
2026-07-20 12:38:41.098;Pivô de Alta → Baixa (venda);-1;175350;1;2;0;2;5;50;142836;17520
2026-07-20 12:47:57.938;Pivô de Baixa → Alta (compra);1;175400;2;5;3;5;2;200;29777;4036
2026-07-20 12:55:55.035;Pivô de Alta → Baixa (venda);-1;175500;5;2;0;2;4;50;35043;4000
2026-07-20 13:00:10.597;Pivô de Baixa → Alta (compra);1;175550;2;4;2;4;11;150;55278;6731
2026-07-20 13:07:44.587;Pivô de Alta → Baixa (venda);-1;175600;4;11;9;11;3;500;47413;6344
2026-07-20 13:41:26.463;Pivô de Baixa → Alta (compra);1;175200;11;3;1;3;6;100;45246;4097
2026-07-20 13:49:31.885;Pivô de Alta → Baixa (venda);-1;175200;3;6;4;6;1;250;55170;7040
2026-07-20 14:05:14.800;Pivô de Alta → Baixa (venda);-1;174950;1;3;1;3;9;100;40989;5178
2026-07-20 14:37:14.749;Pivô de Baixa → Alta (compra);1;174950;3;9;7;9;4;400;59092;8247
2026-07-20 15:12:52.133;Pivô de Alta → Baixa (venda);-1;175250;9;4;2;4;3;150;53104;5323
2026-07-20 15:27:07.296;Pivô de Baixa → Alta (compra);1;175200;4;3;1;3;5;100;47935;5758
2026-07-20 15:35:34.895;Pivô de Alta → Baixa (venda);-1;175200;3;5;3;5;1;200;51254;5358
2026-07-20 15:58:05.584;Pivô de Baixa → Alta (compra);1;175100;1;2;0;2;3;50;46098;5128
2026-07-20 16:00:19.165;Pivô de Alta → Baixa (venda);-1;175050;2;3;1;3;4;100;196893;20858
2026-07-20 16:16:20.847;Pivô de Baixa → Alta (compra);1;175050;3;4;2;4;10;150;177062;18403
2026-07-20 16:36:15.938;Pivô de Alta → Baixa (venda);-1;175100;4;10;8;10;1;450;185662;18260
2026-07-20 17:34:06.892;Pivô de Alta → Baixa (venda);-1;174650;1;2;0;2;1;50;128974;16022
2026-07-20 18:24:57.692;Pivô de Baixa → Alta (compra);1;174700;1;11;9;11;2;500;21252;112
2026-07-21 09:02:37.814;Pivô de Alta → Baixa (venda);-1;175100;11;2;0;2;1;50;64799;922
2026-07-21 09:02:39.389;Pivô de Alta → Baixa (venda);-1;175050;1;4;2;4;2;150;5040;761
2026-07-21 09:02:44.287;Pivô de Baixa → Alta (compra);1;175000;4;2;0;2;3;50;4621;734
2026-07-21 09:02:45.115;Pivô de Alta → Baixa (venda);-1;174950;2;3;1;3;1;100;3919;623
2026-07-21 09:03:00.499;Pivô de Baixa → Alta (compra);1;174950;1;3;1;3;1;100;4425;556
2026-07-21 09:03:03.534;Pivô de Baixa → Alta (compra);1;175050;1;2;0;2;3;50;7824;1032
2026-07-21 09:03:09.836;Pivô de Alta → Baixa (venda);-1;175000;2;3;1;3;2;100;5919;700
2026-07-21 09:03:17.196;Pivô de Baixa → Alta (compra);1;175000;3;2;0;2;4;50;7315;935
2026-07-21 09:03:22.521;Pivô de Alta → Baixa (venda);-1;174950;2;4;2;4;2;150;10846;1303
2026-07-21 09:03:46.405;Pivô de Baixa → Alta (compra);1;174900;4;2;0;2;6;50;14306;1207
2026-07-21 09:03:53.812;Pivô de Alta → Baixa (venda);-1;174850;2;6;4;6;2;250;8690;893
2026-07-21 09:04:22.181;Pivô de Baixa → Alta (compra);1;174700;6;2;0;2;1;50;11555;1349
2026-07-21 09:04:31.668;Pivô de Baixa → Alta (compra);1;174750;1;2;0;2;1;50;6226;709
2026-07-21 09:04:59.160;Pivô de Alta → Baixa (venda);-1;174700;1;4;2;4;2;150;9527;770
2026-07-21 09:05:08.020;Pivô de Baixa → Alta (compra);1;174650;4;2;0;2;1;50;9472;862
2026-07-21 09:06:04.071;Pivô de Baixa → Alta (compra);1;174700;1;6;4;6;1;250;9427;1055
2026-07-21 09:09:00.817;Pivô de Alta → Baixa (venda);-1;174850;1;3;1;3;6;100;20499;1938
2026-07-21 09:09:27.421;Pivô de Baixa → Alta (compra);1;174850;3;6;4;6;1;250;30536;2758
2026-07-21 09:11:18.404;Pivô de Baixa → Alta (compra);1;175100;1;5;3;5;11;200;53913;5212
2026-07-21 09:13:48.888;Pivô de Alta → Baixa (venda);-1;175200;5;11;9;11;2;500;58134;5612
2026-07-21 09:16:51.495;Pivô de Baixa → Alta (compra);1;174800;11;2;0;2;6;50;20204;1155
2026-07-21 09:17:05.888;Pivô de Alta → Baixa (venda);-1;174750;2;6;4;6;3;250;62744;5763
2026-07-21 09:23:33.021;Pivô de Baixa → Alta (compra);1;174600;6;3;1;3;4;100;34235;3234
2026-07-21 09:25:00.892;Pivô de Alta → Baixa (venda);-1;174600;3;4;2;4;7;150;42428;4041
2026-07-21 09:26:02.170;Pivô de Baixa → Alta (compra);1;174550;4;7;5;7;1;300;62754;7581
2026-07-21 09:35:35.959;Pivô de Baixa → Alta (compra);1;174850;1;4;2;4;5;150;16650;1230
2026-07-21 09:40:05.447;Pivô de Alta → Baixa (venda);-1;174900;4;5;3;5;1;200;31808;2936
2026-07-21 09:43:18.518;Pivô de Alta → Baixa (venda);-1;174700;1;2;0;2;3;50;18753;1116
2026-07-21 09:43:48.359;Pivô de Baixa → Alta (compra);1;174750;2;3;1;3;1;100;34198;3898
2026-07-21 09:48:29.640;Pivô de Alta → Baixa (venda);-1;174750;1;4;2;4;2;150;32328;2950
2026-07-21 09:53:08.934;Pivô de Baixa → Alta (compra);1;174700;4;2;0;2;2;50;186656;18130
2026-07-21 10:00:01.324;Pivô de Alta → Baixa (venda);-1;174650;2;2;0;2;1;50;24262;1910
2026-07-21 10:01:04.138;Pivô de Alta → Baixa (venda);-1;174600;1;2;0;2;2;50;18030;1735
2026-07-21 10:01:32.081;Pivô de Baixa → Alta (compra);1;174650;2;2;0;2;2;50;57115;4389
2026-07-21 10:02:41.172;Pivô de Alta → Baixa (venda);-1;174600;2;2;0;2;4;50;21023;1925
2026-07-21 10:03:17.977;Pivô de Baixa → Alta (compra);1;174650;2;4;2;4;2;150;41078;3703
2026-07-21 10:05:51.760;Pivô de Alta → Baixa (venda);-1;174700;4;2;0;2;5;50;71641;6239
2026-07-21 10:07:22.419;Pivô de Baixa → Alta (compra);1;174750;2;5;3;5;10;200;29828;3042
2026-07-21 10:16:33.599;Pivô de Alta → Baixa (venda);-1;174850;5;10;8;10;2;450;35448;3199
2026-07-21 10:21:02.498;Pivô de Baixa → Alta (compra);1;174500;10;2;0;2;1;50;120133;10248
2026-07-21 10:24:42.154;Pivô de Baixa → Alta (compra);1;174550;1;5;3;5;3;200;54373;5119
2026-07-21 10:28:26.597;Pivô de Alta → Baixa (venda);-1;174650;5;3;1;3;6;100;35845;2846
2026-07-21 10:29:13.302;Pivô de Baixa → Alta (compra);1;174650;3;6;4;6;1;250;45008;4192
2026-07-21 10:31:05.280;Pivô de Baixa → Alta (compra);1;174900;1;4;2;4;7;150;9500;566
2026-07-21 10:31:36.069;Pivô de Alta → Baixa (venda);-1;174950;4;7;5;7;1;300;59489;4347
2026-07-21 10:34:02.367;Pivô de Alta → Baixa (venda);-1;174650;1;9;7;9;2;400;47036;3719
2026-07-21 10:36:48.101;Pivô de Baixa → Alta (compra);1;174350;9;2;0;2;1;50;33528;2550
2026-07-21 10:37:33.330;Pivô de Alta → Baixa (venda);-1;174300;1;3;1;3;1;100;32228;2339
2026-07-21 10:39:03.264;Pivô de Alta → Baixa (venda);-1;174200;1;4;2;4;1;150;24016;1822
2026-07-21 10:40:26.362;Pivô de Alta → Baixa (venda);-1;174050;1;4;2;4;2;150;27443;2250
2026-07-21 10:41:12.779;Pivô de Baixa → Alta (compra);1;174000;4;2;0;2;1;50;74772;6303
2026-07-21 10:43:03.154;Pivô de Baixa → Alta (compra);1;174050;1;10;8;10;9;450;39497;3598
2026-07-21 10:48:54.941;Pivô de Alta → Baixa (venda);-1;174400;10;9;7;9;2;400;30353;1850
2026-07-21 10:52:01.173;Pivô de Baixa → Alta (compra);1;174100;9;2;0;2;1;50;23733;1533
2026-07-21 10:56:04.605;Pivô de Baixa → Alta (compra);1;174150;1;2;0;2;4;50;62190;5308
2026-07-21 10:58:01.393;Pivô de Alta → Baixa (venda);-1;174100;2;4;2;4;7;150;14510;998
2026-07-21 11:01:01.460;Pivô de Baixa → Alta (compra);1;174050;4;7;5;7;2;300;48317;4700
2026-07-21 11:04:26.741;Pivô de Alta → Baixa (venda);-1;174250;7;2;0;2;4;50;48284;3962
2026-07-21 11:06:08.191;Pivô de Baixa → Alta (compra);1;174300;2;4;2;4;1;150;16189;1391
2026-07-21 11:10:31.795;Pivô de Alta → Baixa (venda);-1;174350;1;2;0;2;5;50;34221;3179
2026-07-21 11:12:14.542;Pivô de Baixa → Alta (compra);1;174400;2;5;3;5;2;200;52830;4253
2026-07-21 11:16:35.869;Pivô de Alta → Baixa (venda);-1;174500;5;2;0;2;1;50;19275;1831
2026-07-21 11:18:02.079;Pivô de Alta → Baixa (venda);-1;174450;1;9;7;9;3;400;10476;747
2026-07-21 11:27:49.378;Pivô de Baixa → Alta (compra);1;174150;9;3;1;3;9;100;73955;6068
2026-07-21 11:31:04.095;Pivô de Alta → Baixa (venda);-1;174150;3;9;7;9;2;400;33131;2300
2026-07-21 11:38:37.468;Pivô de Baixa → Alta (compra);1;173850;9;2;0;2;2;50;68338;5738
2026-07-21 11:43:05.758;Pivô de Alta → Baixa (venda);-1;173800;2;2;0;2;1;50;96127;8259
2026-07-21 11:48:08.462;Pivô de Alta → Baixa (venda);-1;173750;1;5;3;5;2;200;57740;5553
2026-07-21 11:56:41.515;Pivô de Baixa → Alta (compra);1;173650;5;2;0;2;1;50;254303;23186
2026-07-21 12:10:31.657;Pivô de Baixa → Alta (compra);1;173700;1;8;6;8;1;350;72884;6776
2026-07-21 12:33:24.533;Pivô de Baixa → Alta (compra);1;174050;1;3;1;3;3;100;36198;3338
2026-07-21 12:41:33.299;Pivô de Alta → Baixa (venda);-1;174050;3;3;1;3;2;100;55396;5953
2026-07-21 13:00:00.126;Pivô de Baixa → Alta (compra);1;174050;3;2;0;2;2;50;58654;5604
2026-07-21 13:06:10.156;Pivô de Alta → Baixa (venda);-1;174000;2;2;0;2;9;50;39315;4148
2026-07-21 13:10:01.865;Pivô de Baixa → Alta (compra);1;174050;2;9;7;9;3;400;58245;6111
2026-07-21 14:02:04.513;Pivô de Alta → Baixa (venda);-1;174350;9;3;1;3;4;100;84395;7352
2026-07-21 14:22:28.160;Pivô de Baixa → Alta (compra);1;174350;3;4;2;4;1;150;104288;10180
2026-07-21 14:35:58.089;Pivô de Baixa → Alta (compra);1;174500;1;3;1;3;5;100;49389;4523
2026-07-21 14:40:17.294;Pivô de Alta → Baixa (venda);-1;174500;3;5;3;5;6;200;41906;3924
2026-07-21 14:48:04.179;Pivô de Baixa → Alta (compra);1;174400;5;6;4;6;1;250;77424;6104
2026-07-21 15:06:15.520;Pivô de Baixa → Alta (compra);1;174650;1;4;2;4;2;150;88529;8916
2026-07-21 16:06:25.544;Pivô de Alta → Baixa (venda);-1;174700;4;2;0;2;1;50;135039;11417
2026-07-21 16:44:56.684;Pivô de Alta → Baixa (venda);-1;174650;1;4;2;4;3;150;117119;9645
2026-07-21 17:23:33.027;Pivô de Baixa → Alta (compra);1;174600;4;3;1;3;8;100;150964;16847
2026-07-21 18:02:44.174;Pivô de Alta → Baixa (venda);-1;174600;3;8;6;8;6;350;117982;12440
2026-07-22 09:03:10.070;Pivô de Baixa → Alta (compra);1;174350;8;6;4;6;1;250;4013;491
2026-07-22 09:03:14.013;Pivô de Baixa → Alta (compra);1;174600;1;7;5;7;4;300;1096;174
2026-07-22 09:03:26.570;Pivô de Alta → Baixa (venda);-1;174800;7;4;2;4;6;150;13876;1689
2026-07-22 09:03:34.317;Pivô de Baixa → Alta (compra);1;174750;4;6;4;6;1;250;5076;655
2026-07-22 09:04:08.043;Pivô de Baixa → Alta (compra);1;175000;1;4;2;4;3;150;8106;804
2026-07-22 09:04:22.927;Pivô de Alta → Baixa (venda);-1;175050;4;3;1;3;3;100;4500;522
2026-07-22 09:04:26.106;Pivô de Baixa → Alta (compra);1;175050;3;3;1;3;1;100;8590;1076
2026-07-22 09:04:44.875;Pivô de Alta → Baixa (venda);-1;175050;1;2;0;2;2;50;6439;675
2026-07-22 09:04:55.674;Pivô de Baixa → Alta (compra);1;175100;2;2;0;2;2;50;3292;419
2026-07-22 09:04:58.787;Pivô de Alta → Baixa (venda);-1;175050;2;2;0;2;4;50;46202;4716
2026-07-22 09:05:33.036;Pivô de Baixa → Alta (compra);1;175100;2;4;2;4;4;150;18414;1640
2026-07-22 09:06:00.840;Pivô de Alta → Baixa (venda);-1;175150;4;4;2;4;8;150;15790;1517
2026-07-22 09:06:40.347;Pivô de Baixa → Alta (compra);1;175100;4;8;6;8;1;350;37838;3752
2026-07-22 09:10:00.613;Pivô de Baixa → Alta (compra);1;175450;1;2;0;2;4;50;52333;5644
2026-07-22 09:11:22.044;Pivô de Alta → Baixa (venda);-1;175400;2;4;2;4;5;150;37114;4013
2026-07-22 09:12:12.085;Pivô de Baixa → Alta (compra);1;175350;4;5;3;5;3;200;29348;3078
2026-07-22 09:14:47.987;Pivô de Alta → Baixa (venda);-1;175450;5;3;1;3;3;100;43495;3586
2026-07-22 09:15:37.410;Pivô de Baixa → Alta (compra);1;175450;3;3;1;3;5;100;22173;1856
2026-07-22 09:16:07.183;Pivô de Alta → Baixa (venda);-1;175450;3;5;3;5;4;200;25831;2177
2026-07-22 09:17:38.297;Pivô de Baixa → Alta (compra);1;175350;5;4;2;4;4;150;44245;4602
2026-07-22 09:23:18.019;Pivô de Alta → Baixa (venda);-1;175400;4;4;2;4;1;150;19011;1849
2026-07-22 09:29:12.088;Pivô de Baixa → Alta (compra);1;175350;1;7;5;7;8;300;80969;7134
2026-07-22 09:36:24.928;Pivô de Alta → Baixa (venda);-1;175550;7;8;6;8;1;350;120679;11423
2026-07-22 09:43:18.584;Pivô de Alta → Baixa (venda);-1;175200;1;2;0;2;4;50;20205;1401
2026-07-22 09:43:35.718;Pivô de Baixa → Alta (compra);1;175250;2;4;2;4;3;150;69458;5375
2026-07-22 09:44:57.146;Pivô de Alta → Baixa (venda);-1;175300;4;3;1;3;4;100;21100;1453
2026-07-22 09:45:06.618;Pivô de Baixa → Alta (compra);1;175300;3;4;2;4;2;150;44182;4077
2026-07-22 09:47:14.194;Pivô de Alta → Baixa (venda);-1;175350;4;2;0;2;1;50;49563;4849
2026-07-22 09:49:30.747;Pivô de Alta → Baixa (venda);-1;175300;1;3;1;3;4;100;20081;2014
2026-07-22 09:51:15.164;Pivô de Baixa → Alta (compra);1;175300;3;4;2;4;1;150;58016;5711
2026-07-22 09:54:18.414;Pivô de Baixa → Alta (compra);1;175450;1;3;1;3;4;100;19917;2126
2026-07-22 09:55:03.725;Pivô de Alta → Baixa (venda);-1;175450;3;4;2;4;8;150;94857;8786
2026-07-22 09:56:53.878;Pivô de Baixa → Alta (compra);1;175400;4;8;6;8;1;350;11176;673
2026-07-22 10:00:34.732;Pivô de Baixa → Alta (compra);1;175750;1;5;3;5;2;200;18080;1627
2026-07-22 10:01:03.490;Pivô de Alta → Baixa (venda);-1;175850;5;2;0;2;1;50;73860;7106
2026-07-22 10:02:15.540;Pivô de Alta → Baixa (venda);-1;175800;1;3;1;3;3;100;21947;2189
2026-07-22 10:04:27.263;Pivô de Baixa → Alta (compra);1;175800;3;3;1;3;5;100;27981;2715
2026-07-22 10:05:06.276;Pivô de Alta → Baixa (venda);-1;175800;3;5;3;5;2;200;22728;1854
2026-07-22 10:06:59.742;Pivô de Baixa → Alta (compra);1;175700;5;2;0;2;5;50;27876;2339
2026-07-22 10:07:33.149;Pivô de Alta → Baixa (venda);-1;175650;2;5;3;5;7;200;25979;2257
2026-07-22 10:10:39.600;Pivô de Baixa → Alta (compra);1;175550;5;7;5;7;2;300;26671;2476
2026-07-22 10:11:44.679;Pivô de Alta → Baixa (venda);-1;175750;7;2;0;2;6;50;26845;2448
2026-07-22 10:12:30.274;Pivô de Baixa → Alta (compra);1;175800;2;6;4;6;2;250;5434;399
2026-07-22 10:15:03.561;Pivô de Alta → Baixa (venda);-1;175950;6;2;0;2;3;50;42560;3258
2026-07-22 10:15:43.984;Pivô de Baixa → Alta (compra);1;176000;2;3;1;3;6;100;23662;1515
2026-07-22 10:16:17.539;Pivô de Alta → Baixa (venda);-1;176000;3;6;4;6;4;250;100186;8412
2026-07-22 10:19:22.949;Pivô de Baixa → Alta (compra);1;175850;6;4;2;4;4;150;50088;3502
2026-07-22 10:20:38.082;Pivô de Alta → Baixa (venda);-1;175900;4;4;2;4;8;150;14651;1288
2026-07-22 10:22:16.114;Pivô de Baixa → Alta (compra);1;175850;4;8;6;8;1;350;5817;549
2026-07-22 10:25:08.715;Pivô de Baixa → Alta (compra);1;176200;1;2;0;2;1;50;37736;3176
2026-07-22 10:28:04.306;Pivô de Alta → Baixa (venda);-1;176150;1;2;0;2;14;50;39320;3519
2026-07-22 10:29:09.902;Pivô de Baixa → Alta (compra);1;176200;2;14;12;14;1;650;27775;2174
2026-07-22 10:31:43.726;Pivô de Baixa → Alta (compra);1;176850;1;2;0;2;5;50;29478;2403
2026-07-22 10:32:04.528;Pivô de Alta → Baixa (venda);-1;176800;2;5;3;5;2;200;14595;1215
2026-07-22 10:33:21.621;Pivô de Baixa → Alta (compra);1;176700;5;2;0;2;1;50;35095;2889
2026-07-22 10:35:06.817;Pivô de Baixa → Alta (compra);1;176750;1;5;3;5;3;200;44303;3640
2026-07-22 10:36:46.364;Pivô de Alta → Baixa (venda);-1;176850;5;3;1;3;22;100;14911;808
2026-07-22 10:37:52.068;Pivô de Baixa → Alta (compra);1;176850;3;22;20;22;6;1050;40191;3050
2026-07-22 10:42:36.939;Pivô de Alta → Baixa (venda);-1;177800;22;6;4;6;6;250;10916;774
2026-07-22 10:42:45.829;Pivô de Baixa → Alta (compra);1;177650;6;6;4;6;5;250;65201;5120
2026-07-22 10:44:05.580;Pivô de Alta → Baixa (venda);-1;177800;6;5;3;5;12;200;30796;2437
2026-07-22 10:45:42.660;Pivô de Baixa → Alta (compra);1;177700;5;12;10;12;4;550;28852;2306
2026-07-22 10:48:07.440;Pivô de Alta → Baixa (venda);-1;178150;12;4;2;4;1;150;20552;1450
2026-07-22 10:48:47.415;Pivô de Alta → Baixa (venda);-1;178000;1;2;0;2;4;50;62689;5097
2026-07-22 10:50:04.513;Pivô de Baixa → Alta (compra);1;178050;2;4;2;4;2;150;45371;3801
2026-07-22 10:51:06.767;Pivô de Alta → Baixa (venda);-1;178100;4;2;0;2;1;50;33171;2589
2026-07-22 10:52:07.735;Pivô de Alta → Baixa (venda);-1;178050;1;5;3;5;1;200;25846;1884
2026-07-22 10:53:39.113;Pivô de Alta → Baixa (venda);-1;177850;1;2;0;2;2;50;11204;1113
2026-07-22 10:54:03.634;Pivô de Baixa → Alta (compra);1;177900;2;2;0;2;1;50;79935;6546
2026-07-22 10:56:18.919;Pivô de Baixa → Alta (compra);1;177950;1;4;2;4;8;150;13668;821
2026-07-22 10:57:06.837;Pivô de Alta → Baixa (venda);-1;178000;4;8;6;8;3;350;47011;4384
2026-07-22 11:01:25.755;Pivô de Baixa → Alta (compra);1;177750;8;3;1;3;1;100;22750;1721
2026-07-22 11:02:11.018;Pivô de Baixa → Alta (compra);1;177850;1;3;1;3;16;100;10896;956
2026-07-22 11:02:28.216;Pivô de Alta → Baixa (venda);-1;177850;3;16;14;16;2;750;22310;1558
2026-07-22 11:12:16.467;Pivô de Baixa → Alta (compra);1;177200;16;2;0;2;1;50;24348;2016
2026-07-22 11:15:34.743;Pivô de Baixa → Alta (compra);1;177250;1;7;5;7;7;300;14443;1387
2026-07-22 11:19:24.069;Pivô de Alta → Baixa (venda);-1;177450;7;7;5;7;2;300;21878;1738
2026-07-22 11:22:54.145;Pivô de Baixa → Alta (compra);1;177250;7;2;0;2;3;50;45533;3491
2026-07-22 11:24:02.291;Pivô de Alta → Baixa (venda);-1;177200;2;3;1;3;1;100;18984;1486
2026-07-22 11:27:16.119;Pivô de Alta → Baixa (venda);-1;177100;1;5;3;5;1;200;96093;7547
2026-07-22 11:32:19.963;Pivô de Alta → Baixa (venda);-1;176900;1;3;1;3;1;100;36745;2571
2026-07-22 11:40:50.726;Pivô de Baixa → Alta (compra);1;176900;1;2;0;2;4;50;92113;7639
2026-07-22 11:44:05.649;Pivô de Alta → Baixa (venda);-1;176850;2;4;2;4;2;150;69092;5251
2026-07-22 11:46:06.627;Pivô de Baixa → Alta (compra);1;176800;4;2;0;2;4;50;57031;4258
2026-07-22 11:47:14.825;Pivô de Alta → Baixa (venda);-1;176750;2;4;2;4;2;150;65750;5073
2026-07-22 11:49:48.157;Pivô de Baixa → Alta (compra);1;176700;4;2;0;2;1;50;38028;3091
2026-07-22 11:52:34.614;Pivô de Baixa → Alta (compra);1;176750;1;3;1;3;1;100;61932;4731
2026-07-22 12:00:07.134;Pivô de Baixa → Alta (compra);1;176850;1;6;4;6;3;250;49499;3866
2026-07-22 12:09:29.456;Pivô de Alta → Baixa (venda);-1;177000;6;3;1;3;1;100;43428;3271
2026-07-22 12:16:02.208;Pivô de Alta → Baixa (venda);-1;176900;1;3;1;3;6;100;19516;1876
2026-07-22 12:19:45.165;Pivô de Baixa → Alta (compra);1;176900;3;6;4;6;2;250;33024;2741
2026-07-22 12:25:23.736;Pivô de Alta → Baixa (venda);-1;177050;6;2;0;2;7;50;43307;3598
2026-07-22 12:29:22.571;Pivô de Baixa → Alta (compra);1;177100;2;7;5;7;1;300;42606;3011
2026-07-22 12:35:18.282;Pivô de Alta → Baixa (venda);-1;177300;1;2;0;2;5;50;75387;6921
2026-07-22 12:40:12.642;Pivô de Baixa → Alta (compra);1;177350;2;5;3;5;3;200;57674;4617
2026-07-22 12:44:25.049;Pivô de Alta → Baixa (venda);-1;177450;5;3;1;3;5;100;27289;1711
2026-07-22 12:56:12.768;Pivô de Baixa → Alta (compra);1;177450;3;5;3;5;3;200;35975;2981
2026-07-22 13:08:21.311;Pivô de Alta → Baixa (venda);-1;177550;5;3;1;3;1;100;33710;2751
2026-07-22 13:16:53.122;Pivô de Baixa → Alta (compra);1;177550;1;6;4;6;2;250;148773;12204
2026-07-22 13:43:35.586;Pivô de Alta → Baixa (venda);-1;177700;6;2;0;2;8;50;71546;6299
2026-07-22 13:49:11.986;Pivô de Baixa → Alta (compra);1;177750;2;8;6;8;1;350;39375;3454
2026-07-22 14:11:57.143;Pivô de Baixa → Alta (compra);1;178100;1;4;2;4;1;150;38080;2916
2026-07-22 14:19:13.655;Pivô de Baixa → Alta (compra);1;178250;1;6;4;6;2;250;152449;11160
2026-07-22 14:31:27.822;Pivô de Alta → Baixa (venda);-1;178400;6;2;0;2;7;50;108984;7811
2026-07-22 14:39:37.665;Pivô de Baixa → Alta (compra);1;178450;2;7;5;7;1;300;60449;5119
2026-07-22 15:00:12.896;Pivô de Baixa → Alta (compra);1;178750;1;3;1;3;2;100;17521;1100
2026-07-22 15:00:45.483;Pivô de Alta → Baixa (venda);-1;178750;3;2;0;2;1;50;31031;2011
2026-07-22 15:07:36.176;Pivô de Alta → Baixa (venda);-1;178700;1;3;1;3;2;100;34363;3172
2026-07-22 15:09:54.765;Pivô de Baixa → Alta (compra);1;178700;3;2;0;2;1;50;161229;12615
2026-07-22 15:38:22.916;Pivô de Baixa → Alta (compra);1;178750;1;6;4;6;4;250;31519;2014
2026-07-22 15:59:25.171;Pivô de Alta → Baixa (venda);-1;178900;6;4;2;4;1;150;71458;4980
2026-07-22 16:40:05.992;Pivô de Baixa → Alta (compra);1;178850;1;4;2;4;2;150;137322;9405
2026-07-22 17:02:08.128;Pivô de Alta → Baixa (venda);-1;178900;4;2;0;2;6;50;15338;881
2026-07-22 17:05:37.011;Pivô de Baixa → Alta (compra);1;178950;2;6;4;6;3;250;43535;4108
2026-07-22 17:19:53.142;Pivô de Alta → Baixa (venda);-1;179100;6;3;1;3;2;100;204206;19456
2026-07-22 17:45:28.043;Pivô de Baixa → Alta (compra);1;179100;3;2;0;2;21;50;85205;9298
2026-07-22 18:01:24.031;Pivô de Alta → Baixa (venda);-1;179050;2;21;19;21;1;1000;40534;5371
2026-07-23 09:02:40.790;Pivô de Alta → Baixa (venda);-1;178050;1;5;3;5;5;200;1223;135
2026-07-23 09:02:42.575;Pivô de Baixa → Alta (compra);1;177950;5;5;3;5;1;200;3141;506
2026-07-23 09:02:46.405;Pivô de Baixa → Alta (compra);1;178150;1;2;0;2;6;50;1748;197
2026-07-23 09:02:46.858;Pivô de Alta → Baixa (venda);-1;178100;2;6;4;6;3;250;1950;238
2026-07-23 09:03:00.491;Pivô de Baixa → Alta (compra);1;177950;6;3;1;3;5;100;14069;1741
2026-07-23 09:03:15.623;Pivô de Alta → Baixa (venda);-1;177950;3;5;3;5;4;200;8393;1191
2026-07-23 09:03:34.063;Pivô de Baixa → Alta (compra);1;177850;5;4;2;4;2;150;7009;950
2026-07-23 09:03:41.912;Pivô de Alta → Baixa (venda);-1;177900;4;2;0;2;7;50;6852;883
2026-07-23 09:03:47.148;Pivô de Baixa → Alta (compra);1;177950;2;7;5;7;1;300;14130;1740
2026-07-23 09:04:48.198;Pivô de Baixa → Alta (compra);1;178250;1;7;5;7;1;300;11196;1238
2026-07-23 09:07:27.315;Pivô de Alta → Baixa (venda);-1;178450;1;4;2;4;8;150;25337;2759
2026-07-23 09:08:18.583;Pivô de Baixa → Alta (compra);1;178400;4;8;6;8;9;350;26627;2936
2026-07-23 09:09:01.443;Pivô de Alta → Baixa (venda);-1;178650;8;9;7;9;1;400;12766;2126
2026-07-23 09:09:04.052;Pivô de Baixa → Alta (compra);1;178350;1;2;0;2;1;50;1;1
2026-07-23 09:09:04.057;Pivô de Alta → Baixa (venda);-1;178300;1;2;0;2;1;50;47;12
2026-07-23 09:09:04.065;Pivô de Baixa → Alta (compra);1;178350;1;2;0;2;1;50;8;4
2026-07-23 09:09:04.072;Pivô de Baixa → Alta (compra);1;178400;1;2;0;2;3;50;12;4
2026-07-23 09:09:04.072;Pivô de Alta → Baixa (venda);-1;178350;2;3;1;3;1;100;1402;291
2026-07-23 09:09:04.283;Pivô de Baixa → Alta (compra);1;178350;1;2;0;2;1;50;36;9
2026-07-23 09:09:04.284;Pivô de Alta → Baixa (venda);-1;178300;1;2;0;2;2;50;34;3
2026-07-23 09:09:04.284;Pivô de Baixa → Alta (compra);1;178350;2;2;0;2;2;50;97;8
2026-07-23 09:09:04.285;Pivô de Alta → Baixa (venda);-1;178300;2;2;0;2;1;50;69;18
2026-07-23 09:09:04.290;Pivô de Alta → Baixa (venda);-1;178250;1;3;1;3;4;100;10;1
2026-07-23 09:09:04.311;Pivô de Baixa → Alta (compra);1;178250;3;4;2;4;4;150;1480;39
2026-07-23 09:09:04.318;Pivô de Alta → Baixa (venda);-1;178300;4;4;2;4;4;150;4;3
2026-07-23 09:09:04.324;Pivô de Baixa → Alta (compra);1;178250;4;4;2;4;4;150;25;3
2026-07-23 09:09:04.326;Pivô de Alta → Baixa (venda);-1;178300;4;4;2;4;1;150;18;2
2026-07-23 09:09:04.330;Pivô de Baixa → Alta (compra);1;178250;1;2;0;2;2;50;27;5
2026-07-23 09:09:04.330;Pivô de Alta → Baixa (venda);-1;178200;2;2;0;2;2;50;135;10
2026-07-23 09:09:04.334;Pivô de Baixa → Alta (compra);1;178250;2;2;0;2;3;50;16;3
2026-07-23 09:09:04.335;Pivô de Alta → Baixa (venda);-1;178200;2;3;1;3;4;100;840;159
2026-07-23 09:09:04.471;Pivô de Baixa → Alta (compra);1;178200;3;4;2;4;1;150;174;13
2026-07-23 09:09:04.522;Pivô de Alta → Baixa (venda);-1;178250;1;2;0;2;2;50;32;15
2026-07-23 09:09:04.525;Pivô de Baixa → Alta (compra);1;178300;2;2;0;2;3;50;10;5
2026-07-23 09:09:04.525;Pivô de Alta → Baixa (venda);-1;178250;2;3;1;3;1;100;3;2
2026-07-23 09:09:04.527;Pivô de Baixa → Alta (compra);1;178250;1;3;1;3;2;100;16;8
2026-07-23 09:09:04.535;Pivô de Alta → Baixa (venda);-1;178250;3;2;0;2;2;50;47;19
2026-07-23 09:09:04.553;Pivô de Baixa → Alta (compra);1;178300;2;2;0;2;3;50;9;3
2026-07-23 09:09:04.560;Pivô de Alta → Baixa (venda);-1;178250;2;3;1;3;2;100;12;5
2026-07-23 09:09:04.564;Pivô de Baixa → Alta (compra);1;178250;3;2;0;2;2;50;39;12
2026-07-23 09:09:04.572;Pivô de Alta → Baixa (venda);-1;178200;2;2;0;2;2;50;8;3
2026-07-23 09:09:04.575;Pivô de Baixa → Alta (compra);1;178250;2;2;0;2;3;50;2;2
2026-07-23 09:09:04.597;Pivô de Alta → Baixa (venda);-1;178200;2;3;1;3;3;100;288;96
2026-07-23 09:09:04.668;Pivô de Baixa → Alta (compra);1;178200;3;3;1;3;2;100;175;17
2026-07-23 09:09:04.671;Pivô de Alta → Baixa (venda);-1;178200;3;2;0;2;3;50;1;1
2026-07-23 09:09:04.671;Pivô de Baixa → Alta (compra);1;178250;2;3;1;3;4;100;39;20
2026-07-23 09:09:04.699;Pivô de Alta → Baixa (venda);-1;178250;3;4;2;4;4;150;44;19
2026-07-23 09:09:04.705;Pivô de Baixa → Alta (compra);1;178200;4;4;2;4;4;150;83;15
2026-07-23 09:09:04.713;Pivô de Alta → Baixa (venda);-1;178250;4;4;2;4;4;150;39;9
2026-07-23 09:09:04.798;Pivô de Baixa → Alta (compra);1;178200;4;4;2;4;4;150;37;12
2026-07-23 09:09:05.054;Pivô de Alta → Baixa (venda);-1;178250;4;4;2;4;1;150;881;161
2026-07-23 09:09:05.220;Pivô de Baixa → Alta (compra);1;178200;1;2;0;2;2;50;35;9
2026-07-23 09:09:05.234;Pivô de Alta → Baixa (venda);-1;178150;2;2;0;2;3;50;145;21
2026-07-23 09:09:05.243;Pivô de Baixa → Alta (compra);1;178200;2;3;1;3;3;100;16;6
2026-07-23 09:09:05.287;Pivô de Alta → Baixa (venda);-1;178200;3;3;1;3;3;100;164;35
2026-07-23 09:09:05.300;Pivô de Baixa → Alta (compra);1;178200;3;3;1;3;1;100;396;26
2026-07-23 09:09:05.435;Pivô de Alta → Baixa (venda);-1;178200;1;2;0;2;1;50;35;10
2026-07-23 09:09:05.441;Pivô de Alta → Baixa (venda);-1;178150;1;2;0;2;1;50;1;1
2026-07-23 09:09:05.457;Pivô de Baixa → Alta (compra);1;178200;1;3;1;3;1;100;221;34
2026-07-23 09:09:05.483;Pivô de Alta → Baixa (venda);-1;178200;1;3;1;3;2;100;26;7
2026-07-23 09:09:05.484;Pivô de Baixa → Alta (compra);1;178200;3;2;0;2;2;50;54;9
2026-07-23 09:09:05.486;Pivô de Alta → Baixa (venda);-1;178150;2;2;0;2;1;50;2;2
2026-07-23 09:09:05.489;Pivô de Baixa → Alta (compra);1;178200;1;3;1;3;2;100;148;48
2026-07-23 09:09:05.536;Pivô de Alta → Baixa (venda);-1;178200;3;2;0;2;1;50;124;11
2026-07-23 09:09:05.540;Pivô de Alta → Baixa (venda);-1;178150;1;2;0;2;1;50;28;9
2026-07-23 09:09:05.629;Pivô de Baixa → Alta (compra);1;178200;1;2;0;2;2;50;24;7
2026-07-23 09:09:05.633;Pivô de Alta → Baixa (venda);-1;178150;2;2;0;2;3;50;146;40
2026-07-23 09:09:05.704;Pivô de Baixa → Alta (compra);1;178200;2;3;1;3;3;100;99;17
2026-07-23 09:09:05.723;Pivô de Alta → Baixa (venda);-1;178200;3;3;1;3;3;100;367;84
2026-07-23 09:09:05.820;Pivô de Baixa → Alta (compra);1;178200;3;3;1;3;1;100;103;22
2026-07-23 09:09:06.067;Pivô de Baixa → Alta (compra);1;178300;1;2;0;2;1;50;63;30
2026-07-23 09:09:06.256;Pivô de Baixa → Alta (compra);1;178350;1;3;1;3;1;100;204;49
2026-07-23 09:09:06.637;Pivô de Baixa → Alta (compra);1;178450;1;3;1;3;2;100;538;84
2026-07-23 09:09:07.658;Pivô de Alta → Baixa (venda);-1;178450;3;2;0;2;2;50;4754;920
2026-07-23 09:09:13.384;Pivô de Baixa → Alta (compra);1;178500;2;2;0;2;2;50;6790;1273
2026-07-23 09:09:28.411;Pivô de Alta → Baixa (venda);-1;178450;2;2;0;2;1;50;5269;858
2026-07-23 09:09:45.605;Pivô de Alta → Baixa (venda);-1;178400;1;2;0;2;2;50;6716;972
2026-07-23 09:10:00.212;Pivô de Baixa → Alta (compra);1;178450;2;2;0;2;3;50;5445;740
2026-07-23 09:10:07.996;Pivô de Alta → Baixa (venda);-1;178400;2;3;1;3;3;100;14669;1757
2026-07-23 09:10:30.660;Pivô de Baixa → Alta (compra);1;178400;3;3;1;3;3;100;5618;847
2026-07-23 09:10:44.186;Pivô de Alta → Baixa (venda);-1;178400;3;3;1;3;2;100;2172;338
2026-07-23 09:10:51.320;Pivô de Baixa → Alta (compra);1;178400;3;2;0;2;1;50;8463;1383
2026-07-23 09:13:00.012;Pivô de Baixa → Alta (compra);1;178450;1;2;0;2;6;50;13369;2858
2026-07-23 09:15:17.538;Pivô de Alta → Baixa (venda);-1;178400;2;6;4;6;2;250;5950;754
2026-07-23 09:16:44.735;Pivô de Baixa → Alta (compra);1;178250;6;2;0;2;3;50;5565;827
2026-07-23 09:16:47.270;Pivô de Alta → Baixa (venda);-1;178200;2;3;1;3;2;100;5412;823
2026-07-23 09:16:54.314;Pivô de Baixa → Alta (compra);1;178200;3;2;0;2;2;50;8051;1289
2026-07-23 09:16:57.614;Pivô de Alta → Baixa (venda);-1;178150;2;2;0;2;1;50;42599;6329
2026-07-23 09:21:36.032;Pivô de Baixa → Alta (compra);1;178200;1;5;3;5;1;200;17398;1984
2026-07-23 09:24:32.158;Pivô de Baixa → Alta (compra);1;178400;1;5;3;5;1;200;38951;5091
2026-07-23 09:35:15.279;Pivô de Alta → Baixa (venda);-1;178500;1;2;0;2;3;50;35936;3920
2026-07-23 09:36:34.572;Pivô de Baixa → Alta (compra);1;178550;2;3;1;3;2;100;26706;2833
2026-07-23 09:38:22.970;Pivô de Alta → Baixa (venda);-1;178550;3;2;0;2;1;50;18969;2071
2026-07-23 09:41:27.593;Pivô de Alta → Baixa (venda);-1;178500;1;7;5;7;2;300;18489;1766
2026-07-23 09:42:11.217;Pivô de Baixa → Alta (compra);1;178300;7;2;0;2;2;50;4130;443
2026-07-23 09:42:12.474;Pivô de Alta → Baixa (venda);-1;178250;2;2;0;2;1;50;32528;3438
2026-07-23 09:43:36.751;Pivô de Alta → Baixa (venda);-1;178200;1;2;0;2;4;50;9166;1058
2026-07-23 09:44:39.634;Pivô de Baixa → Alta (compra);1;178250;2;4;2;4;2;150;27778;2217
2026-07-23 09:46:38.878;Pivô de Alta → Baixa (venda);-1;178300;4;2;0;2;2;50;35515;3138
2026-07-23 09:48:23.219;Pivô de Baixa → Alta (compra);1;178350;2;2;0;2;1;50;40701;2993
2026-07-23 09:50:57.633;Pivô de Baixa → Alta (compra);1;178400;1;2;0;2;4;50;39156;3742
2026-07-23 09:53:29.362;Pivô de Alta → Baixa (venda);-1;178350;2;4;2;4;2;150;23231;1859
2026-07-23 09:54:23.142;Pivô de Baixa → Alta (compra);1;178300;4;2;0;2;4;50;48253;4173
2026-07-23 10:00:01.123;Pivô de Alta → Baixa (venda);-1;178250;2;4;2;4;1;150;18005;1321
2026-07-23 10:00:50.523;Pivô de Alta → Baixa (venda);-1;178100;1;4;2;4;1;150;41891;3620
2026-07-23 10:02:45.923;Pivô de Alta → Baixa (venda);-1;177950;1;2;0;2;9;50;12980;1278
2026-07-23 10:03:05.908;Pivô de Baixa → Alta (compra);1;178000;2;9;7;9;3;400;21608;1966
2026-07-23 10:04:46.627;Pivô de Alta → Baixa (venda);-1;178300;9;3;1;3;1;100;33470;3116
2026-07-23 10:06:00.600;Pivô de Alta → Baixa (venda);-1;178200;1;8;6;8;2;350;28834;2845
2026-07-23 10:10:27.278;Pivô de Baixa → Alta (compra);1;177950;8;2;0;2;1;50;49138;4370
2026-07-23 10:11:14.813;Pivô de Baixa → Alta (compra);1;178000;1;2;0;2;7;50;18523;1795
2026-07-23 10:11:35.156;Pivô de Alta → Baixa (venda);-1;177950;2;7;5;7;1;300;52165;4707
2026-07-23 10:15:14.698;Pivô de Alta → Baixa (venda);-1;177650;1;5;3;5;4;200;14221;1221
2026-07-23 10:16:26.648;Pivô de Baixa → Alta (compra);1;177550;5;4;2;4;4;150;21085;1878
2026-07-23 10:18:25.685;Pivô de Alta → Baixa (venda);-1;177600;4;4;2;4;1;150;60178;5420
2026-07-23 10:22:59.207;Pivô de Baixa → Alta (compra);1;177550;1;2;0;2;1;50;34137;3217
2026-07-23 10:25:44.329;Pivô de Baixa → Alta (compra);1;177600;1;13;11;13;1;600;23053;2221
2026-07-23 10:30:00.715;Pivô de Alta → Baixa (venda);-1;178100;1;2;0;2;9;50;12298;1091
2026-07-23 10:30:06.706;Pivô de Baixa → Alta (compra);1;178150;2;9;7;9;3;400;26710;2452
2026-07-23 10:31:49.728;Pivô de Alta → Baixa (venda);-1;178450;9;3;1;3;3;100;27491;2185
2026-07-23 10:32:30.294;Pivô de Baixa → Alta (compra);1;178450;3;3;1;3;6;100;15473;1246
2026-07-23 10:33:45.928;Pivô de Alta → Baixa (venda);-1;178450;3;6;4;6;1;250;39185;3315
2026-07-23 10:36:07.538;Pivô de Alta → Baixa (venda);-1;178200;1;3;1;3;1;100;19325;1792
2026-07-23 10:37:15.431;Pivô de Alta → Baixa (venda);-1;178100;1;2;0;2;2;50;28836;2114
2026-07-23 10:38:13.136;Pivô de Baixa → Alta (compra);1;178150;2;2;0;2;1;50;22089;1579
2026-07-23 10:40:27.055;Pivô de Baixa → Alta (compra);1;178200;1;9;7;9;1;400;15919;1606
2026-07-23 10:44:25.051;Pivô de Alta → Baixa (venda);-1;178500;1;3;1;3;4;100;10042;840
2026-07-23 10:45:03.213;Pivô de Baixa → Alta (compra);1;178500;3;4;2;4;2;150;53201;3843
2026-07-23 10:46:06.121;Pivô de Alta → Baixa (venda);-1;178550;4;2;0;2;2;50;20674;1555
2026-07-23 10:47:01.442;Pivô de Baixa → Alta (compra);1;178600;2;2;0;2;1;50;20587;1545
2026-07-23 10:48:05.467;Pivô de Baixa → Alta (compra);1;178650;1;4;2;4;1;150;43721;3013
2026-07-23 10:49:42.248;Pivô de Baixa → Alta (compra);1;178800;1;5;3;5;1;200;21035;1643
2026-07-23 10:52:51.171;Pivô de Baixa → Alta (compra);1;179000;1;3;1;3;16;100;20696;1228
2026-07-23 10:55:04.332;Pivô de Alta → Baixa (venda);-1;179000;3;16;14;16;1;750;25901;1691
2026-07-23 11:00:39.778;Pivô de Alta → Baixa (venda);-1;178250;1;3;1;3;2;100;13318;1378
2026-07-23 11:01:04.264;Pivô de Baixa → Alta (compra);1;178250;3;2;0;2;1;50;48124;4042
2026-07-23 11:04:54.201;Pivô de Alta → Baixa (venda);-1;178200;1;2;0;2;1;50;23379;1995
2026-07-23 11:07:55.415;Pivô de Alta → Baixa (venda);-1;178150;1;4;2;4;10;150;26331;2277
2026-07-23 11:08:55.463;Pivô de Baixa → Alta (compra);1;178100;4;10;8;10;1;450;43877;3419
2026-07-23 11:13:02.559;Pivô de Alta → Baixa (venda);-1;178450;1;2;0;2;1;50;58554;4860
2026-07-23 11:16:20.415;Pivô de Alta → Baixa (venda);-1;178400;1;5;3;5;7;200;21809;2286
2026-07-23 11:19:40.136;Pivô de Baixa → Alta (compra);1;178300;5;7;5;7;1;300;38464;3357
2026-07-23 11:23:49.316;Pivô de Baixa → Alta (compra);1;178600;1;5;3;5;6;200;65129;5797
2026-07-23 11:30:06.972;Pivô de Alta → Baixa (venda);-1;178700;5;6;4;6;6;250;19897;1801
2026-07-23 11:35:51.451;Pivô de Baixa → Alta (compra);1;178550;6;6;4;6;5;250;16930;1645
2026-07-23 11:38:29.826;Pivô de Alta → Baixa (venda);-1;178700;6;5;3;5;2;200;23459;1771
2026-07-23 11:44:00.328;Pivô de Baixa → Alta (compra);1;178600;5;2;0;2;7;50;68459;5622
2026-07-23 11:46:41.218;Pivô de Alta → Baixa (venda);-1;178550;2;7;5;7;3;300;26028;2117
2026-07-23 11:51:31.654;Pivô de Baixa → Alta (compra);1;178350;7;3;1;3;1;100;96762;9116
2026-07-23 11:56:59.384;Pivô de Baixa → Alta (compra);1;178450;1;4;2;4;2;150;25414;2234
2026-07-23 11:58:47.224;Pivô de Alta → Baixa (venda);-1;178500;4;2;0;2;1;50;51641;4533
2026-07-23 12:04:06.207;Pivô de Baixa → Alta (compra);1;178550;1;3;1;3;4;100;14401;1165
2026-07-23 12:05:01.562;Pivô de Alta → Baixa (venda);-1;178550;3;4;2;4;2;150;16513;1358
2026-07-23 12:07:07.601;Pivô de Baixa → Alta (compra);1;178500;4;2;0;2;7;50;24519;2049
2026-07-23 12:09:15.268;Pivô de Alta → Baixa (venda);-1;178450;2;7;5;7;4;300;12785;1194
2026-07-23 12:12:36.087;Pivô de Baixa → Alta (compra);1;178250;7;4;2;4;8;150;32782;3032
2026-07-23 12:15:18.569;Pivô de Alta → Baixa (venda);-1;178300;4;8;6;8;1;350;33501;3089
2026-07-23 12:23:08.673;Pivô de Alta → Baixa (venda);-1;177950;1;9;7;9;6;400;67367;5114
2026-07-23 12:30:03.524;Pivô de Baixa → Alta (compra);1;177650;9;6;4;6;3;250;30233;2194
2026-07-23 12:35:01.957;Pivô de Alta → Baixa (venda);-1;177800;6;3;1;3;2;100;49850;3490
2026-07-23 12:36:22.683;Pivô de Baixa → Alta (compra);1;177800;3;2;0;2;4;50;43975;3306
2026-07-23 12:38:56.605;Pivô de Alta → Baixa (venda);-1;177750;2;4;2;4;4;150;57857;4608
2026-07-23 12:46:29.145;Pivô de Baixa → Alta (compra);1;177700;4;4;2;4;3;150;42093;4121
2026-07-23 12:55:08.605;Pivô de Alta → Baixa (venda);-1;177750;4;3;1;3;2;100;25599;2432
2026-07-23 12:57:36.639;Pivô de Baixa → Alta (compra);1;177750;3;2;0;2;1;50;28848;2905
2026-07-23 13:04:08.282;Pivô de Baixa → Alta (compra);1;177800;1;3;1;3;4;100;29407;2947
2026-07-23 13:17:59.337;Pivô de Alta → Baixa (venda);-1;177800;3;4;2;4;1;150;24169;2398
2026-07-23 13:54:07.812;Pivô de Baixa → Alta (compra);1;177750;1;4;2;4;7;150;22592;2073
2026-07-23 14:01:56.681;Pivô de Alta → Baixa (venda);-1;177800;4;7;5;7;2;300;45324;4063
2026-07-23 14:11:14.537;Pivô de Baixa → Alta (compra);1;177600;7;2;0;2;1;50;84587;7472
2026-07-23 14:15:25.213;Pivô de Baixa → Alta (compra);1;177650;1;2;0;2;1;50;24974;2162
2026-07-23 14:23:38.656;Pivô de Alta → Baixa (venda);-1;177600;1;2;0;2;1;50;44201;4215
2026-07-23 14:33:16.534;Pivô de Alta → Baixa (venda);-1;177550;1;3;1;3;5;100;32641;3108
2026-07-23 14:40:14.664;Pivô de Baixa → Alta (compra);1;177550;3;5;3;5;3;200;41301;4045
2026-07-23 14:49:16.674;Pivô de Alta → Baixa (venda);-1;177650;5;3;1;3;2;100;80065;7529
2026-07-23 14:55:33.909;Pivô de Baixa → Alta (compra);1;177650;3;2;0;2;2;50;99433;8469
2026-07-23 15:03:17.718;Pivô de Alta → Baixa (venda);-1;177600;2;2;0;2;1;50;100352;8792
2026-07-23 15:18:02.150;Pivô de Baixa → Alta (compra);1;177650;1;7;5;7;1;300;20159;1819
2026-07-23 15:41:51.812;Pivô de Baixa → Alta (compra);1;177950;1;3;1;3;7;100;83794;7561
2026-07-23 16:01:39.974;Pivô de Alta → Baixa (venda);-1;177950;3;7;5;7;3;300;111275;10599
2026-07-23 16:21:58.664;Pivô de Baixa → Alta (compra);1;177750;7;3;1;3;1;100;44082;3494
2026-07-23 16:29:11.548;Pivô de Baixa → Alta (compra);1;177850;1;5;3;5;7;200;25691;1676
2026-07-23 16:30:41.932;Pivô de Alta → Baixa (venda);-1;177950;5;7;5;7;4;300;9144;712
2026-07-23 16:49:06.311;Pivô de Baixa → Alta (compra);1;177750;7;4;2;4;2;150;21444;1843
2026-07-23 17:06:10.073;Pivô de Alta → Baixa (venda);-1;177800;4;2;0;2;4;50;22311;2219
2026-07-23 17:14:15.065;Pivô de Baixa → Alta (compra);1;177850;2;4;2;4;4;150;164445;18205
2026-07-23 18:31:25.184;Pivô de Alta → Baixa (venda);-1;177900;4;4;2;4;1;150;19886;30
2026-07-24 09:03:50.162;Pivô de Alta → Baixa (venda);-1;177750;1;7;5;7;2;300;2629;295
2026-07-24 09:03:52.239;Pivô de Baixa → Alta (compra);1;177550;7;2;0;2;8;50;1580;248
2026-07-24 09:03:52.962;Pivô de Alta → Baixa (venda);-1;177500;2;8;6;8;5;350;12204;1684
2026-07-24 09:04:07.077;Pivô de Baixa → Alta (compra);1;177250;8;5;3;5;1;200;21437;2549
2026-07-24 09:04:16.552;Pivô de Alta → Baixa (venda);-1;177350;1;3;1;3;1;100;8379;1268
2026-07-24 09:04:21.930;Pivô de Alta → Baixa (venda);-1;177250;1;2;0;2;1;50;3865;550
2026-07-24 09:04:29.667;Pivô de Alta → Baixa (venda);-1;177200;1;15;13;15;5;700;10528;1555
2026-07-24 09:05:34.727;Pivô de Baixa → Alta (compra);1;176600;15;5;3;5;2;200;7169;838
2026-07-24 09:05:40.037;Pivô de Alta → Baixa (venda);-1;176700;5;2;0;2;2;50;3742;481
2026-07-24 09:05:41.268;Pivô de Baixa → Alta (compra);1;176750;2;2;0;2;2;50;3745;469
2026-07-24 09:05:43.903;Pivô de Alta → Baixa (venda);-1;176700;2;2;0;2;2;50;6366;913
2026-07-24 09:05:48.908;Pivô de Baixa → Alta (compra);1;176750;2;2;0;2;3;50;7155;991
2026-07-24 09:05:57.099;Pivô de Alta → Baixa (venda);-1;176700;2;3;1;3;3;100;4600;649
2026-07-24 09:06:08.520;Pivô de Baixa → Alta (compra);1;176700;3;3;1;3;2;100;20713;2570
2026-07-24 09:06:33.464;Pivô de Alta → Baixa (venda);-1;176700;3;2;0;2;2;50;11030;1296
2026-07-24 09:06:55.787;Pivô de Baixa → Alta (compra);1;176750;2;2;0;2;1;50;18874;2356
2026-07-24 09:07:32.551;Pivô de Baixa → Alta (compra);1;176800;1;2;0;2;2;50;13763;1816
2026-07-24 09:07:54.788;Pivô de Alta → Baixa (venda);-1;176750;2;2;0;2;3;50;15560;1687
2026-07-24 09:08:09.128;Pivô de Baixa → Alta (compra);1;176800;2;3;1;3;3;100;11174;1146
2026-07-24 09:08:38.029;Pivô de Alta → Baixa (venda);-1;176800;3;3;1;3;2;100;5889;517
2026-07-24 09:08:52.671;Pivô de Baixa → Alta (compra);1;176800;3;2;0;2;5;50;25178;3124
2026-07-24 09:09:53.111;Pivô de Alta → Baixa (venda);-1;176750;2;5;3;5;2;200;12332;1084
2026-07-24 09:10:07.286;Pivô de Baixa → Alta (compra);1;176650;5;2;0;2;4;50;10363;1227
2026-07-24 09:10:19.915;Pivô de Alta → Baixa (venda);-1;176600;2;4;2;4;5;150;26146;2882
2026-07-24 09:14:20.010;Pivô de Baixa → Alta (compra);1;176550;4;5;3;5;4;200;29603;3397
2026-07-24 09:16:50.001;Pivô de Alta → Baixa (venda);-1;176650;5;4;2;4;2;150;47270;4211
2026-07-24 09:17:52.061;Pivô de Baixa → Alta (compra);1;176600;4;2;0;2;1;50;28266;3089
2026-07-24 09:20:52.077;Pivô de Baixa → Alta (compra);1;176650;1;2;0;2;3;50;10972;1103
2026-07-24 09:21:12.886;Pivô de Alta → Baixa (venda);-1;176600;2;3;1;3;1;100;22093;2221
2026-07-24 09:24:32.076;Pivô de Alta → Baixa (venda);-1;176500;1;3;1;3;5;100;15323;1531
2026-07-24 09:25:55.139;Pivô de Baixa → Alta (compra);1;176500;3;5;3;5;6;200;144721;14239
2026-07-24 09:32:24.746;Pivô de Alta → Baixa (venda);-1;176600;5;6;4;6;1;250;70214;6973
2026-07-24 09:41:49.152;Pivô de Alta → Baixa (venda);-1;176350;1;3;1;3;4;100;43685;4419
2026-07-24 09:43:13.967;Pivô de Baixa → Alta (compra);1;176350;3;4;2;4;3;150;60819;6425
2026-07-24 09:47:59.188;Pivô de Alta → Baixa (venda);-1;176400;4;3;1;3;1;100;66842;6700
2026-07-24 09:53:46.557;Pivô de Alta → Baixa (venda);-1;176300;1;3;1;3;3;100;57440;6432
2026-07-24 09:57:09.362;Pivô de Baixa → Alta (compra);1;176300;3;3;1;3;6;100;80912;8029
2026-07-24 10:00:14.136;Pivô de Alta → Baixa (venda);-1;176300;3;6;4;6;2;250;39938;3438
2026-07-24 10:01:33.530;Pivô de Baixa → Alta (compra);1;176150;6;2;0;2;1;50;47627;4204
2026-07-24 10:03:23.315;Pivô de Baixa → Alta (compra);1;176200;1;5;3;5;1;200;18095;1847
2026-07-24 10:06:10.947;Pivô de Baixa → Alta (compra);1;176400;1;2;0;2;4;50;33896;3190
2026-07-24 10:07:28.774;Pivô de Alta → Baixa (venda);-1;176350;2;4;2;4;3;150;26070;2572
2026-07-24 10:08:05.074;Pivô de Baixa → Alta (compra);1;176300;4;3;1;3;5;100;15325;1199
2026-07-24 10:09:42.858;Pivô de Alta → Baixa (venda);-1;176300;3;5;3;5;1;200;12094;987
2026-07-24 10:11:41.712;Pivô de Alta → Baixa (venda);-1;176100;1;2;0;2;5;50;34316;2865
2026-07-24 10:12:27.977;Pivô de Baixa → Alta (compra);1;176150;2;5;3;5;6;200;44284;3992
2026-07-24 10:14:46.424;Pivô de Alta → Baixa (venda);-1;176250;5;6;4;6;2;250;37792;3032
2026-07-24 10:17:13.930;Pivô de Baixa → Alta (compra);1;176100;6;2;0;2;1;50;79405;6545
2026-07-24 10:20:01.550;Pivô de Baixa → Alta (compra);1;176150;1;4;2;4;1;150;13166;935
2026-07-24 10:23:00.049;Pivô de Baixa → Alta (compra);1;176300;1;3;1;3;2;100;32653;2897
2026-07-24 10:24:30.158;Pivô de Alta → Baixa (venda);-1;176300;3;2;0;2;1;50;21818;1648
2026-07-24 10:25:11.165;Pivô de Alta → Baixa (venda);-1;176250;1;4;2;4;5;150;40072;3593
2026-07-24 10:28:09.122;Pivô de Baixa → Alta (compra);1;176200;4;5;3;5;9;200;59617;4746
2026-07-24 10:30:08.364;Pivô de Alta → Baixa (venda);-1;176300;5;9;7;9;2;400;22688;1583
2026-07-24 10:31:05.057;Pivô de Baixa → Alta (compra);1;176000;9;2;0;2;2;50;87301;7602
2026-07-24 10:32:08.904;Pivô de Alta → Baixa (venda);-1;175950;2;2;0;2;1;50;52722;3994
2026-07-24 10:33:53.939;Pivô de Baixa → Alta (compra);1;176000;1;2;0;2;2;50;30545;1906
2026-07-24 10:34:12.064;Pivô de Alta → Baixa (venda);-1;175950;2;2;0;2;1;50;18869;1481
2026-07-24 10:35:05.681;Pivô de Alta → Baixa (venda);-1;175900;1;3;1;3;2;100;43215;3187
2026-07-24 10:36:42.025;Pivô de Baixa → Alta (compra);1;175900;3;2;0;2;2;50;22901;1813
2026-07-24 10:38:24.559;Pivô de Alta → Baixa (venda);-1;175850;2;2;0;2;1;50;19643;1617
2026-07-24 10:39:09.484;Pivô de Alta → Baixa (venda);-1;175800;1;2;0;2;5;50;10561;963
2026-07-24 10:40:45.079;Pivô de Baixa → Alta (compra);1;175850;2;5;3;5;2;200;50669;4596
2026-07-24 10:42:14.130;Pivô de Alta → Baixa (venda);-1;175950;5;2;0;2;4;50;37806;2855
2026-07-24 10:43:02.584;Pivô de Baixa → Alta (compra);1;176000;2;4;2;4;1;150;16375;1522
2026-07-24 10:45:29.264;Pivô de Baixa → Alta (compra);1;176150;1;3;1;3;1;100;29264;2836
2026-07-24 10:49:21.712;Pivô de Alta → Baixa (venda);-1;176150;1;6;4;6;4;250;10946;713
2026-07-24 10:50:29.156;Pivô de Baixa → Alta (compra);1;176000;6;4;2;4;1;150;33068;2810
2026-07-24 10:55:24.623;Pivô de Alta → Baixa (venda);-1;176050;1;3;1;3;10;100;17298;1341
2026-07-24 10:56:05.233;Pivô de Baixa → Alta (compra);1;176050;3;10;8;10;2;450;57452;5106
2026-07-24 11:02:42.641;Pivô de Alta → Baixa (venda);-1;176400;10;2;0;2;2;50;55001;3746
2026-07-24 11:04:00.542;Pivô de Baixa → Alta (compra);1;176450;2;2;0;2;5;50;50798;4090
2026-07-24 11:05:33.685;Pivô de Alta → Baixa (venda);-1;176400;2;5;3;5;3;200;23790;1848
2026-07-24 11:06:49.411;Pivô de Baixa → Alta (compra);1;176300;5;3;1;3;3;100;24206;2110
2026-07-24 11:10:09.724;Pivô de Alta → Baixa (venda);-1;176300;3;3;1;3;3;100;37896;3261
2026-07-24 11:11:43.062;Pivô de Baixa → Alta (compra);1;176300;3;3;1;3;2;100;48417;3799
2026-07-24 11:14:09.810;Pivô de Alta → Baixa (venda);-1;176300;3;2;0;2;1;50;19076;1521
2026-07-24 11:16:52.376;Pivô de Alta → Baixa (venda);-1;176250;1;4;2;4;1;150;19830;1737
2026-07-24 11:20:12.373;Pivô de Baixa → Alta (compra);1;176200;1;8;6;8;3;350;26274;1916
2026-07-24 11:23:39.836;Pivô de Alta → Baixa (venda);-1;176450;8;3;1;3;3;100;20695;1756
2026-07-24 11:24:32.014;Pivô de Baixa → Alta (compra);1;176450;3;3;1;3;5;100;28767;2387
2026-07-24 11:27:15.123;Pivô de Alta → Baixa (venda);-1;176450;3;5;3;5;1;200;138376;10971
2026-07-24 11:33:08.824;Pivô de Alta → Baixa (venda);-1;176250;1;3;1;3;1;100;26966;2272
2026-07-24 11:38:52.372;Pivô de Alta → Baixa (venda);-1;176150;1;2;0;2;1;50;32974;2723
2026-07-24 11:47:25.662;Pivô de Baixa → Alta (compra);1;176200;1;5;3;5;9;200;29396;2867
2026-07-24 11:55:34.857;Pivô de Alta → Baixa (venda);-1;176300;5;9;7;9;1;400;144733;13330
2026-07-24 12:10:01.221;Pivô de Baixa → Alta (compra);1;176000;1;3;1;3;2;100;37193;2951
2026-07-24 12:11:04.230;Pivô de Alta → Baixa (venda);-1;176000;3;2;0;2;8;50;52380;3567
2026-07-24 12:13:07.410;Pivô de Baixa → Alta (compra);1;176050;2;8;6;8;3;350;21978;2154
2026-07-24 12:15:46.369;Pivô de Alta → Baixa (venda);-1;176300;8;3;1;3;1;100;46308;3601
2026-07-24 12:20:28.834;Pivô de Alta → Baixa (venda);-1;176200;1;5;3;5;2;200;141708;13287
2026-07-24 12:37:20.252;Pivô de Baixa → Alta (compra);1;176100;5;2;0;2;3;50;28502;2738
2026-07-24 12:40:14.414;Pivô de Alta → Baixa (venda);-1;176050;2;3;1;3;1;100;13474;1353
2026-07-24 12:58:44.896;Pivô de Alta → Baixa (venda);-1;175950;1;4;2;4;1;150;125318;12200
2026-07-24 13:27:39.723;Pivô de Alta → Baixa (venda);-1;175800;1;11;9;11;2;500;59449;5017
2026-07-24 13:51:47.041;Pivô de Baixa → Alta (compra);1;175400;11;2;0;2;1;50;70481;5999
2026-07-24 14:45:30.602;Pivô de Alta → Baixa (venda);-1;175350;1;3;1;3;1;100;77944;5828
2026-07-24 15:28:05.659;Pivô de Baixa → Alta (compra);1;175350;1;2;0;2;7;50;137893;10821
2026-07-24 15:56:32.137;Pivô de Alta → Baixa (venda);-1;175300;2;7;5;7;1;300;287255;23926
2026-07-24 17:04:49.676;Pivô de Alta → Baixa (venda);-1;175000;1;5;3;5;1;200;48166;3756
2026-07-24 18:21:46.478;Pivô de Alta → Baixa (venda);-1;174800;1;2;0;2;21;50;7888;912
2026-07-24 18:31:17.011;Pivô de Baixa → Alta (compra);1;174850;2;21;19;21;1;1000;22334;38
2026-07-27 09:03:35.034;Pivô de Baixa → Alta (compra);1;175850;1;6;4;6;4;250;7639;827
2026-07-27 09:03:43.960;Pivô de Alta → Baixa (venda);-1;176000;6;4;2;4;1;150;15551;1813
2026-07-27 09:04:01.019;Pivô de Alta → Baixa (venda);-1;175850;1;4;2;4;4;150;2493;248
2026-07-27 09:04:06.237;Pivô de Baixa → Alta (compra);1;175800;4;4;2;4;2;150;22330;2859
2026-07-27 09:04:20.512;Pivô de Alta → Baixa (venda);-1;175850;4;2;0;2;3;50;9113;1097
2026-07-27 09:04:26.111;Pivô de Baixa → Alta (compra);1;175900;2;3;1;3;8;100;7678;846
2026-07-27 09:04:40.263;Pivô de Alta → Baixa (venda);-1;175900;3;8;6;8;3;350;32938;3846
2026-07-27 09:05:46.210;Pivô de Baixa → Alta (compra);1;175650;8;3;1;3;1;100;13555;1103
2026-07-27 09:06:41.332;Pivô de Baixa → Alta (compra);1;175750;1;2;0;2;3;50;6538;779
2026-07-27 09:07:13.292;Pivô de Alta → Baixa (venda);-1;175700;2;3;1;3;2;100;11136;1039
2026-07-27 09:07:43.172;Pivô de Baixa → Alta (compra);1;175700;3;2;0;2;4;50;5348;487
2026-07-27 09:08:04.915;Pivô de Alta → Baixa (venda);-1;175650;2;4;2;4;6;150;13853;1372
2026-07-27 09:09:20.023;Pivô de Baixa → Alta (compra);1;175600;4;6;4;6;3;250;87168;8542
2026-07-27 09:17:03.743;Pivô de Alta → Baixa (venda);-1;175750;6;3;1;3;2;100;8002;483
2026-07-27 09:20:01.620;Pivô de Baixa → Alta (compra);1;175750;3;2;0;2;4;50;23494;2725
2026-07-27 09:27:12.575;Pivô de Alta → Baixa (venda);-1;175700;2;4;2;4;3;150;41169;4848
2026-07-27 09:30:42.642;Pivô de Baixa → Alta (compra);1;175650;4;3;1;3;3;100;43994;4519
2026-07-27 09:32:08.658;Pivô de Alta → Baixa (venda);-1;175650;3;3;1;3;6;100;13724;1427
2026-07-27 09:40:18.827;Pivô de Baixa → Alta (compra);1;175650;3;6;4;6;2;250;162279;15783
2026-07-27 09:51:40.234;Pivô de Alta → Baixa (venda);-1;175800;6;2;0;2;1;50;39930;3464
2026-07-27 10:00:00.708;Pivô de Alta → Baixa (venda);-1;175750;1;6;4;6;2;250;23940;1171
2026-07-27 10:01:04.138;Pivô de Baixa → Alta (compra);1;175600;6;2;0;2;2;50;34737;2544
2026-07-27 10:01:24.557;Pivô de Alta → Baixa (venda);-1;175550;2;2;0;2;4;50;65294;5929
2026-07-27 10:03:03.316;Pivô de Baixa → Alta (compra);1;175600;2;4;2;4;9;150;14870;1281
2026-07-27 10:03:26.744;Pivô de Alta → Baixa (venda);-1;175650;4;9;7;9;2;400;33066;2841
2026-07-27 10:05:26.203;Pivô de Baixa → Alta (compra);1;175350;9;2;0;2;4;50;68939;6543
2026-07-27 10:06:52.962;Pivô de Alta → Baixa (venda);-1;175300;2;4;2;4;2;150;46983;4240
2026-07-27 10:09:03.377;Pivô de Baixa → Alta (compra);1;175250;4;2;0;2;1;50;32322;3110
2026-07-27 10:10:17.572;Pivô de Baixa → Alta (compra);1;175300;1;5;3;5;3;200;27985;2731
2026-07-27 10:11:23.255;Pivô de Alta → Baixa (venda);-1;175400;5;3;1;3;1;100;66309;5965
2026-07-27 10:17:30.629;Pivô de Baixa → Alta (compra);1;175400;1;4;2;4;2;150;66598;6158
2026-07-27 10:20:01.225;Pivô de Alta → Baixa (venda);-1;175450;4;2;0;2;1;50;39985;3597
2026-07-27 10:22:07.377;Pivô de Alta → Baixa (venda);-1;175400;1;3;1;3;7;100;45542;4722
2026-07-27 10:24:25.419;Pivô de Baixa → Alta (compra);1;175400;3;7;5;7;4;300;88570;8584
2026-07-27 10:30:03.817;Pivô de Alta → Baixa (venda);-1;175600;7;4;2;4;2;150;50495;3727
2026-07-27 10:30:43.547;Pivô de Baixa → Alta (compra);1;175550;4;2;0;2;2;50;36103;2818
2026-07-27 10:31:08.064;Pivô de Alta → Baixa (venda);-1;175500;2;2;0;2;4;50;11470;687
2026-07-27 10:31:18.371;Pivô de Baixa → Alta (compra);1;175550;2;4;2;4;3;150;11307;848
2026-07-27 10:31:42.208;Pivô de Alta → Baixa (venda);-1;175600;4;3;1;3;2;100;20022;1780
2026-07-27 10:32:09.046;Pivô de Baixa → Alta (compra);1;175600;3;2;0;2;1;50;14139;964
2026-07-27 10:33:07.254;Pivô de Baixa → Alta (compra);1;175650;1;3;1;3;1;100;20325;1869
2026-07-27 10:35:23.834;Pivô de Alta → Baixa (venda);-1;175650;1;3;1;3;1;100;18002;1316
2026-07-27 10:37:03.734;Pivô de Baixa → Alta (compra);1;175650;1;2;0;2;3;50;14599;984
2026-07-27 10:37:20.351;Pivô de Alta → Baixa (venda);-1;175600;2;3;1;3;7;100;19939;1762
2026-07-27 10:38:23.658;Pivô de Baixa → Alta (compra);1;175600;3;7;5;7;1;300;76771;6314
2026-07-27 10:41:49.975;Pivô de Baixa → Alta (compra);1;175900;1;2;0;2;3;50;15572;1279
2026-07-27 10:43:04.644;Pivô de Alta → Baixa (venda);-1;175850;2;3;1;3;1;100;20863;1483
2026-07-27 10:45:11.031;Pivô de Alta → Baixa (venda);-1;175750;1;2;0;2;2;50;35455;3289
2026-07-27 10:46:30.064;Pivô de Baixa → Alta (compra);1;175800;2;2;0;2;10;50;46063;4082
2026-07-27 10:47:52.635;Pivô de Alta → Baixa (venda);-1;175750;2;10;8;10;4;450;31851;3008
2026-07-27 10:55:03.947;Pivô de Baixa → Alta (compra);1;175400;10;4;2;4;6;150;130388;11009
2026-07-27 10:59:39.276;Pivô de Alta → Baixa (venda);-1;175450;4;6;4;6;7;250;22739;1665
2026-07-27 11:00:48.136;Pivô de Baixa → Alta (compra);1;175300;6;7;5;7;9;300;33256;2029
2026-07-27 11:03:05.568;Pivô de Alta → Baixa (venda);-1;175500;7;9;7;9;6;400;51374;4047
2026-07-27 11:06:19.816;Pivô de Baixa → Alta (compra);1;175200;9;6;4;6;2;250;40649;3103
2026-07-27 11:10:16.322;Pivô de Alta → Baixa (venda);-1;175350;6;2;0;2;2;50;45681;3354
2026-07-27 11:11:01.312;Pivô de Baixa → Alta (compra);1;175400;2;2;0;2;1;50;35131;3224
2026-07-27 11:18:25.996;Pivô de Baixa → Alta (compra);1;175450;1;5;3;5;5;200;66413;5747
2026-07-27 11:22:07.483;Pivô de Alta → Baixa (venda);-1;175550;5;5;3;5;2;200;29459;2340
2026-07-27 11:30:20.890;Pivô de Baixa → Alta (compra);1;175450;5;2;0;2;1;50;37212;2745
2026-07-27 11:32:13.861;Pivô de Baixa → Alta (compra);1;175500;1;2;0;2;1;50;157083;12823
2026-07-27 11:41:16.261;Pivô de Baixa → Alta (compra);1;175550;1;5;3;5;1;200;22615;1976
2026-07-27 11:44:45.420;Pivô de Baixa → Alta (compra);1;175750;1;3;1;3;2;100;45344;4714
2026-07-27 11:48:05.435;Pivô de Alta → Baixa (venda);-1;175750;3;2;0;2;12;50;47514;4441
2026-07-27 11:50:23.533;Pivô de Baixa → Alta (compra);1;175800;2;12;10;12;2;550;24251;2493
2026-07-27 12:00:18.044;Pivô de Alta → Baixa (venda);-1;176250;12;2;0;2;1;50;48131;3155
2026-07-27 12:01:37.715;Pivô de Alta → Baixa (venda);-1;176200;1;3;1;3;1;100;76259;7440
2026-07-27 12:07:57.097;Pivô de Alta → Baixa (venda);-1;176100;1;4;2;4;1;150;23277;1872
2026-07-27 12:11:43.113;Pivô de Alta → Baixa (venda);-1;175950;1;3;1;3;2;100;42109;3146
2026-07-27 12:12:57.067;Pivô de Baixa → Alta (compra);1;175950;3;2;0;2;1;50;34534;2841
2026-07-27 12:18:18.125;Pivô de Baixa → Alta (compra);1;176000;1;2;0;2;7;50;43036;3954
2026-07-27 12:21:08.068;Pivô de Alta → Baixa (venda);-1;175950;2;7;5;7;6;300;131167;13424
2026-07-27 12:37:52.349;Pivô de Baixa → Alta (compra);1;175750;7;6;4;6;2;250;83565;7959
2026-07-27 13:12:40.580;Pivô de Alta → Baixa (venda);-1;175900;6;2;0;2;4;50;55003;4567
2026-07-27 13:16:52.401;Pivô de Baixa → Alta (compra);1;175950;2;4;2;4;3;150;101075;8796
2026-07-27 13:25:55.300;Pivô de Alta → Baixa (venda);-1;176000;4;3;1;3;3;100;74768;6622
2026-07-27 13:29:11.413;Pivô de Baixa → Alta (compra);1;176000;3;3;1;3;8;100;44725;3913
2026-07-27 13:32:18.155;Pivô de Alta → Baixa (venda);-1;176000;3;8;6;8;3;350;34506;3105
2026-07-27 14:05:32.096;Pivô de Baixa → Alta (compra);1;175750;8;3;1;3;1;100;84043;7643
2026-07-27 14:17:45.565;Pivô de Baixa → Alta (compra);1;175850;1;4;2;4;2;150;60763;5770
2026-07-27 14:38:33.461;Pivô de Alta → Baixa (venda);-1;175900;4;2;0;2;3;50;112603;9900
2026-07-27 14:48:46.573;Pivô de Baixa → Alta (compra);1;175950;2;3;1;3;4;100;53302;4717
2026-07-27 14:56:40.827;Pivô de Alta → Baixa (venda);-1;175950;3;4;2;4;2;150;129155;11941
2026-07-27 15:20:34.320;Pivô de Baixa → Alta (compra);1;175900;4;2;0;2;2;50;54986;5310
2026-07-27 15:25:11.677;Pivô de Alta → Baixa (venda);-1;175850;2;2;0;2;15;50;127583;10906
2026-07-27 15:38:48.386;Pivô de Baixa → Alta (compra);1;175900;2;15;13;15;1;700;43065;3408
2026-07-27 16:52:05.200;Pivô de Alta → Baixa (venda);-1;176500;1;2;0;2;7;50;212783;16045
2026-07-27 17:03:18.258;Pivô de Baixa → Alta (compra);1;176550;2;7;5;7;1;300;105892;8562
2026-07-27 18:07:58.182;Pivô de Baixa → Alta (compra);1;176850;1;11;9;11;3;500;110355;11473
2026-07-28 09:00:51.467;Pivô de Alta → Baixa (venda);-1;177250;11;3;1;3;1;100;527;47
2026-07-28 09:00:52.469;Pivô de Baixa → Alta (compra);1;177250;1;3;1;3;3;100;1652;265
2026-07-28 09:00:52.936;Pivô de Alta → Baixa (venda);-1;177250;3;3;1;3;5;100;118;29
2026-07-28 09:00:53.553;Pivô de Baixa → Alta (compra);1;177250;3;5;3;5;3;200;1890;418
2026-07-28 09:00:55.002;Pivô de Alta → Baixa (venda);-1;177350;5;3;1;3;11;100;2764;427
2026-07-28 09:00:56.878;Pivô de Baixa → Alta (compra);1;177350;3;11;9;11;9;500;4016;617
2026-07-28 09:01:00.439;Pivô de Alta → Baixa (venda);-1;177750;11;9;7;9;4;400;743;135
2026-07-28 09:01:01.765;Pivô de Baixa → Alta (compra);1;177450;9;4;2;4;1;150;3496;680
2026-07-28 09:01:03.945;Pivô de Baixa → Alta (compra);1;177600;1;6;4;6;3;250;3312;462
2026-07-28 09:01:05.852;Pivô de Alta → Baixa (venda);-1;177750;6;3;1;3;2;100;1849;356
2026-07-28 09:01:07.211;Pivô de Baixa → Alta (compra);1;177750;3;2;0;2;1;50;2059;454
2026-07-28 09:01:08.704;Pivô de Baixa → Alta (compra);1;177800;1;6;4;6;6;250;6941;1325
2026-07-28 09:01:22.643;Pivô de Alta → Baixa (venda);-1;177950;6;6;4;6;1;250;12440;1907
2026-07-28 09:01:38.086;Pivô de Baixa → Alta (compra);1;177800;1;3;1;3;2;100;3046;496
2026-07-28 09:01:44.633;Pivô de Alta → Baixa (venda);-1;177800;3;2;0;2;2;50;5415;937
2026-07-28 09:01:52.422;Pivô de Baixa → Alta (compra);1;177850;2;2;0;2;10;50;3245;425
2026-07-28 09:01:56.488;Pivô de Alta → Baixa (venda);-1;177800;2;10;8;10;2;450;2970;400
2026-07-28 09:02:12.580;Pivô de Baixa → Alta (compra);1;177450;10;2;0;2;1;50;7918;1073
2026-07-28 09:02:16.504;Pivô de Baixa → Alta (compra);1;177500;1;5;3;5;1;200;9442;1478
2026-07-28 09:02:22.886;Pivô de Baixa → Alta (compra);1;177700;1;3;1;3;1;100;4388;627
2026-07-28 09:02:26.201;Pivô de Baixa → Alta (compra);1;177800;1;3;1;3;1;100;9374;1686
2026-07-28 09:02:45.811;Pivô de Alta → Baixa (venda);-1;177800;1;2;0;2;12;50;29039;3296
2026-07-28 09:03:06.067;Pivô de Baixa → Alta (compra);1;177850;2;12;10;12;1;550;11583;1409
2026-07-28 09:03:39.905;Pivô de Alta → Baixa (venda);-1;178300;1;4;2;4;3;150;1590;204
2026-07-28 09:03:40.893;Pivô de Baixa → Alta (compra);1;178250;4;3;1;3;1;100;22470;3519
2026-07-28 09:03:51.949;Pivô de Baixa → Alta (compra);1;178350;1;2;0;2;3;50;3343;444
2026-07-28 09:03:53.282;Pivô de Alta → Baixa (venda);-1;178300;2;3;1;3;3;100;14006;2158
2026-07-28 09:04:04.996;Pivô de Baixa → Alta (compra);1;178300;3;3;1;3;1;100;5695;835
2026-07-28 09:04:15.555;Pivô de Baixa → Alta (compra);1;178400;1;4;2;4;4;150;5418;724
2026-07-28 09:04:40.628;Pivô de Alta → Baixa (venda);-1;178450;4;4;2;4;9;150;23188;3303
2026-07-28 09:05:08.812;Pivô de Baixa → Alta (compra);1;178400;4;9;7;9;8;400;8484;946
2026-07-28 09:05:57.650;Pivô de Alta → Baixa (venda);-1;178700;9;8;6;8;5;350;11576;1230
2026-07-28 09:07:09.756;Pivô de Baixa → Alta (compra);1;178450;8;5;3;5;5;200;24147;2872
2026-07-28 09:07:53.642;Pivô de Alta → Baixa (venda);-1;178550;5;5;3;5;9;200;11872;1255
2026-07-28 09:09:04.598;Pivô de Baixa → Alta (compra);1;178450;5;9;7;9;4;400;30253;3306
2026-07-28 09:13:06.226;Pivô de Alta → Baixa (venda);-1;178750;9;4;2;4;9;150;93158;9967
2026-07-28 09:16:09.077;Pivô de Baixa → Alta (compra);1;178700;4;9;7;9;1;400;23856;2464
2026-07-28 09:21:11.589;Pivô de Baixa → Alta (compra);1;179100;1;2;0;2;3;50;54313;4331
2026-07-28 09:25:01.478;Pivô de Alta → Baixa (venda);-1;179050;2;3;1;3;10;100;29398;2015
2026-07-28 09:25:39.392;Pivô de Baixa → Alta (compra);1;179050;3;10;8;10;6;450;55563;5988
2026-07-28 09:29:05.207;Pivô de Alta → Baixa (venda);-1;179400;10;6;4;6;1;250;10636;735
2026-07-28 09:31:31.891;Pivô de Baixa → Alta (compra);1;179250;1;3;1;3;2;100;20785;2314
2026-07-28 09:33:26.883;Pivô de Alta → Baixa (venda);-1;179250;3;2;0;2;2;50;41341;3661
2026-07-28 09:34:32.507;Pivô de Baixa → Alta (compra);1;179300;2;2;0;2;3;50;22988;2243
2026-07-28 09:35:15.390;Pivô de Alta → Baixa (venda);-1;179250;2;3;1;3;1;100;38843;3428
2026-07-28 09:37:19.204;Pivô de Alta → Baixa (venda);-1;179150;1;11;9;11;11;500;24179;2998
2026-07-28 09:44:30.695;Pivô de Baixa → Alta (compra);1;178750;11;11;9;11;3;500;49161;3981
2026-07-28 09:53:06.849;Pivô de Alta → Baixa (venda);-1;179150;11;3;1;3;2;100;70271;6434
2026-07-28 09:57:01.713;Pivô de Baixa → Alta (compra);1;179150;3;2;0;2;5;50;47987;4562
2026-07-28 09:59:03.363;Pivô de Alta → Baixa (venda);-1;179100;2;5;3;5;2;200;18660;1832
2026-07-28 10:00:17.764;Pivô de Baixa → Alta (compra);1;179000;5;2;0;2;2;50;53641;3776
2026-07-28 10:00:44.056;Pivô de Alta → Baixa (venda);-1;178950;2;2;0;2;5;50;16373;1154
2026-07-28 10:01:08.495;Pivô de Baixa → Alta (compra);1;179000;2;5;3;5;1;200;10562;827
2026-07-28 10:01:35.225;Pivô de Baixa → Alta (compra);1;179200;1;7;5;7;1;300;8069;843
2026-07-28 10:05:23.395;Pivô de Baixa → Alta (compra);1;179500;1;3;1;3;1;100;47039;3678
2026-07-28 10:08:20.952;Pivô de Alta → Baixa (venda);-1;179500;1;18;16;18;2;850;7541;603
2026-07-28 10:14:08.624;Pivô de Baixa → Alta (compra);1;178750;18;2;0;2;4;50;13568;875
2026-07-28 10:14:23.087;Pivô de Alta → Baixa (venda);-1;178700;2;4;2;4;1;150;26762;2143
2026-07-28 10:17:40.194;Pivô de Baixa → Alta (compra);1;178650;1;2;0;2;2;50;22284;1760
2026-07-28 10:18:16.261;Pivô de Alta → Baixa (venda);-1;178600;2;2;0;2;4;50;9034;553
2026-07-28 10:18:44.606;Pivô de Baixa → Alta (compra);1;178650;2;4;2;4;15;150;22762;1510
2026-07-28 10:20:30.905;Pivô de Alta → Baixa (venda);-1;178700;4;15;13;15;1;700;69339;5727
2026-07-28 10:29:07.131;Pivô de Alta → Baixa (venda);-1;178000;1;3;1;3;3;100;28703;2029
2026-07-28 10:30:03.924;Pivô de Baixa → Alta (compra);1;178000;3;3;1;3;6;100;11602;907
2026-07-28 10:30:15.904;Pivô de Alta → Baixa (venda);-1;178000;3;6;4;6;3;250;54723;3844
2026-07-28 10:31:24.560;Pivô de Baixa → Alta (compra);1;177850;6;3;1;3;1;100;23986;1629
2026-07-28 10:32:16.467;Pivô de Baixa → Alta (compra);1;177950;1;9;7;9;4;400;20582;1627
2026-07-28 10:34:22.447;Pivô de Alta → Baixa (venda);-1;178250;9;4;2;4;5;150;18398;1659
2026-07-28 10:34:53.141;Pivô de Baixa → Alta (compra);1;178200;4;5;3;5;8;200;19715;1422
2026-07-28 10:35:08.712;Pivô de Alta → Baixa (venda);-1;178300;5;8;6;8;2;350;43255;3237
2026-07-28 10:36:41.665;Pivô de Baixa → Alta (compra);1;178050;8;2;0;2;4;50;31964;2186
2026-07-28 10:37:25.837;Pivô de Alta → Baixa (venda);-1;178000;2;4;2;4;1;150;26117;2267
2026-07-28 10:40:24.109;Pivô de Alta → Baixa (venda);-1;177850;1;6;4;6;3;250;19277;1707
2026-07-28 10:42:09.484;Pivô de Baixa → Alta (compra);1;177700;6;3;1;3;3;100;30130;1858
2026-07-28 10:42:28.483;Pivô de Alta → Baixa (venda);-1;177700;3;3;1;3;3;100;29638;2793
2026-07-28 10:43:35.482;Pivô de Baixa → Alta (compra);1;177700;3;3;1;3;2;100;25360;1865
2026-07-28 10:45:50.436;Pivô de Alta → Baixa (venda);-1;177700;3;2;0;2;1;50;40359;3121
2026-07-28 10:47:14.464;Pivô de Alta → Baixa (venda);-1;177650;1;3;1;3;3;100;13095;1025
2026-07-28 10:47:53.421;Pivô de Baixa → Alta (compra);1;177650;3;3;1;3;4;100;24569;1375
2026-07-28 10:49:58.339;Pivô de Alta → Baixa (venda);-1;177650;3;4;2;4;2;150;13326;961
2026-07-28 10:51:10.929;Pivô de Baixa → Alta (compra);1;177600;4;2;0;2;1;50;75936;6024
2026-07-28 10:55:11.312;Pivô de Baixa → Alta (compra);1;177650;1;4;2;4;1;150;52358;4361
2026-07-28 11:00:16.462;Pivô de Baixa → Alta (compra);1;177800;1;3;1;3;1;100;18818;1658
2026-07-28 11:01:39.914;Pivô de Baixa → Alta (compra);1;177900;1;2;0;2;2;50;20133;1661
2026-07-28 11:02:12.398;Pivô de Alta → Baixa (venda);-1;177850;2;2;0;2;15;50;53123;4144
2026-07-28 11:03:08.322;Pivô de Baixa → Alta (compra);1;177900;2;15;13;15;2;700;21909;2059
2026-07-28 11:12:01.676;Pivô de Alta → Baixa (venda);-1;178500;15;2;0;2;1;50;34462;2931
2026-07-28 11:13:50.464;Pivô de Alta → Baixa (venda);-1;178450;1;2;0;2;2;50;26903;2093
2026-07-28 11:14:31.030;Pivô de Baixa → Alta (compra);1;178500;2;2;0;2;13;50;54167;4310
2026-07-28 11:16:14.355;Pivô de Alta → Baixa (venda);-1;178450;2;13;11;13;6;600;12018;1053
2026-07-28 11:20:31.405;Pivô de Baixa → Alta (compra);1;177950;13;6;4;6;1;250;55829;4096
2026-07-28 11:26:19.111;Pivô de Baixa → Alta (compra);1;178200;1;3;1;3;1;100;64189;6290
2026-07-28 11:34:06.887;Pivô de Alta → Baixa (venda);-1;178200;1;3;1;3;1;100;26442;2135
2026-07-28 11:40:29.091;Pivô de Baixa → Alta (compra);1;178200;1;4;2;4;1;150;15149;1255
2026-07-28 11:49:35.281;Pivô de Alta → Baixa (venda);-1;178250;1;7;5;7;1;300;62037;5990
2026-07-28 12:01:05.226;Pivô de Alta → Baixa (venda);-1;177950;1;3;1;3;3;100;55435;4531
2026-07-28 12:03:46.419;Pivô de Baixa → Alta (compra);1;177950;3;3;1;3;3;100;131263;10797
2026-07-28 12:10:03.198;Pivô de Alta → Baixa (venda);-1;177950;3;3;1;3;4;100;29789;1780
2026-07-28 12:11:36.038;Pivô de Baixa → Alta (compra);1;177950;3;4;2;4;8;150;19097;1442
2026-07-28 12:12:36.478;Pivô de Alta → Baixa (venda);-1;178000;4;8;6;8;5;350;26010;2015
2026-07-28 12:18:01.861;Pivô de Baixa → Alta (compra);1;177750;8;5;3;5;2;200;190261;14808
2026-07-28 12:31:58.089;Pivô de Alta → Baixa (venda);-1;177850;5;2;0;2;9;50;48644;4716
2026-07-28 12:37:27.198;Pivô de Baixa → Alta (compra);1;177900;2;9;7;9;7;400;113231;9534
2026-07-28 13:00:30.800;Pivô de Alta → Baixa (venda);-1;178200;9;7;5;7;4;300;69210;6200
2026-07-28 13:07:41.125;Pivô de Baixa → Alta (compra);1;178000;7;4;2;4;3;150;89863;8477
2026-07-28 13:14:49.241;Pivô de Alta → Baixa (venda);-1;178050;4;3;1;3;3;100;69439;6171
2026-07-28 13:24:34.283;Pivô de Baixa → Alta (compra);1;178050;3;3;1;3;4;100;145772;12635
2026-07-28 13:38:36.159;Pivô de Alta → Baixa (venda);-1;178050;3;4;2;4;4;150;19490;1588
2026-07-28 13:46:44.296;Pivô de Baixa → Alta (compra);1;178000;4;4;2;4;2;150;138767;12039
2026-07-28 14:01:16.905;Pivô de Alta → Baixa (venda);-1;178050;4;2;0;2;1;50;48692;4332
2026-07-28 14:12:58.284;Pivô de Alta → Baixa (venda);-1;178000;1;3;1;3;3;100;42440;3870
2026-07-28 14:17:35.211;Pivô de Baixa → Alta (compra);1;178000;3;3;1;3;4;100;51703;4402
2026-07-28 14:20:55.263;Pivô de Alta → Baixa (venda);-1;178000;3;4;2;4;2;150;34978;2291
2026-07-28 14:31:37.956;Pivô de Baixa → Alta (compra);1;177950;4;2;0;2;6;50;67433;4845
2026-07-28 14:35:16.887;Pivô de Alta → Baixa (venda);-1;177900;2;6;4;6;1;250;21967;1889
2026-07-28 15:00:51.057;Pivô de Alta → Baixa (venda);-1;177650;1;6;4;6;3;250;79132;6837
2026-07-28 15:11:59.328;Pivô de Baixa → Alta (compra);1;177500;6;3;1;3;2;100;134598;11027
2026-07-28 15:23:06.667;Pivô de Alta → Baixa (venda);-1;177500;3;2;0;2;2;50;61685;5220
2026-07-28 15:28:07.684;Pivô de Baixa → Alta (compra);1;177550;2;2;0;2;5;50;57703;4861
2026-07-28 15:33:21.955;Pivô de Alta → Baixa (venda);-1;177500;2;5;3;5;5;200;33359;2231
2026-07-28 15:54:30.765;Pivô de Baixa → Alta (compra);1;177400;5;5;3;5;4;200;147354;13163
2026-07-28 16:23:51.909;Pivô de Alta → Baixa (venda);-1;177500;5;4;2;4;1;150;70001;6769
2026-07-28 16:50:03.608;Pivô de Baixa → Alta (compra);1;177450;1;2;0;2;1;50;91676;6836
2026-07-28 17:00:10.149;Pivô de Baixa → Alta (compra);1;177500;1;6;4;6;1;250;21443;1667
2026-07-28 17:22:12.433;Pivô de Baixa → Alta (compra);1;177750;1;4;2;4;4;150;65187;6442
2026-07-28 17:43:26.228;Pivô de Alta → Baixa (venda);-1;177800;4;4;2;4;2;150;38296;4167
2026-07-28 17:55:39.454;Pivô de Baixa → Alta (compra);1;177750;4;2;0;2;1;50;27582;3527
2026-07-28 18:21:19.078;Pivô de Alta → Baixa (venda);-1;177700;1;2;0;2;5;50;7070;914
2026-07-28 18:31:12.242;Pivô de Baixa → Alta (compra);1;177750;2;5;3;5;1;200;19399;61
2026-07-29 09:00:53.978;Pivô de Baixa → Alta (compra);1;177950;1;4;2;4;6;150;1869;325
2026-07-29 09:00:55.303;Pivô de Alta → Baixa (venda);-1;178000;4;6;4;6;1;250;5262;1019
2026-07-29 09:00:59.178;Pivô de Baixa → Alta (compra);1;177850;1;11;9;11;1;500;5361;909
2026-07-29 09:01:05.472;Pivô de Baixa → Alta (compra);1;178350;1;5;3;5;4;200;1647;307
2026-07-29 09:01:07.676;Pivô de Alta → Baixa (venda);-1;178450;5;4;2;4;1;150;1554;351
2026-07-29 09:01:08.986;Pivô de Alta → Baixa (venda);-1;178300;1;2;0;2;2;50;425;96
2026-07-29 09:01:09.903;Pivô de Baixa → Alta (compra);1;178350;2;2;0;2;2;50;5096;849
2026-07-29 09:01:12.201;Pivô de Alta → Baixa (venda);-1;178300;2;2;0;2;1;50;4055;758
2026-07-29 09:01:22.291;Pivô de Alta → Baixa (venda);-1;178250;1;3;1;3;1;100;6243;929
2026-07-29 09:01:32.078;Pivô de Alta → Baixa (venda);-1;178150;1;5;3;5;7;200;2474;450
2026-07-29 09:01:39.860;Pivô de Baixa → Alta (compra);1;178050;5;7;5;7;4;300;10974;1590
2026-07-29 09:01:50.697;Pivô de Alta → Baixa (venda);-1;178250;7;4;2;4;1;150;637;93
2026-07-29 09:02:03.299;Pivô de Alta → Baixa (venda);-1;178100;1;15;13;15;1;700;3965;487
2026-07-29 09:02:22.257;Pivô de Baixa → Alta (compra);1;177500;1;5;3;5;1;200;6651;1264
2026-07-29 09:02:31.930;Pivô de Alta → Baixa (venda);-1;177600;1;3;1;3;2;100;9947;1468
2026-07-29 09:02:46.600;Pivô de Baixa → Alta (compra);1;177600;3;2;0;2;6;50;5539;779
2026-07-29 09:02:51.896;Pivô de Alta → Baixa (venda);-1;177550;2;6;4;6;8;250;5824;698
2026-07-29 09:03:05.687;Pivô de Baixa → Alta (compra);1;177400;6;8;6;8;1;350;6507;980
2026-07-29 09:03:33.106;Pivô de Alta → Baixa (venda);-1;177650;1;4;2;4;2;150;4656;585
2026-07-29 09:03:46.926;Pivô de Baixa → Alta (compra);1;177600;4;2;0;2;1;50;11701;1476
2026-07-29 09:03:57.639;Pivô de Baixa → Alta (compra);1;177650;1;6;4;6;2;250;5805;706
2026-07-29 09:04:24.270;Pivô de Alta → Baixa (venda);-1;177800;6;2;0;2;1;50;11724;1476
2026-07-29 09:06:00.515;Pivô de Alta → Baixa (venda);-1;177750;1;2;0;2;1;50;24090;2196
2026-07-29 09:06:52.800;Pivô de Alta → Baixa (venda);-1;177700;1;4;2;4;2;150;20934;2052
2026-07-29 09:08:24.656;Pivô de Baixa → Alta (compra);1;177650;4;2;0;2;3;50;33849;3547
2026-07-29 09:09:23.787;Pivô de Alta → Baixa (venda);-1;177600;2;3;1;3;1;100;5842;528
2026-07-29 09:10:17.279;Pivô de Baixa → Alta (compra);1;177600;1;2;0;2;1;50;37733;4045
2026-07-29 09:12:14.902;Pivô de Baixa → Alta (compra);1;177650;1;2;0;2;7;50;23770;2481
2026-07-29 09:13:04.058;Pivô de Alta → Baixa (venda);-1;177600;2;7;5;7;3;300;80812;7910
2026-07-29 09:17:11.872;Pivô de Baixa → Alta (compra);1;177400;7;3;1;3;2;100;34738;3641
2026-07-29 09:18:45.910;Pivô de Alta → Baixa (venda);-1;177400;3;2;0;2;4;50;61370;5738
2026-07-29 09:20:16.909;Pivô de Baixa → Alta (compra);1;177450;2;4;2;4;2;150;30044;3071
2026-07-29 09:22:46.771;Pivô de Alta → Baixa (venda);-1;177500;4;2;0;2;5;50;52280;5179
2026-07-29 09:25:21.351;Pivô de Baixa → Alta (compra);1;177550;2;5;3;5;6;200;37371;3492
2026-07-29 09:28:11.875;Pivô de Alta → Baixa (venda);-1;177650;5;6;4;6;4;250;52427;5439
2026-07-29 09:31:12.499;Pivô de Baixa → Alta (compra);1;177500;6;4;2;4;1;150;28728;2434
2026-07-29 09:38:24.072;Pivô de Baixa → Alta (compra);1;177650;1;3;1;3;1;100;61311;6626
2026-07-29 09:51:53.430;Pivô de Baixa → Alta (compra);1;177750;1;4;2;4;10;150;65796;7153
2026-07-29 10:00:00.646;Pivô de Alta → Baixa (venda);-1;177800;4;10;8;10;3;450;20427;1756
2026-07-29 10:01:02.532;Pivô de Baixa → Alta (compra);1;177450;10;3;1;3;2;100;20210;1671
2026-07-29 10:02:00.190;Pivô de Alta → Baixa (venda);-1;177450;3;2;0;2;1;50;17783;1595
2026-07-29 10:05:36.030;Pivô de Alta → Baixa (venda);-1;177400;1;4;2;4;2;150;57769;5294
2026-07-29 10:08:07.565;Pivô de Baixa → Alta (compra);1;177350;4;2;0;2;5;50;100385;9039
2026-07-29 10:10:24.246;Pivô de Alta → Baixa (venda);-1;177300;2;5;3;5;1;200;17552;1404
2026-07-29 10:13:36.392;Pivô de Alta → Baixa (venda);-1;177100;1;4;2;4;3;150;15434;1094
2026-07-29 10:15:26.412;Pivô de Baixa → Alta (compra);1;177050;4;3;1;3;6;100;11733;792
2026-07-29 10:18:49.232;Pivô de Alta → Baixa (venda);-1;177050;3;6;4;6;1;250;55833;4129
2026-07-29 10:21:02.755;Pivô de Alta → Baixa (venda);-1;176800;1;4;2;4;4;150;76892;6141
2026-07-29 10:25:32.974;Pivô de Baixa → Alta (compra);1;176750;4;4;2;4;1;150;20349;1880
2026-07-29 10:29:17.697;Pivô de Baixa → Alta (compra);1;176900;1;5;3;5;6;200;30038;2198
2026-07-29 10:30:20.248;Pivô de Alta → Baixa (venda);-1;177000;5;6;4;6;6;250;12991;874
2026-07-29 10:30:35.919;Pivô de Baixa → Alta (compra);1;176850;6;6;4;6;1;250;23595;1692
2026-07-29 10:32:00.711;Pivô de Baixa → Alta (compra);1;177100;1;3;1;3;11;100;14705;879
2026-07-29 10:32:09.902;Pivô de Alta → Baixa (venda);-1;177100;3;11;9;11;2;500;50223;3603
2026-07-29 10:35:32.374;Pivô de Baixa → Alta (compra);1;176700;11;2;0;2;2;50;48877;3849
2026-07-29 10:36:03.185;Pivô de Alta → Baixa (venda);-1;176650;2;2;0;2;1;50;66334;5297
2026-07-29 10:38:21.757;Pivô de Baixa → Alta (compra);1;176700;1;2;0;2;12;50;39097;3277
2026-07-29 10:39:54.377;Pivô de Alta → Baixa (venda);-1;176650;2;12;10;12;1;550;37479;3115
2026-07-29 10:52:01.992;Pivô de Alta → Baixa (venda);-1;176100;1;5;3;5;1;200;57933;4686
2026-07-29 10:56:01.797;Pivô de Alta → Baixa (venda);-1;175900;1;3;1;3;10;100;28579;2063
2026-07-29 10:57:29.890;Pivô de Baixa → Alta (compra);1;175900;3;10;8;10;4;450;31177;2272
2026-07-29 11:01:36.843;Pivô de Alta → Baixa (venda);-1;176250;10;4;2;4;2;150;52864;4180
2026-07-29 11:03:58.107;Pivô de Baixa → Alta (compra);1;176200;4;2;0;2;4;50;40918;3046
2026-07-29 11:05:10.536;Pivô de Alta → Baixa (venda);-1;176150;2;4;2;4;2;150;88519;6984
2026-07-29 11:13:45.845;Pivô de Baixa → Alta (compra);1;176100;4;2;0;2;1;50;36612;2579
2026-07-29 11:15:50.288;Pivô de Baixa → Alta (compra);1;176150;1;3;1;3;1;100;36741;3039
2026-07-29 11:25:31.151;Pivô de Alta → Baixa (venda);-1;176150;1;11;9;11;2;500;96939;7695
2026-07-29 11:43:48.903;Pivô de Baixa → Alta (compra);1;175750;11;2;0;2;1;50;70701;4799
2026-07-29 11:46:11.810;Pivô de Baixa → Alta (compra);1;175800;1;3;1;3;2;100;41933;3361
2026-07-29 11:52:07.158;Pivô de Alta → Baixa (venda);-1;175800;3;2;0;2;2;50;104900;8198
2026-07-29 11:56:06.143;Pivô de Baixa → Alta (compra);1;175850;2;2;0;2;1;50;109836;8895
2026-07-29 12:03:07.063;Pivô de Baixa → Alta (compra);1;175900;1;4;2;4;1;150;55635;4461
2026-07-29 12:16:20.763;Pivô de Alta → Baixa (venda);-1;175950;1;3;1;3;2;100;76596;6372
2026-07-29 12:22:15.083;Pivô de Baixa → Alta (compra);1;175950;3;2;0;2;4;50;223207;18598
2026-07-29 12:35:44.495;Pivô de Alta → Baixa (venda);-1;175900;2;4;2;4;1;150;56336;4801
2026-07-29 13:00:01.826;Pivô de Alta → Baixa (venda);-1;175750;1;8;6;8;3;350;56649;4448
2026-07-29 13:15:10.420;Pivô de Baixa → Alta (compra);1;175500;8;3;1;3;2;100;119781;9452
2026-07-29 13:26:58.232;Pivô de Alta → Baixa (venda);-1;175500;3;2;0;2;3;50;117345;9658
2026-07-29 13:51:55.940;Pivô de Baixa → Alta (compra);1;175550;2;3;1;3;4;100;30663;2569
2026-07-29 13:56:45.063;Pivô de Alta → Baixa (venda);-1;175550;3;4;2;4;1;150;39901;3357
2026-07-29 14:04:50.654;Pivô de Alta → Baixa (venda);-1;175400;1;2;0;2;2;50;60660;4361
2026-07-29 14:07:31.942;Pivô de Baixa → Alta (compra);1;175450;2;2;0;2;5;50;296758;22768
2026-07-29 14:21:54.901;Pivô de Alta → Baixa (venda);-1;175400;2;5;3;5;2;200;80767;6286
2026-07-29 14:30:52.824;Pivô de Baixa → Alta (compra);1;175300;5;2;0;2;3;50;35088;2741
2026-07-29 14:33:15.886;Pivô de Alta → Baixa (venda);-1;175250;2;3;1;3;10;100;32125;2418
2026-07-29 14:52:43.728;Pivô de Baixa → Alta (compra);1;175250;3;10;8;10;5;450;86339;7676
2026-07-29 15:00:04.113;Pivô de Alta → Baixa (venda);-1;175600;10;5;3;5;5;200;12545;967
2026-07-29 15:00:07.939;Pivô de Baixa → Alta (compra);1;175500;5;5;3;5;6;200;4278;460
2026-07-29 15:00:12.117;Pivô de Alta → Baixa (venda);-1;175600;5;6;4;6;1;250;4784;488
2026-07-29 15:00:17.536;Pivô de Alta → Baixa (venda);-1;175350;1;2;0;2;7;50;63;8
2026-07-29 15:00:18.184;Pivô de Baixa → Alta (compra);1;175400;2;7;5;7;1;300;4370;556
2026-07-29 15:00:41.238;Pivô de Baixa → Alta (compra);1;175700;1;4;2;4;3;150;1239;157
2026-07-29 15:00:48.855;Pivô de Alta → Baixa (venda);-1;175750;4;3;1;3;3;100;8094;793
2026-07-29 15:01:13.181;Pivô de Baixa → Alta (compra);1;175750;3;3;1;3;2;100;8075;687
2026-07-29 15:01:37.144;Pivô de Alta → Baixa (venda);-1;175750;3;2;0;2;2;50;24119;2150
2026-07-29 15:02:14.374;Pivô de Baixa → Alta (compra);1;175800;2;2;0;2;5;50;4361;269
2026-07-29 15:02:17.284;Pivô de Alta → Baixa (venda);-1;175750;2;5;3;5;3;200;8539;608
2026-07-29 15:08:01.537;Pivô de Baixa → Alta (compra);1;175650;5;3;1;3;2;100;60118;5333
2026-07-29 15:11:52.496;Pivô de Alta → Baixa (venda);-1;175650;3;2;0;2;1;50;49536;4221
2026-07-29 15:15:15.653;Pivô de Alta → Baixa (venda);-1;175600;1;10;8;10;5;450;29365;2631
2026-07-29 15:27:10.927;Pivô de Baixa → Alta (compra);1;175250;10;5;3;5;5;200;27534;1966
2026-07-29 15:30:25.134;Pivô de Alta → Baixa (venda);-1;175350;5;5;3;5;2;200;42391;2928
2026-07-29 15:31:33.319;Pivô de Baixa → Alta (compra);1;175250;5;2;0;2;4;50;10209;542
2026-07-29 15:31:37.591;Pivô de Alta → Baixa (venda);-1;175200;2;4;2;4;1;150;22468;1561
2026-07-29 15:32:42.167;Pivô de Baixa → Alta (compra);1;175150;1;4;2;4;2;150;15445;1178
2026-07-29 15:33:38.410;Pivô de Alta → Baixa (venda);-1;175200;4;2;0;2;4;50;48154;3960
2026-07-29 15:35:17.710;Pivô de Baixa → Alta (compra);1;175250;2;4;2;4;1;150;37794;3183
2026-07-29 15:37:32.289;Pivô de Baixa → Alta (compra);1;175400;1;3;1;3;1;100;19413;1567
2026-07-29 15:39:38.841;Pivô de Baixa → Alta (compra);1;175500;1;4;2;4;2;150;8747;494
2026-07-29 15:40:35.428;Pivô de Alta → Baixa (venda);-1;175550;4;2;0;2;6;50;73655;5638
2026-07-29 15:42:22.055;Pivô de Baixa → Alta (compra);1;175600;2;6;4;6;1;250;15787;1099
2026-07-29 15:46:17.977;Pivô de Baixa → Alta (compra);1;175850;1;4;2;4;1;150;39050;3217
2026-07-29 15:50:18.202;Pivô de Baixa → Alta (compra);1;176000;1;4;2;4;3;150;73487;5772
2026-07-29 15:54:03.436;Pivô de Alta → Baixa (venda);-1;176050;4;3;1;3;5;100;64794;5548
2026-07-29 15:57:12.643;Pivô de Baixa → Alta (compra);1;176050;3;5;3;5;1;200;16971;1274
2026-07-29 16:00:50.948;Pivô de Baixa → Alta (compra);1;176250;1;5;3;5;15;200;28665;2023
2026-07-29 16:02:01.307;Pivô de Alta → Baixa (venda);-1;176350;5;15;13;15;3;700;43573;3148
2026-07-29 16:09:41.458;Pivô de Baixa → Alta (compra);1;175750;15;3;1;3;1;100;65842;5084
2026-07-29 16:12:30.634;Pivô de Baixa → Alta (compra);1;175850;1;3;1;3;14;100;74081;5728
2026-07-29 16:15:53.275;Pivô de Alta → Baixa (venda);-1;175850;3;14;12;14;1;650;41707;3373
2026-07-29 16:24:08.017;Pivô de Alta → Baixa (venda);-1;175200;1;3;1;3;5;100;20171;1866
2026-07-29 16:27:08.084;Pivô de Baixa → Alta (compra);1;175200;3;5;3;5;9;200;96383;8091
2026-07-29 16:32:12.265;Pivô de Alta → Baixa (venda);-1;175300;5;9;7;9;5;400;9136;521
2026-07-29 16:34:02.488;Pivô de Baixa → Alta (compra);1;175000;9;5;3;5;3;200;25606;1971
2026-07-29 16:36:59.137;Pivô de Alta → Baixa (venda);-1;175100;5;3;1;3;2;100;28296;2099
2026-07-29 16:39:00.467;Pivô de Baixa → Alta (compra);1;175100;3;2;0;2;2;50;62444;4821
2026-07-29 16:41:17.480;Pivô de Alta → Baixa (venda);-1;175050;2;2;0;2;1;50;69267;5661
2026-07-29 16:48:59.596;Pivô de Alta → Baixa (venda);-1;175000;1;13;11;13;2;600;26458;1565
2026-07-29 17:11:11.976;Pivô de Baixa → Alta (compra);1;174500;13;2;0;2;4;50;31179;2877
2026-07-29 17:13:09.235;Pivô de Alta → Baixa (venda);-1;174450;2;4;2;4;1;150;26002;2432
2026-07-29 17:21:47.436;Pivô de Alta → Baixa (venda);-1;174300;1;6;4;6;17;250;13739;1385
2026-07-29 18:31:26.208;Pivô de Baixa → Alta (compra);1;174150;6;17;15;17;2;800;22003;50
2026-07-30 09:00:56.540;Pivô de Alta → Baixa (venda);-1;174850;17;2;0;2;1;50;41250;85
2026-07-30 09:00:56.840;Pivô de Alta → Baixa (venda);-1;174800;1;6;4;6;3;250;2070;415
2026-07-30 09:00:58.815;Pivô de Baixa → Alta (compra);1;174650;6;3;1;3;3;100;1735;246
2026-07-30 09:00:59.032;Pivô de Alta → Baixa (venda);-1;174650;3;3;1;3;5;100;223;38
2026-07-30 09:00:59.186;Pivô de Baixa → Alta (compra);1;174650;3;5;3;5;1;200;875;219
2026-07-30 09:00:59.423;Pivô de Baixa → Alta (compra);1;174850;1;2;0;2;2;50;92;18
2026-07-30 09:00:59.435;Pivô de Alta → Baixa (venda);-1;174800;2;2;0;2;1;50;174;14
2026-07-30 09:00:59.453;Pivô de Baixa → Alta (compra);1;174850;1;2;0;2;2;50;3;2
2026-07-30 09:00:59.455;Pivô de Alta → Baixa (venda);-1;174800;2;2;0;2;2;50;4;1
2026-07-30 09:00:59.455;Pivô de Baixa → Alta (compra);1;174850;2;2;0;2;2;50;17;1
2026-07-30 09:00:59.455;Pivô de Alta → Baixa (venda);-1;174800;2;2;0;2;1;50;1;1
2026-07-30 09:00:59.457;Pivô de Baixa → Alta (compra);1;174850;1;2;0;2;2;50;3;2
2026-07-30 09:00:59.457;Pivô de Alta → Baixa (venda);-1;174800;2;2;0;2;1;50;13;4
2026-07-30 09:00:59.478;Pivô de Baixa → Alta (compra);1;174850;1;2;0;2;2;50;13;3
2026-07-30 09:00:59.487;Pivô de Alta → Baixa (venda);-1;174800;2;2;0;2;2;50;25;8
2026-07-30 09:00:59.488;Pivô de Baixa → Alta (compra);1;174850;2;2;0;2;2;50;1;1
2026-07-30 09:00:59.488;Pivô de Alta → Baixa (venda);-1;174800;2;2;0;2;2;50;18;3
2026-07-30 09:00:59.489;Pivô de Baixa → Alta (compra);1;174850;2;2;0;2;2;50;6;3
2026-07-30 09:00:59.491;Pivô de Alta → Baixa (venda);-1;174800;2;2;0;2;2;50;1;1
2026-07-30 09:00:59.492;Pivô de Baixa → Alta (compra);1;174850;2;2;0;2;2;50;4;2
2026-07-30 09:00:59.493;Pivô de Alta → Baixa (venda);-1;174800;2;2;0;2;2;50;2;1
2026-07-30 09:00:59.495;Pivô de Baixa → Alta (compra);1;174850;2;2;0;2;2;50;2;2
2026-07-30 09:00:59.497;Pivô de Alta → Baixa (venda);-1;174800;2;2;0;2;2;50;6;2
2026-07-30 09:00:59.504;Pivô de Baixa → Alta (compra);1;174850;2;2;0;2;2;50;9;4
2026-07-30 09:00:59.507;Pivô de Alta → Baixa (venda);-1;174800;2;2;0;2;2;50;77;6
2026-07-30 09:00:59.508;Pivô de Baixa → Alta (compra);1;174850;2;2;0;2;2;50;14;7
2026-07-30 09:00:59.510;Pivô de Alta → Baixa (venda);-1;174800;2;2;0;2;2;50;5;3
2026-07-30 09:00:59.512;Pivô de Baixa → Alta (compra);1;174850;2;2;0;2;2;50;14;6
2026-07-30 09:00:59.516;Pivô de Alta → Baixa (venda);-1;174800;2;2;0;2;2;50;7;6
2026-07-30 09:00:59.520;Pivô de Baixa → Alta (compra);1;174850;2;2;0;2;2;50;4;1
2026-07-30 09:00:59.523;Pivô de Alta → Baixa (venda);-1;174800;2;2;0;2;2;50;3;2
2026-07-30 09:00:59.525;Pivô de Baixa → Alta (compra);1;174850;2;2;0;2;2;50;4;2
2026-07-30 09:00:59.529;Pivô de Alta → Baixa (venda);-1;174800;2;2;0;2;2;50;3;2
2026-07-30 09:00:59.529;Pivô de Baixa → Alta (compra);1;174850;2;2;0;2;2;50;18;4
2026-07-30 09:00:59.530;Pivô de Alta → Baixa (venda);-1;174800;2;2;0;2;2;50;6;3
2026-07-30 09:00:59.535;Pivô de Baixa → Alta (compra);1;174850;2;2;0;2;2;50;1;1
2026-07-30 09:00:59.535;Pivô de Alta → Baixa (venda);-1;174800;2;2;0;2;2;50;6;3
2026-07-30 09:00:59.536;Pivô de Baixa → Alta (compra);1;174850;2;2;0;2;2;50;1;1
2026-07-30 09:00:59.539;Pivô de Alta → Baixa (venda);-1;174800;2;2;0;2;1;50;1;1
2026-07-30 09:00:59.552;Pivô de Baixa → Alta (compra);1;174850;1;2;0;2;2;50;3;2
2026-07-30 09:00:59.553;Pivô de Alta → Baixa (venda);-1;174800;2;2;0;2;2;50;8;2
2026-07-30 09:00:59.555;Pivô de Baixa → Alta (compra);1;174850;2;2;0;2;2;50;15;2
2026-07-30 09:00:59.563;Pivô de Alta → Baixa (venda);-1;174800;2;2;0;2;2;50;11;2
2026-07-30 09:00:59.564;Pivô de Baixa → Alta (compra);1;174850;2;2;0;2;2;50;1;1
2026-07-30 09:00:59.565;Pivô de Alta → Baixa (venda);-1;174800;2;2;0;2;2;50;2;1
2026-07-30 09:00:59.566;Pivô de Baixa → Alta (compra);1;174850;2;2;0;2;2;50;4;3
2026-07-30 09:00:59.567;Pivô de Alta → Baixa (venda);-1;174800;2;2;0;2;2;50;5;1
2026-07-30 09:00:59.570;Pivô de Baixa → Alta (compra);1;174850;2;2;0;2;2;50;8;4
2026-07-30 09:00:59.572;Pivô de Alta → Baixa (venda);-1;174800;2;2;0;2;2;50;1;1
2026-07-30 09:00:59.572;Pivô de Baixa → Alta (compra);1;174850;2;2;0;2;2;50;1;1
2026-07-30 09:00:59.573;Pivô de Alta → Baixa (venda);-1;174800;2;2;0;2;2;50;5;5
2026-07-30 09:00:59.577;Pivô de Baixa → Alta (compra);1;174850;2;2;0;2;2;50;33;7
2026-07-30 09:00:59.580;Pivô de Alta → Baixa (venda);-1;174800;2;2;0;2;2;50;1;1
2026-07-30 09:00:59.580;Pivô de Baixa → Alta (compra);1;174850;2;2;0;2;2;50;6;2
2026-07-30 09:00:59.581;Pivô de Alta → Baixa (venda);-1;174800;2;2;0;2;2;50;1;1
2026-07-30 09:00:59.582;Pivô de Baixa → Alta (compra);1;174850;2;2;0;2;2;50;21;2
2026-07-30 09:00:59.585;Pivô de Alta → Baixa (venda);-1;174800;2;2;0;2;2;50;25;19
2026-07-30 09:00:59.589;Pivô de Baixa → Alta (compra);1;174850;2;2;0;2;2;50;6;4
2026-07-30 09:00:59.592;Pivô de Alta → Baixa (venda);-1;174800;2;2;0;2;2;50;10;4
2026-07-30 09:00:59.598;Pivô de Baixa → Alta (compra);1;174850;2;2;0;2;2;50;2;1
2026-07-30 09:00:59.598;Pivô de Alta → Baixa (venda);-1;174800;2;2;0;2;2;50;8;4
2026-07-30 09:00:59.599;Pivô de Baixa → Alta (compra);1;174850;2;2;0;2;2;50;1;1
2026-07-30 09:00:59.600;Pivô de Alta → Baixa (venda);-1;174800;2;2;0;2;2;50;9;3
2026-07-30 09:00:59.607;Pivô de Baixa → Alta (compra);1;174850;2;2;0;2;2;50;6;2
2026-07-30 09:00:59.613;Pivô de Alta → Baixa (venda);-1;174800;2;2;0;2;2;50;4;2
2026-07-30 09:00:59.613;Pivô de Baixa → Alta (compra);1;174850;2;2;0;2;2;50;11;5
2026-07-30 09:00:59.626;Pivô de Alta → Baixa (venda);-1;174800;2;2;0;2;2;50;1;1
2026-07-30 09:00:59.628;Pivô de Baixa → Alta (compra);1;174850;2;2;0;2;2;50;12;2
2026-07-30 09:00:59.628;Pivô de Alta → Baixa (venda);-1;174800;2;2;0;2;2;50;1;1
2026-07-30 09:00:59.628;Pivô de Baixa → Alta (compra);1;174850;2;2;0;2;2;50;6;1
2026-07-30 09:00:59.629;Pivô de Alta → Baixa (venda);-1;174800;2;2;0;2;2;50;3;1
2026-07-30 09:00:59.635;Pivô de Baixa → Alta (compra);1;174850;2;2;0;2;2;50;2;1
2026-07-30 09:00:59.635;Pivô de Alta → Baixa (venda);-1;174800;2;2;0;2;2;50;1;1
2026-07-30 09:00:59.637;Pivô de Baixa → Alta (compra);1;174850;2;2;0;2;2;50;4;1
2026-07-30 09:00:59.639;Pivô de Alta → Baixa (venda);-1;174800;2;2;0;2;1;50;9;2
2026-07-30 09:00:59.649;Pivô de Alta → Baixa (venda);-1;174750;1;2;0;2;3;50;1;1
2026-07-30 09:00:59.652;Pivô de Baixa → Alta (compra);1;174800;2;3;1;3;3;100;17;3
2026-07-30 09:00:59.652;Pivô de Alta → Baixa (venda);-1;174800;3;3;1;3;3;100;33;11
2026-07-30 09:00:59.653;Pivô de Baixa → Alta (compra);1;174800;3;3;1;3;3;100;1;1
2026-07-30 09:00:59.654;Pivô de Alta → Baixa (venda);-1;174800;3;3;1;3;3;100;10;5
2026-07-30 09:00:59.656;Pivô de Baixa → Alta (compra);1;174800;3;3;1;3;3;100;6;2
2026-07-30 09:00:59.658;Pivô de Alta → Baixa (venda);-1;174800;3;3;1;3;3;100;1;1
2026-07-30 09:00:59.659;Pivô de Baixa → Alta (compra);1;174800;3;3;1;3;2;100;1;1
2026-07-30 09:00:59.659;Pivô de Alta → Baixa (venda);-1;174800;3;2;0;2;2;50;1;1
2026-07-30 09:00:59.659;Pivô de Baixa → Alta (compra);1;174850;2;2;0;2;3;50;1;1
2026-07-30 09:00:59.660;Pivô de Alta → Baixa (venda);-1;174800;2;3;1;3;1;100;1;1
2026-07-30 09:00:59.676;Pivô de Baixa → Alta (compra);1;174800;1;3;1;3;3;100;6;2
2026-07-30 09:00:59.781;Pivô de Alta → Baixa (venda);-1;174800;3;3;1;3;1;100;279;76
2026-07-30 09:01:01.186;Pivô de Alta → Baixa (venda);-1;174700;1;2;0;2;15;50;547;81
2026-07-30 09:01:01.423;Pivô de Baixa → Alta (compra);1;174750;2;15;13;15;4;700;526;81
2026-07-30 09:01:04.018;Pivô de Alta → Baixa (venda);-1;175350;15;4;2;4;3;150;1099;264
2026-07-30 09:01:05.169;Pivô de Baixa → Alta (compra);1;175300;4;3;1;3;4;100;5520;953
2026-07-30 09:01:08.862;Pivô de Alta → Baixa (venda);-1;175300;3;4;2;4;1;150;3007;494
2026-07-30 09:01:12.467;Pivô de Alta → Baixa (venda);-1;175150;1;3;1;3;1;100;3287;464
2026-07-30 09:01:14.076;Pivô de Alta → Baixa (venda);-1;175050;1;3;1;3;8;100;3027;588
2026-07-30 09:01:16.618;Pivô de Baixa → Alta (compra);1;175050;3;8;6;8;1;350;1276;265
2026-07-30 09:01:36.502;Pivô de Alta → Baixa (venda);-1;175300;1;3;1;3;4;100;5659;614
2026-07-30 09:01:39.503;Pivô de Baixa → Alta (compra);1;175300;3;4;2;4;2;150;4750;678
2026-07-30 09:01:47.249;Pivô de Alta → Baixa (venda);-1;175350;4;2;0;2;1;50;9850;1262
2026-07-30 09:02:05.120;Pivô de Alta → Baixa (venda);-1;175300;1;2;0;2;1;50;2270;304
2026-07-30 09:02:10.359;Pivô de Alta → Baixa (venda);-1;175250;1;4;2;4;9;150;5594;861
2026-07-30 09:02:38.093;Pivô de Baixa → Alta (compra);1;175200;4;9;7;9;6;400;5984;713
2026-07-30 09:02:59.372;Pivô de Alta → Baixa (venda);-1;175500;9;6;4;6;3;250;11136;1558
2026-07-30 09:03:07.275;Pivô de Baixa → Alta (compra);1;175350;6;3;1;3;1;100;2487;294
2026-07-30 09:03:20.265;Pivô de Baixa → Alta (compra);1;175450;1;2;0;2;7;50;3581;445
2026-07-30 09:03:28.384;Pivô de Alta → Baixa (venda);-1;175400;2;7;5;7;3;300;19199;2531
2026-07-30 09:04:15.087;Pivô de Baixa → Alta (compra);1;175200;7;3;1;3;1;100;16011;1947
2026-07-30 09:05:15.577;Pivô de Baixa → Alta (compra);1;175300;1;3;1;3;5;100;3063;245
2026-07-30 09:05:21.242;Pivô de Alta → Baixa (venda);-1;175300;3;5;3;5;6;200;23162;2586
2026-07-30 09:06:04.436;Pivô de Baixa → Alta (compra);1;175200;5;6;4;6;1;250;17435;1936
2026-07-30 09:08:06.862;Pivô de Alta → Baixa (venda);-1;175350;1;2;0;2;1;50;19716;2382
2026-07-30 09:09:28.913;Pivô de Alta → Baixa (venda);-1;175300;1;3;1;3;6;100;15948;1691
2026-07-30 09:12:38.348;Pivô de Baixa → Alta (compra);1;175300;3;6;4;6;4;250;63302;5778
2026-07-30 09:16:12.178;Pivô de Alta → Baixa (venda);-1;175450;6;4;2;4;5;150;12438;1014
2026-07-30 09:21:50.114;Pivô de Baixa → Alta (compra);1;175400;4;5;3;5;4;200;47973;4554
2026-07-30 09:23:36.761;Pivô de Alta → Baixa (venda);-1;175500;5;4;2;4;6;150;94021;8254
2026-07-30 09:29:30.101;Pivô de Baixa → Alta (compra);1;175450;4;6;4;6;9;250;9924;1006
2026-07-30 09:30:18.359;Pivô de Alta → Baixa (venda);-1;175600;6;9;7;9;6;400;13999;1574
2026-07-30 09:31:33.999;Pivô de Baixa → Alta (compra);1;175300;9;6;4;6;5;250;22096;2678
2026-07-30 09:32:42.602;Pivô de Alta → Baixa (venda);-1;175450;6;5;3;5;1;200;19305;1998
2026-07-30 09:42:08.504;Pivô de Alta → Baixa (venda);-1;175250;1;5;3;5;4;200;72627;7455
2026-07-30 09:52:15.667;Pivô de Baixa → Alta (compra);1;175150;5;4;2;4;2;150;24876;2093
2026-07-30 09:54:01.467;Pivô de Alta → Baixa (venda);-1;175200;4;2;0;2;5;50;42440;4569
2026-07-30 09:57:31.816;Pivô de Baixa → Alta (compra);1;175250;2;5;3;5;2;200;65955;6670
2026-07-30 10:00:29.127;Pivô de Alta → Baixa (venda);-1;175350;5;2;0;2;3;50;23239;1640
2026-07-30 10:01:07.936;Pivô de Baixa → Alta (compra);1;175400;2;3;1;3;1;100;11549;732
2026-07-30 10:02:09.272;Pivô de Baixa → Alta (compra);1;175500;1;2;0;2;1;50;26491;2586
2026-07-30 10:04:31.394;Pivô de Baixa → Alta (compra);1;175550;1;3;1;3;2;100;29258;2718
2026-07-30 10:06:17.934;Pivô de Alta → Baixa (venda);-1;175550;3;2;0;2;1;50;23320;1497
2026-07-30 10:07:13.264;Pivô de Alta → Baixa (venda);-1;175500;1;7;5;7;5;300;18451;1649
2026-07-30 10:08:26.700;Pivô de Baixa → Alta (compra);1;175300;7;5;3;5;2;200;22456;2460
2026-07-30 10:11:46.456;Pivô de Alta → Baixa (venda);-1;175400;5;2;0;2;4;50;25320;2586
2026-07-30 10:12:30.101;Pivô de Baixa → Alta (compra);1;175450;2;4;2;4;3;150;15792;1572
2026-07-30 10:15:49.174;Pivô de Alta → Baixa (venda);-1;175500;4;3;1;3;4;100;29609;2673
2026-07-30 10:16:29.097;Pivô de Baixa → Alta (compra);1;175500;3;4;2;4;3;150;55758;5546
2026-07-30 10:19:08.896;Pivô de Alta → Baixa (venda);-1;175550;4;3;1;3;7;100;58394;4635
2026-07-30 10:20:55.114;Pivô de Baixa → Alta (compra);1;175550;3;7;5;7;10;300;24404;1954
2026-07-30 10:24:15.343;Pivô de Alta → Baixa (venda);-1;175750;7;10;8;10;1;450;32034;3195
2026-07-30 10:28:11.908;Pivô de Alta → Baixa (venda);-1;175300;1;2;0;2;6;50;64542;5409
2026-07-30 10:30:05.091;Pivô de Baixa → Alta (compra);1;175350;2;6;4;6;3;250;15190;1229
2026-07-30 10:30:54.729;Pivô de Alta → Baixa (venda);-1;175500;6;3;1;3;2;100;75197;5960
2026-07-30 10:33:24.101;Pivô de Baixa → Alta (compra);1;175500;3;2;0;2;11;50;24627;1825
2026-07-30 10:34:05.359;Pivô de Alta → Baixa (venda);-1;175450;2;11;9;11;4;500;27785;1890
2026-07-30 10:36:02.539;Pivô de Baixa → Alta (compra);1;175050;11;4;2;4;1;150;12819;1148
2026-07-30 10:37:25.906;Pivô de Baixa → Alta (compra);1;175200;1;4;2;4;3;150;16365;1383
2026-07-30 10:38:02.021;Pivô de Alta → Baixa (venda);-1;175250;4;3;1;3;1;100;49674;3986
2026-07-30 10:39:59.591;Pivô de Alta → Baixa (venda);-1;175150;1;3;1;3;1;100;11221;1059
2026-07-30 10:41:08.649;Pivô de Baixa → Alta (compra);1;175150;1;4;2;4;4;150;69282;6591
2026-07-30 10:43:56.030;Pivô de Alta → Baixa (venda);-1;175200;4;4;2;4;7;150;15893;1274
2026-07-30 10:45:57.101;Pivô de Baixa → Alta (compra);1;175150;4;7;5;7;4;300;23324;1891
2026-07-30 10:49:36.338;Pivô de Alta → Baixa (venda);-1;175350;7;4;2;4;4;150;18158;1381
2026-07-30 10:52:21.745;Pivô de Baixa → Alta (compra);1;175300;4;4;2;4;2;150;35360;3157
2026-07-30 10:53:19.266;Pivô de Alta → Baixa (venda);-1;175350;4;2;0;2;5;50;45033;3677
2026-07-30 10:54:06.331;Pivô de Baixa → Alta (compra);1;175400;2;5;3;5;2;200;13371;1192
2026-07-30 10:59:13.953;Pivô de Alta → Baixa (venda);-1;175500;5;2;0;2;5;50;71490;5849
2026-07-30 11:00:58.381;Pivô de Baixa → Alta (compra);1;175550;2;5;3;5;3;200;23010;1620
2026-07-30 11:04:42.690;Pivô de Alta → Baixa (venda);-1;175650;5;3;1;3;7;100;17696;1561
2026-07-30 11:05:24.108;Pivô de Baixa → Alta (compra);1;175650;3;7;5;7;6;300;31713;2879
2026-07-30 11:07:13.386;Pivô de Alta → Baixa (venda);-1;175850;7;6;4;6;4;250;27646;2199
2026-07-30 11:11:09.601;Pivô de Baixa → Alta (compra);1;175700;6;4;2;4;5;150;31090;2495
2026-07-30 11:12:05.076;Pivô de Alta → Baixa (venda);-1;175750;4;5;3;5;8;200;15906;1329
2026-07-30 11:16:05.340;Pivô de Baixa → Alta (compra);1;175650;5;8;6;8;4;350;10492;709
2026-07-30 11:23:01.889;Pivô de Alta → Baixa (venda);-1;175900;8;4;2;4;5;150;94817;7172
2026-07-30 11:27:15.968;Pivô de Baixa → Alta (compra);1;175850;4;5;3;5;2;200;22552;1449
2026-07-30 11:28:55.115;Pivô de Alta → Baixa (venda);-1;175950;5;2;0;2;2;50;29341;2079
2026-07-30 11:30:25.812;Pivô de Baixa → Alta (compra);1;176000;2;2;0;2;1;50;23449;2033
2026-07-30 11:33:51.830;Pivô de Baixa → Alta (compra);1;176050;1;4;2;4;4;150;55468;4737
2026-07-30 11:36:32.670;Pivô de Alta → Baixa (venda);-1;176100;4;4;2;4;3;150;39755;3858
2026-07-30 11:45:34.743;Pivô de Baixa → Alta (compra);1;176050;4;3;1;3;1;100;21071;1770
2026-07-30 11:53:14.545;Pivô de Alta → Baixa (venda);-1;176050;1;2;0;2;1;50;41333;3861
2026-07-30 11:57:08.643;Pivô de Alta → Baixa (venda);-1;176000;1;4;2;4;1;150;69770;6296
2026-07-30 12:06:15.176;Pivô de Alta → Baixa (venda);-1;175850;1;3;1;3;5;100;14556;888
2026-07-30 12:06:59.822;Pivô de Baixa → Alta (compra);1;175850;3;5;3;5;1;200;68862;5937
2026-07-30 12:11:32.628;Pivô de Baixa → Alta (compra);1;176050;1;5;3;5;3;200;59634;6287
2026-07-30 12:20:19.453;Pivô de Alta → Baixa (venda);-1;176150;5;3;1;3;3;100;51214;4424
2026-07-30 12:26:09.954;Pivô de Baixa → Alta (compra);1;176150;3;3;1;3;2;100;11973;1128
2026-07-30 12:27:00.093;Pivô de Alta → Baixa (venda);-1;176150;3;2;0;2;12;50;67319;6051
2026-07-30 12:30:25.495;Pivô de Baixa → Alta (compra);1;176200;2;12;10;12;2;550;46912;4817
2026-07-30 13:35:21.845;Pivô de Alta → Baixa (venda);-1;176650;12;2;0;2;6;50;168109;14015
2026-07-30 13:44:38.470;Pivô de Baixa → Alta (compra);1;176700;2;6;4;6;1;250;172196;16409
2026-07-30 14:11:01.243;Pivô de Alta → Baixa (venda);-1;176850;1;4;2;4;2;150;184191;16292
2026-07-30 14:32:11.949;Pivô de Baixa → Alta (compra);1;176800;4;2;0;2;2;50;64649;5694
2026-07-30 14:46:45.800;Pivô de Alta → Baixa (venda);-1;176750;2;2;0;2;13;50;140302;12574
2026-07-30 15:17:42.828;Pivô de Baixa → Alta (compra);1;176800;2;13;11;13;1;600;95331;7572
2026-07-30 16:15:18.057;Pivô de Baixa → Alta (compra);1;177400;1;10;8;10;3;450;55050;4437
2026-07-30 16:26:20.803;Pivô de Alta → Baixa (venda);-1;177750;10;3;1;3;4;100;66910;3956
2026-07-30 16:30:10.581;Pivô de Baixa → Alta (compra);1;177750;3;4;2;4;2;150;214068;17516
2026-07-30 16:45:28.278;Pivô de Alta → Baixa (venda);-1;177800;4;2;0;2;7;50;124703;7690
2026-07-30 16:50:35.114;Pivô de Baixa → Alta (compra);1;177850;2;7;5;7;1;300;84463;6660
2026-07-30 17:10:33.938;Pivô de Baixa → Alta (compra);1;178150;1;2;0;2;2;50;97167;7804
2026-07-30 17:28:15.459;Pivô de Alta → Baixa (venda);-1;178100;2;2;0;2;1;50;34138;1903
2026-07-30 17:33:12.489;Pivô de Alta → Baixa (venda);-1;178050;1;2;0;2;1;50;30115;2424
2026-07-30 17:46:08.208;Pivô de Alta → Baixa (venda);-1;178000;1;21;19;21;3;1000;107583;11494
2026-07-31 12:34:14.014;Pivô de Baixa → Alta (compra);1;177100;21;3;1;3;2;100;3045;498
2026-07-31 12:34:16.149;Pivô de Alta → Baixa (venda);-1;177100;3;2;0;2;1;50;1187;191
2026-07-31 12:34:18.924;Pivô de Baixa → Alta (compra);1;177150;1;3;1;3;1;100;2357;279
2026-07-31 12:34:20.543;Pivô de Baixa → Alta (compra);1;177250;1;12;10;12;4;550;5674;753
2026-07-31 12:34:37.910;Pivô de Alta → Baixa (venda);-1;177700;12;4;2;4;1;150;2613;347
2026-07-31 12:34:40.005;Pivô de Alta → Baixa (venda);-1;177550;1;2;0;2;8;50;3034;419
2026-07-31 12:34:41.904;Pivô de Baixa → Alta (compra);1;177600;2;8;6;8;1;350;3553;490
2026-07-31 12:35:11.834;Pivô de Alta → Baixa (venda);-1;177850;1;2;0;2;10;50;4704;765
2026-07-31 12:35:22.950;Pivô de Baixa → Alta (compra);1;177900;2;10;8;10;1;450;1182;164
2026-07-31 12:35:52.637;Pivô de Baixa → Alta (compra);1;178350;1;3;1;3;4;100;3671;619
2026-07-31 12:35:59.593;Pivô de Alta → Baixa (venda);-1;178350;3;4;2;4;2;150;4384;711
2026-07-31 12:36:05.630;Pivô de Baixa → Alta (compra);1;178300;4;2;0;2;2;50;2660;395
2026-07-31 12:36:06.937;Pivô de Alta → Baixa (venda);-1;178250;2;2;0;2;8;50;21174;3002
2026-07-31 12:36:42.662;Pivô de Baixa → Alta (compra);1;178300;2;8;6;8;1;350;8466;1136
2026-07-31 12:37:46.447;Pivô de Alta → Baixa (venda);-1;178550;1;5;3;5;9;200;8288;910
2026-07-31 12:40:20.586;Pivô de Baixa → Alta (compra);1;178450;5;9;7;9;2;400;19243;1936
2026-07-31 12:44:39.910;Pivô de Alta → Baixa (venda);-1;178750;9;2;0;2;3;50;24656;2968
2026-07-31 12:45:23.334;Pivô de Baixa → Alta (compra);1;178800;2;3;1;3;1;100;18718;1693
2026-07-31 12:47:20.872;Pivô de Baixa → Alta (compra);1;178900;1;2;0;2;2;50;25507;2612
2026-07-31 12:48:20.209;Pivô de Alta → Baixa (venda);-1;178850;2;2;0;2;2;50;11375;1089
2026-07-31 12:48:53.382;Pivô de Baixa → Alta (compra);1;178900;2;2;0;2;6;50;8183;862
2026-07-31 12:49:47.636;Pivô de Alta → Baixa (venda);-1;178850;2;6;4;6;10;250;12529;1087
2026-07-31 12:51:00.651;Pivô de Baixa → Alta (compra);1;178700;6;10;8;10;9;450;32578;2968
2026-07-31 12:56:02.975;Pivô de Alta → Baixa (venda);-1;179050;10;9;7;9;1;400;12401;1108
2026-07-31 12:59:33.713;Pivô de Alta → Baixa (venda);-1;178650;1;6;4;6;3;250;17211;1399
2026-07-31 13:01:14.636;Pivô de Baixa → Alta (compra);1;178500;6;3;1;3;1;100;11578;859
2026-07-31 13:03:01.596;Pivô de Baixa → Alta (compra);1;178600;1;3;1;3;4;100;42862;3835
2026-07-31 13:04:33.379;Pivô de Alta → Baixa (venda);-1;178600;3;4;2;4;2;150;8018;610
2026-07-31 13:06:32.875;Pivô de Baixa → Alta (compra);1;178550;4;2;0;2;1;50;16174;1302
2026-07-31 13:09:31.014;Pivô de Alta → Baixa (venda);-1;178500;1;2;0;2;3;50;26603;2159
2026-07-31 13:11:25.713;Pivô de Baixa → Alta (compra);1;178550;2;3;1;3;7;100;12045;1216
2026-07-31 13:15:05.410;Pivô de Alta → Baixa (venda);-1;178550;3;7;5;7;7;300;25198;2328
2026-07-31 13:17:06.400;Pivô de Baixa → Alta (compra);1;178350;7;7;5;7;1;300;27309;2477
2026-07-31 13:23:57.822;Pivô de Baixa → Alta (compra);1;178650;1;7;5;7;1;300;33647;3057
2026-07-31 13:34:40.498;Pivô de Baixa → Alta (compra);1;178950;1;2;0;2;2;50;15630;1223
2026-07-31 13:35:19.537;Pivô de Alta → Baixa (venda);-1;178900;2;2;0;2;4;50;47922;4268
2026-07-31 13:36:53.290;Pivô de Baixa → Alta (compra);1;178950;2;4;2;4;7;150;66223;6025
2026-07-31 13:40:13.327;Pivô de Alta → Baixa (venda);-1;179000;4;7;5;7;1;300;48323;4115
2026-07-31 13:54:19.401;Pivô de Alta → Baixa (venda);-1;178700;1;4;2;4;1;150;57935;5316
2026-07-31 14:01:55.255;Pivô de Alta → Baixa (venda);-1;178550;1;2;0;2;9;50;61840;5354
2026-07-31 14:05:21.131;Pivô de Baixa → Alta (compra);1;178600;2;9;7;9;4;400;120828;10937
2026-07-31 14:17:34.307;Pivô de Alta → Baixa (venda);-1;178900;9;4;2;4;5;150;17076;1212
2026-07-31 14:18:44.542;Pivô de Baixa → Alta (compra);1;178850;4;5;3;5;2;200;101555;9713
2026-07-31 14:33:05.511;Pivô de Alta → Baixa (venda);-1;178950;5;2;0;2;3;50;69848;5865
2026-07-31 14:35:16.731;Pivô de Baixa → Alta (compra);1;179000;2;3;1;3;1;100;23354;1930
2026-07-31 14:39:45.775;Pivô de Baixa → Alta (compra);1;179100;1;3;1;3;3;100;68611;5849
2026-07-31 14:45:08.819;Pivô de Alta → Baixa (venda);-1;179100;3;3;1;3;1;100;98604;8219
2026-07-31 14:55:30.200;Pivô de Alta → Baixa (venda);-1;179000;1;2;0;2;1;50;42734;3443
2026-07-31 15:04:58.216;Pivô de Baixa → Alta (compra);1;179050;1;3;1;3;3;100;110495;8822
2026-07-31 15:12:17.783;Pivô de Alta → Baixa (venda);-1;179050;3;3;1;3;5;100;34014;3356
2026-07-31 15:15:51.763;Pivô de Baixa → Alta (compra);1;179050;3;5;3;5;2;200;44101;4054
2026-07-31 15:21:49.645;Pivô de Alta → Baixa (venda);-1;179150;5;2;0;2;5;50;110581;9800
2026-07-31 15:28:51.229;Pivô de Baixa → Alta (compra);1;179200;2;5;3;5;2;200;40638;3268
2026-07-31 15:42:51.335;Pivô de Alta → Baixa (venda);-1;179300;5;2;0;2;3;50;71648;6568
2026-07-31 15:46:53.807;Pivô de Baixa → Alta (compra);1;179350;2;3;1;3;1;100;62081;6504
2026-07-31 16:00:17.174;Pivô de Alta → Baixa (venda);-1;179350;1;2;0;2;1;50;54485;4479
2026-07-31 16:05:49.697;Pivô de Alta → Baixa (venda);-1;179300;1;12;10;12;1;550;59848;5954
2026-07-31 16:36:25.609;Pivô de Alta → Baixa (venda);-1;178750;1;3;1;3;7;100;37388;3459
2026-07-31 16:39:00.735;Pivô de Baixa → Alta (compra);1;178750;3;7;5;7;1;300;36075;3305
2026-07-31 16:48:27.506;Pivô de Baixa → Alta (compra);1;179050;1;2;0;2;2;50;103550;8926
2026-07-31 16:54:07.830;Pivô de Alta → Baixa (venda);-1;179000;2;2;0;2;2;50;24567;2126
2026-07-31 16:55:08.668;Pivô de Baixa → Alta (compra);1;179050;2;2;0;2;7;50;37989;3776
2026-07-31 17:00:07.687;Pivô de Alta → Baixa (venda);-1;179000;2;7;5;7;2;300;16238;1360
2026-07-31 17:04:12.693;Pivô de Baixa → Alta (compra);1;178800;7;2;0;2;1;50;41742;4955
2026-07-31 17:10:35.972;Pivô de Baixa → Alta (compra);1;178850;1;2;0;2;3;50;74460;7375
2026-07-31 17:19:23.489;Pivô de Alta → Baixa (venda);-1;178800;2;3;1;3;2;100;34894;3189
2026-07-31 17:32:07.599;Pivô de Baixa → Alta (compra);1;178800;3;2;0;2;5;50;76222;9108
2026-07-31 17:46:53.237;Pivô de Alta → Baixa (venda);-1;178750;2;5;3;5;2;200;35061;3428
2026-07-31 17:57:45.624;Pivô de Baixa → Alta (compra);1;178650;5;2;0;2;1;50;36467;3922
2026-07-31 18:00:44.286;Pivô de Baixa → Alta (compra);1;178700;1;2;0;2;1;50;30405;4251
2026-07-31 18:06:42.198;Pivô de Alta → Baixa (venda);-1;178650;1;2;0;2;2;50;8620;996
2026-07-31 18:12:24.261;Pivô de Baixa → Alta (compra);1;178700;2;2;0;2;2;50;8802;905
2026-07-31 18:15:24.757;Pivô de Alta → Baixa (venda);-1;178650;2;2;0;2;18;50;12441;1946
2026-07-31 18:24:57.943;Pivô de Baixa → Alta (compra);1;178700;2;18;16;18;6;850;90;16
2026-08-03 09:03:04.430;Pivô de Alta → Baixa (venda);-1;179450;18;6;4;6;1;250;66888;207
2026-08-03 09:03:10.113;Pivô de Alta → Baixa (venda);-1;179200;1;2;0;2;3;50;12470;1478
2026-08-03 09:03:16.965;Pivô de Baixa → Alta (compra);1;179250;2;3;1;3;1;100;19095;2128
2026-08-03 09:03:31.008;Pivô de Baixa → Alta (compra);1;179350;1;3;1;3;7;100;11970;1086
2026-08-03 09:03:38.551;Pivô de Alta → Baixa (venda);-1;179350;3;7;5;7;2;300;14085;1545
2026-08-03 09:04:05.796;Pivô de Baixa → Alta (compra);1;179150;7;2;0;2;2;50;12974;1330
2026-08-03 09:04:11.281;Pivô de Alta → Baixa (venda);-1;179100;2;2;0;2;1;50;6825;634
2026-08-03 09:04:26.384;Pivô de Baixa → Alta (compra);1;179150;1;2;0;2;9;50;12934;1469
2026-08-03 09:04:40.290;Pivô de Alta → Baixa (venda);-1;179100;2;9;7;9;3;400;8074;864
2026-08-03 09:05:44.275;Pivô de Baixa → Alta (compra);1;178800;9;3;1;3;8;100;21369;1965
2026-08-03 09:06:03.274;Pivô de Alta → Baixa (venda);-1;178800;3;8;6;8;1;350;14751;1460
2026-08-03 09:08:09.042;Pivô de Baixa → Alta (compra);1;178550;1;3;1;3;1;100;30317;2946
2026-08-03 09:10:18.388;Pivô de Alta → Baixa (venda);-1;178550;1;3;1;3;9;100;54827;5343
2026-08-03 09:12:19.797;Pivô de Baixa → Alta (compra);1;178550;3;9;7;9;3;400;54671;5648
2026-08-03 09:16:45.812;Pivô de Alta → Baixa (venda);-1;178850;9;3;1;3;1;100;26237;2074
2026-08-03 09:19:31.475;Pivô de Baixa → Alta (compra);1;178850;1;2;0;2;2;50;13218;1195
2026-08-03 09:20:05.459;Pivô de Alta → Baixa (venda);-1;178800;2;2;0;2;3;50;33145;2871
2026-08-03 09:21:02.038;Pivô de Baixa → Alta (compra);1;178850;2;3;1;3;2;100;40209;4045
2026-08-03 09:23:34.616;Pivô de Alta → Baixa (venda);-1;178850;3;2;0;2;3;50;12527;980
2026-08-03 09:23:49.089;Pivô de Baixa → Alta (compra);1;178900;2;3;1;3;1;100;104963;9879
2026-08-03 09:30:17.579;Pivô de Baixa → Alta (compra);1;179000;1;4;2;4;1;150;32395;2646
2026-08-03 09:36:10.991;Pivô de Alta → Baixa (venda);-1;179050;1;2;0;2;4;50;39127;3626
2026-08-03 09:37:36.472;Pivô de Baixa → Alta (compra);1;179100;2;4;2;4;4;150;27253;2673
2026-08-03 09:39:13.968;Pivô de Alta → Baixa (venda);-1;179150;4;4;2;4;5;150;52832;4705
2026-08-03 09:42:15.556;Pivô de Baixa → Alta (compra);1;179100;4;5;3;5;1;200;50839;4794
2026-08-03 09:51:01.779;Pivô de Baixa → Alta (compra);1;179300;1;4;2;4;1;150;24967;2465
2026-08-03 09:55:51.712;Pivô de Baixa → Alta (compra);1;179450;1;6;4;6;3;250;14516;1067
2026-08-03 09:57:28.749;Pivô de Alta → Baixa (venda);-1;179600;6;3;1;3;2;100;24795;2115
2026-08-03 10:00:00.267;Pivô de Baixa → Alta (compra);1;179600;3;2;0;2;9;50;17945;1122
2026-08-03 10:00:09.993;Pivô de Alta → Baixa (venda);-1;179550;2;9;7;9;4;400;15307;1149
2026-08-03 10:00:56.349;Pivô de Baixa → Alta (compra);1;179250;9;4;2;4;3;150;23892;1609
2026-08-03 10:02:16.645;Pivô de Alta → Baixa (venda);-1;179300;4;3;1;3;2;100;23495;2375
2026-08-03 10:03:48.223;Pivô de Baixa → Alta (compra);1;179300;3;2;0;2;1;50;14534;1227
2026-08-03 10:05:02.680;Pivô de Baixa → Alta (compra);1;179350;1;2;0;2;16;50;27351;2654
2026-08-03 10:06:01.681;Pivô de Alta → Baixa (venda);-1;179300;2;16;14;16;3;750;28603;2818
2026-08-03 10:15:46.912;Pivô de Baixa → Alta (compra);1;178650;16;3;1;3;7;100;44563;3366
2026-08-03 10:16:58.185;Pivô de Alta → Baixa (venda);-1;178650;3;7;5;7;2;300;13409;1000
2026-08-03 10:19:21.255;Pivô de Baixa → Alta (compra);1;178450;7;2;0;2;1;50;41317;3523
2026-08-03 10:21:15.570;Pivô de Baixa → Alta (compra);1;178500;1;2;0;2;5;50;22033;1983
2026-08-03 10:21:51.219;Pivô de Alta → Baixa (venda);-1;178450;2;5;3;5;4;200;68341;5574
2026-08-03 10:23:31.235;Pivô de Baixa → Alta (compra);1;178350;5;4;2;4;5;150;43625;3865
2026-08-03 10:25:35.300;Pivô de Alta → Baixa (venda);-1;178400;4;5;3;5;2;200;30584;2492
2026-08-03 10:29:13.300;Pivô de Baixa → Alta (compra);1;178300;5;2;0;2;2;50;33371;2949
2026-08-03 10:30:00.845;Pivô de Alta → Baixa (venda);-1;178250;2;2;0;2;6;50;6068;477
2026-08-03 10:30:03.601;Pivô de Baixa → Alta (compra);1;178300;2;6;4;6;2;250;31567;1933
2026-08-03 10:30:50.414;Pivô de Alta → Baixa (venda);-1;178450;6;2;0;2;3;50;29129;1990
2026-08-03 10:31:02.502;Pivô de Baixa → Alta (compra);1;178500;2;3;1;3;1;100;11203;735
2026-08-03 10:32:08.939;Pivô de Alta → Baixa (venda);-1;178500;1;4;2;4;1;150;22175;1226
2026-08-03 10:33:28.988;Pivô de Alta → Baixa (venda);-1;178350;1;10;8;10;3;450;28817;1944
2026-08-03 10:35:43.316;Pivô de Baixa → Alta (compra);1;178000;10;3;1;3;7;100;40733;3147
2026-08-03 10:36:51.559;Pivô de Alta → Baixa (venda);-1;178000;3;7;5;7;4;300;28052;2019
2026-08-03 10:39:28.108;Pivô de Baixa → Alta (compra);1;177800;7;4;2;4;3;150;66809;5242
2026-08-03 10:41:17.197;Pivô de Alta → Baixa (venda);-1;177850;4;3;1;3;5;100;30348;2308
2026-08-03 10:44:18.113;Pivô de Baixa → Alta (compra);1;177850;3;5;3;5;7;200;48308;4747
2026-08-03 10:46:23.501;Pivô de Alta → Baixa (venda);-1;177950;5;7;5;7;3;300;15408;1326
2026-08-03 10:47:51.270;Pivô de Baixa → Alta (compra);1;177750;7;3;1;3;3;100;57744;4937
2026-08-03 10:50:26.663;Pivô de Alta → Baixa (venda);-1;177750;3;3;1;3;1;100;41606;3558
2026-08-03 10:52:24.536;Pivô de Alta → Baixa (venda);-1;177650;1;3;1;3;3;100;50345;4471
2026-08-03 10:54:18.874;Pivô de Baixa → Alta (compra);1;177650;3;3;1;3;3;100;54525;4658
2026-08-03 10:55:30.712;Pivô de Alta → Baixa (venda);-1;177650;3;3;1;3;2;100;45031;4334
2026-08-03 10:57:25.942;Pivô de Baixa → Alta (compra);1;177650;3;2;0;2;1;50;60426;4520
2026-08-03 11:00:03.082;Pivô de Alta → Baixa (venda);-1;177600;1;4;2;4;4;150;6270;672
2026-08-03 11:00:44.528;Pivô de Baixa → Alta (compra);1;177550;4;4;2;4;4;150;20702;1879
2026-08-03 11:03:49.260;Pivô de Alta → Baixa (venda);-1;177600;4;4;2;4;4;150;9721;539
2026-08-03 11:05:06.448;Pivô de Baixa → Alta (compra);1;177550;4;4;2;4;2;150;98085;7760
2026-08-03 11:13:51.268;Pivô de Alta → Baixa (venda);-1;177600;4;2;0;2;6;50;93284;7549
2026-08-03 11:17:57.236;Pivô de Baixa → Alta (compra);1;177650;2;6;4;6;1;250;90508;7872
2026-08-03 11:31:19.024;Pivô de Baixa → Alta (compra);1;177900;1;7;5;7;7;300;50265;4124
2026-08-03 11:36:40.767;Pivô de Alta → Baixa (venda);-1;178100;7;7;5;7;1;300;36742;2708
2026-08-03 11:41:32.323;Pivô de Alta → Baixa (venda);-1;177800;1;3;1;3;4;100;76171;5890
2026-08-03 11:44:41.023;Pivô de Baixa → Alta (compra);1;177800;3;4;2;4;2;150;124028;11103
2026-08-03 11:50:31.501;Pivô de Alta → Baixa (venda);-1;177850;4;2;0;2;2;50;34141;2958
2026-08-03 11:52:04.854;Pivô de Baixa → Alta (compra);1;177900;2;2;0;2;1;50;34647;3399
2026-08-03 11:58:06.895;Pivô de Alta → Baixa (venda);-1;177850;1;2;0;2;1;50;31029;2748
2026-08-03 12:03:46.626;Pivô de Alta → Baixa (venda);-1;177800;1;2;0;2;5;50;40527;3439
2026-08-03 12:05:47.169;Pivô de Baixa → Alta (compra);1;177850;2;5;3;5;1;200;44609;4212
2026-08-03 12:26:46.871;Pivô de Alta → Baixa (venda);-1;177950;1;5;3;5;4;200;32745;2774
2026-08-03 12:34:04.299;Pivô de Baixa → Alta (compra);1;177850;5;4;2;4;2;150;63341;5094
2026-08-03 12:54:52.436;Pivô de Alta → Baixa (venda);-1;177900;4;2;0;2;1;50;25877;1738
2026-08-03 13:15:16.676;Pivô de Baixa → Alta (compra);1;177950;1;2;0;2;3;50;38040;3541
2026-08-03 13:20:46.820;Pivô de Alta → Baixa (venda);-1;177900;2;3;1;3;7;100;80104;6491
2026-08-03 13:50:40.233;Pivô de Baixa → Alta (compra);1;177900;3;7;5;7;3;300;107179;10268
2026-08-03 14:13:29.038;Pivô de Alta → Baixa (venda);-1;178100;7;3;1;3;1;100;119770;10844
2026-08-03 14:41:18.984;Pivô de Baixa → Alta (compra);1;178100;1;4;2;4;3;150;41108;3919
2026-08-03 14:46:28.582;Pivô de Alta → Baixa (venda);-1;178150;4;3;1;3;5;100;121758;11217
2026-08-03 14:59:32.999;Pivô de Baixa → Alta (compra);1;178150;3;5;3;5;4;200;56900;4603
2026-08-03 15:27:15.891;Pivô de Alta → Baixa (venda);-1;178250;5;4;2;4;8;150;65560;5734
2026-08-03 15:42:27.460;Pivô de Baixa → Alta (compra);1;178200;4;8;6;8;1;350;306886;25577
2026-08-03 16:24:28.442;Pivô de Baixa → Alta (compra);1;178550;1;3;1;3;2;100;120388;10325
2026-08-03 16:33:32.856;Pivô de Alta → Baixa (venda);-1;178550;3;2;0;2;2;50;132635;10130
2026-08-03 16:43:01.937;Pivô de Baixa → Alta (compra);1;178600;2;2;0;2;2;50;109066;8813
2026-08-03 16:51:50.508;Pivô de Alta → Baixa (venda);-1;178550;2;2;0;2;2;50;81830;6532
2026-08-03 16:58:56.788;Pivô de Baixa → Alta (compra);1;178600;2;2;0;2;2;50;115230;8576
2026-08-03 17:04:58.035;Pivô de Alta → Baixa (venda);-1;178550;2;2;0;2;4;50;79657;6931
2026-08-03 17:09:37.288;Pivô de Baixa → Alta (compra);1;178600;2;4;2;4;3;150;82376;7194
2026-08-03 17:42:02.641;Pivô de Alta → Baixa (venda);-1;178650;4;3;1;3;3;100;101817;10197
2026-08-03 17:59:03.443;Pivô de Baixa → Alta (compra);1;178650;3;3;1;3;1;100;41623;4434
2026-08-03 18:24:13.406;Pivô de Baixa → Alta (compra);1;178750;1;10;8;10;8;450;22691;258
2026-08-04 09:02:49.580;Pivô de Alta → Baixa (venda);-1;179100;10;8;6;8;7;350;65890;785
2026-08-04 09:02:51.835;Pivô de Baixa → Alta (compra);1;178850;8;7;5;7;1;300;1226;165
2026-08-04 09:02:53.925;Pivô de Baixa → Alta (compra);1;179150;1;2;0;2;4;50;2723;411
2026-08-04 09:02:56.209;Pivô de Alta → Baixa (venda);-1;179100;2;4;2;4;2;150;3828;494
2026-08-04 09:02:58.817;Pivô de Baixa → Alta (compra);1;179050;4;2;0;2;2;50;4821;590
2026-08-04 09:03:00.018;Pivô de Alta → Baixa (venda);-1;179000;2;2;0;2;7;50;4036;438
2026-08-04 09:03:00.793;Pivô de Baixa → Alta (compra);1;179050;2;7;5;7;1;300;5902;713
2026-08-04 09:03:11.784;Pivô de Baixa → Alta (compra);1;179350;1;3;1;3;2;100;11949;1345
2026-08-04 09:03:19.346;Pivô de Alta → Baixa (venda);-1;179350;3;2;0;2;2;50;20844;2578
2026-08-04 09:03:27.430;Pivô de Baixa → Alta (compra);1;179400;2;2;0;2;1;50;4744;462
2026-08-04 09:03:39.282;Pivô de Baixa → Alta (compra);1;179450;1;2;0;2;1;50;8243;867
2026-08-04 09:03:59.447;Pivô de Baixa → Alta (compra);1;179500;1;5;3;5;2;200;3507;324
2026-08-04 09:04:05.133;Pivô de Alta → Baixa (venda);-1;179600;5;2;0;2;9;50;14511;1715
2026-08-04 09:04:48.526;Pivô de Baixa → Alta (compra);1;179650;2;9;7;9;1;400;14606;1276
2026-08-04 09:05:29.607;Pivô de Baixa → Alta (compra);1;180050;1;3;1;3;1;100;8820;633
2026-08-04 09:06:02.253;Pivô de Baixa → Alta (compra);1;180150;1;3;1;3;1;100;5673;517
2026-08-04 09:06:20.555;Pivô de Baixa → Alta (compra);1;180250;1;3;1;3;4;100;33794;3320
2026-08-04 09:07:02.723;Pivô de Alta → Baixa (venda);-1;180250;3;4;2;4;4;150;23547;1725
2026-08-04 09:07:20.661;Pivô de Baixa → Alta (compra);1;180200;4;4;2;4;2;150;23929;2399
2026-08-04 09:08:17.545;Pivô de Alta → Baixa (venda);-1;180250;4;2;0;2;1;50;34385;3283
2026-08-04 09:09:06.947;Pivô de Alta → Baixa (venda);-1;180200;1;3;1;3;2;100;7420;629
2026-08-04 09:09:52.402;Pivô de Baixa → Alta (compra);1;180200;3;2;0;2;3;50;31862;2489
2026-08-04 09:10:31.286;Pivô de Alta → Baixa (venda);-1;180150;2;3;1;3;6;100;50697;4716
2026-08-04 09:12:27.677;Pivô de Baixa → Alta (compra);1;180150;3;6;4;6;2;250;36852;2849
2026-08-04 09:13:38.100;Pivô de Alta → Baixa (venda);-1;180300;6;2;0;2;3;50;42626;3504
2026-08-04 09:14:50.138;Pivô de Baixa → Alta (compra);1;180350;2;3;1;3;1;100;11824;1012
2026-08-04 09:18:01.083;Pivô de Baixa → Alta (compra);1;180450;1;5;3;5;3;200;28504;2117
2026-08-04 09:19:05.224;Pivô de Alta → Baixa (venda);-1;180550;5;3;1;3;1;100;109390;9248
2026-08-04 09:22:15.103;Pivô de Baixa → Alta (compra);1;180550;1;2;0;2;2;50;11808;998
2026-08-04 09:22:39.911;Pivô de Alta → Baixa (venda);-1;180500;2;2;0;2;1;50;56084;4578
2026-08-04 09:25:15.591;Pivô de Alta → Baixa (venda);-1;180450;1;6;4;6;7;250;15177;1058
2026-08-04 09:26:07.812;Pivô de Baixa → Alta (compra);1;180300;6;7;5;7;1;300;40619;2821
2026-08-04 09:30:39.329;Pivô de Baixa → Alta (compra);1;180600;1;4;2;4;1;150;25168;1889
2026-08-04 09:32:28.579;Pivô de Baixa → Alta (compra);1;180750;1;3;1;3;1;100;49163;4084
2026-08-04 09:40:19.340;Pivô de Baixa → Alta (compra);1;180850;1;4;2;4;1;150;79958;7063
2026-08-04 09:50:38.060;Pivô de Baixa → Alta (compra);1;181000;1;3;1;3;7;100;79523;7368
2026-08-04 09:53:05.576;Pivô de Alta → Baixa (venda);-1;181000;3;7;5;7;2;300;45375;4636
2026-08-04 09:57:16.708;Pivô de Baixa → Alta (compra);1;180800;7;2;0;2;2;50;20491;1501
2026-08-04 09:58:35.486;Pivô de Alta → Baixa (venda);-1;180750;2;2;0;2;2;50;8031;670
2026-08-04 09:59:54.645;Pivô de Baixa → Alta (compra);1;180800;2;2;0;2;5;50;21250;1422
2026-08-04 10:00:04.782;Pivô de Alta → Baixa (venda);-1;180750;2;5;3;5;6;200;7550;646
2026-08-04 10:00:32.670;Pivô de Baixa → Alta (compra);1;180650;5;6;4;6;1;250;26799;1822
2026-08-04 10:01:23.576;Pivô de Baixa → Alta (compra);1;180900;1;18;16;18;2;850;28820;2873
2026-08-04 10:02:08.254;Pivô de Alta → Baixa (venda);-1;181650;18;2;0;2;2;50;3805;307
2026-08-04 10:02:08.474;Pivô de Baixa → Alta (compra);1;181700;2;2;0;2;1;50;5702;610
2026-08-04 10:02:09.898;Pivô de Baixa → Alta (compra);1;181750;1;3;1;3;1;100;2691;251
2026-08-04 10:02:11.663;Pivô de Baixa → Alta (compra);1;181850;1;2;0;2;1;50;2309;327
2026-08-04 10:02:12.094;Pivô de Alta → Baixa (venda);-1;181800;1;11;9;11;2;500;5017;656
2026-08-04 10:02:14.064;Pivô de Baixa → Alta (compra);1;181400;11;2;0;2;5;50;7286;827
2026-08-04 10:02:14.885;Pivô de Alta → Baixa (venda);-1;181350;2;5;3;5;1;200;26588;3192
2026-08-04 10:03:15.158;Pivô de Alta → Baixa (venda);-1;181150;1;5;3;5;3;200;6607;697
2026-08-04 10:04:36.571;Pivô de Baixa → Alta (compra);1;181050;5;3;1;3;3;100;16734;1969
2026-08-04 10:05:07.494;Pivô de Alta → Baixa (venda);-1;181050;3;3;1;3;3;100;10984;977
2026-08-04 10:05:34.513;Pivô de Baixa → Alta (compra);1;181050;3;3;1;3;2;100;29996;2853
2026-08-04 10:06:04.456;Pivô de Alta → Baixa (venda);-1;181050;3;2;0;2;1;50;14413;1403
2026-08-04 10:08:03.315;Pivô de Alta → Baixa (venda);-1;181000;1;2;0;2;8;50;43169;4748
2026-08-04 10:10:00.965;Pivô de Baixa → Alta (compra);1;181050;2;8;6;8;6;350;33404;3425
2026-08-04 10:11:05.859;Pivô de Alta → Baixa (venda);-1;181300;8;6;4;6;4;250;7241;522
2026-08-04 10:12:44.864;Pivô de Baixa → Alta (compra);1;181150;6;4;2;4;17;150;18199;1706
2026-08-04 10:15:03.194;Pivô de Alta → Baixa (venda);-1;181200;4;17;15;17;2;800;13608;1154
2026-08-04 10:20:33.801;Pivô de Baixa → Alta (compra);1;180500;17;2;0;2;1;50;24335;1724
2026-08-04 10:20:48.817;Pivô de Baixa → Alta (compra);1;180550;1;3;1;3;3;100;5374;403
2026-08-04 10:21:07.592;Pivô de Alta → Baixa (venda);-1;180550;3;3;1;3;2;100;40758;3168
2026-08-04 10:21:33.178;Pivô de Baixa → Alta (compra);1;180550;3;2;0;2;1;50;36368;2956
2026-08-04 10:23:12.188;Pivô de Baixa → Alta (compra);1;180600;1;2;0;2;6;50;6642;542
2026-08-04 10:23:18.226;Pivô de Alta → Baixa (venda);-1;180550;2;6;4;6;1;250;46813;4350
2026-08-04 10:25:26.787;Pivô de Alta → Baixa (venda);-1;180300;1;6;4;6;2;250;12276;789
2026-08-04 10:26:26.414;Pivô de Baixa → Alta (compra);1;180150;6;2;0;2;6;50;60429;4607
2026-08-04 10:27:34.249;Pivô de Alta → Baixa (venda);-1;180100;2;6;4;6;3;250;29361;2483
2026-08-04 10:29:43.673;Pivô de Baixa → Alta (compra);1;179950;6;3;1;3;1;100;35991;2997
2026-08-04 10:30:14.099;Pivô de Baixa → Alta (compra);1;180050;1;2;0;2;10;50;7983;678
2026-08-04 10:30:24.374;Pivô de Alta → Baixa (venda);-1;180000;2;10;8;10;2;450;10967;606
2026-08-04 10:31:37.097;Pivô de Baixa → Alta (compra);1;179650;10;2;0;2;2;50;42957;3648
2026-08-04 10:32:05.341;Pivô de Alta → Baixa (venda);-1;179600;2;2;0;2;4;50;7822;779
2026-08-04 10:32:16.486;Pivô de Baixa → Alta (compra);1;179650;2;4;2;4;8;150;11440;686
2026-08-04 10:32:28.351;Pivô de Alta → Baixa (venda);-1;179700;4;8;6;8;3;350;53004;3754
2026-08-04 10:36:30.373;Pivô de Baixa → Alta (compra);1;179450;8;3;1;3;1;100;19893;1530
2026-08-04 10:38:08.045;Pivô de Baixa → Alta (compra);1;179550;1;3;1;3;1;100;25788;2113
2026-08-04 10:39:18.273;Pivô de Baixa → Alta (compra);1;179650;1;2;0;2;2;50;19256;1529
2026-08-04 10:39:49.172;Pivô de Alta → Baixa (venda);-1;179600;2;2;0;2;5;50;21718;1905
2026-08-04 10:40:17.721;Pivô de Baixa → Alta (compra);1;179650;2;5;3;5;8;200;16594;1497
2026-08-04 10:41:28.167;Pivô de Alta → Baixa (venda);-1;179750;5;8;6;8;2;350;24445;2144
2026-08-04 10:43:56.345;Pivô de Baixa → Alta (compra);1;179500;8;2;0;2;5;50;21619;1816
2026-08-04 10:44:18.626;Pivô de Alta → Baixa (venda);-1;179450;2;5;3;5;1;200;26929;2387
2026-08-04 10:47:21.824;Pivô de Alta → Baixa (venda);-1;179250;1;2;0;2;1;50;36381;3009
2026-08-04 10:49:51.156;Pivô de Alta → Baixa (venda);-1;179200;1;2;0;2;1;50;34610;2276
2026-08-04 10:50:33.591;Pivô de Alta → Baixa (venda);-1;179150;1;3;1;3;4;100;33385;2914
2026-08-04 10:52:03.836;Pivô de Baixa → Alta (compra);1;179150;3;4;2;4;2;150;25342;1459
2026-08-04 10:53:51.171;Pivô de Alta → Baixa (venda);-1;179200;4;2;0;2;1;50;24433;1853
2026-08-04 10:55:54.674;Pivô de Alta → Baixa (venda);-1;179150;1;8;6;8;4;350;6308;446
2026-08-04 10:57:19.183;Pivô de Baixa → Alta (compra);1;178900;8;4;2;4;4;150;18978;1547
2026-08-04 10:59:14.610;Pivô de Alta → Baixa (venda);-1;178950;4;4;2;4;8;150;18422;1866
2026-08-04 11:01:04.363;Pivô de Baixa → Alta (compra);1;178900;4;8;6;8;5;350;14741;1012
2026-08-04 11:04:47.233;Pivô de Alta → Baixa (venda);-1;179150;8;5;3;5;3;200;32479;3050
2026-08-04 11:06:36.007;Pivô de Baixa → Alta (compra);1;179050;5;3;1;3;2;100;41110;3359
2026-08-04 11:07:43.883;Pivô de Alta → Baixa (venda);-1;179050;3;2;0;2;1;50;18029;1466
2026-08-04 11:10:38.482;Pivô de Alta → Baixa (venda);-1;179000;1;2;0;2;2;50;14535;1247
2026-08-04 11:11:02.833;Pivô de Baixa → Alta (compra);1;179050;2;2;0;2;1;50;31154;2711
2026-08-04 11:14:31.448;Pivô de Alta → Baixa (venda);-1;179000;1;2;0;2;1;50;72135;6438
2026-08-04 11:21:01.597;Pivô de Alta → Baixa (venda);-1;178950;1;2;0;2;2;50;7943;448
2026-08-04 11:21:50.360;Pivô de Baixa → Alta (compra);1;179000;2;2;0;2;1;50;10261;795
2026-08-04 11:26:20.991;Pivô de Baixa → Alta (compra);1;179050;1;5;3;5;1;200;88305;7243
2026-08-04 11:42:57.265;Pivô de Baixa → Alta (compra);1;179250;1;3;1;3;1;100;31855;3009
2026-08-04 11:56:39.777;Pivô de Baixa → Alta (compra);1;179350;1;5;3;5;8;200;19648;1770
2026-08-04 12:04:56.563;Pivô de Alta → Baixa (venda);-1;179450;5;8;6;8;1;350;46358;4579
2026-08-04 12:15:50.526;Pivô de Alta → Baixa (venda);-1;179100;1;4;2;4;3;150;69988;6172
2026-08-04 12:23:02.486;Pivô de Baixa → Alta (compra);1;179050;4;3;1;3;3;100;95490;8030
2026-08-04 12:32:37.589;Pivô de Alta → Baixa (venda);-1;179050;3;3;1;3;2;100;30636;2733
2026-08-04 12:34:55.805;Pivô de Baixa → Alta (compra);1;179050;3;2;0;2;2;50;85342;7018
2026-08-04 12:38:33.377;Pivô de Alta → Baixa (venda);-1;179000;2;2;0;2;2;50;43145;3424
2026-08-04 12:40:08.759;Pivô de Baixa → Alta (compra);1;179050;2;2;0;2;1;50;170282;14526
2026-08-04 13:02:51.047;Pivô de Alta → Baixa (venda);-1;179000;1;5;3;5;2;200;16155;1110
2026-08-04 13:14:56.162;Pivô de Baixa → Alta (compra);1;178900;5;2;0;2;11;50;150542;12807
2026-08-04 13:21:54.322;Pivô de Alta → Baixa (venda);-1;178850;2;11;9;11;5;500;107068;9276
2026-08-04 13:31:58.012;Pivô de Baixa → Alta (compra);1;178450;11;5;3;5;1;200;73918;5866
2026-08-04 13:41:41.838;Pivô de Baixa → Alta (compra);1;178650;1;7;5;7;2;300;34734;3091
2026-08-04 13:53:07.095;Pivô de Alta → Baixa (venda);-1;178850;7;2;0;2;3;50;68762;5910
2026-08-04 14:02:47.993;Pivô de Baixa → Alta (compra);1;178900;2;3;1;3;2;100;47463;3801
2026-08-04 14:05:22.572;Pivô de Alta → Baixa (venda);-1;178900;3;2;0;2;1;50;62350;5754
2026-08-04 14:15:11.462;Pivô de Alta → Baixa (venda);-1;178850;1;2;0;2;2;50;143287;12649
2026-08-04 14:28:12.136;Pivô de Baixa → Alta (compra);1;178900;2;2;0;2;9;50;104391;8820
2026-08-04 14:36:29.248;Pivô de Alta → Baixa (venda);-1;178850;2;9;7;9;1;400;241482;19658
2026-08-04 14:58:41.657;Pivô de Alta → Baixa (venda);-1;178450;1;7;5;7;1;300;50142;3785
2026-08-04 15:10:30.444;Pivô de Baixa → Alta (compra);1;178250;1;4;2;4;6;150;36195;2275
2026-08-04 15:11:48.566;Pivô de Alta → Baixa (venda);-1;178300;4;6;4;6;2;250;59047;3597
2026-08-04 15:20:04.833;Pivô de Baixa → Alta (compra);1;178150;6;2;0;2;2;50;49309;3267
2026-08-04 15:25:07.555;Pivô de Alta → Baixa (venda);-1;178100;2;2;0;2;6;50;41437;3509
2026-08-04 15:27:31.728;Pivô de Baixa → Alta (compra);1;178150;2;6;4;6;3;250;44875;3212
2026-08-04 15:30:57.448;Pivô de Alta → Baixa (venda);-1;178300;6;3;1;3;5;100;70654;5313
2026-08-04 15:39:33.682;Pivô de Baixa → Alta (compra);1;178300;3;5;3;5;2;200;16444;1380
2026-08-04 15:56:32.121;Pivô de Alta → Baixa (venda);-1;178400;5;2;0;2;1;50;71285;5071
2026-08-04 16:04:46.310;Pivô de Alta → Baixa (venda);-1;178350;1;2;0;2;1;50;45244;3652
2026-08-04 16:29:29.777;Pivô de Alta → Baixa (venda);-1;178300;1;3;1;3;5;100;61299;4355
2026-08-04 16:59:57.010;Pivô de Baixa → Alta (compra);1;178300;3;5;3;5;5;200;43489;2531
2026-08-04 17:02:48.124;Pivô de Alta → Baixa (venda);-1;178400;5;5;3;5;1;200;23742;2754
2026-08-04 17:40:21.446;Pivô de Baixa → Alta (compra);1;178300;1;14;12;14;4;650;90943;8709
2026-08-05 09:03:05.043;Pivô de Alta → Baixa (venda);-1;178850;14;4;2;4;9;150;61597;119
2026-08-05 09:03:06.160;Pivô de Baixa → Alta (compra);1;178800;4;9;7;9;1;400;2660;277
2026-08-05 09:03:16.377;Pivô de Baixa → Alta (compra);1;179200;1;2;0;2;2;50;6731;929
2026-08-05 09:03:25.114;Pivô de Alta → Baixa (venda);-1;179150;2;2;0;2;3;50;8574;1110
2026-08-05 09:03:31.058;Pivô de Baixa → Alta (compra);1;179200;2;3;1;3;1;100;17526;1918
2026-08-05 09:03:52.450;Pivô de Baixa → Alta (compra);1;179300;1;3;1;3;2;100;15520;1825
2026-08-05 09:04:02.272;Pivô de Alta → Baixa (venda);-1;179300;3;2;0;2;2;50;8954;1092
2026-08-05 09:04:07.845;Pivô de Baixa → Alta (compra);1;179350;2;2;0;2;1;50;4076;311
2026-08-05 09:04:41.286;Pivô de Alta → Baixa (venda);-1;179300;1;3;1;3;1;100;9802;1108
2026-08-05 09:04:59.301;Pivô de Baixa → Alta (compra);1;179300;1;2;0;2;7;50;23347;2266
2026-08-05 09:05:11.295;Pivô de Alta → Baixa (venda);-1;179250;2;7;5;7;2;300;3173;296
2026-08-05 09:05:31.793;Pivô de Baixa → Alta (compra);1;179050;7;2;0;2;4;50;10211;1111
2026-08-05 09:05:40.047;Pivô de Alta → Baixa (venda);-1;179000;2;4;2;4;2;150;23631;2140
2026-08-05 09:06:28.348;Pivô de Baixa → Alta (compra);1;178950;4;2;0;2;5;50;24121;2236
2026-08-05 09:06:46.801;Pivô de Alta → Baixa (venda);-1;178900;2;5;3;5;6;200;27360;2587
2026-08-05 09:08:33.187;Pivô de Baixa → Alta (compra);1;178800;5;6;4;6;3;250;23605;2288
2026-08-05 09:09:33.546;Pivô de Alta → Baixa (venda);-1;178950;6;3;1;3;4;100;41350;4175
2026-08-05 09:10:15.113;Pivô de Baixa → Alta (compra);1;178950;3;4;2;4;1;150;22437;2290
2026-08-05 09:11:35.091;Pivô de Baixa → Alta (compra);1;179100;1;5;3;5;1;200;87223;8878
2026-08-05 09:15:49.158;Pivô de Alta → Baixa (venda);-1;179200;1;4;2;4;5;150;35587;3390
2026-08-05 09:17:07.686;Pivô de Baixa → Alta (compra);1;179150;4;5;3;5;1;200;21924;1755
2026-08-05 09:20:20.754;Pivô de Alta → Baixa (venda);-1;179250;1;3;1;3;5;100;37267;3505
2026-08-05 09:21:39.365;Pivô de Baixa → Alta (compra);1;179250;3;5;3;5;1;200;35849;3203
2026-08-05 09:23:45.045;Pivô de Baixa → Alta (compra);1;179450;1;2;0;2;4;50;19514;1784
2026-08-05 09:24:14.212;Pivô de Alta → Baixa (venda);-1;179400;2;4;2;4;4;150;87973;7624
2026-08-05 09:26:23.563;Pivô de Baixa → Alta (compra);1;179350;4;4;2;4;1;150;36683;3312
2026-08-05 09:28:00.641;Pivô de Baixa → Alta (compra);1;179500;1;3;1;3;6;100;38179;3581
2026-08-05 09:30:39.590;Pivô de Alta → Baixa (venda);-1;179500;3;6;4;6;5;250;54541;4725
2026-08-05 09:32:00.902;Pivô de Baixa → Alta (compra);1;179350;6;5;3;5;3;200;55751;4488
2026-08-05 09:37:52.177;Pivô de Alta → Baixa (venda);-1;179450;5;3;1;3;5;100;132160;12192
2026-08-05 09:43:55.959;Pivô de Baixa → Alta (compra);1;179450;3;5;3;5;1;200;19039;1824
2026-08-05 09:48:01.651;Pivô de Baixa → Alta (compra);1;179650;1;4;2;4;2;150;68119;5970
2026-08-05 09:56:11.642;Pivô de Alta → Baixa (venda);-1;179700;4;2;0;2;1;50;34463;2937
2026-08-05 09:58:49.741;Pivô de Alta → Baixa (venda);-1;179650;1;11;9;11;3;500;19626;2230
2026-08-05 10:00:44.740;Pivô de Baixa → Alta (compra);1;179250;11;3;1;3;1;100;35137;2823
2026-08-05 10:01:57.198;Pivô de Alta → Baixa (venda);-1;179250;1;2;0;2;1;50;34766;2949
2026-08-05 10:03:08.660;Pivô de Alta → Baixa (venda);-1;179200;1;2;0;2;3;50;19670;1951
2026-08-05 10:03:45.694;Pivô de Baixa → Alta (compra);1;179250;2;3;1;3;5;100;22756;2050
2026-08-05 10:06:18.586;Pivô de Alta → Baixa (venda);-1;179250;3;5;3;5;6;200;11618;1262
2026-08-05 10:08:11.534;Pivô de Baixa → Alta (compra);1;179150;5;6;4;6;1;250;71000;6110
2026-08-05 10:12:16.809;Pivô de Baixa → Alta (compra);1;179400;1;2;0;2;1;50;31829;2668
2026-08-05 10:13:31.002;Pivô de Baixa → Alta (compra);1;179450;1;4;2;4;2;150;18259;1523
2026-08-05 10:14:26.717;Pivô de Alta → Baixa (venda);-1;179500;4;2;0;2;4;50;37967;3377
2026-08-05 10:15:01.592;Pivô de Baixa → Alta (compra);1;179550;2;4;2;4;3;150;46456;3928
2026-08-05 10:16:32.093;Pivô de Alta → Baixa (venda);-1;179600;4;3;1;3;7;100;25726;2338
2026-08-05 10:17:18.915;Pivô de Baixa → Alta (compra);1;179600;3;7;5;7;1;300;40539;3627
2026-08-05 10:21:31.760;Pivô de Baixa → Alta (compra);1;179900;1;5;3;5;7;200;34173;2924
2026-08-05 10:26:03.536;Pivô de Alta → Baixa (venda);-1;180000;5;7;5;7;1;300;62434;5021
2026-08-05 10:28:24.992;Pivô de Alta → Baixa (venda);-1;179700;1;2;0;2;3;50;11020;903
2026-08-05 10:28:35.795;Pivô de Baixa → Alta (compra);1;179750;2;3;1;3;5;100;18135;1860
2026-08-05 10:29:02.600;Pivô de Alta → Baixa (venda);-1;179750;3;5;3;5;1;200;41085;3603
2026-08-05 10:30:35.314;Pivô de Baixa → Alta (compra);1;179650;1;7;5;7;10;300;32540;2545
2026-08-05 10:31:56.129;Pivô de Alta → Baixa (venda);-1;179850;7;10;8;10;1;450;22045;1810
2026-08-05 10:35:02.792;Pivô de Baixa → Alta (compra);1;179500;1;8;6;8;1;350;36202;2799
2026-08-05 10:36:58.022;Pivô de Baixa → Alta (compra);1;179850;1;2;0;2;3;50;13339;956
2026-08-05 10:37:13.292;Pivô de Alta → Baixa (venda);-1;179800;2;3;1;3;3;100;13590;1111
2026-08-05 10:37:51.447;Pivô de Baixa → Alta (compra);1;179800;3;3;1;3;1;100;40495;3201
2026-08-05 10:39:15.267;Pivô de Baixa → Alta (compra);1;179900;1;2;0;2;1;50;34484;2583
2026-08-05 10:41:04.238;Pivô de Alta → Baixa (venda);-1;179850;1;12;10;12;1;550;14666;1097
2026-08-05 10:48:12.819;Pivô de Baixa → Alta (compra);1;179400;1;2;0;2;3;50;35236;2863
2026-08-05 10:49:04.772;Pivô de Alta → Baixa (venda);-1;179350;2;3;1;3;12;100;56071;4805
2026-08-05 10:50:40.849;Pivô de Baixa → Alta (compra);1;179350;3;12;10;12;2;550;27723;2471
2026-08-05 10:56:51.692;Pivô de Alta → Baixa (venda);-1;179800;12;2;0;2;2;50;32776;2732
2026-08-05 10:57:34.939;Pivô de Baixa → Alta (compra);1;179850;2;2;0;2;6;50;27784;2336
2026-08-05 10:58:33.490;Pivô de Alta → Baixa (venda);-1;179800;2;6;4;6;8;250;19154;1915
2026-08-05 11:00:07.354;Pivô de Baixa → Alta (compra);1;179650;6;8;6;8;2;350;21172;1847
2026-08-05 11:01:19.112;Pivô de Alta → Baixa (venda);-1;179900;8;2;0;2;2;50;23640;2064
2026-08-05 11:01:31.528;Pivô de Baixa → Alta (compra);1;179950;2;2;0;2;2;50;15083;1224
2026-08-05 11:01:42.864;Pivô de Alta → Baixa (venda);-1;179900;2;2;0;2;7;50;35024;3144
2026-08-05 11:02:49.921;Pivô de Baixa → Alta (compra);1;179950;2;7;5;7;1;300;17598;1391
2026-08-05 11:07:00.968;Pivô de Baixa → Alta (compra);1;180250;1;10;8;10;11;450;40564;3472
2026-08-05 11:11:06.078;Pivô de Alta → Baixa (venda);-1;180600;10;11;9;11;1;500;45796;2826
2026-08-05 11:17:24.535;Pivô de Baixa → Alta (compra);1;180200;1;4;2;4;24;150;18036;1625
2026-08-05 11:19:21.103;Pivô de Alta → Baixa (venda);-1;180250;4;24;22;24;1;1150;51175;4544
2026-08-05 11:31:14.445;Pivô de Baixa → Alta (compra);1;179200;1;2;0;2;1;50;10189;943
2026-08-05 11:31:59.474;Pivô de Baixa → Alta (compra);1;179250;1;2;0;2;1;50;41572;3669
2026-08-05 11:34:50.436;Pivô de Baixa → Alta (compra);1;179300;1;5;3;5;1;200;14200;1145
2026-08-05 11:36:48.065;Pivô de Baixa → Alta (compra);1;179500;1;2;0;2;5;50;13760;955
2026-08-05 11:37:03.854;Pivô de Alta → Baixa (venda);-1;179450;2;5;3;5;3;200;13712;749
2026-08-05 11:43:05.192;Pivô de Baixa → Alta (compra);1;179350;5;3;1;3;1;100;50973;4445
2026-08-05 11:46:27.717;Pivô de Baixa → Alta (compra);1;179450;1;3;1;3;8;100;27718;2460
2026-08-05 11:51:07.581;Pivô de Alta → Baixa (venda);-1;179450;3;8;6;8;1;350;20771;1463
2026-08-05 11:55:13.469;Pivô de Baixa → Alta (compra);1;179200;1;3;1;3;1;100;61675;5079
2026-08-05 12:01:34.194;Pivô de Baixa → Alta (compra);1;179300;1;4;2;4;2;150;20902;1907
2026-08-05 12:03:32.354;Pivô de Alta → Baixa (venda);-1;179350;4;2;0;2;1;50;96722;8352
2026-08-05 12:11:39.361;Pivô de Alta → Baixa (venda);-1;179300;1;4;2;4;4;150;36267;3425
2026-08-05 12:18:07.700;Pivô de Baixa → Alta (compra);1;179250;4;4;2;4;4;150;32286;2518
2026-08-05 12:21:56.718;Pivô de Alta → Baixa (venda);-1;179300;4;4;2;4;1;150;13675;1119
2026-08-05 12:31:42.772;Pivô de Alta → Baixa (venda);-1;179150;1;9;7;9;4;400;29157;2682
2026-08-05 12:45:18.067;Pivô de Baixa → Alta (compra);1;178850;9;4;2;4;4;150;119332;10851
2026-08-05 12:58:56.591;Pivô de Alta → Baixa (venda);-1;178900;4;4;2;4;2;150;51100;4874
2026-08-05 13:10:06.621;Pivô de Baixa → Alta (compra);1;178850;4;2;0;2;1;50;38673;3470
2026-08-05 13:19:45.417;Pivô de Baixa → Alta (compra);1;178900;1;2;0;2;1;50;15379;1453
2026-08-05 13:25:54.858;Pivô de Alta → Baixa (venda);-1;178850;1;2;0;2;1;50;111210;9976
2026-08-05 13:54:03.257;Pivô de Alta → Baixa (venda);-1;178800;1;4;2;4;2;150;27276;2576
2026-08-05 13:57:39.257;Pivô de Baixa → Alta (compra);1;178750;4;2;0;2;1;50;82233;7335
2026-08-05 14:05:49.447;Pivô de Alta → Baixa (venda);-1;178700;1;2;0;2;1;50;55178;5534
2026-08-05 14:15:48.190;Pivô de Alta → Baixa (venda);-1;178650;1;6;4;6;7;250;22529;1923
2026-08-05 14:25:12.203;Pivô de Baixa → Alta (compra);1;178500;6;7;5;7;2;300;19581;1749
2026-08-05 14:37:08.628;Pivô de Alta → Baixa (venda);-1;178700;7;2;0;2;1;50;191408;17267
2026-08-05 14:51:03.422;Pivô de Alta → Baixa (venda);-1;178650;1;3;1;3;4;100;94658;7922
2026-08-05 15:00:32.993;Pivô de Baixa → Alta (compra);1;178650;3;4;2;4;4;150;39516;3703
2026-08-05 15:22:06.663;Pivô de Alta → Baixa (venda);-1;178700;4;4;2;4;1;150;130392;11605
2026-08-05 15:49:45.253;Pivô de Alta → Baixa (venda);-1;178550;1;6;4;6;2;250;75522;7191
2026-08-05 16:01:04.283;Pivô de Baixa → Alta (compra);1;178400;6;2;0;2;6;50;83808;7087
2026-08-05 16:17:46.278;Pivô de Alta → Baixa (venda);-1;178350;2;6;4;6;1;250;168042;16243
2026-08-05 16:55:10.876;Pivô de Alta → Baixa (venda);-1;178100;1;2;0;2;4;50;31954;2750
2026-08-05 16:59:49.075;Pivô de Baixa → Alta (compra);1;178150;2;4;2;4;3;150;41734;2652
2026-08-05 17:12:00.753;Pivô de Alta → Baixa (venda);-1;178200;4;3;1;3;1;100;65228;6133
2026-08-05 18:04:24.723;Pivô de Baixa → Alta (compra);1;178200;1;5;3;5;12;200;67618;7651
2026-08-06 09:02:48.308;Pivô de Alta → Baixa (venda);-1;178300;5;12;10;12;2;550;1208;164
2026-08-06 09:02:55.344;Pivô de Baixa → Alta (compra);1;177850;12;2;0;2;4;50;1738;328
2026-08-06 09:02:55.760;Pivô de Alta → Baixa (venda);-1;177800;2;4;2;4;6;150;3349;606
2026-08-06 09:02:58.264;Pivô de Baixa → Alta (compra);1;177750;4;6;4;6;1;250;12654;2132
2026-08-06 09:03:06.602;Pivô de Baixa → Alta (compra);1;178000;1;2;0;2;1;50;5021;698
2026-08-06 09:03:12.529;Pivô de Alta → Baixa (venda);-1;177950;1;2;0;2;2;50;3161;437
2026-08-06 09:03:15.188;Pivô de Baixa → Alta (compra);1;178000;2;2;0;2;2;50;5112;840
2026-08-06 09:03:19.395;Pivô de Alta → Baixa (venda);-1;177950;2;2;0;2;1;50;4734;715
2026-08-06 09:03:42.067;Pivô de Alta → Baixa (venda);-1;177900;1;3;1;3;1;100;3227;401
2026-08-06 09:03:59.062;Pivô de Alta → Baixa (venda);-1;177800;1;7;5;7;2;300;2571;212
2026-08-06 09:04:03.782;Pivô de Baixa → Alta (compra);1;177600;7;2;0;2;3;50;9003;1020
2026-08-06 09:04:05.047;Pivô de Alta → Baixa (venda);-1;177550;2;3;1;3;5;100;11499;1313
2026-08-06 09:04:10.526;Pivô de Baixa → Alta (compra);1;177550;3;5;3;5;7;200;7741;952
2026-08-06 09:04:19.800;Pivô de Alta → Baixa (venda);-1;177650;5;7;5;7;4;300;14409;1828
2026-08-06 09:05:00.718;Pivô de Baixa → Alta (compra);1;177450;7;4;2;4;4;150;14385;1505
2026-08-06 09:05:12.146;Pivô de Alta → Baixa (venda);-1;177500;4;4;2;4;1;150;12377;1520
2026-08-06 09:05:35.656;Pivô de Alta → Baixa (venda);-1;177350;1;4;2;4;2;150;6242;723
2026-08-06 09:05:50.405;Pivô de Baixa → Alta (compra);1;177300;4;2;0;2;5;50;9632;1096
2026-08-06 09:05:59.203;Pivô de Alta → Baixa (venda);-1;177250;2;5;3;5;1;200;7446;506
2026-08-06 09:06:40.089;Pivô de Alta → Baixa (venda);-1;177050;1;4;2;4;6;150;10964;1277
2026-08-06 09:07:46.037;Pivô de Baixa → Alta (compra);1;177000;4;6;4;6;6;250;20413;2135
2026-08-06 09:08:27.428;Pivô de Alta → Baixa (venda);-1;177150;6;6;4;6;4;250;16866;1646
2026-08-06 09:09:04.265;Pivô de Baixa → Alta (compra);1;177000;6;4;2;4;5;150;16374;1769
2026-08-06 09:09:34.733;Pivô de Alta → Baixa (venda);-1;177050;4;5;3;5;3;200;25164;2319
2026-08-06 09:11:02.588;Pivô de Baixa → Alta (compra);1;176950;5;3;1;3;1;100;17320;1564
2026-08-06 09:12:38.942;Pivô de Baixa → Alta (compra);1;177050;1;4;2;4;8;150;15732;1215
2026-08-06 09:14:41.871;Pivô de Alta → Baixa (venda);-1;177100;4;8;6;8;1;350;23781;2004
2026-08-06 09:16:57.553;Pivô de Alta → Baixa (venda);-1;176750;1;2;0;2;2;50;33068;3416
2026-08-06 09:18:31.846;Pivô de Baixa → Alta (compra);1;176800;2;2;0;2;1;50;90659;8218
2026-08-06 09:22:15.258;Pivô de Alta → Baixa (venda);-1;176750;1;3;1;3;7;100;70722;6246
2026-08-06 09:24:09.277;Pivô de Baixa → Alta (compra);1;176750;3;7;5;7;2;300;37265;2932
2026-08-06 09:25:23.528;Pivô de Alta → Baixa (venda);-1;176950;7;2;0;2;1;50;33670;2793
2026-08-06 09:27:01.726;Pivô de Baixa → Alta (compra);1;177000;1;3;1;3;6;100;9941;1092
2026-08-06 09:29:20.581;Pivô de Alta → Baixa (venda);-1;177000;3;6;4;6;1;250;14836;1735
2026-08-06 09:29:53.509;Pivô de Alta → Baixa (venda);-1;176750;1;5;3;5;6;200;24473;2989
2026-08-06 09:30:08.460;Pivô de Baixa → Alta (compra);1;176650;5;6;4;6;2;250;14716;2928
2026-08-06 09:30:58.039;Pivô de Alta → Baixa (venda);-1;176800;6;2;0;2;3;50;42187;4154
2026-08-06 09:31:39.104;Pivô de Baixa → Alta (compra);1;176850;2;3;1;3;3;100;29086;3147
2026-08-06 09:34:12.108;Pivô de Alta → Baixa (venda);-1;176850;3;3;1;3;2;100;24576;2841
2026-08-06 09:35:50.643;Pivô de Baixa → Alta (compra);1;176850;3;2;0;2;1;50;14864;1215
2026-08-06 09:44:01.335;Pivô de Baixa → Alta (compra);1;176900;1;2;0;2;2;50;69254;6961
2026-08-06 09:47:16.020;Pivô de Alta → Baixa (venda);-1;176850;2;2;0;2;2;50;58069;5276
2026-08-06 09:49:08.472;Pivô de Baixa → Alta (compra);1;176900;2;2;0;2;1;50;128722;12045
2026-08-06 09:56:03.282;Pivô de Baixa → Alta (compra);1;176950;1;2;0;2;1;50;37045;3277
2026-08-06 10:00:01.882;Pivô de Baixa → Alta (compra);1;177000;1;2;0;2;5;50;5015;333
2026-08-06 10:00:04.069;Pivô de Alta → Baixa (venda);-1;176950;2;5;3;5;2;200;19681;1455
2026-08-06 10:00:35.876;Pivô de Baixa → Alta (compra);1;176850;5;2;0;2;5;50;42411;3528
2026-08-06 10:01:08.995;Pivô de Alta → Baixa (venda);-1;176800;2;5;3;5;4;200;16392;1276
2026-08-06 10:02:15.599;Pivô de Baixa → Alta (compra);1;176700;5;4;2;4;1;150;82224;7450
2026-08-06 10:05:21.461;Pivô de Baixa → Alta (compra);1;176850;1;3;1;3;2;100;12686;1044
2026-08-06 10:06:23.755;Pivô de Alta → Baixa (venda);-1;176850;3;2;0;2;2;50;8250;713
2026-08-06 10:06:53.622;Pivô de Baixa → Alta (compra);1;176900;2;2;0;2;2;50;16815;1457
2026-08-06 10:07:38.242;Pivô de Alta → Baixa (venda);-1;176850;2;2;0;2;6;50;16585;1501
2026-08-06 10:08:22.045;Pivô de Baixa → Alta (compra);1;176900;2;6;4;6;1;250;30564;2580
2026-08-06 10:09:20.748;Pivô de Baixa → Alta (compra);1;177150;1;3;1;3;1;100;23399;1920
2026-08-06 10:11:02.336;Pivô de Baixa → Alta (compra);1;177250;1;4;2;4;4;150;25973;2227
2026-08-06 10:12:04.617;Pivô de Alta → Baixa (venda);-1;177300;4;4;2;4;3;150;26718;2359
2026-08-06 10:13:00.628;Pivô de Baixa → Alta (compra);1;177250;4;3;1;3;4;100;6788;541
2026-08-06 10:13:20.278;Pivô de Alta → Baixa (venda);-1;177250;3;4;2;4;4;150;33364;2646
2026-08-06 10:14:01.793;Pivô de Baixa → Alta (compra);1;177200;4;4;2;4;2;150;52033;4295
2026-08-06 10:15:04.007;Pivô de Alta → Baixa (venda);-1;177250;4;2;0;2;8;50;51428;4260
2026-08-06 10:15:47.520;Pivô de Baixa → Alta (compra);1;177300;2;8;6;8;4;350;36141;2894
2026-08-06 10:17:13.709;Pivô de Alta → Baixa (venda);-1;177550;8;4;2;4;2;150;35995;3025
2026-08-06 10:17:46.873;Pivô de Baixa → Alta (compra);1;177500;4;2;0;2;1;50;27307;2225
2026-08-06 10:18:44.305;Pivô de Baixa → Alta (compra);1;177550;1;3;1;3;1;100;11923;831
2026-08-06 10:19:38.345;Pivô de Baixa → Alta (compra);1;177650;1;2;0;2;1;50;9887;936
2026-08-06 10:20:01.927;Pivô de Baixa → Alta (compra);1;177700;1;4;2;4;2;150;32399;2612
2026-08-06 10:21:19.355;Pivô de Alta → Baixa (venda);-1;177750;4;2;0;2;2;50;26898;2007
2026-08-06 10:21:59.904;Pivô de Baixa → Alta (compra);1;177800;2;2;0;2;3;50;68785;5231
2026-08-06 10:23:16.233;Pivô de Alta → Baixa (venda);-1;177750;2;3;1;3;1;100;29532;2456
2026-08-06 10:24:44.523;Pivô de Alta → Baixa (venda);-1;177650;1;4;2;4;1;150;34387;2896
2026-08-06 10:26:19.446;Pivô de Alta → Baixa (venda);-1;177500;1;4;2;4;1;150;15292;1533
2026-08-06 10:28:07.733;Pivô de Baixa → Alta (compra);1;177450;1;4;2;4;10;150;22111;1857
2026-08-06 10:29:42.237;Pivô de Alta → Baixa (venda);-1;177500;4;10;8;10;8;450;26605;2106
2026-08-06 10:30:31.994;Pivô de Baixa → Alta (compra);1;177150;10;8;6;8;3;350;14361;984
2026-08-06 10:32:29.112;Pivô de Alta → Baixa (venda);-1;177400;8;3;1;3;1;100;20838;1834
2026-08-06 10:34:23.002;Pivô de Alta → Baixa (venda);-1;177300;1;4;2;4;1;150;9058;716
2026-08-06 10:35:57.223;Pivô de Alta → Baixa (venda);-1;177150;1;5;3;5;8;200;10650;772
2026-08-06 10:36:46.281;Pivô de Baixa → Alta (compra);1;177050;5;8;6;8;1;350;38491;3240
2026-08-06 10:39:12.904;Pivô de Alta → Baixa (venda);-1;177300;1;3;1;3;1;100;30983;2847
2026-08-06 10:40:22.893;Pivô de Alta → Baixa (venda);-1;177200;1;3;1;3;1;100;26600;2230
2026-08-06 10:41:55.107;Pivô de Baixa → Alta (compra);1;177200;1;4;2;4;9;150;35546;2598
2026-08-06 10:42:53.720;Pivô de Alta → Baixa (venda);-1;177250;4;9;7;9;1;400;37413;2659
2026-08-06 10:45:37.764;Pivô de Alta → Baixa (venda);-1;176850;1;2;0;2;1;50;41423;3813
2026-08-06 10:47:30.445;Pivô de Baixa → Alta (compra);1;176900;1;2;0;2;1;50;18453;1369
2026-08-06 10:48:10.225;Pivô de Baixa → Alta (compra);1;176950;1;6;4;6;2;250;35003;3022
2026-08-06 10:50:48.026;Pivô de Alta → Baixa (venda);-1;177100;6;2;0;2;3;50;15391;1144
2026-08-06 10:51:04.728;Pivô de Baixa → Alta (compra);1;177150;2;3;1;3;5;100;17240;1520
2026-08-06 10:51:50.541;Pivô de Alta → Baixa (venda);-1;177150;3;5;3;5;2;200;20706;1378
2026-08-06 10:53:06.600;Pivô de Baixa → Alta (compra);1;177050;5;2;0;2;2;50;37317;3217
2026-08-06 10:54:11.097;Pivô de Alta → Baixa (venda);-1;177000;2;2;0;2;1;50;12926;1130
2026-08-06 10:56:14.608;Pivô de Baixa → Alta (compra);1;177050;1;2;0;2;5;50;9285;689
2026-08-06 10:56:47.732;Pivô de Alta → Baixa (venda);-1;177000;2;5;3;5;3;200;10021;658
2026-08-06 10:58:31.468;Pivô de Baixa → Alta (compra);1;176900;5;3;1;3;5;100;39594;3259
2026-08-06 10:59:33.349;Pivô de Alta → Baixa (venda);-1;176900;3;5;3;5;3;200;45889;3470
2026-08-06 11:01:35.414;Pivô de Baixa → Alta (compra);1;176800;5;3;1;3;1;100;22135;1897
2026-08-06 11:04:04.174;Pivô de Baixa → Alta (compra);1;176900;1;3;1;3;1;100;12654;904
2026-08-06 11:06:34.945;Pivô de Baixa → Alta (compra);1;177000;1;3;1;3;6;100;33371;3028
2026-08-06 11:08:14.983;Pivô de Alta → Baixa (venda);-1;177000;3;6;4;6;3;250;11560;885
2026-08-06 11:09:39.733;Pivô de Baixa → Alta (compra);1;176850;6;3;1;3;5;100;38838;3508
2026-08-06 11:11:15.796;Pivô de Alta → Baixa (venda);-1;176850;3;5;3;5;3;200;19868;1736
2026-08-06 11:15:21.829;Pivô de Baixa → Alta (compra);1;176750;5;3;1;3;2;100;19642;1842
2026-08-06 11:17:00.435;Pivô de Alta → Baixa (venda);-1;176750;3;2;0;2;1;50;15711;1174
2026-08-06 11:20:59.994;Pivô de Baixa → Alta (compra);1;176800;1;3;1;3;1;100;42807;3365
2026-08-06 11:26:15.683;Pivô de Baixa → Alta (compra);1;176900;1;3;1;3;2;100;63797;5349
2026-08-06 11:30:11.901;Pivô de Alta → Baixa (venda);-1;176900;3;2;0;2;9;50;54310;4360
2026-08-06 11:32:05.941;Pivô de Baixa → Alta (compra);1;176950;2;9;7;9;3;400;26551;2007
2026-08-06 11:36:21.099;Pivô de Alta → Baixa (venda);-1;177250;9;3;1;3;2;100;40375;3189
2026-08-06 11:37:24.878;Pivô de Baixa → Alta (compra);1;177250;3;2;0;2;1;50;50010;4193
2026-08-06 11:39:43.207;Pivô de Baixa → Alta (compra);1;177300;1;4;2;4;1;150;59786;4950
2026-08-06 11:45:20.455;Pivô de Baixa → Alta (compra);1;177450;1;2;0;2;1;50;50549;4377
2026-08-06 11:48:48.468;Pivô de Baixa → Alta (compra);1;177500;1;2;0;2;8;50;49241;4194
2026-08-06 11:51:44.568;Pivô de Alta → Baixa (venda);-1;177450;2;8;6;8;4;350;42698;3851
2026-08-06 12:02:14.068;Pivô de Baixa → Alta (compra);1;177200;8;4;2;4;9;150;59308;5386
2026-08-06 12:06:02.966;Pivô de Alta → Baixa (venda);-1;177250;4;9;7;9;3;400;25367;2281
2026-08-06 12:16:12.214;Pivô de Baixa → Alta (compra);1;176950;9;3;1;3;3;100;67136;6615
2026-08-06 12:20:00.824;Pivô de Alta → Baixa (venda);-1;176950;3;3;1;3;2;100;21612;1878
2026-08-06 12:21:18.672;Pivô de Baixa → Alta (compra);1;176950;3;2;0;2;7;50;27540;2272
2026-08-06 12:23:47.932;Pivô de Alta → Baixa (venda);-1;176900;2;7;5;7;4;300;122405;11517
2026-08-06 12:42:18.776;Pivô de Baixa → Alta (compra);1;176700;7;4;2;4;11;150;60952;6289
2026-08-06 12:52:32.791;Pivô de Alta → Baixa (venda);-1;176750;4;11;9;11;3;500;21896;1656
2026-08-06 13:23:33.106;Pivô de Baixa → Alta (compra);1;176350;11;3;1;3;4;100;59297;5156
2026-08-06 13:32:16.180;Pivô de Alta → Baixa (venda);-1;176350;3;4;2;4;1;150;109560;10283
2026-08-06 13:56:01.312;Pivô de Alta → Baixa (venda);-1;176200;1;2;0;2;6;50;96895;9917
2026-08-06 14:07:21.732;Pivô de Baixa → Alta (compra);1;176250;2;6;4;6;3;250;91310;8180
2026-08-06 14:53:34.231;Pivô de Alta → Baixa (venda);-1;176400;6;3;1;3;1;100;140715;11593
2026-08-06 15:11:01.520;Pivô de Alta → Baixa (venda);-1;176300;1;2;0;2;3;50;40761;3794
2026-08-06 15:16:06.787;Pivô de Baixa → Alta (compra);1;176350;2;3;1;3;1;100;59067;4816
2026-08-06 15:32:20.559;Pivô de Baixa → Alta (compra);1;176450;1;2;0;2;4;50;54754;4867
2026-08-06 15:37:16.985;Pivô de Alta → Baixa (venda);-1;176400;2;4;2;4;2;150;163361;16366
2026-08-06 16:00:21.347;Pivô de Baixa → Alta (compra);1;176350;4;2;0;2;11;50;73097;6848
2026-08-06 16:06:33.309;Pivô de Alta → Baixa (venda);-1;176300;2;11;9;11;2;500;68915;6747
2026-08-06 16:47:32.486;Pivô de Baixa → Alta (compra);1;175900;11;2;0;2;6;50;121115;10396
2026-08-06 16:54:06.384;Pivô de Alta → Baixa (venda);-1;175850;2;6;4;6;15;250;147944;12102
2026-08-06 17:24:45.260;Pivô de Baixa → Alta (compra);1;175700;6;15;13;15;2;700;326205;36373
2026-08-07 09:03:08.153;Pivô de Alta → Baixa (venda);-1;176300;15;2;0;2;7;50;73669;1607
2026-08-07 09:03:10.235;Pivô de Baixa → Alta (compra);1;176350;2;7;5;7;1;300;4345;495
2026-08-07 09:03:13.413;Pivô de Baixa → Alta (compra);1;176650;1;4;2;4;4;150;7243;976
2026-08-07 09:03:16.105;Pivô de Alta → Baixa (venda);-1;176700;4;4;2;4;3;150;3089;285
2026-08-07 09:03:17.530;Pivô de Baixa → Alta (compra);1;176650;4;3;1;3;1;100;9272;1183
2026-08-07 09:03:26.245;Pivô de Alta → Baixa (venda);-1;176650;1;7;5;7;3;300;106;10
2026-08-07 09:03:32.833;Pivô de Baixa → Alta (compra);1;176450;7;3;1;3;6;100;9781;1343
2026-08-07 09:03:39.487;Pivô de Alta → Baixa (venda);-1;176450;3;6;4;6;5;250;5419;667
2026-08-07 09:03:52.291;Pivô de Baixa → Alta (compra);1;176300;6;5;3;5;9;200;4988;666
2026-08-07 09:03:59.073;Pivô de Alta → Baixa (venda);-1;176400;5;9;7;9;4;400;5686;800
2026-08-07 09:04:14.017;Pivô de Baixa → Alta (compra);1;176100;9;4;2;4;1;150;11799;1388
2026-08-07 09:04:32.201;Pivô de Baixa → Alta (compra);1;176250;1;2;0;2;6;50;14230;1669
2026-08-07 09:04:56.414;Pivô de Alta → Baixa (venda);-1;176200;2;6;4;6;1;250;5131;673
2026-08-07 09:06:37.209;Pivô de Alta → Baixa (venda);-1;175950;1;2;0;2;1;50;58797;6606
2026-08-07 09:08:20.075;Pivô de Alta → Baixa (venda);-1;175900;1;2;0;2;1;50;15369;1710
2026-08-07 09:13:02.051;Pivô de Alta → Baixa (venda);-1;175850;1;7;5;7;2;300;45197;4573
2026-08-07 09:18:39.450;Pivô de Baixa → Alta (compra);1;175650;7;2;0;2;3;50;71086;6860
2026-08-07 09:21:29.446;Pivô de Alta → Baixa (venda);-1;175600;2;3;1;3;2;100;17380;1819
2026-08-07 09:23:55.847;Pivô de Baixa → Alta (compra);1;175600;3;2;0;2;4;50;57376;5814
2026-08-07 09:26:01.407;Pivô de Alta → Baixa (venda);-1;175550;2;4;2;4;6;150;16105;1576
2026-08-07 09:28:36.451;Pivô de Baixa → Alta (compra);1;175500;4;6;4;6;3;250;27526;3898
2026-08-07 09:30:00.710;Pivô de Alta → Baixa (venda);-1;175650;6;3;1;3;4;100;1652;62
2026-08-07 09:30:00.885;Pivô de Baixa → Alta (compra);1;175650;3;4;2;4;2;150;2406;479
2026-08-07 09:30:02.134;Pivô de Alta → Baixa (venda);-1;175700;4;2;0;2;1;50;2994;359
2026-08-07 09:30:02.641;Pivô de Alta → Baixa (venda);-1;175650;1;7;5;7;3;300;1352;245
2026-08-07 09:30:03.073;Pivô de Baixa → Alta (compra);1;175450;7;3;1;3;3;100;3444;94
2026-08-07 09:30:03.669;Pivô de Alta → Baixa (venda);-1;175450;3;3;1;3;3;100;522;77
2026-08-07 09:30:03.740;Pivô de Baixa → Alta (compra);1;175450;3;3;1;3;3;100;110;15
2026-08-07 09:30:04.106;Pivô de Alta → Baixa (venda);-1;175450;3;3;1;3;2;100;764;137
2026-08-07 09:30:04.364;Pivô de Baixa → Alta (compra);1;175450;3;2;0;2;1;50;243;45
2026-08-07 09:30:04.429;Pivô de Baixa → Alta (compra);1;175500;1;2;0;2;3;50;112;43
2026-08-07 09:30:04.960;Pivô de Alta → Baixa (venda);-1;175450;2;3;1;3;2;100;3330;481
2026-08-07 09:30:05.640;Pivô de Baixa → Alta (compra);1;175450;3;2;0;2;1;50;1172;97
2026-08-07 09:30:05.742;Pivô de Baixa → Alta (compra);1;175500;1;8;6;8;6;350;108;17
2026-08-07 09:30:10.591;Pivô de Alta → Baixa (venda);-1;175750;8;6;4;6;1;250;8914;1361
2026-08-07 09:30:13.721;Pivô de Baixa → Alta (compra);1;175600;1;5;3;5;1;200;81;22
2026-08-07 09:30:19.536;Pivô de Baixa → Alta (compra);1;175800;1;3;1;3;2;100;12188;1335
2026-08-07 09:30:27.920;Pivô de Alta → Baixa (venda);-1;175800;3;2;0;2;7;50;25096;2596
2026-08-07 09:30:36.728;Pivô de Baixa → Alta (compra);1;175850;2;7;5;7;1;300;1475;103
2026-08-07 09:31:45.978;Pivô de Alta → Baixa (venda);-1;176050;1;4;2;4;2;150;27458;2856
2026-08-07 09:32:31.860;Pivô de Baixa → Alta (compra);1;176000;4;2;0;2;1;50;13697;1329
2026-08-07 09:33:18.901;Pivô de Alta → Baixa (venda);-1;175950;1;3;1;3;4;100;72892;7552
2026-08-07 09:35:31.617;Pivô de Baixa → Alta (compra);1;175950;3;4;2;4;1;150;41230;4085
2026-08-07 09:40:07.707;Pivô de Baixa → Alta (compra);1;176100;1;2;0;2;1;50;20551;2300
2026-08-07 09:42:06.570;Pivô de Baixa → Alta (compra);1;176150;1;2;0;2;1;50;48535;5051
2026-08-07 09:47:30.182;Pivô de Baixa → Alta (compra);1;176200;1;2;0;2;2;50;59764;6392
2026-08-07 09:50:50.260;Pivô de Alta → Baixa (venda);-1;176150;2;2;0;2;5;50;43453;4541
2026-08-07 09:52:30.888;Pivô de Baixa → Alta (compra);1;176200;2;5;3;5;6;200;27795;2513
2026-08-07 09:57:17.010;Pivô de Alta → Baixa (venda);-1;176300;5;6;4;6;1;250;29407;2149
2026-08-07 10:00:46.970;Pivô de Baixa → Alta (compra);1;176150;1;4;2;4;2;150;25976;2598
2026-08-07 10:02:41.790;Pivô de Alta → Baixa (venda);-1;176200;4;2;0;2;2;50;16372;1511
2026-08-07 10:03:01.454;Pivô de Baixa → Alta (compra);1;176250;2;2;0;2;2;50;27983;2588
2026-08-07 10:03:51.561;Pivô de Alta → Baixa (venda);-1;176200;2;2;0;2;2;50;30051;2719
2026-08-07 10:05:15.340;Pivô de Baixa → Alta (compra);1;176250;2;2;0;2;8;50;62400;6334
2026-08-07 10:07:13.492;Pivô de Alta → Baixa (venda);-1;176200;2;8;6;8;2;350;27906;2917
2026-08-07 10:09:19.576;Pivô de Baixa → Alta (compra);1;175950;8;2;0;2;2;50;10459;899
2026-08-07 10:09:26.183;Pivô de Alta → Baixa (venda);-1;175900;2;2;0;2;2;50;70224;7081
2026-08-07 10:12:25.208;Pivô de Baixa → Alta (compra);1;175950;2;2;0;2;1;50;67785;5354
2026-08-07 10:14:08.966;Pivô de Baixa → Alta (compra);1;176000;1;2;0;2;2;50;31571;2670
2026-08-07 10:15:45.510;Pivô de Alta → Baixa (venda);-1;175950;2;2;0;2;2;50;16894;1267
2026-08-07 10:16:06.021;Pivô de Baixa → Alta (compra);1;176000;2;2;0;2;1;50;14177;1178
2026-08-07 10:17:04.965;Pivô de Baixa → Alta (compra);1;176050;1;6;4;6;8;250;73376;6557
2026-08-07 10:21:53.563;Pivô de Alta → Baixa (venda);-1;176200;6;8;6;8;1;350;17041;1213
2026-08-07 10:27:46.952;Pivô de Baixa → Alta (compra);1;175950;1;2;0;2;10;50;25941;2190
2026-08-07 10:28:38.044;Pivô de Alta → Baixa (venda);-1;175900;2;10;8;10;2;450;26019;2186
2026-08-07 10:30:38.761;Pivô de Baixa → Alta (compra);1;175550;10;2;0;2;4;50;58859;4320
2026-08-07 10:31:13.527;Pivô de Alta → Baixa (venda);-1;175500;2;4;2;4;2;150;46340;3460
2026-08-07 10:32:02.064;Pivô de Baixa → Alta (compra);1;175450;4;2;0;2;1;50;42334;3150
2026-08-07 10:33:30.787;Pivô de Baixa → Alta (compra);1;175500;1;4;2;4;8;150;41992;3504
2026-08-07 10:34:34.464;Pivô de Alta → Baixa (venda);-1;175550;4;8;6;8;2;350;25869;1896
2026-08-07 10:36:24.270;Pivô de Baixa → Alta (compra);1;175300;8;2;0;2;2;50;98228;7835
2026-08-07 10:37:54.930;Pivô de Alta → Baixa (venda);-1;175250;2;2;0;2;3;50;17230;1291
2026-08-07 10:38:17.207;Pivô de Baixa → Alta (compra);1;175300;2;3;1;3;2;100;52711;4436
2026-08-07 10:39:25.855;Pivô de Alta → Baixa (venda);-1;175300;3;2;0;2;3;50;47370;3994
2026-08-07 10:40:19.957;Pivô de Baixa → Alta (compra);1;175350;2;3;1;3;3;100;47988;3841
2026-08-07 10:41:30.948;Pivô de Alta → Baixa (venda);-1;175350;3;3;1;3;1;100;21996;1649
2026-08-07 10:45:05.544;Pivô de Alta → Baixa (venda);-1;175250;1;7;5;7;1;300;35962;2654
2026-08-07 10:52:54.245;Pivô de Alta → Baixa (venda);-1;174950;1;3;1;3;1;100;9719;682
2026-08-07 10:56:22.038;Pivô de Alta → Baixa (venda);-1;174850;1;3;1;3;1;100;14391;979
2026-08-07 11:01:07.415;Pivô de Alta → Baixa (venda);-1;174750;1;12;10;12;1;550;22798;1649
2026-08-07 11:08:05.197;Pivô de Alta → Baixa (venda);-1;174200;1;3;1;3;3;100;27842;2418
2026-08-07 11:09:37.373;Pivô de Baixa → Alta (compra);1;174200;3;3;1;3;4;100;65173;4272
2026-08-07 11:10:57.911;Pivô de Alta → Baixa (venda);-1;174200;3;4;2;4;3;150;23204;1486
2026-08-07 11:12:29.648;Pivô de Baixa → Alta (compra);1;174150;4;3;1;3;3;100;70823;5369
2026-08-07 11:18:23.302;Pivô de Alta → Baixa (venda);-1;174150;3;3;1;3;1;100;36050;2401
2026-08-07 11:21:12.264;Pivô de Alta → Baixa (venda);-1;174050;1;5;3;5;1;200;22229;1937
2026-08-07 11:23:21.093;Pivô de Alta → Baixa (venda);-1;173850;1;5;3;5;3;200;142789;10584
2026-08-07 11:31:05.067;Pivô de Baixa → Alta (compra);1;173750;5;3;1;3;11;100;119836;8961
2026-08-07 11:35:12.819;Pivô de Alta → Baixa (venda);-1;173750;3;11;9;11;2;500;55488;4814
2026-08-07 11:53:33.942;Pivô de Baixa → Alta (compra);1;173350;11;2;0;2;3;50;36614;2192
2026-08-07 11:54:36.123;Pivô de Alta → Baixa (venda);-1;173300;2;3;1;3;1;100;96083;8377
2026-08-07 12:00:22.248;Pivô de Alta → Baixa (venda);-1;173200;1;7;5;7;1;300;74325;5433
2026-08-07 12:07:01.873;Pivô de Alta → Baixa (venda);-1;172900;1;3;1;3;4;100;77939;6208
2026-08-07 12:11:48.253;Pivô de Baixa → Alta (compra);1;172900;3;4;2;4;3;150;104112;7523
2026-08-07 12:14:57.962;Pivô de Alta → Baixa (venda);-1;172950;4;3;1;3;8;100;63803;4814
2026-08-07 12:17:02.433;Pivô de Baixa → Alta (compra);1;172950;3;8;6;8;1;350;35537;3029
2026-08-07 12:31:22.801;Pivô de Baixa → Alta (compra);1;173300;1;2;0;2;2;50;88135;7404
2026-08-07 12:36:09.032;Pivô de Alta → Baixa (venda);-1;173250;2;2;0;2;1;50;68448;5788
2026-08-07 12:43:29.806;Pivô de Alta → Baixa (venda);-1;173200;1;6;4;6;3;250;70499;5699
2026-08-07 12:55:04.169;Pivô de Baixa → Alta (compra);1;173050;6;3;1;3;2;100;60491;4995
2026-08-07 13:03:16.033;Pivô de Alta → Baixa (venda);-1;173050;3;2;0;2;2;50;48964;3841
2026-08-07 13:06:17.248;Pivô de Baixa → Alta (compra);1;173100;2;2;0;2;10;50;109003;8800
2026-08-07 13:20:16.162;Pivô de Alta → Baixa (venda);-1;173050;2;10;8;10;4;450;44283;3451
2026-08-07 13:34:08.503;Pivô de Baixa → Alta (compra);1;172700;10;4;2;4;1;150;51113;3810
2026-08-07 13:42:37.312;Pivô de Baixa → Alta (compra);1;172850;1;2;0;2;2;50;282960;22758
2026-08-07 14:03:04.821;Pivô de Alta → Baixa (venda);-1;172800;2;2;0;2;1;50;43811;2806
2026-08-07 14:15:08.408;Pivô de Baixa → Alta (compra);1;172850;1;2;0;2;4;50;135837;10778
2026-08-07 14:33:34.118;Pivô de Alta → Baixa (venda);-1;172800;2;4;2;4;3;150;28772;2044
2026-08-07 14:36:35.008;Pivô de Baixa → Alta (compra);1;172750;4;3;1;3;3;100;45705;3739
2026-08-07 14:43:01.036;Pivô de Alta → Baixa (venda);-1;172750;3;3;1;3;2;100;260416;20950
2026-08-07 15:15:43.169;Pivô de Baixa → Alta (compra);1;172750;3;2;0;2;2;50;200356;15960
2026-08-07 15:28:07.962;Pivô de Alta → Baixa (venda);-1;172700;2;2;0;2;1;50;132726;10177
2026-08-07 15:38:31.173;Pivô de Alta → Baixa (venda);-1;172650;1;4;2;4;1;150;85436;7100
2026-08-07 15:50:24.295;Pivô de Alta → Baixa (venda);-1;172500;1;5;3;5;6;200;60408;4727
2026-08-07 15:56:16.350;Pivô de Baixa → Alta (compra);1;172400;5;6;4;6;1;250;84200;6477
2026-08-07 16:15:23.649;Pivô de Baixa → Alta (compra);1;172650;1;2;0;2;3;50;62234;5211
2026-08-07 16:19:28.730;Pivô de Alta → Baixa (venda);-1;172600;2;3;1;3;6;100;110484;8386
2026-08-07 16:26:46.345;Pivô de Baixa → Alta (compra);1;172600;3;6;4;6;3;250;63148;5287
2026-08-07 16:33:16.287;Pivô de Alta → Baixa (venda);-1;172750;6;3;1;3;1;100;53955;4619
2026-08-07 16:48:45.974;Pivô de Alta → Baixa (venda);-1;172650;1;5;3;5;1;200;173654;13027
2026-08-07 18:10:06.151;Pivô de Baixa → Alta (compra);1;172550;1;10;8;10;1;450;21451;2737
2026-08-10 09:02:56.678;Pivô de Baixa → Alta (compra);1;173000;1;8;6;8;1;350;3020;384
2026-08-10 09:03:01.847;Pivô de Baixa → Alta (compra);1;173350;1;5;3;5;1;200;2102;365
2026-08-10 09:03:04.373;Pivô de Baixa → Alta (compra);1;173550;1;3;1;3;1;100;6133;829
2026-08-10 09:03:15.235;Pivô de Alta → Baixa (venda);-1;173550;1;5;3;5;1;200;2877;357
2026-08-10 09:03:51.972;Pivô de Alta → Baixa (venda);-1;173350;1;4;2;4;1;150;14660;1714
2026-08-10 09:04:25.230;Pivô de Baixa → Alta (compra);1;173300;1;6;4;6;6;250;8545;1065
2026-08-10 09:05:31.130;Pivô de Alta → Baixa (venda);-1;173450;6;6;4;6;1;250;27342;3044
2026-08-10 09:07:19.323;Pivô de Alta → Baixa (venda);-1;173200;1;5;3;5;1;200;48945;5398
2026-08-10 09:12:21.302;Pivô de Alta → Baixa (venda);-1;173000;1;7;5;7;1;300;30772;2650
2026-08-10 09:21:09.394;Pivô de Baixa → Alta (compra);1;172800;1;7;5;7;4;300;14786;1417
2026-08-10 09:22:20.963;Pivô de Alta → Baixa (venda);-1;173000;7;4;2;4;1;150;84326;7313
2026-08-10 09:28:16.262;Pivô de Baixa → Alta (compra);1;172950;1;6;4;6;4;250;61293;5490
2026-08-10 09:30:54.088;Pivô de Alta → Baixa (venda);-1;173100;6;4;2;4;3;150;35683;3007
2026-08-10 09:35:08.991;Pivô de Baixa → Alta (compra);1;173050;4;3;1;3;3;100;31985;2656
2026-08-10 09:36:10.760;Pivô de Alta → Baixa (venda);-1;173050;3;3;1;3;1;100;37011;3451
2026-08-10 09:44:17.723;Pivô de Alta → Baixa (venda);-1;172950;1;2;0;2;2;50;74582;7291
2026-08-10 09:49:41.472;Pivô de Baixa → Alta (compra);1;173000;2;2;0;2;6;50;122239;12659
2026-08-10 09:56:15.611;Pivô de Alta → Baixa (venda);-1;172950;2;6;4;6;4;250;18537;2012
2026-08-10 10:04:49.810;Pivô de Baixa → Alta (compra);1;172800;6;4;2;4;3;150;28067;2958
2026-08-10 10:08:19.022;Pivô de Alta → Baixa (venda);-1;172850;4;3;1;3;2;100;69568;6575
2026-08-10 10:09:44.023;Pivô de Baixa → Alta (compra);1;172850;3;2;0;2;3;50;43782;4391
2026-08-10 10:10:26.997;Pivô de Alta → Baixa (venda);-1;172800;2;3;1;3;2;100;26380;2662
2026-08-10 10:11:28.098;Pivô de Baixa → Alta (compra);1;172800;3;2;0;2;1;50;22080;2284
2026-08-10 10:15:24.792;Pivô de Baixa → Alta (compra);1;172850;1;2;0;2;2;50;12900;1232
2026-08-10 10:16:14.623;Pivô de Alta → Baixa (venda);-1;172800;2;2;0;2;7;50;52774;4699
2026-08-10 10:17:47.315;Pivô de Baixa → Alta (compra);1;172850;2;7;5;7;6;300;43116;4074
2026-08-10 10:21:39.792;Pivô de Alta → Baixa (venda);-1;173050;7;6;4;6;1;250;25892;2294
2026-08-10 10:28:09.414;Pivô de Alta → Baixa (venda);-1;172800;1;7;5;7;1;300;41743;3780
2026-08-10 10:30:29.599;Pivô de Alta → Baixa (venda);-1;172500;1;2;0;2;1;50;61325;5448
2026-08-10 10:31:50.106;Pivô de Baixa → Alta (compra);1;172550;1;4;2;4;2;150;21612;1678
2026-08-10 10:32:46.897;Pivô de Alta → Baixa (venda);-1;172600;4;2;0;2;4;50;53105;4004
2026-08-10 10:33:49.809;Pivô de Baixa → Alta (compra);1;172650;2;4;2;4;1;150;37735;3356
2026-08-10 10:35:16.490;Pivô de Baixa → Alta (compra);1;172800;1;6;4;6;2;250;41278;3726
2026-08-10 10:37:32.499;Pivô de Alta → Baixa (venda);-1;172950;6;2;0;2;2;50;25847;1751
2026-08-10 10:38:08.635;Pivô de Baixa → Alta (compra);1;173000;2;2;0;2;3;50;100775;8588
2026-08-10 10:40:13.942;Pivô de Alta → Baixa (venda);-1;172950;2;3;1;3;2;100;32918;2770
2026-08-10 10:40:59.488;Pivô de Baixa → Alta (compra);1;172950;3;2;0;2;9;50;16925;1368
2026-08-10 10:41:30.584;Pivô de Alta → Baixa (venda);-1;172900;2;9;7;9;1;400;19291;1656
2026-08-10 10:46:40.241;Pivô de Alta → Baixa (venda);-1;172500;1;5;3;5;3;200;44275;3637
2026-08-10 10:51:13.263;Pivô de Baixa → Alta (compra);1;172400;5;3;1;3;13;100;54758;4671
2026-08-10 10:54:31.643;Pivô de Alta → Baixa (venda);-1;172400;3;13;11;13;2;600;24143;1580
2026-08-10 10:58:37.586;Pivô de Baixa → Alta (compra);1;171900;13;2;0;2;1;50;26799;2096
2026-08-10 11:00:03.332;Pivô de Baixa → Alta (compra);1;171950;1;2;0;2;1;50;56631;5073
2026-08-10 11:02:28.236;Pivô de Alta → Baixa (venda);-1;171900;1;5;3;5;5;200;21041;1627
2026-08-10 11:03:37.344;Pivô de Baixa → Alta (compra);1;171800;5;5;3;5;1;200;217778;16075
2026-08-10 11:09:33.230;Pivô de Baixa → Alta (compra);1;172000;1;4;2;4;1;150;78058;6523
2026-08-10 11:12:27.322;Pivô de Baixa → Alta (compra);1;172150;1;2;0;2;5;50;46886;4171
2026-08-10 11:15:19.841;Pivô de Alta → Baixa (venda);-1;172100;2;5;3;5;4;200;28327;2104
2026-08-10 11:16:38.223;Pivô de Baixa → Alta (compra);1;172000;5;4;2;4;5;150;35461;3179
2026-08-10 11:18:03.491;Pivô de Alta → Baixa (venda);-1;172050;4;5;3;5;4;200;45212;3716
2026-08-10 11:21:18.464;Pivô de Baixa → Alta (compra);1;171950;5;4;2;4;3;150;32606;2560
2026-08-10 11:22:05.496;Pivô de Alta → Baixa (venda);-1;172000;4;3;1;3;9;100;69201;6383
2026-08-10 11:28:56.573;Pivô de Baixa → Alta (compra);1;172000;3;9;7;9;2;400;114171;9558
2026-08-10 11:36:33.366;Pivô de Alta → Baixa (venda);-1;172300;9;2;0;2;2;50;26227;1769
2026-08-10 11:39:10.089;Pivô de Baixa → Alta (compra);1;172350;2;2;0;2;1;50;105257;8528
2026-08-10 11:43:30.318;Pivô de Baixa → Alta (compra);1;172400;1;7;5;7;8;300;34781;2606
2026-08-10 11:48:37.133;Pivô de Alta → Baixa (venda);-1;172600;7;8;6;8;5;350;70251;5734
2026-08-10 11:55:28.328;Pivô de Baixa → Alta (compra);1;172350;8;5;3;5;3;200;38760;3213
2026-08-10 11:56:56.807;Pivô de Alta → Baixa (venda);-1;172450;5;3;1;3;1;100;59540;5375
2026-08-10 12:02:19.790;Pivô de Alta → Baixa (venda);-1;172350;1;4;2;4;5;150;92913;8518
2026-08-10 12:10:15.197;Pivô de Baixa → Alta (compra);1;172300;4;5;3;5;1;200;36120;3305
2026-08-10 12:17:17.657;Pivô de Baixa → Alta (compra);1;172500;1;3;1;3;1;100;48212;4445
2026-08-10 12:24:45.760;Pivô de Baixa → Alta (compra);1;172600;1;5;3;5;9;200;55947;4723
2026-08-10 12:27:28.827;Pivô de Alta → Baixa (venda);-1;172700;5;9;7;9;1;400;85682;7503
2026-08-10 12:51:38.923;Pivô de Alta → Baixa (venda);-1;172300;1;3;1;3;3;100;76556;7048
2026-08-10 13:05:01.724;Pivô de Baixa → Alta (compra);1;172300;3;3;1;3;1;100;51245;4479
2026-08-10 13:11:50.686;Pivô de Baixa → Alta (compra);1;172400;1;2;0;2;3;50;69999;6413
2026-08-10 13:19:26.908;Pivô de Alta → Baixa (venda);-1;172350;2;3;1;3;1;100;115503;9020
2026-08-10 13:31:59.841;Pivô de Baixa → Alta (compra);1;172350;1;2;0;2;2;50;22597;1139
2026-08-10 13:37:32.194;Pivô de Alta → Baixa (venda);-1;172300;2;2;0;2;5;50;51960;4584
2026-08-10 13:44:31.440;Pivô de Baixa → Alta (compra);1;172350;2;5;3;5;7;200;33590;3036
2026-08-10 13:49:57.370;Pivô de Alta → Baixa (venda);-1;172450;5;7;5;7;2;300;232484;19061
2026-08-10 14:11:53.839;Pivô de Baixa → Alta (compra);1;172250;7;2;0;2;1;50;59242;4397
2026-08-10 14:25:37.344;Pivô de Baixa → Alta (compra);1;172300;1;4;2;4;2;150;87398;7943
2026-08-10 14:31:48.143;Pivô de Alta → Baixa (venda);-1;172350;4;2;0;2;1;50;53547;4187
2026-08-10 14:36:03.051;Pivô de Alta → Baixa (venda);-1;172300;1;2;0;2;1;50;43158;3301
2026-08-10 14:47:46.863;Pivô de Baixa → Alta (compra);1;172350;1;5;3;5;1;200;31286;2426
2026-08-10 15:01:02.751;Pivô de Baixa → Alta (compra);1;172550;1;2;0;2;3;50;82544;6545
2026-08-10 15:09:01.517;Pivô de Alta → Baixa (venda);-1;172500;2;3;1;3;1;100;61160;5085
2026-08-10 15:54:44.956;Pivô de Alta → Baixa (venda);-1;172400;1;3;1;3;6;100;134237;10548
2026-08-10 16:04:25.723;Pivô de Baixa → Alta (compra);1;172400;3;6;4;6;1;250;99942;9549
2026-08-10 16:30:46.573;Pivô de Baixa → Alta (compra);1;172650;1;3;1;3;7;100;159998;12330
2026-08-10 16:41:13.736;Pivô de Alta → Baixa (venda);-1;172650;3;7;5;7;2;300;70425;5180
2026-08-10 17:06:47.130;Pivô de Baixa → Alta (compra);1;172450;7;2;0;2;4;50;44467;3587
2026-08-10 17:10:05.767;Pivô de Alta → Baixa (venda);-1;172400;2;4;2;4;2;150;79589;8705
2026-08-10 18:01:03.979;Pivô de Baixa → Alta (compra);1;172350;4;2;0;2;2;50;24082;2403
2026-08-10 18:19:10.278;Pivô de Alta → Baixa (venda);-1;172300;2;2;0;2;2;50;11356;1419
2026-08-10 18:24:46.277;Pivô de Baixa → Alta (compra);1;172350;2;2;0;2;6;50;82437;272
2026-08-11 09:03:02.659;Pivô de Alta → Baixa (venda);-1;172300;2;6;4;6;1;250;3879;462
2026-08-11 09:03:04.024;Pivô de Alta → Baixa (venda);-1;172050;1;7;5;7;3;300;7807;1044
2026-08-11 09:03:08.642;Pivô de Baixa → Alta (compra);1;171850;7;3;1;3;5;100;4449;639
2026-08-11 09:03:10.793;Pivô de Alta → Baixa (venda);-1;171850;3;5;3;5;3;200;5060;675
2026-08-11 09:03:18.062;Pivô de Baixa → Alta (compra);1;171750;5;3;1;3;2;100;15611;2268
2026-08-11 09:03:27.403;Pivô de Alta → Baixa (venda);-1;171750;3;2;0;2;2;50;5876;680
2026-08-11 09:03:34.660;Pivô de Baixa → Alta (compra);1;171800;2;2;0;2;4;50;7158;1100
2026-08-11 09:03:48.259;Pivô de Alta → Baixa (venda);-1;171750;2;4;2;4;1;150;4670;592
2026-08-11 09:04:02.281;Pivô de Alta → Baixa (venda);-1;171600;1;2;0;2;2;50;2596;365
2026-08-11 09:04:04.007;Pivô de Baixa → Alta (compra);1;171650;2;2;0;2;1;50;19902;2596
2026-08-11 09:04:11.965;Pivô de Baixa → Alta (compra);1;171700;1;5;3;5;5;200;14796;2070
2026-08-11 09:04:32.481;Pivô de Alta → Baixa (venda);-1;171800;5;5;3;5;8;200;8910;1017
2026-08-11 09:04:45.982;Pivô de Baixa → Alta (compra);1;171700;5;8;6;8;2;350;9303;1173
2026-08-11 09:05:07.492;Pivô de Alta → Baixa (venda);-1;171950;8;2;0;2;7;50;10028;1108
2026-08-11 09:05:18.080;Pivô de Baixa → Alta (compra);1;172000;2;7;5;7;1;300;10703;1061
2026-08-11 09:06:03.835;Pivô de Baixa → Alta (compra);1;172300;1;5;3;5;4;200;9217;1091
2026-08-11 09:06:32.034;Pivô de Alta → Baixa (venda);-1;172400;5;4;2;4;1;150;7518;914
2026-08-11 09:07:08.205;Pivô de Alta → Baixa (venda);-1;172250;1;5;3;5;3;200;3797;402
2026-08-11 09:07:30.719;Pivô de Baixa → Alta (compra);1;172150;5;3;1;3;5;100;24867;2781
2026-08-11 09:09:26.007;Pivô de Alta → Baixa (venda);-1;172150;3;5;3;5;1;200;45791;5407
2026-08-11 09:14:33.775;Pivô de Alta → Baixa (venda);-1;171950;1;2;0;2;2;50;34937;4116
2026-08-11 09:16:01.593;Pivô de Baixa → Alta (compra);1;172000;2;2;0;2;2;50;31019;3602
2026-08-11 09:20:33.257;Pivô de Alta → Baixa (venda);-1;171950;2;2;0;2;1;50;38857;3405
2026-08-11 09:21:46.367;Pivô de Alta → Baixa (venda);-1;171900;1;2;0;2;1;50;66517;5987
2026-08-11 09:27:03.604;Pivô de Baixa → Alta (compra);1;171950;1;6;4;6;6;250;40696;3864
2026-08-11 09:31:02.691;Pivô de Alta → Baixa (venda);-1;172100;6;6;4;6;1;250;45315;5334
2026-08-11 09:39:34.888;Pivô de Baixa → Alta (compra);1;171950;1;4;2;4;3;150;45363;4167
2026-08-11 09:53:11.810;Pivô de Alta → Baixa (venda);-1;172000;4;3;1;3;3;100;56383;5093
2026-08-11 09:55:11.085;Pivô de Baixa → Alta (compra);1;172000;3;3;1;3;1;100;67386;8454
2026-08-11 10:00:26.268;Pivô de Baixa → Alta (compra);1;172100;1;5;3;5;2;200;63691;6393
2026-08-11 10:03:40.373;Pivô de Alta → Baixa (venda);-1;172200;5;2;0;2;2;50;28193;2702
2026-08-11 10:05:11.176;Pivô de Baixa → Alta (compra);1;172250;2;2;0;2;1;50;54796;5676
2026-08-11 10:11:35.103;Pivô de Alta → Baixa (venda);-1;172200;1;3;1;3;1;100;22234;1805
2026-08-11 10:12:33.060;Pivô de Alta → Baixa (venda);-1;172100;1;5;3;5;1;200;60309;6281
2026-08-11 10:18:43.220;Pivô de Alta → Baixa (venda);-1;171900;1;3;1;3;1;100;53950;4917
2026-08-11 10:21:50.622;Pivô de Alta → Baixa (venda);-1;171800;1;2;0;2;4;50;53466;4409
2026-08-11 10:23:12.510;Pivô de Baixa → Alta (compra);1;171850;2;4;2;4;7;150;76289;6109
2026-08-11 10:24:24.866;Pivô de Alta → Baixa (venda);-1;171900;4;7;5;7;1;300;38307;3528
2026-08-11 10:29:59.160;Pivô de Alta → Baixa (venda);-1;171600;1;5;3;5;5;200;41548;3217
2026-08-11 10:31:01.444;Pivô de Baixa → Alta (compra);1;171500;5;5;3;5;2;200;35892;2719
2026-08-11 10:32:32.432;Pivô de Alta → Baixa (venda);-1;171600;5;2;0;2;1;50;32805;2568
2026-08-11 10:33:35.119;Pivô de Alta → Baixa (venda);-1;171550;1;4;2;4;8;150;13650;1215
2026-08-11 10:34:05.869;Pivô de Baixa → Alta (compra);1;171500;4;8;6;8;2;350;43670;3597
2026-08-11 10:36:07.517;Pivô de Alta → Baixa (venda);-1;171750;8;2;0;2;6;50;189877;17474
2026-08-11 10:40:09.562;Pivô de Baixa → Alta (compra);1;171800;2;6;4;6;4;250;40475;3787
2026-08-11 10:41:51.309;Pivô de Alta → Baixa (venda);-1;171950;6;4;2;4;4;150;28507;2132
2026-08-11 10:44:31.750;Pivô de Baixa → Alta (compra);1;171900;4;4;2;4;8;150;30710;2492
2026-08-11 10:45:15.126;Pivô de Alta → Baixa (venda);-1;171950;4;8;6;8;1;350;80099;8055
2026-08-11 10:51:40.612;Pivô de Alta → Baixa (venda);-1;171600;1;7;5;7;3;300;36151;3192
2026-08-11 10:54:29.465;Pivô de Baixa → Alta (compra);1;171400;7;3;1;3;5;100;109956;9769
2026-08-11 10:57:06.882;Pivô de Alta → Baixa (venda);-1;171400;3;5;3;5;4;200;52862;4459
2026-08-11 11:00:16.329;Pivô de Baixa → Alta (compra);1;171300;5;4;2;4;4;150;25184;2123
2026-08-11 11:01:00.776;Pivô de Alta → Baixa (venda);-1;171350;4;4;2;4;1;150;18718;1649
2026-08-11 11:05:08.269;Pivô de Alta → Baixa (venda);-1;171200;1;2;0;2;2;50;50712;4469
2026-08-11 11:07:47.101;Pivô de Baixa → Alta (compra);1;171250;2;2;0;2;11;50;83266;7639
2026-08-11 11:10:27.671;Pivô de Alta → Baixa (venda);-1;171200;2;11;9;11;1;500;51876;4741
2026-08-11 11:20:32.386;Pivô de Alta → Baixa (venda);-1;170700;1;2;0;2;2;50;26129;2021
2026-08-11 11:22:40.438;Pivô de Baixa → Alta (compra);1;170750;2;2;0;2;2;50;75884;6161
2026-08-11 11:24:11.569;Pivô de Alta → Baixa (venda);-1;170700;2;2;0;2;1;50;97814;8568
2026-08-11 11:34:21.247;Pivô de Alta → Baixa (venda);-1;170650;1;11;9;11;3;500;90603;7634
2026-08-11 11:54:21.062;Pivô de Baixa → Alta (compra);1;170250;11;3;1;3;12;100;168224;13247
2026-08-11 12:00:28.813;Pivô de Alta → Baixa (venda);-1;170250;3;12;10;12;1;550;94451;7445
2026-08-11 12:07:53.048;Pivô de Alta → Baixa (venda);-1;169700;1;5;3;5;1;200;50975;4200
2026-08-11 12:18:35.619;Pivô de Baixa → Alta (compra);1;169600;1;3;1;3;7;100;30802;2262
2026-08-11 12:22:06.634;Pivô de Alta → Baixa (venda);-1;169600;3;7;5;7;1;300;43925;4168
2026-08-11 12:31:14.772;Pivô de Alta → Baixa (venda);-1;169300;1;9;7;9;3;400;63872;5014
2026-08-11 12:41:33.118;Pivô de Baixa → Alta (compra);1;169000;9;3;1;3;5;100;152443;12142
2026-08-11 12:46:44.197;Pivô de Alta → Baixa (venda);-1;169000;3;5;3;5;1;200;36323;2959
2026-08-11 13:03:20.715;Pivô de Baixa → Alta (compra);1;168900;1;6;4;6;8;250;74141;4661
2026-08-11 13:14:42.998;Pivô de Alta → Baixa (venda);-1;169050;6;8;6;8;1;350;84711;6721
2026-08-11 13:41:16.058;Pivô de Alta → Baixa (venda);-1;168700;1;10;8;10;2;450;92520;7553
2026-08-11 14:00:19.472;Pivô de Baixa → Alta (compra);1;168350;10;2;0;2;7;50;38744;2831
2026-08-11 14:05:31.468;Pivô de Alta → Baixa (venda);-1;168300;2;7;5;7;2;300;42169;3858
2026-08-11 14:16:34.526;Pivô de Baixa → Alta (compra);1;168100;7;2;0;2;3;50;67053;5905
2026-08-11 14:19:19.124;Pivô de Alta → Baixa (venda);-1;168050;2;3;1;3;2;100;37080;3108
2026-08-11 14:26:15.544;Pivô de Baixa → Alta (compra);1;168050;3;2;0;2;1;50;43419;3933
2026-08-11 14:45:26.006;Pivô de Baixa → Alta (compra);1;168100;1;3;1;3;4;100;27020;2397
2026-08-11 14:49:06.639;Pivô de Alta → Baixa (venda);-1;168100;3;4;2;4;1;150;128843;10298
2026-08-11 15:01:23.856;Pivô de Alta → Baixa (venda);-1;167950;1;6;4;6;1;250;55386;4429
2026-08-11 15:12:05.947;Pivô de Alta → Baixa (venda);-1;167700;1;3;1;3;3;100;72198;6382
2026-08-11 15:20:43.235;Pivô de Baixa → Alta (compra);1;167700;3;3;1;3;2;100;91692;7417
2026-08-11 15:25:43.053;Pivô de Alta → Baixa (venda);-1;167700;3;2;0;2;5;50;52151;4321
2026-08-11 15:28:15.755;Pivô de Baixa → Alta (compra);1;167750;2;5;3;5;1;200;28236;1595
2026-08-11 15:38:16.492;Pivô de Alta → Baixa (venda);-1;167850;1;5;3;5;11;200;43874;3081
2026-08-11 15:49:59.045;Pivô de Baixa → Alta (compra);1;167750;5;11;9;11;8;500;105668;9701
2026-08-11 16:08:35.429;Pivô de Alta → Baixa (venda);-1;168150;11;8;6;8;2;350;41721;3432
2026-08-11 16:20:03.398;Pivô de Baixa → Alta (compra);1;167900;8;2;0;2;1;50;92992;7139
2026-08-11 16:31:42.372;Pivô de Alta → Baixa (venda);-1;167850;1;4;2;4;3;150;84208;6818
2026-08-11 16:39:06.818;Pivô de Baixa → Alta (compra);1;167800;4;3;1;3;1;100;79355;6849
2026-08-11 16:50:37.418;Pivô de Baixa → Alta (compra);1;167900;1;5;3;5;1;200;94651;8189
2026-08-11 17:08:06.153;Pivô de Alta → Baixa (venda);-1;168000;1;2;0;2;85;50;80261;7884
2026-08-11 17:40:40.060;Pivô de Baixa → Alta (compra);1;168050;2;85;83;85;7;4200;50581;5286
2026-08-12 09:00:46.669;Pivô de Alta → Baixa (venda);-1;172150;85;7;5;7;1;300;44612;24
2026-08-12 09:00:46.691;Pivô de Baixa → Alta (compra);1;171950;1;2;0;2;2;50;2;1
2026-08-12 09:00:46.691;Pivô de Alta → Baixa (venda);-1;171900;2;2;0;2;2;50;31;9
2026-08-12 09:00:46.693;Pivô de Baixa → Alta (compra);1;171950;2;2;0;2;2;50;16;2
2026-08-12 09:00:46.694;Pivô de Alta → Baixa (venda);-1;171900;2;2;0;2;4;50;24;9
2026-08-12 09:00:46.696;Pivô de Baixa → Alta (compra);1;171950;2;4;2;4;3;150;129;17
2026-08-12 09:00:46.707;Pivô de Alta → Baixa (venda);-1;172000;4;3;1;3;1;100;112;32
2026-08-12 09:00:46.769;Pivô de Alta → Baixa (venda);-1;171900;1;3;1;3;1;100;1116;237
2026-08-12 09:00:47.128;Pivô de Baixa → Alta (compra);1;171900;1;2;0;2;2;50;2;2
2026-08-12 09:00:47.128;Pivô de Alta → Baixa (venda);-1;171850;2;2;0;2;2;50;10;3
2026-08-12 09:00:47.130;Pivô de Baixa → Alta (compra);1;171900;2;2;0;2;1;50;159;59
2026-08-12 09:00:47.199;Pivô de Alta → Baixa (venda);-1;171850;1;5;3;5;2;200;634;245
2026-08-12 09:00:48.614;Pivô de Baixa → Alta (compra);1;171750;5;2;0;2;1;50;797;150
2026-08-12 09:00:50.349;Pivô de Baixa → Alta (compra);1;171800;1;3;1;3;1;100;1025;251
2026-08-12 09:00:52.124;Pivô de Baixa → Alta (compra);1;171900;1;7;5;7;3;300;1399;331
2026-08-12 09:00:57.338;Pivô de Alta → Baixa (venda);-1;172100;7;3;1;3;1;100;775;103
2026-08-12 09:00:58.932;Pivô de Alta → Baixa (venda);-1;172000;1;7;5;7;3;300;1527;386
2026-08-12 09:01:00.479;Pivô de Baixa → Alta (compra);1;171800;7;3;1;3;3;100;2352;667
2026-08-12 09:01:04.590;Pivô de Alta → Baixa (venda);-1;171800;3;3;1;3;2;100;1349;262
2026-08-12 09:01:06.434;Pivô de Baixa → Alta (compra);1;171800;3;2;0;2;9;50;2713;583
2026-08-12 09:01:11.842;Pivô de Alta → Baixa (venda);-1;171750;2;9;7;9;1;400;5391;1141
2026-08-12 09:01:25.709;Pivô de Baixa → Alta (compra);1;171450;1;2;0;2;2;50;169;38
2026-08-12 09:01:25.783;Pivô de Alta → Baixa (venda);-1;171400;2;2;0;2;1;50;2355;667
2026-08-12 09:01:26.671;Pivô de Alta → Baixa (venda);-1;171350;1;2;0;2;3;50;5274;1167
2026-08-12 09:01:30.950;Pivô de Baixa → Alta (compra);1;171400;2;3;1;3;1;100;1576;279
2026-08-12 09:01:32.603;Pivô de Baixa → Alta (compra);1;171500;1;2;0;2;1;50;2073;442
2026-08-12 09:01:35.326;Pivô de Baixa → Alta (compra);1;171550;1;3;1;3;3;100;1974;395
2026-08-12 09:01:45.261;Pivô de Alta → Baixa (venda);-1;171550;3;3;1;3;2;100;2400;426
2026-08-12 09:01:48.622;Pivô de Baixa → Alta (compra);1;171550;3;2;0;2;3;50;5564;914
2026-08-12 09:01:53.668;Pivô de Alta → Baixa (venda);-1;171500;2;3;1;3;2;100;3733;559
2026-08-12 09:01:59.369;Pivô de Baixa → Alta (compra);1;171500;3;2;0;2;6;50;1737;274
2026-08-12 09:02:00.128;Pivô de Alta → Baixa (venda);-1;171450;2;6;4;6;16;250;2059;432
2026-08-12 09:02:04.729;Pivô de Baixa → Alta (compra);1;171300;6;16;14;16;6;750;3010;633
2026-08-12 09:02:23.406;Pivô de Alta → Baixa (venda);-1;171950;16;6;4;6;3;250;3765;769
2026-08-12 09:02:24.829;Pivô de Baixa → Alta (compra);1;171800;6;3;1;3;1;100;1797;264
2026-08-12 09:02:25.684;Pivô de Alta → Baixa (venda);-1;171800;1;2;0;2;2;50;2777;589
2026-08-12 09:02:27.118;Pivô de Baixa → Alta (compra);1;171850;2;2;0;2;1;50;373;46
2026-08-12 09:02:27.732;Pivô de Alta → Baixa (venda);-1;171800;1;4;2;4;1;150;994;150
2026-08-12 09:02:31.599;Pivô de Alta → Baixa (venda);-1;171650;1;6;4;6;6;250;2702;489
2026-08-12 09:02:39.522;Pivô de Baixa → Alta (compra);1;171500;6;6;4;6;3;250;7328;1039
2026-08-12 09:02:55.525;Pivô de Alta → Baixa (venda);-1;171650;6;3;1;3;2;100;806;98
2026-08-12 09:03:05.429;Pivô de Baixa → Alta (compra);1;171650;3;2;0;2;4;50;15774;2418
2026-08-12 09:03:19.224;Pivô de Alta → Baixa (venda);-1;171600;2;4;2;4;2;150;2888;353
2026-08-12 09:03:23.736;Pivô de Baixa → Alta (compra);1;171550;4;2;0;2;3;50;2570;472
2026-08-12 09:03:27.144;Pivô de Alta → Baixa (venda);-1;171500;2;3;1;3;1;100;4970;778
2026-08-12 09:03:45.775;Pivô de Baixa → Alta (compra);1;171500;1;2;0;2;1;50;8437;1195
2026-08-12 09:04:16.564;Pivô de Alta → Baixa (venda);-1;171450;1;3;1;3;2;100;4498;647
2026-08-12 09:04:50.963;Pivô de Baixa → Alta (compra);1;171450;3;2;0;2;1;50;5431;673
2026-08-12 09:04:58.149;Pivô de Baixa → Alta (compra);1;171500;1;2;0;2;6;50;6256;944
2026-08-12 09:05:07.796;Pivô de Alta → Baixa (venda);-1;171450;2;6;4;6;5;250;15259;1891
2026-08-12 09:05:56.948;Pivô de Baixa → Alta (compra);1;171300;6;5;3;5;2;200;11248;1364
2026-08-12 09:06:45.371;Pivô de Alta → Baixa (venda);-1;171400;5;2;0;2;5;50;19575;2384
2026-08-12 09:07:23.672;Pivô de Baixa → Alta (compra);1;171450;2;5;3;5;7;200;5838;573
2026-08-12 09:09:17.942;Pivô de Alta → Baixa (venda);-1;171550;5;7;5;7;3;300;3744;419
2026-08-12 09:10:48.770;Pivô de Baixa → Alta (compra);1;171350;7;3;1;3;1;100;22894;2900
2026-08-12 09:12:27.905;Pivô de Baixa → Alta (compra);1;171450;1;6;4;6;1;250;26470;2987
2026-08-12 09:15:38.454;Pivô de Alta → Baixa (venda);-1;171600;1;4;2;4;1;150;20061;2566
2026-08-12 09:19:34.450;Pivô de Alta → Baixa (venda);-1;171450;1;3;1;3;1;100;49239;5710
2026-08-12 09:25:02.974;Pivô de Baixa → Alta (compra);1;171450;1;5;3;5;3;200;15404;1470
2026-08-12 09:26:52.142;Pivô de Alta → Baixa (venda);-1;171550;5;3;1;3;1;100;21731;2468
2026-08-12 09:29:05.947;Pivô de Baixa → Alta (compra);1;171550;1;2;0;2;1;50;12292;1770
2026-08-12 09:30:00.819;Pivô de Alta → Baixa (venda);-1;171500;1;9;7;9;1;400;816;155
2026-08-12 09:30:01.425;Pivô de Alta → Baixa (venda);-1;171100;1;2;0;2;7;50;451;28
2026-08-12 09:30:01.437;Pivô de Baixa → Alta (compra);1;171150;2;7;5;7;1;300;257;3
2026-08-12 09:30:10.160;Pivô de Alta → Baixa (venda);-1;171350;1;2;0;2;1;50;4850;760
2026-08-12 09:30:29.630;Pivô de Alta → Baixa (venda);-1;171300;1;2;0;2;3;50;10193;1226
2026-08-12 09:31:10.689;Pivô de Baixa → Alta (compra);1;171350;2;3;1;3;1;100;27113;3032
2026-08-12 09:33:22.966;Pivô de Baixa → Alta (compra);1;171450;1;3;1;3;3;100;18676;2271
2026-08-12 09:34:05.195;Pivô de Alta → Baixa (venda);-1;171450;3;3;1;3;3;100;31770;4065
2026-08-12 09:35:15.555;Pivô de Baixa → Alta (compra);1;171450;3;3;1;3;1;100;63244;7520
2026-08-12 09:42:11.684;Pivô de Alta → Baixa (venda);-1;171450;1;2;0;2;8;50;56645;6212
2026-08-12 09:46:08.463;Pivô de Baixa → Alta (compra);1;171500;2;8;6;8;1;350;35336;3808
2026-08-12 09:50:15.369;Pivô de Baixa → Alta (compra);1;171850;1;2;0;2;3;50;41901;4815
2026-08-12 09:51:46.672;Pivô de Alta → Baixa (venda);-1;171800;2;3;1;3;2;100;20918;1830
2026-08-12 09:52:27.330;Pivô de Baixa → Alta (compra);1;171800;3;2;0;2;1;50;84715;9445
2026-08-12 09:59:37.505;Pivô de Alta → Baixa (venda);-1;171750;1;4;2;4;7;150;20568;2250
2026-08-12 10:00:13.095;Pivô de Baixa → Alta (compra);1;171700;4;7;5;7;13;300;42528;3816
2026-08-12 10:02:27.073;Pivô de Alta → Baixa (venda);-1;171900;7;13;11;13;3;600;67297;6920
2026-08-12 10:07:39.254;Pivô de Baixa → Alta (compra);1;171400;13;3;1;3;2;100;48665;5271
2026-08-12 10:09:04.505;Pivô de Alta → Baixa (venda);-1;171400;3;2;0;2;1;50;12108;1106
2026-08-12 10:11:09.267;Pivô de Alta → Baixa (venda);-1;171350;1;5;3;5;2;200;27993;2713
2026-08-12 10:12:44.070;Pivô de Baixa → Alta (compra);1;171250;5;2;0;2;2;50;22898;2187
2026-08-12 10:13:02.712;Pivô de Alta → Baixa (venda);-1;171200;2;2;0;2;2;50;10584;901
2026-08-12 10:13:08.569;Pivô de Baixa → Alta (compra);1;171250;2;2;0;2;2;50;115500;10977
2026-08-12 10:15:23.115;Pivô de Alta → Baixa (venda);-1;171200;2;2;0;2;1;50;9571;829
2026-08-12 10:15:40.093;Pivô de Alta → Baixa (venda);-1;171150;1;2;0;2;2;50;1282;31
2026-08-12 10:15:40.121;Pivô de Baixa → Alta (compra);1;171200;2;2;0;2;2;50;1924;41
2026-08-12 10:15:40.129;Pivô de Alta → Baixa (venda);-1;171150;2;2;0;2;1;50;2592;77
2026-08-12 10:15:52.425;Pivô de Alta → Baixa (venda);-1;171100;1;2;0;2;1;50;31858;3470
2026-08-12 10:17:04.391;Pivô de Alta → Baixa (venda);-1;171050;1;7;5;7;2;300;16472;1644
2026-08-12 10:19:37.664;Pivô de Baixa → Alta (compra);1;170850;7;2;0;2;5;50;20960;1970
2026-08-12 10:20:07.967;Pivô de Alta → Baixa (venda);-1;170800;2;5;3;5;1;200;16849;1138
2026-08-12 10:22:21.972;Pivô de Alta → Baixa (venda);-1;170600;1;2;0;2;3;50;40067;3786
2026-08-12 10:23:30.872;Pivô de Baixa → Alta (compra);1;170650;2;3;1;3;1;100;29867;2853
2026-08-12 10:25:47.433;Pivô de Baixa → Alta (compra);1;170750;1;10;8;10;3;450;31888;2660
2026-08-12 10:27:27.614;Pivô de Alta → Baixa (venda);-1;171100;10;3;1;3;1;100;39674;3582
2026-08-12 10:29:42.745;Pivô de Alta → Baixa (venda);-1;171000;1;6;4;6;1;250;40884;3135
2026-08-12 10:31:33.969;Pivô de Baixa → Alta (compra);1;170850;1;12;10;12;2;550;25794;2337
2026-08-12 10:32:20.412;Pivô de Alta → Baixa (venda);-1;171300;12;2;0;2;1;50;9135;1106
2026-08-12 10:32:59.094;Pivô de Baixa → Alta (compra);1;171350;1;9;7;9;3;400;40608;3932
2026-08-12 10:33:49.516;Pivô de Alta → Baixa (venda);-1;171650;9;3;1;3;4;100;33134;2875
2026-08-12 10:34:18.059;Pivô de Baixa → Alta (compra);1;171650;3;4;2;4;3;150;9287;852
2026-08-12 10:34:29.940;Pivô de Alta → Baixa (venda);-1;171700;4;3;1;3;4;100;27110;2225
2026-08-12 10:34:45.864;Pivô de Baixa → Alta (compra);1;171700;3;4;2;4;6;150;24463;2191
2026-08-12 10:35:10.417;Pivô de Alta → Baixa (venda);-1;171750;4;6;4;6;1;250;20827;2077
2026-08-12 10:35:44.814;Pivô de Alta → Baixa (venda);-1;171500;1;2;0;2;1;50;9690;1079
2026-08-12 10:36:02.757;Pivô de Alta → Baixa (venda);-1;171450;1;4;2;4;1;150;11412;1372
2026-08-12 10:37:00.896;Pivô de Alta → Baixa (venda);-1;171300;1;7;5;7;3;300;19271;1834
2026-08-12 10:39:10.562;Pivô de Baixa → Alta (compra);1;171100;7;3;1;3;2;100;50497;4730
2026-08-12 10:40:02.810;Pivô de Alta → Baixa (venda);-1;171100;3;2;0;2;1;50;28137;2709
2026-08-12 10:40:49.328;Pivô de Baixa → Alta (compra);1;171150;1;6;4;6;2;250;18084;1610
2026-08-12 10:41:44.952;Pivô de Alta → Baixa (venda);-1;171300;6;2;0;2;1;50;15419;1497
2026-08-12 10:42:29.668;Pivô de Alta → Baixa (venda);-1;171250;1;7;5;7;4;300;10585;940
2026-08-12 10:43:16.410;Pivô de Baixa → Alta (compra);1;171050;7;4;2;4;2;150;49858;4904
2026-08-12 10:44:18.576;Pivô de Alta → Baixa (venda);-1;171100;4;2;0;2;4;50;12741;1256
2026-08-12 10:44:53.013;Pivô de Baixa → Alta (compra);1;171150;2;4;2;4;8;150;17985;1494
2026-08-12 10:45:13.098;Pivô de Alta → Baixa (venda);-1;171200;4;8;6;8;5;350;5449;457
2026-08-12 10:46:42.370;Pivô de Baixa → Alta (compra);1;170950;8;5;3;5;1;200;24314;2538
2026-08-12 10:47:42.537;Pivô de Baixa → Alta (compra);1;171150;1;2;0;2;3;50;12579;1218
2026-08-12 10:48:13.318;Pivô de Alta → Baixa (venda);-1;171100;2;3;1;3;3;100;18567;1688
2026-08-12 10:49:08.962;Pivô de Baixa → Alta (compra);1;171100;3;3;1;3;6;100;34734;3054
2026-08-12 10:50:20.783;Pivô de Alta → Baixa (venda);-1;171100;3;6;4;6;4;250;29814;2807
2026-08-12 10:51:34.322;Pivô de Baixa → Alta (compra);1;170950;6;4;2;4;3;150;21894;1748
2026-08-12 10:52:08.783;Pivô de Alta → Baixa (venda);-1;171000;4;3;1;3;2;100;6939;611
2026-08-12 10:52:22.993;Pivô de Baixa → Alta (compra);1;171000;3;2;0;2;2;50;31314;3100
2026-08-12 10:53:29.633;Pivô de Alta → Baixa (venda);-1;170950;2;2;0;2;3;50;51450;5121
2026-08-12 10:55:21.366;Pivô de Baixa → Alta (compra);1;171000;2;3;1;3;2;100;25670;2313
2026-08-12 10:57:34.577;Pivô de Alta → Baixa (venda);-1;171000;3;2;0;2;1;50;24983;2300
2026-08-12 11:00:59.706;Pivô de Baixa → Alta (compra);1;171050;1;10;8;10;3;450;5864;569
2026-08-12 11:05:05.919;Pivô de Alta → Baixa (venda);-1;171400;10;3;1;3;2;100;15619;1476
2026-08-12 11:05:57.003;Pivô de Baixa → Alta (compra);1;171400;3;2;0;2;1;50;89276;7985
2026-08-12 11:10:41.381;Pivô de Alta → Baixa (venda);-1;171350;1;8;6;8;2;350;7952;937
2026-08-12 11:12:12.428;Pivô de Baixa → Alta (compra);1;171100;8;2;0;2;3;50;23147;2111
2026-08-12 11:14:36.796;Pivô de Alta → Baixa (venda);-1;171050;2;3;1;3;8;100;46372;4039
2026-08-12 11:16:25.657;Pivô de Baixa → Alta (compra);1;171050;3;8;6;8;1;350;32346;2853
2026-08-12 11:18:51.621;Pivô de Baixa → Alta (compra);1;171400;1;2;0;2;1;50;24647;2292
2026-08-12 11:20:16.766;Pivô de Baixa → Alta (compra);1;171450;1;6;4;6;4;250;36192;2841
2026-08-12 11:21:05.437;Pivô de Alta → Baixa (venda);-1;171600;6;4;2;4;5;150;25549;2360
2026-08-12 11:22:38.463;Pivô de Baixa → Alta (compra);1;171550;4;5;3;5;6;200;27322;2379
2026-08-12 11:27:31.906;Pivô de Alta → Baixa (venda);-1;171650;5;6;4;6;3;250;9288;837
2026-08-12 11:28:15.031;Pivô de Baixa → Alta (compra);1;171500;6;3;1;3;2;100;58151;4041
2026-08-12 11:28:49.583;Pivô de Alta → Baixa (venda);-1;171500;3;2;0;2;3;50;48181;3812
2026-08-12 11:29:47.540;Pivô de Baixa → Alta (compra);1;171550;2;3;1;3;2;100;12368;640
2026-08-12 11:30:07.519;Pivô de Alta → Baixa (venda);-1;171550;3;2;0;2;1;50;25335;1668
2026-08-12 11:30:52.535;Pivô de Alta → Baixa (venda);-1;171500;1;2;0;2;5;50;21388;1439
2026-08-12 11:31:10.537;Pivô de Baixa → Alta (compra);1;171550;2;5;3;5;7;200;15987;1202
2026-08-12 11:32:18.604;Pivô de Alta → Baixa (venda);-1;171650;5;7;5;7;1;300;36551;2640
2026-08-12 11:36:06.664;Pivô de Alta → Baixa (venda);-1;171350;1;2;0;2;2;50;18531;1482
2026-08-12 11:36:34.184;Pivô de Baixa → Alta (compra);1;171400;2;2;0;2;4;50;23083;1761
2026-08-12 11:37:23.722;Pivô de Alta → Baixa (venda);-1;171350;2;4;2;4;3;150;51869;4538
2026-08-12 11:45:17.872;Pivô de Baixa → Alta (compra);1;171300;4;3;1;3;6;100;34333;3174
2026-08-12 11:46:16.833;Pivô de Alta → Baixa (venda);-1;171300;3;6;4;6;2;250;22997;2046
2026-08-12 11:51:06.674;Pivô de Baixa → Alta (compra);1;171150;6;2;0;2;5;50;30323;2942
2026-08-12 11:51:45.456;Pivô de Alta → Baixa (venda);-1;171100;2;5;3;5;1;200;23827;1707
2026-08-12 11:53:49.019;Pivô de Baixa → Alta (compra);1;171000;1;7;5;7;3;300;36791;3435
2026-08-12 11:59:13.793;Pivô de Alta → Baixa (venda);-1;171200;7;3;1;3;2;100;30527;2541
2026-08-12 12:02:58.591;Pivô de Baixa → Alta (compra);1;171200;3;2;0;2;2;50;26626;2481
2026-08-12 12:04:44.034;Pivô de Alta → Baixa (venda);-1;171150;2;2;0;2;1;50;61409;5603
2026-08-12 12:09:06.927;Pivô de Alta → Baixa (venda);-1;171100;1;3;1;3;3;100;19420;1713
2026-08-12 12:11:14.746;Pivô de Baixa → Alta (compra);1;171100;3;3;1;3;1;100;16103;1524
2026-08-12 12:13:12.062;Pivô de Baixa → Alta (compra);1;171200;1;6;4;6;2;250;49107;4708
2026-08-12 12:21:05.407;Pivô de Alta → Baixa (venda);-1;171350;6;2;0;2;1;50;50360;4461
2026-08-12 12:26:02.101;Pivô de Alta → Baixa (venda);-1;171300;1;6;4;6;4;250;83048;8008
2026-08-12 12:48:22.051;Pivô de Baixa → Alta (compra);1;171150;6;4;2;4;2;150;137703;14297
2026-08-12 13:02:00.160;Pivô de Alta → Baixa (venda);-1;171200;4;2;0;2;8;50;87460;9201
2026-08-12 13:09:15.466;Pivô de Baixa → Alta (compra);1;171250;2;8;6;8;6;350;20197;1433
2026-08-12 13:20:48.104;Pivô de Alta → Baixa (venda);-1;171500;8;6;4;6;5;250;67348;7315
2026-08-12 13:50:03.728;Pivô de Baixa → Alta (compra);1;171350;6;5;3;5;4;200;44547;4420
2026-08-12 13:54:59.120;Pivô de Alta → Baixa (venda);-1;171450;5;4;2;4;6;150;12780;714
2026-08-12 14:04:56.984;Pivô de Baixa → Alta (compra);1;171400;4;6;4;6;3;250;76348;6639
2026-08-12 14:10:51.497;Pivô de Alta → Baixa (venda);-1;171550;6;3;1;3;1;100;26520;2009
2026-08-12 14:14:28.875;Pivô de Alta → Baixa (venda);-1;171450;1;2;0;2;1;50;33043;3131
2026-08-12 14:23:29.896;Pivô de Alta → Baixa (venda);-1;171400;1;5;3;5;1;200;40435;3686
2026-08-12 14:40:31.966;Pivô de Baixa → Alta (compra);1;171300;1;5;3;5;7;200;44717;3878
2026-08-12 14:50:35.863;Pivô de Alta → Baixa (venda);-1;171400;5;7;5;7;1;300;136076;12876
2026-08-12 15:21:21.632;Pivô de Alta → Baixa (venda);-1;171100;1;6;4;6;4;250;82772;7818
2026-08-12 15:38:26.633;Pivô de Baixa → Alta (compra);1;170950;6;4;2;4;1;150;112736;10326
2026-08-12 15:54:29.147;Pivô de Baixa → Alta (compra);1;171100;1;7;5;7;10;300;58151;5210
2026-08-12 16:09:31.943;Pivô de Alta → Baixa (venda);-1;171300;7;10;8;10;1;450;16689;1499
2026-08-12 16:55:06.616;Pivô de Alta → Baixa (venda);-1;170850;1;2;0;2;3;50;50314;4889
2026-08-12 17:00:32.653;Pivô de Baixa → Alta (compra);1;170900;2;3;1;3;8;100;64281;6004
2026-08-12 17:06:10.219;Pivô de Alta → Baixa (venda);-1;170900;3;8;6;8;1;350;46452;4539
2026-08-12 17:33:13.207;Pivô de Alta → Baixa (venda);-1;170550;1;6;4;6;1;250;59402;5570
2026-08-12 18:02:44.533;Pivô de Alta → Baixa (venda);-1;170300;1;2;0;2;2;50;30359;5000
2026-08-12 18:14:29.837;Pivô de Baixa → Alta (compra);1;170350;2;2;0;2;1;50;13868;1295
2026-08-12 18:24:57.870;Pivô de Baixa → Alta (compra);1;170400;1;9;7;9;7;400;418;30
2026-08-13 09:03:02.923;Pivô de Alta → Baixa (venda);-1;170700;9;7;5;7;4;300;2986;310
2026-08-13 09:03:05.963;Pivô de Baixa → Alta (compra);1;170500;7;4;2;4;6;150;7004;865
2026-08-13 09:03:11.768;Pivô de Alta → Baixa (venda);-1;170550;4;6;4;6;1;250;3371;346
2026-08-13 09:03:26.370;Pivô de Alta → Baixa (venda);-1;170300;1;10;8;10;1;450;7726;888
2026-08-13 09:04:09.794;Pivô de Alta → Baixa (venda);-1;169850;1;5;3;5;2;200;6125;814
2026-08-13 09:04:38.224;Pivô de Baixa → Alta (compra);1;169750;5;2;0;2;2;50;26452;3321
2026-08-13 09:04:58.386;Pivô de Alta → Baixa (venda);-1;169700;2;2;0;2;1;50;8595;1147
2026-08-13 09:05:18.910;Pivô de Baixa → Alta (compra);1;169750;1;3;1;3;4;100;37792;4427
2026-08-13 09:06:02.860;Pivô de Alta → Baixa (venda);-1;169750;3;4;2;4;3;150;9553;894
2026-08-13 09:08:00.979;Pivô de Baixa → Alta (compra);1;169700;4;3;1;3;1;100;53348;5317
2026-08-13 09:10:36.782;Pivô de Alta → Baixa (venda);-1;169700;1;2;0;2;6;50;19208;1978
2026-08-13 09:11:51.064;Pivô de Baixa → Alta (compra);1;169750;2;6;4;6;7;250;16862;1306
2026-08-13 09:13:15.566;Pivô de Alta → Baixa (venda);-1;169900;6;7;5;7;1;300;16644;1573
2026-08-13 09:17:37.195;Pivô de Alta → Baixa (venda);-1;169600;1;5;3;5;3;200;24421;2138
2026-08-13 09:19:26.471;Pivô de Baixa → Alta (compra);1;169500;5;3;1;3;2;100;40573;4064
2026-08-13 09:20:47.327;Pivô de Alta → Baixa (venda);-1;169500;3;2;0;2;2;50;61064;5911
2026-08-13 09:22:04.054;Pivô de Baixa → Alta (compra);1;169550;2;2;0;2;2;50;30336;3235
2026-08-13 09:23:15.547;Pivô de Alta → Baixa (venda);-1;169500;2;2;0;2;6;50;22541;2500
2026-08-13 09:24:03.860;Pivô de Baixa → Alta (compra);1;169550;2;6;4;6;1;250;14485;1880
2026-08-13 09:29:38.328;Pivô de Baixa → Alta (compra);1;169800;1;2;0;2;3;50;11985;1588
2026-08-13 09:30:05.863;Pivô de Alta → Baixa (venda);-1;169750;2;3;1;3;10;100;31122;3221
2026-08-13 09:31:43.618;Pivô de Baixa → Alta (compra);1;169750;3;10;8;10;2;450;15819;1599
2026-08-13 09:36:47.544;Pivô de Alta → Baixa (venda);-1;170100;10;2;0;2;1;50;62154;6150
2026-08-13 09:40:53.157;Pivô de Alta → Baixa (venda);-1;170050;1;3;1;3;1;100;108229;11324
2026-08-13 09:50:36.755;Pivô de Alta → Baixa (venda);-1;169950;1;2;0;2;6;50;12978;1432
2026-08-13 09:53:33.424;Pivô de Baixa → Alta (compra);1;170000;2;6;4;6;1;250;22885;1612
2026-08-13 09:59:21.968;Pivô de Baixa → Alta (compra);1;170250;1;2;0;2;3;50;55056;5367
2026-08-13 10:00:24.220;Pivô de Alta → Baixa (venda);-1;170200;2;3;1;3;7;100;92543;8765
2026-08-13 10:02:03.803;Pivô de Baixa → Alta (compra);1;170200;3;7;5;7;4;300;43445;4727
2026-08-13 10:04:18.290;Pivô de Alta → Baixa (venda);-1;170400;7;4;2;4;11;150;50899;5078
2026-08-13 10:05:45.019;Pivô de Baixa → Alta (compra);1;170350;4;11;9;11;4;500;37710;3223
2026-08-13 10:09:51.243;Pivô de Alta → Baixa (venda);-1;170750;11;4;2;4;5;150;23581;1912
2026-08-13 10:10:57.178;Pivô de Baixa → Alta (compra);1;170700;4;5;3;5;6;200;70747;6224
2026-08-13 10:15:04.572;Pivô de Alta → Baixa (venda);-1;170800;5;6;4;6;7;250;80849;8430
2026-08-13 10:18:00.592;Pivô de Baixa → Alta (compra);1;170650;6;7;5;7;2;300;26730;3123
2026-08-13 10:20:19.106;Pivô de Alta → Baixa (venda);-1;170850;7;2;0;2;6;50;31894;3223
2026-08-13 10:21:28.514;Pivô de Baixa → Alta (compra);1;170900;2;6;4;6;2;250;12736;1012
2026-08-13 10:22:33.820;Pivô de Alta → Baixa (venda);-1;171050;6;2;0;2;1;50;42989;3946
2026-08-13 10:24:28.693;Pivô de Alta → Baixa (venda);-1;171000;1;2;0;2;2;50;21070;2209
2026-08-13 10:25:04.383;Pivô de Baixa → Alta (compra);1;171050;2;2;0;2;1;50;17581;1192
2026-08-13 10:26:42.347;Pivô de Baixa → Alta (compra);1;171100;1;2;0;2;2;50;23133;2156
2026-08-13 10:27:25.134;Pivô de Alta → Baixa (venda);-1;171050;2;2;0;2;2;50;47583;4081
2026-08-13 10:29:17.240;Pivô de Baixa → Alta (compra);1;171100;2;2;0;2;2;50;9554;674
2026-08-13 10:29:25.213;Pivô de Alta → Baixa (venda);-1;171050;2;2;0;2;4;50;59700;5137
2026-08-13 10:30:18.242;Pivô de Baixa → Alta (compra);1;171100;2;4;2;4;2;150;66521;4473
2026-08-13 10:31:15.432;Pivô de Alta → Baixa (venda);-1;171150;4;2;0;2;9;50;33010;2577
2026-08-13 10:31:46.923;Pivô de Baixa → Alta (compra);1;171200;2;9;7;9;3;400;21408;1860
2026-08-13 10:32:39.006;Pivô de Alta → Baixa (venda);-1;171500;9;3;1;3;1;100;26762;2028
2026-08-13 10:33:32.308;Pivô de Alta → Baixa (venda);-1;171400;1;4;2;4;5;150;21831;2147
2026-08-13 10:34:28.304;Pivô de Baixa → Alta (compra);1;171350;4;5;3;5;2;200;26290;2831
2026-08-13 10:35:40.352;Pivô de Alta → Baixa (venda);-1;171450;5;2;0;2;7;50;27407;2590
2026-08-13 10:37:00.247;Pivô de Baixa → Alta (compra);1;171500;2;7;5;7;1;300;16839;1620
2026-08-13 10:41:00.945;Pivô de Baixa → Alta (compra);1;171800;1;2;0;2;3;50;24860;2222
2026-08-13 10:42:03.299;Pivô de Alta → Baixa (venda);-1;171750;2;3;1;3;1;100;17728;1809
2026-08-13 10:43:14.263;Pivô de Alta → Baixa (venda);-1;171650;1;4;2;4;1;150;117191;11276
2026-08-13 10:47:41.156;Pivô de Alta → Baixa (venda);-1;171500;1;13;11;13;1;600;49257;4885
2026-08-13 10:59:28.269;Pivô de Alta → Baixa (venda);-1;170900;1;3;1;3;1;100;14574;1079
2026-08-13 11:00:23.768;Pivô de Alta → Baixa (venda);-1;170800;1;3;1;3;6;100;66133;6138
2026-08-13 11:04:01.400;Pivô de Baixa → Alta (compra);1;170800;3;6;4;6;4;250;38443;3523
2026-08-13 11:05:03.235;Pivô de Alta → Baixa (venda);-1;170950;6;4;2;4;1;150;82905;8284
2026-08-13 11:15:24.468;Pivô de Alta → Baixa (venda);-1;170800;1;5;3;5;1;200;31347;3209
2026-08-13 11:19:56.222;Pivô de Alta → Baixa (venda);-1;170600;1;3;1;3;4;100;39001;3856
2026-08-13 11:23:27.626;Pivô de Baixa → Alta (compra);1;170600;3;4;2;4;3;150;51864;4810
2026-08-13 11:25:01.372;Pivô de Alta → Baixa (venda);-1;170650;4;3;1;3;2;100;79767;7420
2026-08-13 11:30:12.280;Pivô de Baixa → Alta (compra);1;170650;3;2;0;2;1;50;58198;5560
2026-08-13 11:32:05.714;Pivô de Baixa → Alta (compra);1;170700;1;2;0;2;6;50;16178;1203
2026-08-13 11:34:43.442;Pivô de Alta → Baixa (venda);-1;170650;2;6;4;6;1;250;79386;6901
2026-08-13 11:47:02.148;Pivô de Alta → Baixa (venda);-1;170400;1;4;2;4;5;150;26509;2576
2026-08-13 11:50:43.611;Pivô de Baixa → Alta (compra);1;170350;4;5;3;5;2;200;33635;3951
2026-08-13 11:53:28.638;Pivô de Alta → Baixa (venda);-1;170450;5;2;0;2;1;50;67049;6754
2026-08-13 11:57:03.368;Pivô de Alta → Baixa (venda);-1;170400;1;7;5;7;1;300;62350;6410
2026-08-13 12:09:48.366;Pivô de Alta → Baixa (venda);-1;170100;1;6;4;6;2;250;57635;5330
2026-08-13 12:21:54.080;Pivô de Baixa → Alta (compra);1;169950;6;2;0;2;1;50;96797;9222
2026-08-13 12:28:41.386;Pivô de Alta → Baixa (venda);-1;169900;1;2;0;2;3;50;47734;3931
2026-08-13 12:31:27.195;Pivô de Baixa → Alta (compra);1;169950;2;3;1;3;2;100;26064;2259
2026-08-13 12:43:31.645;Pivô de Alta → Baixa (venda);-1;169950;3;2;0;2;1;50;14499;1254
2026-08-13 12:51:34.873;Pivô de Alta → Baixa (venda);-1;169900;1;9;7;9;5;400;29119;2417
2026-08-13 13:01:47.111;Pivô de Baixa → Alta (compra);1;169600;9;5;3;5;3;200;72671;6911
2026-08-13 13:07:46.378;Pivô de Alta → Baixa (venda);-1;169700;5;3;1;3;6;100;44777;4597
2026-08-13 13:10:43.136;Pivô de Baixa → Alta (compra);1;169700;3;6;4;6;3;250;50432;4790
2026-08-13 13:15:00.857;Pivô de Alta → Baixa (venda);-1;169850;6;3;1;3;9;100;79971;7967
2026-08-13 13:23:57.209;Pivô de Baixa → Alta (compra);1;169850;3;9;7;9;2;400;27589;2464
2026-08-13 13:40:39.639;Pivô de Alta → Baixa (venda);-1;170150;9;2;0;2;7;50;49264;4586
2026-08-13 13:46:58.126;Pivô de Baixa → Alta (compra);1;170200;2;7;5;7;3;300;40050;3259
2026-08-13 14:00:12.679;Pivô de Alta → Baixa (venda);-1;170400;7;3;1;3;3;100;63790;4771
2026-08-13 14:03:06.545;Pivô de Baixa → Alta (compra);1;170400;3;3;1;3;1;100;59363;5506
2026-08-13 14:16:33.927;Pivô de Baixa → Alta (compra);1;170500;1;3;1;3;1;100;65715;6165
2026-08-13 14:37:26.125;Pivô de Baixa → Alta (compra);1;170600;1;2;0;2;5;50;167374;14492
2026-08-13 14:45:27.826;Pivô de Alta → Baixa (venda);-1;170550;2;5;3;5;1;200;80990;7669
2026-08-13 14:55:40.892;Pivô de Baixa → Alta (compra);1;170450;1;4;2;4;3;150;65028;5533
2026-08-13 15:00:31.662;Pivô de Alta → Baixa (venda);-1;170500;4;3;1;3;4;100;27029;2526
2026-08-13 15:04:43.265;Pivô de Baixa → Alta (compra);1;170500;3;4;2;4;6;150;47775;4456
2026-08-13 15:11:41.058;Pivô de Alta → Baixa (venda);-1;170550;4;6;4;6;1;250;163123;16536
2026-08-13 15:54:16.922;Pivô de Alta → Baixa (venda);-1;170300;1;6;4;6;4;250;46298;3499
2026-08-13 16:15:12.768;Pivô de Baixa → Alta (compra);1;170150;6;4;2;4;1;150;20922;1517
2026-08-13 16:40:15.051;Pivô de Alta → Baixa (venda);-1;170200;1;2;0;2;3;50;188159;17262
2026-08-13 16:55:06.055;Pivô de Baixa → Alta (compra);1;170250;2;3;1;3;2;100;115561;11839
2026-08-13 17:02:21.745;Pivô de Alta → Baixa (venda);-1;170250;3;2;0;2;14;50;160508;16378
2026-08-13 17:18:21.315;Pivô de Baixa → Alta (compra);1;170300;2;14;12;14;3;650;199978;21485
2026-08-13 18:16:44.432;Pivô de Alta → Baixa (venda);-1;170850;14;3;1;3;1;100;10393;1231
2026-08-13 18:23:56.619;Pivô de Alta → Baixa (venda);-1;170750;1;6;4;6;17;-38950;1972;170
2026-04-15 13:08:21.549;Pivô de Baixa → Alta (compra);1;209800;6;17;15;17;33;800;4;4
2026-04-16 09:08:57.649;Pivô de Alta → Baixa (venda);-1;210500;17;33;31;33;52;1600;1;1
2026-04-16 17:26:07.878;Pivô de Baixa → Alta (compra);1;209000;33;52;50;52;69;2550;1;1
2026-04-17 10:09:24.531;Pivô de Alta → Baixa (venda);-1;211450;52;69;67;69;12;3400;1;1
2026-04-17 18:31:18.191;Pivô de Baixa → Alta (compra);1;208150;69;12;10;12;14;550;7;4
2026-04-20 09:43:00.973;Pivô de Alta → Baixa (venda);-1;208600;12;14;12;14;14;650;2;1
2026-04-20 11:03:09.544;Pivô de Baixa → Alta (compra);1;208050;14;14;12;14;22;650;2;1
2026-04-20 18:22:06.564;Pivô de Alta → Baixa (venda);-1;208600;14;22;20;22;3;1050;1;1
2026-04-22 09:11:08.331;Pivô de Baixa → Alta (compra);1;207650;22;3;1;3;3;100;3;3
2026-04-22 09:29:34.230;Pivô de Alta → Baixa (venda);-1;207650;3;3;1;3;4;100;2;2
2026-04-22 10:05:18.469;Pivô de Baixa → Alta (compra);1;207650;3;4;2;4;56;150;2;2
2026-04-22 10:23:18.228;Pivô de Alta → Baixa (venda);-1;207700;4;56;54;56;6;2750;1;1
2026-04-22 13:32:44.580;Pivô de Baixa → Alta (compra);1;205050;56;6;4;6;19;250;1;1
2026-04-22 14:32:24.733;Pivô de Alta → Baixa (venda);-1;205200;6;19;17;19;12;900;2;2
2026-04-22 18:23:31.824;Pivô de Baixa → Alta (compra);1;204400;19;12;10;12;60;550;1;1
2026-04-23 10:18:53.934;Pivô de Alta → Baixa (venda);-1;204850;12;60;58;60;4;2950;1;1
2026-04-24 11:54:01.493;Pivô de Baixa → Alta (compra);1;202000;60;4;2;4;8;150;3;1
2026-04-24 11:58:44.618;Pivô de Alta → Baixa (venda);-1;202050;4;8;6;8;8;350;1;1
2026-04-24 12:37:30.948;Pivô de Baixa → Alta (compra);1;201800;8;8;6;8;2;350;3;3
2026-04-24 12:45:33.576;Pivô de Alta → Baixa (venda);-1;202050;8;2;0;2;30;50;2;2
2026-04-24 14:26:37.316;Pivô de Baixa → Alta (compra);1;202100;2;30;28;30;19;1450;1;1
2026-04-24 16:33:05.782;Pivô de Alta → Baixa (venda);-1;203450;30;19;17;19;16;900;32;2
2026-04-24 16:57:44.284;Pivô de Baixa → Alta (compra);1;202650;19;16;14;16;28;750;1;1
2026-04-27 09:03:36.531;Pivô de Alta → Baixa (venda);-1;203300;16;28;26;28;19;1350;11;1
2026-04-27 10:50:38.128;Pivô de Baixa → Alta (compra);1;202050;28;19;17;19;38;900;185;13
2026-04-27 11:11:56.547;Pivô de Alta → Baixa (venda);-1;202850;19;38;36;38;4;1850;1;1
2026-04-27 17:01:45.832;Pivô de Baixa → Alta (compra);1;201100;38;4;2;4;9;150;2;2
2026-04-27 17:21:32.399;Pivô de Alta → Baixa (venda);-1;201150;4;9;7;9;2;400;1;1
2026-04-27 18:09:23.730;Pivô de Baixa → Alta (compra);1;200850;9;2;0;2;31;50;9;1
2026-04-27 18:10:29.800;Pivô de Alta → Baixa (venda);-1;200800;2;31;29;31;6;1500;20;2
2026-04-28 10:30:16.641;Pivô de Baixa → Alta (compra);1;199400;31;6;4;6;9;250;35;3
2026-04-28 10:48:45.987;Pivô de Alta → Baixa (venda);-1;199550;6;9;7;9;15;400;15;6
2026-04-28 11:30:08.243;Pivô de Baixa → Alta (compra);1;199250;9;15;13;15;4;700;9;1
2026-04-28 12:54:17.403;Pivô de Alta → Baixa (venda);-1;199850;15;4;2;4;7;150;10;1
2026-04-28 13:44:52.945;Pivô de Baixa → Alta (compra);1;199800;4;7;5;7;37;300;1;1
2026-04-28 14:59:08.798;Pivô de Alta → Baixa (venda);-1;200000;7;37;35;37;2;1800;12;4
2026-04-29 10:29:45.898;Pivô de Baixa → Alta (compra);1;198300;37;2;0;2;15;50;1;1
2026-04-29 10:30:43.732;Pivô de Alta → Baixa (venda);-1;198250;2;15;13;15;2;700;4;4
2026-04-29 10:49:39.196;Pivô de Baixa → Alta (compra);1;197650;15;2;0;2;6;50;1;1
2026-04-29 10:57:01.671;Pivô de Alta → Baixa (venda);-1;197600;2;6;4;6;3;250;3;2
2026-04-29 11:01:24.270;Pivô de Baixa → Alta (compra);1;197450;6;3;1;3;1;100;3;3
2026-04-29 11:07:23.731;Pivô de Baixa → Alta (compra);1;197550;1;2;0;2;2;50;1;1
2026-04-29 11:17:09.938;Pivô de Alta → Baixa (venda);-1;197500;2;2;0;2;1;50;20;1
2026-04-29 12:15:40.084;Pivô de Alta → Baixa (venda);-1;197450;1;49;47;49;1;2400;2;1
2026-04-29 18:20:09.393;Pivô de Baixa → Alta (compra);1;195150;1;40;38;40;1;1950;4;1
2026-04-30 09:54:33.435;Pivô de Baixa → Alta (compra);1;197100;1;15;13;15;2;700;51;4
2026-04-30 10:55:10.560;Pivô de Alta → Baixa (venda);-1;197700;15;2;0;2;15;50;1;1
2026-04-30 11:04:42.589;Pivô de Baixa → Alta (compra);1;197750;2;15;13;15;10;700;1;1
2026-04-30 11:49:18.843;Pivô de Alta → Baixa (venda);-1;198350;15;10;8;10;12;450;1;1
2026-04-30 12:46:10.521;Pivô de Baixa → Alta (compra);1;198000;10;12;10;12;3;550;1;1
2026-04-30 15:26:27.247;Pivô de Alta → Baixa (venda);-1;198450;12;3;1;3;8;100;1;1
2026-04-30 15:29:49.910;Pivô de Baixa → Alta (compra);1;198450;3;8;6;8;14;350;11;3
2026-04-30 16:27:30.609;Pivô de Alta → Baixa (venda);-1;198700;8;14;12;14;3;650;1;1
2026-04-30 17:31:36.298;Pivô de Baixa → Alta (compra);1;198150;14;3;1;3;3;100;11;2
2026-04-30 18:01:45.128;Pivô de Alta → Baixa (venda);-1;198150;3;3;1;3;7;100;1;1
2026-05-04 09:06:35.004;Pivô de Baixa → Alta (compra);1;198150;3;7;5;7;6;300;1;1
2026-05-04 09:16:37.552;Pivô de Alta → Baixa (venda);-1;198350;7;6;4;6;6;250;1;1
2026-05-04 09:43:04.880;Pivô de Baixa → Alta (compra);1;198200;6;6;4;6;33;250;25;1
2026-05-04 10:44:25.553;Pivô de Alta → Baixa (venda);-1;198350;6;33;31;33;3;1600;1;1
2026-05-04 13:08:05.527;Pivô de Baixa → Alta (compra);1;196850;33;3;1;3;8;100;2;2
2026-05-04 13:21:15.035;Pivô de Alta → Baixa (venda);-1;196850;3;8;6;8;12;350;4;4
2026-05-04 15:46:26.347;Pivô de Baixa → Alta (compra);1;196600;8;12;10;12;13;550;4;4
2026-05-05 09:00:57.666;Pivô de Alta → Baixa (venda);-1;197050;12;13;11;13;34;600;1;1
2026-05-05 10:04:11.493;Pivô de Baixa → Alta (compra);1;196550;13;34;32;34;21;1650;1;1
2026-05-05 13:04:08.249;Pivô de Alta → Baixa (venda);-1;198100;34;21;19;21;8;1000;1;1
2026-05-05 14:28:00.815;Pivô de Baixa → Alta (compra);1;197200;21;8;6;8;2;350;2;2
2026-05-05 17:27:03.276;Pivô de Alta → Baixa (venda);-1;197450;8;2;0;2;56;50;2;2
2026-05-05 17:55:52.989;Pivô de Baixa → Alta (compra);1;197500;2;56;54;56;47;2750;5;5
2026-05-06 09:37:50.864;Pivô de Alta → Baixa (venda);-1;200150;56;47;45;47;14;2300;1;1
2026-05-06 11:14:08.142;Pivô de Baixa → Alta (compra);1;197950;47;14;12;14;12;650;1;1
2026-05-06 12:35:52.374;Pivô de Alta → Baixa (venda);-1;198500;14;12;10;12;4;550;1;1
2026-05-06 18:17:05.547;Pivô de Baixa → Alta (compra);1;198050;12;4;2;4;17;150;1;1
2026-05-07 09:00:55.585;Pivô de Alta → Baixa (venda);-1;198100;4;17;15;17;5;800;1;1
2026-05-07 09:31:11.336;Pivô de Baixa → Alta (compra);1;197400;17;5;3;5;53;200;1;1
2026-05-07 09:36:50.693;Pivô de Alta → Baixa (venda);-1;197500;5;53;51;53;4;2600;1;1
2026-05-07 10:43:47.836;Pivô de Baixa → Alta (compra);1;195000;53;4;2;4;13;150;1;1
2026-05-07 10:51:14.148;Pivô de Alta → Baixa (venda);-1;195050;4;13;11;13;1;600;1;1
2026-05-07 11:29:11.078;Pivô de Alta → Baixa (venda);-1;194450;1;24;22;24;41;1150;16;3
2026-05-07 18:14:59.993;Pivô de Baixa → Alta (compra);1;193400;24;41;39;41;2;2000;2;2
2026-05-08 09:51:15.374;Pivô de Alta → Baixa (venda);-1;195300;41;2;0;2;13;50;93;9
2026-05-08 10:06:37.314;Pivô de Baixa → Alta (compra);1;195350;2;13;11;13;46;600;1;1
2026-05-08 10:41:11.955;Pivô de Alta → Baixa (venda);-1;195850;13;46;44;46;10;2250;1;1
2026-05-11 09:15:12.344;Pivô de Baixa → Alta (compra);1;193700;46;10;8;10;41;450;1;1
2026-05-11 09:29:58.741;Pivô de Alta → Baixa (venda);-1;194050;10;41;39;41;2;2000;2;2
2026-05-11 16:19:56.486;Pivô de Baixa → Alta (compra);1;192150;41;2;0;2;24;50;1;1
2026-05-11 16:53:57.934;Pivô de Alta → Baixa (venda);-1;192100;2;24;22;24;10;1150;2;2
2026-05-12 09:21:26.926;Pivô de Baixa → Alta (compra);1;191050;24;10;8;10;28;450;40;3
2026-05-12 10:37:39.714;Pivô de Alta → Baixa (venda);-1;191400;10;28;26;28;2;1350;1;1
2026-05-12 13:47:17.756;Pivô de Baixa → Alta (compra);1;190150;28;2;0;2;5;50;1;1
2026-05-12 14:20:01.165;Pivô de Alta → Baixa (venda);-1;190100;2;5;3;5;16;200;7;2
2026-05-12 14:58:22.720;Pivô de Baixa → Alta (compra);1;190000;5;16;14;16;18;750;3;3
2026-05-12 15:32:44.780;Pivô de Alta → Baixa (venda);-1;190650;16;18;16;18;4;850;150;15
2026-05-13 09:44:11.883;Pivô de Baixa → Alta (compra);1;189900;18;4;2;4;7;150;4;4
2026-05-13 10:13:26.668;Pivô de Alta → Baixa (venda);-1;189950;4;7;5;7;4;300;1;1
2026-05-13 10:19:55.638;Pivô de Baixa → Alta (compra);1;189750;7;4;2;4;18;150;1;1
2026-05-13 10:22:57.445;Pivô de Alta → Baixa (venda);-1;189800;4;18;16;18;24;850;1;1
2026-05-13 10:37:00.420;Pivô de Baixa → Alta (compra);1;189050;18;24;22;24;3;1150;1;1
2026-05-13 11:40:21.741;Pivô de Alta → Baixa (venda);-1;190100;24;3;1;3;6;100;1;1
2026-05-13 12:17:08.182;Pivô de Baixa → Alta (compra);1;190100;3;6;4;6;4;250;3;3
2026-05-13 12:36:15.789;Pivô de Alta → Baixa (venda);-1;190250;6;4;2;4;5;150;6;6
2026-05-13 12:47:00.263;Pivô de Baixa → Alta (compra);1;190200;4;5;3;5;72;200;2;2
2026-05-13 13:25:07.382;Pivô de Alta → Baixa (venda);-1;190300;5;72;70;72;7;3550;9;4
2026-05-13 15:48:10.672;Pivô de Baixa → Alta (compra);1;186850;72;7;5;7;13;300;30;2
2026-05-13 16:18:48.767;Pivô de Alta → Baixa (venda);-1;187050;7;13;11;13;31;600;3;3
2026-05-13 18:22:53.359;Pivô de Baixa → Alta (compra);1;186550;13;31;29;31;1;1500;1;1
2026-05-14 09:35:25.545;Pivô de Baixa → Alta (compra);1;188050;1;5;3;5;4;200;1;1
2026-05-14 09:48:10.229;Pivô de Alta → Baixa (venda);-1;188150;5;4;2;4;23;150;1;1
2026-05-14 09:57:21.408;Pivô de Baixa → Alta (compra);1;188100;4;23;21;23;8;1100;10;1
2026-05-14 14:14:12.209;Pivô de Alta → Baixa (venda);-1;189100;23;8;6;8;3;350;1;1
2026-05-14 14:23:22.009;Pivô de Baixa → Alta (compra);1;188850;8;3;1;3;71;100;1;1
2026-05-14 14:54:37.097;Pivô de Alta → Baixa (venda);-1;188850;3;71;69;71;10;3500;1;1
2026-05-15 09:07:16.513;Pivô de Baixa → Alta (compra);1;185450;71;10;8;10;20;450;6;1
2026-05-15 09:29:03.261;Pivô de Alta → Baixa (venda);-1;185800;10;20;18;20;31;950;1;1
2026-05-15 10:51:24.343;Pivô de Baixa → Alta (compra);1;184950;20;31;29;31;9;1500;5;2
2026-05-15 11:22:30.870;Pivô de Alta → Baixa (venda);-1;186350;31;9;7;9;17;400;3;1
2026-05-15 16:05:55.986;Pivô de Baixa → Alta (compra);1;186050;9;17;15;17;4;800;1;1
2026-05-15 17:52:16.695;Pivô de Alta → Baixa (venda);-1;186750;17;4;2;4;10;150;1;1
2026-05-15 18:16:19.403;Pivô de Baixa → Alta (compra);1;186700;4;10;8;10;24;450;7;6
2026-05-15 18:22:22.036;Pivô de Alta → Baixa (venda);-1;187050;10;24;22;24;5;1150;6;1
2026-05-18 09:26:32.227;Pivô de Baixa → Alta (compra);1;186000;24;5;3;5;16;200;16;2
2026-05-18 12:35:13.177;Pivô de Alta → Baixa (venda);-1;186100;5;16;14;16;29;750;1;1
2026-05-18 15:45:06.019;Pivô de Baixa → Alta (compra);1;185450;16;29;27;29;45;1400;1;1
2026-05-18 18:19:43.099;Pivô de Alta → Baixa (venda);-1;186750;29;45;43;45;9;2200;1;1
2026-05-19 09:16:39.656;Pivô de Baixa → Alta (compra);1;184650;45;9;7;9;39;400;1;1
2026-05-19 09:22:12.185;Pivô de Alta → Baixa (venda);-1;184950;9;39;37;39;39;1900;1;1
2026-05-19 10:21:37.783;Pivô de Baixa → Alta (compra);1;183150;39;39;37;39;29;1900;1;1
2026-05-19 11:05:38.676;Pivô de Alta → Baixa (venda);-1;184950;39;29;27;29;12;1400;1;1
2026-05-19 13:21:37.962;Pivô de Baixa → Alta (compra);1;183650;29;12;10;12;20;550;1;1
2026-05-19 14:05:42.301;Pivô de Alta → Baixa (venda);-1;184100;12;20;18;20;10;950;1;1
2026-05-19 16:26:02.279;Pivô de Baixa → Alta (compra);1;183250;20;10;8;10;12;450;1;1
2026-05-19 18:03:15.559;Pivô de Alta → Baixa (venda);-1;183600;10;12;10;12;37;550;1;1
2026-05-20 09:00:50.738;Pivô de Baixa → Alta (compra);1;183150;12;37;35;37;12;1800;14;2
2026-05-20 09:07:29.051;Pivô de Alta → Baixa (venda);-1;184850;37;12;10;12;40;550;14;1
2026-05-20 09:39:34.332;Pivô de Baixa → Alta (compra);1;184400;12;40;38;40;10;1950;12;4
2026-05-20 10:56:26.358;Pivô de Alta → Baixa (venda);-1;186250;40;10;8;10;24;450;1;1
2026-05-20 11:09:34.776;Pivô de Baixa → Alta (compra);1;185900;10;24;22;24;25;1150;1;1
2026-05-20 15:46:10.783;Pivô de Alta → Baixa (venda);-1;186950;24;25;23;25;28;1200;1;1
2026-05-21 11:18:34.563;Pivô de Baixa → Alta (compra);1;185850;25;28;26;28;31;1350;10;1
2026-05-21 15:35:04.123;Pivô de Alta → Baixa (venda);-1;187100;28;31;29;31;3;1500;1;1
2026-05-22 10:19:18.596;Pivô de Baixa → Alta (compra);1;185700;31;3;1;3;34;100;2;1
2026-05-22 10:19:18.596;Pivô de Alta → Baixa (venda);-1;185700;3;34;32;34;69;1650;14;1
2026-05-22 11:52:43.555;Pivô de Baixa → Alta (compra);1;184150;34;69;67;69;43;3400;1;1
2026-05-25 09:07:02.231;Pivô de Alta → Baixa (venda);-1;187450;69;43;41;43;27;2100;1;1
2026-05-25 13:10:32.049;Pivô de Baixa → Alta (compra);1;185450;43;27;25;27;1;1300;6;2
2026-05-25 17:31:45.176;Pivô de Alta → Baixa (venda);-1;186650;1;14;12;14;9;650;1;1
2026-05-26 09:15:24.312;Pivô de Baixa → Alta (compra);1;186100;14;9;7;9;13;400;2;2
2026-05-26 09:30:12.014;Pivô de Alta → Baixa (venda);-1;186400;9;13;11;13;6;600;1;1
2026-05-26 10:05:56.217;Pivô de Baixa → Alta (compra);1;185900;13;6;4;6;28;250;1;1
2026-05-26 10:27:45.296;Pivô de Alta → Baixa (venda);-1;186050;6;28;26;28;5;1350;5;1
2026-05-26 11:35:52.969;Pivô de Baixa → Alta (compra);1;184800;28;5;3;5;9;200;2;1
2026-05-26 11:51:08.272;Pivô de Alta → Baixa (venda);-1;184900;5;9;7;9;2;400;3;1
2026-05-26 14:25:07.158;Pivô de Baixa → Alta (compra);1;184600;9;2;0;2;2;50;1;1
2026-05-26 15:11:07.766;Pivô de Alta → Baixa (venda);-1;184550;2;2;0;2;48;50;1;1
2026-05-26 15:19:14.248;Pivô de Baixa → Alta (compra);1;184600;2;48;46;48;8;2350;1;1
2026-05-27 09:32:11.983;Pivô de Alta → Baixa (venda);-1;186850;48;8;6;8;2;350;1;1
2026-05-27 09:39:25.318;Pivô de Baixa → Alta (compra);1;186600;8;2;0;2;45;50;21;4
2026-05-27 10:01:45.526;Pivô de Alta → Baixa (venda);-1;186550;2;45;43;45;8;2200;21;2
2026-05-27 14:26:39.083;Pivô de Baixa → Alta (compra);1;184450;45;8;6;8;11;350;1;1
2026-05-27 15:18:51.716;Pivô de Alta → Baixa (venda);-1;184700;8;11;9;11;4;500;15;2
2026-05-27 17:09:14.792;Pivô de Baixa → Alta (compra);1;184300;11;4;2;4;23;150;10;1
2026-05-27 17:40:50.782;Pivô de Alta → Baixa (venda);-1;184350;4;23;21;23;39;1100;1;1
2026-05-28 09:04:05.335;Pivô de Baixa → Alta (compra);1;183350;23;39;37;39;43;1900;30;3
2026-05-28 11:14:07.152;Pivô de Alta → Baixa (venda);-1;185150;39;43;41;43;10;2100;10;1
2026-05-28 18:08:45.947;Pivô de Baixa → Alta (compra);1;183150;43;10;8;10;4;450;1;1
2026-05-29 09:04:12.205;Pivô de Alta → Baixa (venda);-1;183500;10;4;2;4;2;150;22;2
2026-05-29 09:15:04.763;Pivô de Baixa → Alta (compra);1;183450;4;2;0;2;42;50;1;1
2026-05-29 09:20:28.113;Pivô de Alta → Baixa (venda);-1;183400;2;42;40;42;31;2050;1;1
2026-05-29 11:38:00.092;Pivô de Baixa → Alta (compra);1;181450;42;31;29;31;3;1500;1;1
2026-05-29 16:15:04.378;Pivô de Alta → Baixa (venda);-1;182850;31;3;1;3;11;100;1;1
2026-05-29 16:37:49.568;Pivô de Baixa → Alta (compra);1;182850;3;11;9;11;65;500;1;1
2026-06-01 09:05:19.492;Pivô de Alta → Baixa (venda);-1;183250;11;65;63;65;10;3200;10;1
2026-06-01 13:12:57.566;Pivô de Baixa → Alta (compra);1;180150;65;10;8;10;1;450;1;1
2026-06-01 18:23:12.381;Pivô de Baixa → Alta (compra);1;180600;1;18;16;18;8;850;1;1
2026-06-02 09:23:11.773;Pivô de Alta → Baixa (venda);-1;181350;18;8;6;8;41;350;3;3
2026-06-02 09:53:03.835;Pivô de Baixa → Alta (compra);1;181100;8;41;39;41;20;2000;9;2
2026-06-02 13:17:32.378;Pivô de Alta → Baixa (venda);-1;183000;41;20;18;20;3;950;2;2
2026-06-03 09:00:45.280;Pivô de Baixa → Alta (compra);1;182150;20;3;1;3;52;100;1;1
2026-06-03 09:02:28.922;Pivô de Alta → Baixa (venda);-1;182150;3;52;50;52;13;2550;1;1
2026-06-03 09:15:27.014;Pivô de Baixa → Alta (compra);1;179700;52;13;11;13;38;600;21;5
2026-06-03 10:44:35.770;Pivô de Alta → Baixa (venda);-1;180200;13;38;36;38;8;1850;1;1
2026-06-03 14:53:55.530;Pivô de Baixa → Alta (compra);1;178450;38;8;6;8;23;350;25;6
2026-06-05 09:01:07.022;Pivô de Alta → Baixa (venda);-1;178700;8;23;21;23;14;1100;10;2
2026-06-05 10:06:08.100;Pivô de Baixa → Alta (compra);1;177700;23;14;12;14;25;650;10;1
2026-06-05 10:54:55.470;Pivô de Alta → Baixa (venda);-1;178250;14;25;23;25;2;1200;1;1
2026-06-05 13:40:22.976;Pivô de Baixa → Alta (compra);1;177150;25;2;0;2;17;50;1;1
2026-06-05 14:38:58.478;Pivô de Alta → Baixa (venda);-1;177100;2;17;15;17;20;800;1;1
2026-06-05 18:15:36.116;Pivô de Baixa → Alta (compra);1;176400;17;20;18;20;25;950;2;2
2026-06-08 09:00:50.425;Pivô de Alta → Baixa (venda);-1;177250;20;25;23;25;27;1200;13;3
2026-06-08 14:10:11.380;Pivô de Baixa → Alta (compra);1;176150;25;27;25;27;25;1300;7;2
2026-06-09 09:05:18.936;Pivô de Alta → Baixa (venda);-1;177350;27;25;23;25;27;1200;3;3
2026-06-09 13:40:07.175;Pivô de Baixa → Alta (compra);1;176250;25;27;25;27;19;1300;30;2
2026-06-09 17:16:40.913;Pivô de Alta → Baixa (venda);-1;177450;27;19;17;19;2;900;2;2
2026-06-10 09:55:51.066;Pivô de Baixa → Alta (compra);1;176650;19;2;0;2;12;50;9;2
2026-06-10 11:17:43.663;Pivô de Alta → Baixa (venda);-1;176600;2;12;10;12;22;550;1;1
2026-06-10 18:31:00.001;Pivô de Baixa → Alta (compra);1;176150;12;22;20;22;21;1050;1;1
2026-06-11 09:14:56.411;Pivô de Alta → Baixa (venda);-1;177100;22;21;19;21;16;1000;1;1
2026-06-11 10:02:46.608;Pivô de Baixa → Alta (compra);1;176200;21;16;14;16;20;750;30;2
2026-06-11 10:32:09.952;Pivô de Alta → Baixa (venda);-1;176850;16;20;18;20;30;950;1;1
2026-06-11 14:17:01.480;Pivô de Baixa → Alta (compra);1;176000;20;30;28;30;2;1450;1;1
2026-06-11 14:30:42.749;Pivô de Alta → Baixa (venda);-1;177350;30;2;0;2;12;50;22;1
2026-06-11 14:32:54.435;Pivô de Baixa → Alta (compra);1;177400;2;12;10;12;12;550;1;1
2026-06-11 15:01:01.943;Pivô de Alta → Baixa (venda);-1;177850;12;12;10;12;42;550;2;2
2026-06-11 15:10:21.187;Pivô de Baixa → Alta (compra);1;177400;12;42;40;42;6;2050;10;1
2026-06-11 16:33:50.647;Pivô de Alta → Baixa (venda);-1;179350;42;6;4;6;6;250;3;1
2026-06-11 16:37:32.280;Pivô de Baixa → Alta (compra);1;179200;6;6;4;6;8;250;1;1
2026-06-11 16:43:06.718;Pivô de Alta → Baixa (venda);-1;179350;6;8;6;8;7;350;9;3
2026-06-11 16:55:10.019;Pivô de Baixa → Alta (compra);1;179100;8;7;5;7;8;300;1;1
2026-06-11 16:55:37.997;Pivô de Alta → Baixa (venda);-1;179300;7;8;6;8;9;350;1;1
2026-06-11 16:55:47.441;Pivô de Baixa → Alta (compra);1;179050;8;9;7;9;9;400;1;1
2026-06-11 16:55:55.617;Pivô de Alta → Baixa (venda);-1;179350;9;9;7;9;8;400;1;1
2026-06-11 16:56:11.873;Pivô de Baixa → Alta (compra);1;179050;9;8;6;8;8;350;1;1
2026-06-11 16:56:23.371;Pivô de Alta → Baixa (venda);-1;179300;8;8;6;8;8;350;1;1
2026-06-11 16:56:28.565;Pivô de Baixa → Alta (compra);1;179050;8;8;6;8;8;350;1;1
2026-06-11 16:56:34.493;Pivô de Alta → Baixa (venda);-1;179300;8;8;6;8;6;350;1;1
2026-06-11 16:56:39.813;Pivô de Baixa → Alta (compra);1;179050;8;6;4;6;4;250;1;1
2026-06-11 17:15:14.056;Pivô de Alta → Baixa (venda);-1;179200;6;4;2;4;3;150;2;1
2026-06-11 17:47:50.690;Pivô de Baixa → Alta (compra);1;179150;4;3;1;3;33;100;5;2
2026-06-11 17:47:54.450;Pivô de Alta → Baixa (venda);-1;179150;3;33;31;33;3;1600;7;2
2026-06-12 09:00:50.524;Pivô de Baixa → Alta (compra);1;177650;33;3;1;3;1;100;1;1
2026-06-12 09:01:46.225;Pivô de Baixa → Alta (compra);1;177750;1;25;23;25;30;1200;1;1
2026-06-12 09:03:10.931;Pivô de Alta → Baixa (venda);-1;178850;25;30;28;30;45;1450;1;1
2026-06-12 09:21:38.379;Pivô de Baixa → Alta (compra);1;177500;30;45;43;45;5;2200;3;3
2026-06-12 10:30:27.098;Pivô de Alta → Baixa (venda);-1;179600;45;5;3;5;1;200;1;1
2026-06-12 10:40:45.703;Pivô de Alta → Baixa (venda);-1;179400;1;21;19;21;22;1000;1;1
2026-06-12 10:45:18.270;Pivô de Baixa → Alta (compra);1;178500;21;22;20;22;5;1050;1;1
2026-06-12 11:03:38.358;Pivô de Alta → Baixa (venda);-1;179450;22;5;3;5;8;200;3;2
2026-06-12 11:11:43.170;Pivô de Baixa → Alta (compra);1;179350;5;8;6;8;22;350;4;2
2026-06-12 12:03:54.002;Pivô de Alta → Baixa (venda);-1;179600;8;22;20;22;60;1050;2;1
2026-06-12 18:30:00.003;Pivô de Baixa → Alta (compra);1;178650;22;60;58;60;30;2950;1;1
2026-06-15 10:22:48.562;Pivô de Alta → Baixa (venda);-1;181500;60;30;28;30;1;1450;8;6
2026-06-15 12:29:16.101;Pivô de Alta → Baixa (venda);-1;180050;1;45;43;45;5;2200;1;1
2026-06-15 16:27:00.535;Pivô de Baixa → Alta (compra);1;177950;45;5;3;5;5;200;5;1
2026-06-15 16:35:17.400;Pivô de Alta → Baixa (venda);-1;178050;5;5;3;5;1;200;10;1
2026-06-16 09:00:59.010;Pivô de Alta → Baixa (venda);-1;177850;1;12;10;12;7;550;1;1
2026-06-16 09:14:33.405;Pivô de Baixa → Alta (compra);1;177400;12;7;5;7;21;300;1;1
2026-06-16 09:22:36.537;Pivô de Alta → Baixa (venda);-1;177600;7;21;19;21;10;1000;1;1
2026-06-16 10:32:14.531;Pivô de Baixa → Alta (compra);1;176700;21;10;8;10;11;450;11;3
2026-06-16 10:52:03.388;Pivô de Alta → Baixa (venda);-1;177050;10;11;9;11;4;500;2;2
2026-06-16 11:30:28.987;Pivô de Baixa → Alta (compra);1;176650;11;4;2;4;2;150;2;2
2026-06-16 11:45:05.285;Pivô de Alta → Baixa (venda);-1;176700;4;2;0;2;9;50;1;1
2026-06-16 12:08:06.387;Pivô de Baixa → Alta (compra);1;176750;2;9;7;9;11;400;1;1
2026-06-16 13:37:55.364;Pivô de Alta → Baixa (venda);-1;177050;9;11;9;11;4;500;27;10
2026-06-16 17:49:19.881;Pivô de Baixa → Alta (compra);1;176650;11;4;2;4;13;150;2;2
2026-06-16 18:31:00.003;Pivô de Alta → Baixa (venda);-1;176700;4;13;11;13;19;600;2;1
2026-06-17 09:04:03.812;Pivô de Baixa → Alta (compra);1;176200;13;19;17;19;7;900;1;1
2026-06-17 09:07:15.845;Pivô de Alta → Baixa (venda);-1;177000;19;7;5;7;9;300;49;5
2026-06-17 09:09:08.733;Pivô de Baixa → Alta (compra);1;176800;7;9;7;9;9;400;6;3
2026-06-17 09:12:33.243;Pivô de Alta → Baixa (venda);-1;177100;9;9;7;9;14;400;3;2
2026-06-17 09:15:58.144;Pivô de Baixa → Alta (compra);1;176800;9;14;12;14;6;650;1;1
2026-06-17 09:28:58.348;Pivô de Alta → Baixa (venda);-1;177350;14;6;4;6;4;250;15;3
2026-06-17 09:39:37.328;Pivô de Baixa → Alta (compra);1;177200;6;4;2;4;1;150;1;1
2026-06-17 09:43:07.494;Pivô de Baixa → Alta (compra);1;177350;1;7;5;7;3;300;2;2
2026-06-17 09:58:41.261;Pivô de Alta → Baixa (venda);-1;177550;7;3;1;3;9;100;1;1
2026-06-17 10:01:07.404;Pivô de Baixa → Alta (compra);1;177550;3;9;7;9;1;400;1;1
2026-06-17 10:17:10.632;Pivô de Baixa → Alta (compra);1;177950;1;3;1;3;2;100;4;3
2026-06-17 10:17:16.631;Pivô de Alta → Baixa (venda);-1;177950;3;2;0;2;4;50;5;3
2026-06-17 10:17:23.458;Pivô de Baixa → Alta (compra);1;178000;2;4;2;4;5;150;6;2
2026-06-17 10:17:32.149;Pivô de Alta → Baixa (venda);-1;178050;4;5;3;5;9;200;9;4
2026-06-17 10:17:54.008;Pivô de Baixa → Alta (compra);1;177950;5;9;7;9;6;400;1;1
2026-06-17 10:24:24.426;Pivô de Alta → Baixa (venda);-1;178250;9;6;4;6;16;250;4;4
2026-06-17 10:28:00.270;Pivô de Baixa → Alta (compra);1;178100;6;16;14;16;10;750;2;2
2026-06-17 10:31:18.476;Pivô de Alta → Baixa (venda);-1;178750;16;10;8;10;1;450;2;2
2026-06-17 10:36:03.952;Pivô de Alta → Baixa (venda);-1;178300;1;8;6;8;3;350;5;3
2026-06-17 10:39:39.345;Pivô de Baixa → Alta (compra);1;178050;8;3;1;3;3;100;48;3
2026-06-17 10:39:46.602;Pivô de Alta → Baixa (venda);-1;178050;3;3;1;3;2;100;18;18
2026-06-17 10:39:51.241;Pivô de Baixa → Alta (compra);1;178050;3;2;0;2;4;50;4;4
2026-06-17 10:46:14.834;Pivô de Alta → Baixa (venda);-1;178000;2;4;2;4;11;150;4;4
2026-06-17 10:54:59.135;Pivô de Baixa → Alta (compra);1;177950;4;11;9;11;8;500;23;21
2026-06-17 11:09:48.102;Pivô de Alta → Baixa (venda);-1;178350;11;8;6;8;12;350;1;1
2026-06-17 11:18:19.584;Pivô de Baixa → Alta (compra);1;178100;8;12;10;12;6;550;2;2
2026-06-17 11:31:16.716;Pivô de Alta → Baixa (venda);-1;178550;12;6;4;6;2;250;31;4
2026-06-17 11:35:32.437;Pivô de Baixa → Alta (compra);1;178400;6;2;0;2;6;50;27;1
2026-06-17 11:35:59.224;Pivô de Alta → Baixa (venda);-1;178350;2;6;4;6;4;250;1;1
2026-06-17 11:47:34.860;Pivô de Baixa → Alta (compra);1;178200;6;4;2;4;5;150;1;1
2026-06-17 11:52:36.811;Pivô de Alta → Baixa (venda);-1;178250;4;5;3;5;2;200;1;1
2026-06-17 12:05:23.619;Pivô de Baixa → Alta (compra);1;178150;5;2;0;2;3;50;1;1
2026-06-17 12:14:07.735;Pivô de Alta → Baixa (venda);-1;178100;2;3;1;3;5;100;4;3
2026-06-17 12:19:04.141;Pivô de Baixa → Alta (compra);1;178100;3;5;3;5;1;200;1;1
2026-06-17 12:41:28.725;Pivô de Baixa → Alta (compra);1;178300;1;7;5;7;2;300;1;1
2026-06-17 13:25:09.299;Pivô de Alta → Baixa (venda);-1;178500;7;2;0;2;2;50;3;2
2026-06-17 13:36:43.012;Pivô de Baixa → Alta (compra);1;178550;2;2;0;2;2;50;2;1
2026-06-17 13:38:23.601;Pivô de Alta → Baixa (venda);-1;178500;2;2;0;2;3;50;3;2
2026-06-17 13:45:08.253;Pivô de Baixa → Alta (compra);1;178550;2;3;1;3;1;100;2;2
2026-06-17 13:51:33.036;Pivô de Baixa → Alta (compra);1;178650;1;4;2;4;2;150;10;3
2026-06-17 13:57:18.414;Pivô de Alta → Baixa (venda);-1;178700;4;2;0;2;8;50;2;2
2026-06-17 13:57:44.529;Pivô de Baixa → Alta (compra);1;178750;2;8;6;8;15;350;1;1
2026-06-17 14:10:25.784;Pivô de Alta → Baixa (venda);-1;179000;8;15;13;15;4;700;1;1
2026-06-17 14:40:30.919;Pivô de Baixa → Alta (compra);1;178400;15;4;2;4;2;150;4;4
2026-06-17 14:45:43.639;Pivô de Alta → Baixa (venda);-1;178450;4;2;0;2;6;50;4;2
2026-06-17 14:47:58.068;Pivô de Baixa → Alta (compra);1;178500;2;6;4;6;14;250;1;1
2026-06-17 14:54:12.546;Pivô de Alta → Baixa (venda);-1;178650;6;14;12;14;1;650;1;1
2026-06-17 15:02:06.054;Pivô de Alta → Baixa (venda);-1;178000;1;10;8;10;3;450;1;1
2026-06-17 15:03:47.093;Pivô de Baixa → Alta (compra);1;177650;10;3;1;3;13;100;1;1
2026-06-17 15:04:14.788;Pivô de Alta → Baixa (venda);-1;177650;3;13;11;13;6;600;2;2
2026-06-17 15:05:51.100;Pivô de Baixa → Alta (compra);1;177150;13;6;4;6;3;250;6;5
2026-06-17 15:11:58.619;Pivô de Alta → Baixa (venda);-1;177300;6;3;1;3;1;100;2;2
2026-06-17 15:19:38.016;Pivô de Alta → Baixa (venda);-1;177200;1;2;0;2;5;50;6;6
2026-06-17 15:27:10.589;Pivô de Baixa → Alta (compra);1;177250;2;5;3;5;1;200;11;2
2026-06-17 15:32:24.971;Pivô de Baixa → Alta (compra);1;177450;1;3;1;3;4;100;50;10
2026-06-17 15:32:37.253;Pivô de Alta → Baixa (venda);-1;177450;3;4;2;4;8;150;1;1
2026-06-17 15:33:39.530;Pivô de Baixa → Alta (compra);1;177400;4;8;6;8;53;350;1;1
2026-06-17 15:45:06.740;Pivô de Alta → Baixa (venda);-1;177650;8;53;51;53;4;2600;2;2
2026-06-17 16:44:17.250;Pivô de Baixa → Alta (compra);1;175150;53;4;2;4;1;150;3;2
2026-06-17 17:15:01.926;Pivô de Baixa → Alta (compra);1;175300;1;3;1;3;6;100;15;6
2026-06-17 17:26:47.618;Pivô de Alta → Baixa (venda);-1;175300;3;6;4;6;2;250;25;8
2026-06-17 18:15:12.074;Pivô de Baixa → Alta (compra);1;175150;6;2;0;2;2;50;1;1
2026-06-17 18:15:22.872;Pivô de Alta → Baixa (venda);-1;175100;2;2;0;2;3;50;6;1
2026-06-17 18:16:02.409;Pivô de Baixa → Alta (compra);1;175150;2;3;1;3;1;100;10;5
2026-06-18 09:02:14.964;Pivô de Baixa → Alta (compra);1;175250;1;5;3;5;25;200;2;1
2026-06-18 09:02:47.958;Pivô de Alta → Baixa (venda);-1;175350;5;25;23;25;5;1200;4;3
2026-06-18 09:04:54.006;Pivô de Baixa → Alta (compra);1;174250;25;5;3;5;2;200;5;2
2026-06-18 09:05:10.158;Pivô de Alta → Baixa (venda);-1;174350;5;2;0;2;6;50;5;2
2026-06-18 09:05:14.462;Pivô de Baixa → Alta (compra);1;174400;2;6;4;6;12;250;9;6
2026-06-18 09:05:55.974;Pivô de Alta → Baixa (venda);-1;174550;6;12;10;12;19;550;4;3
2026-06-18 09:08:08.512;Pivô de Baixa → Alta (compra);1;174100;12;19;17;19;3;900;27;5
2026-06-18 09:14:47.948;Pivô de Alta → Baixa (venda);-1;174900;19;3;1;3;1;100;242;13
2026-06-18 09:20:58.056;Pivô de Baixa → Alta (compra);1;174900;1;3;1;3;4;100;2;2
2026-06-18 09:21:56.482;Pivô de Alta → Baixa (venda);-1;174900;3;4;2;4;1;150;131;11
2026-06-18 09:22:36.996;Pivô de Baixa → Alta (compra);1;174850;1;5;3;5;3;200;49;20
2026-06-18 09:32:14.831;Pivô de Alta → Baixa (venda);-1;174950;5;3;1;3;1;100;34;7
2026-06-18 09:37:42.188;Pivô de Baixa → Alta (compra);1;174950;1;6;4;6;1;250;64;11
2026-06-18 09:40:44.416;Pivô de Baixa → Alta (compra);1;175200;1;2;0;2;4;50;17;11
2026-06-18 09:42:15.021;Pivô de Alta → Baixa (venda);-1;175150;2;4;2;4;11;150;7;4
2026-06-18 09:47:58.130;Pivô de Baixa → Alta (compra);1;175100;4;11;9;11;8;500;2;2
2026-06-18 10:03:18.993;Pivô de Alta → Baixa (venda);-1;175500;11;8;6;8;5;350;8;5
2026-06-18 10:04:26.383;Pivô de Baixa → Alta (compra);1;175250;8;5;3;5;6;200;11;2
2026-06-18 10:06:46.073;Pivô de Alta → Baixa (venda);-1;175350;5;6;4;6;5;250;3;3
2026-06-18 10:14:08.346;Pivô de Baixa → Alta (compra);1;175200;6;5;3;5;7;200;18;8
2026-06-18 10:17:39.887;Pivô de Alta → Baixa (venda);-1;175300;5;7;5;7;1;300;16;5
2026-06-18 10:25:00.575;Pivô de Alta → Baixa (venda);-1;175000;1;3;1;3;15;100;3;1
2026-06-18 10:25:48.450;Pivô de Baixa → Alta (compra);1;175000;3;15;13;15;4;700;5;5
2026-06-18 10:31:32.003;Pivô de Alta → Baixa (venda);-1;175600;15;4;2;4;4;150;98;14
2026-06-18 10:33:46.104;Pivô de Baixa → Alta (compra);1;175550;4;4;2;4;6;150;7;4
2026-06-18 10:38:50.256;Pivô de Alta → Baixa (venda);-1;175600;4;6;4;6;6;250;1;1
2026-06-18 10:40:20.496;Pivô de Baixa → Alta (compra);1;175450;6;6;4;6;2;250;125;20
2026-06-18 10:42:27.465;Pivô de Alta → Baixa (venda);-1;175600;6;2;0;2;7;50;30;3
2026-06-18 10:43:06.018;Pivô de Baixa → Alta (compra);1;175650;2;7;5;7;3;300;3;3
2026-06-18 10:44:59.970;Pivô de Alta → Baixa (venda);-1;175850;7;3;1;3;1;100;1;1
2026-06-18 10:47:35.532;Pivô de Baixa → Alta (compra);1;175850;1;8;6;8;6;350;14;5
2026-06-18 10:50:36.174;Pivô de Alta → Baixa (venda);-1;176100;8;6;4;6;2;250;61;14
2026-06-18 10:54:03.821;Pivô de Baixa → Alta (compra);1;175950;6;2;0;2;2;50;54;10
2026-06-18 10:54:37.300;Pivô de Alta → Baixa (venda);-1;175900;2;2;0;2;1;50;29;10
2026-06-18 10:58:58.887;Pivô de Alta → Baixa (venda);-1;175850;1;3;1;3;1;100;3;3
2026-06-18 11:02:12.785;Pivô de Baixa → Alta (compra);1;175850;1;3;1;3;1;100;5;2
2026-06-18 11:04:31.367;Pivô de Baixa → Alta (compra);1;175950;1;2;0;2;1;50;9;9
2026-06-18 11:11:52.119;Pivô de Baixa → Alta (compra);1;176000;1;7;5;7;1;300;15;6
2026-06-18 11:29:03.336;Pivô de Baixa → Alta (compra);1;176300;1;6;4;6;3;250;5;1
2026-06-18 11:32:04.116;Pivô de Alta → Baixa (venda);-1;176450;6;3;1;3;5;100;2;2
2026-06-18 11:36:28.918;Pivô de Baixa → Alta (compra);1;176450;3;5;3;5;11;200;22;4
2026-06-18 11:37:57.633;Pivô de Alta → Baixa (venda);-1;176550;5;11;9;11;2;500;139;23
2026-06-18 11:47:51.943;Pivô de Baixa → Alta (compra);1;176150;11;2;0;2;4;50;3;3
2026-06-18 11:49:02.817;Pivô de Alta → Baixa (venda);-1;176100;2;4;2;4;2;150;6;2
2026-06-18 11:52:40.595;Pivô de Baixa → Alta (compra);1;176050;4;2;0;2;7;50;25;6
2026-06-18 11:57:39.820;Pivô de Alta → Baixa (venda);-1;176000;2;7;5;7;2;300;6;4
2026-06-18 12:09:36.901;Pivô de Baixa → Alta (compra);1;175800;7;2;0;2;4;50;10;6
2026-06-18 12:11:54.536;Pivô de Alta → Baixa (venda);-1;175750;2;4;2;4;3;150;1;1
2026-06-18 12:12:46.064;Pivô de Baixa → Alta (compra);1;175700;4;3;1;3;3;100;5;4
2026-06-18 12:15:56.773;Pivô de Alta → Baixa (venda);-1;175700;3;3;1;3;2;100;12;12
2026-06-18 12:18:50.802;Pivô de Baixa → Alta (compra);1;175700;3;2;0;2;3;50;4;4
2026-06-18 12:20:40.980;Pivô de Alta → Baixa (venda);-1;175650;2;3;1;3;2;100;6;4
2026-06-18 12:25:43.946;Pivô de Baixa → Alta (compra);1;175650;3;2;0;2;6;50;3;3
2026-06-18 12:28:13.854;Pivô de Alta → Baixa (venda);-1;175600;2;6;4;6;3;250;11;8
2026-06-18 12:36:09.893;Pivô de Baixa → Alta (compra);1;175450;6;3;1;3;11;100;33;20
2026-06-18 12:52:12.251;Pivô de Alta → Baixa (venda);-1;175450;3;11;9;11;3;500;2;2
2026-06-18 13:20:24.641;Pivô de Baixa → Alta (compra);1;175050;11;3;1;3;1;100;11;5
2026-06-18 13:33:33.929;Pivô de Baixa → Alta (compra);1;175150;1;5;3;5;4;200;26;16
2026-06-18 14:01:33.651;Pivô de Alta → Baixa (venda);-1;175250;5;4;2;4;3;150;16;16
2026-06-18 14:11:18.203;Pivô de Baixa → Alta (compra);1;175200;4;3;1;3;5;100;13;9
2026-06-18 14:17:37.141;Pivô de Alta → Baixa (venda);-1;175200;3;5;3;5;3;200;35;23
2026-06-18 14:43:13.630;Pivô de Baixa → Alta (compra);1;175100;5;3;1;3;5;100;30;29
2026-06-18 14:53:08.455;Pivô de Alta → Baixa (venda);-1;175100;3;5;3;5;11;200;5;4
2026-06-18 15:06:06.087;Pivô de Baixa → Alta (compra);1;175000;5;11;9;11;4;500;16;15
2026-06-18 15:30:46.142;Pivô de Alta → Baixa (venda);-1;175400;11;4;2;4;2;150;61;28
2026-06-18 15:57:32.074;Pivô de Baixa → Alta (compra);1;175350;4;2;0;2;5;50;38;11
2026-06-18 16:22:48.327;Pivô de Alta → Baixa (venda);-1;175300;2;5;3;5;10;200;47;28
2026-06-18 16:41:13.951;Pivô de Baixa → Alta (compra);1;175200;5;10;8;10;7;450;51;20
2026-06-18 18:31:25.645;Pivô de Alta → Baixa (venda);-1;175550;10;7;5;7;11;300;5;1
2026-06-19 09:00:47.540;Pivô de Baixa → Alta (compra);1;175350;7;11;9;11;15;500;11;4
2026-06-19 09:03:21.576;Pivô de Alta → Baixa (venda);-1;175750;11;15;13;15;3;700;8;3
2026-06-19 09:03:43.104;Pivô de Baixa → Alta (compra);1;175150;15;3;1;3;2;100;299;26
2026-06-19 09:04:04.027;Pivô de Alta → Baixa (venda);-1;175150;3;2;0;2;2;50;2;2
2026-06-19 09:04:09.079;Pivô de Baixa → Alta (compra);1;175200;2;2;0;2;8;50;46;10
2026-06-19 09:04:18.104;Pivô de Alta → Baixa (venda);-1;175150;2;8;6;8;2;350;1;1
2026-06-19 09:11:17.701;Pivô de Baixa → Alta (compra);1;174900;8;2;0;2;4;50;360;89
2026-06-19 09:12:54.168;Pivô de Alta → Baixa (venda);-1;174850;2;4;2;4;3;150;9;9
2026-06-19 09:16:36.524;Pivô de Baixa → Alta (compra);1;174800;4;3;1;3;2;100;70;21
2026-06-19 09:19:31.356;Pivô de Alta → Baixa (venda);-1;174800;3;2;0;2;1;50;6;2
2026-06-19 09:24:18.179;Pivô de Alta → Baixa (venda);-1;174750;1;3;1;3;7;100;25;8
2026-06-19 09:27:03.063;Pivô de Baixa → Alta (compra);1;174750;3;7;5;7;2;300;187;26
2026-06-19 09:44:20.247;Pivô de Alta → Baixa (venda);-1;174950;7;2;0;2;7;50;4;4
2026-06-19 09:47:53.126;Pivô de Baixa → Alta (compra);1;175000;2;7;5;7;1;300;8;6
2026-06-19 09:56:14.034;Pivô de Alta → Baixa (venda);-1;175200;1;2;0;2;9;50;23;16
2026-06-19 10:00:02.376;Pivô de Baixa → Alta (compra);1;175250;2;9;7;9;11;400;11;11
2026-06-19 10:11:40.197;Pivô de Alta → Baixa (venda);-1;175550;9;11;9;11;9;500;4;4
2026-06-19 10:17:27.218;Pivô de Baixa → Alta (compra);1;175150;11;9;7;9;12;400;6;4
2026-06-19 10:26:50.566;Pivô de Alta → Baixa (venda);-1;175450;9;12;10;12;6;550;18;16
2026-06-19 10:32:02.746;Pivô de Baixa → Alta (compra);1;175000;12;6;4;6;2;250;1;1
2026-06-19 10:40:07.211;Pivô de Alta → Baixa (venda);-1;175150;6;2;0;2;1;50;2;2
2026-06-19 10:43:26.289;Pivô de Alta → Baixa (venda);-1;175100;1;12;10;12;15;550;19;17
2026-06-19 10:56:51.880;Pivô de Baixa → Alta (compra);1;174650;12;15;13;15;4;700;58;30
2026-06-19 11:13:09.996;Pivô de Alta → Baixa (venda);-1;175250;15;4;2;4;4;150;8;8
2026-06-19 11:21:38.341;Pivô de Baixa → Alta (compra);1;175200;4;4;2;4;4;150;4;4
2026-06-19 11:31:58.083;Pivô de Alta → Baixa (venda);-1;175250;4;4;2;4;3;150;32;21
2026-06-19 11:46:45.268;Pivô de Baixa → Alta (compra);1;175200;4;3;1;3;1;100;3;3
2026-06-19 12:01:36.373;Pivô de Baixa → Alta (compra);1;175300;1;4;2;4;9;150;3;3
2026-06-19 12:12:54.822;Pivô de Alta → Baixa (venda);-1;175350;4;9;7;9;2;400;13;9
2026-06-19 13:08:53.743;Pivô de Baixa → Alta (compra);1;175050;9;2;0;2;6;50;21;7
2026-06-19 13:27:58.020;Pivô de Alta → Baixa (venda);-1;175000;2;6;4;6;6;250;6;6
2026-06-19 13:55:43.784;Pivô de Baixa → Alta (compra);1;174850;6;6;4;6;1;250;105;12
2026-06-19 14:29:27.931;Pivô de Baixa → Alta (compra);1;175100;1;8;6;8;1;350;94;69
2026-06-19 14:47:06.877;Pivô de Baixa → Alta (compra);1;175450;1;4;2;4;3;150;63;11
2026-06-19 14:51:44.186;Pivô de Alta → Baixa (venda);-1;175500;4;3;1;3;1;100;14;11
2026-06-19 15:16:25.389;Pivô de Alta → Baixa (venda);-1;175400;1;2;0;2;1;50;21;16
2026-06-19 15:43:00.693;Pivô de Alta → Baixa (venda);-1;175350;1;7;5;7;4;300;12;8
2026-06-19 16:43:09.022;Pivô de Baixa → Alta (compra);1;175150;7;4;2;4;4;150;62;9
2026-06-19 16:49:59.277;Pivô de Alta → Baixa (venda);-1;175200;4;4;2;4;2;150;10;8
2026-06-19 17:00:06.570;Pivô de Baixa → Alta (compra);1;175150;4;2;0;2;2;50;44;13
2026-06-19 17:12:22.753;Pivô de Alta → Baixa (venda);-1;175100;2;2;0;2;3;50;4;2
2026-06-19 17:39:06.638;Pivô de Baixa → Alta (compra);1;175150;2;3;1;3;3;100;64;24
2026-06-19 18:01:57.593;Pivô de Alta → Baixa (venda);-1;175150;3;3;1;3;10;100;688;31
2026-06-19 18:15:02.678;Pivô de Baixa → Alta (compra);1;175150;3;10;8;10;15;450;20;2
2026-06-19 18:22:07.427;Pivô de Alta → Baixa (venda);-1;175500;10;15;13;15;2;700;28;6
2026-06-22 09:01:15.459;Pivô de Baixa → Alta (compra);1;174900;15;2;0;2;13;50;7;3
2026-06-22 09:01:18.505;Pivô de Alta → Baixa (venda);-1;174850;2;13;11;13;4;600;7;3
2026-06-22 09:02:04.505;Pivô de Baixa → Alta (compra);1;174350;13;4;2;4;8;150;35;9
2026-06-22 09:02:30.402;Pivô de Alta → Baixa (venda);-1;174400;4;8;6;8;3;350;16;14
2026-06-22 09:03:48.496;Pivô de Baixa → Alta (compra);1;174150;8;3;1;3;4;100;76;18
2026-06-22 09:04:00.959;Pivô de Alta → Baixa (venda);-1;174150;3;4;2;4;2;150;4;3
2026-06-22 09:04:26.211;Pivô de Baixa → Alta (compra);1;174100;4;2;0;2;2;50;58;18
2026-06-22 09:05:20.683;Pivô de Alta → Baixa (venda);-1;174050;2;2;0;2;13;50;21;11
2026-06-22 09:05:44.702;Pivô de Baixa → Alta (compra);1;174100;2;13;11;13;2;600;9;8
2026-06-22 09:12:46.222;Pivô de Alta → Baixa (venda);-1;174600;13;2;0;2;11;50;10;9
2026-06-22 09:13:23.399;Pivô de Baixa → Alta (compra);1;174650;2;11;9;11;7;500;29;26
2026-06-22 09:18:27.272;Pivô de Alta → Baixa (venda);-1;175050;11;7;5;7;2;300;62;13
2026-06-22 09:20:34.331;Pivô de Baixa → Alta (compra);1;174850;7;2;0;2;2;50;63;17
2026-06-22 09:21:04.787;Pivô de Alta → Baixa (venda);-1;174800;2;2;0;2;6;50;18;7
2026-06-22 09:23:27.160;Pivô de Baixa → Alta (compra);1;174850;2;6;4;6;1;250;8;7
2026-06-22 09:37:52.509;Pivô de Baixa → Alta (compra);1;175100;1;3;1;3;2;100;14;10
2026-06-22 09:44:47.515;Pivô de Alta → Baixa (venda);-1;175100;3;2;0;2;3;50;12;6
2026-06-22 09:50:22.000;Pivô de Baixa → Alta (compra);1;175150;2;3;1;3;2;100;4;4
2026-06-22 09:54:20.126;Pivô de Alta → Baixa (venda);-1;175150;3;2;0;2;12;50;81;28
2026-06-22 09:57:38.468;Pivô de Baixa → Alta (compra);1;175200;2;12;10;12;4;550;33;16
2026-06-22 10:03:43.334;Pivô de Alta → Baixa (venda);-1;175650;12;4;2;4;7;150;7;5
2026-06-22 10:04:53.140;Pivô de Baixa → Alta (compra);1;175600;4;7;5;7;1;300;18;6
2026-06-22 10:08:05.066;Pivô de Baixa → Alta (compra);1;175900;1;2;0;2;3;50;15;8
2026-06-22 10:08:20.745;Pivô de Alta → Baixa (venda);-1;175850;2;3;1;3;18;100;38;14
2026-06-22 10:10:38.397;Pivô de Baixa → Alta (compra);1;175850;3;18;16;18;1;850;38;14
2026-06-22 10:16:32.852;Pivô de Baixa → Alta (compra);1;176700;1;4;2;4;4;150;39;13
2026-06-22 10:17:54.268;Pivô de Alta → Baixa (venda);-1;176750;4;4;2;4;10;150;214;18
2026-06-22 10:21:01.029;Pivô de Baixa → Alta (compra);1;176700;4;10;8;10;21;450;8;5
2026-06-22 10:25:40.030;Pivô de Alta → Baixa (venda);-1;177050;10;21;19;21;5;1000;20;15
2026-06-22 10:36:40.520;Pivô de Baixa → Alta (compra);1;176150;21;5;3;5;6;200;1;1
2026-06-22 10:38:40.026;Pivô de Alta → Baixa (venda);-1;176250;5;6;4;6;7;250;8;7
2026-06-22 10:43:18.870;Pivô de Baixa → Alta (compra);1;176100;6;7;5;7;2;300;2;2
2026-06-22 10:47:28.984;Pivô de Alta → Baixa (venda);-1;176300;7;2;0;2;11;50;3;2
2026-06-22 10:47:54.919;Pivô de Baixa → Alta (compra);1;176350;2;11;9;11;6;500;1;1
2026-06-22 10:54:43.662;Pivô de Alta → Baixa (venda);-1;176750;11;6;4;6;3;250;7;6
2026-06-22 11:00:28.765;Pivô de Baixa → Alta (compra);1;176600;6;3;1;3;1;100;6;4
2026-06-22 11:08:02.616;Pivô de Baixa → Alta (compra);1;176700;1;7;5;7;3;300;23;4
2026-06-22 11:14:31.882;Pivô de Alta → Baixa (venda);-1;176900;7;3;1;3;4;100;18;10
2026-06-22 11:21:40.022;Pivô de Baixa → Alta (compra);1;176900;3;4;2;4;5;150;10;9
2026-06-22 11:26:35.247;Pivô de Alta → Baixa (venda);-1;176950;4;5;3;5;6;200;103;8
2026-06-22 11:32:51.583;Pivô de Baixa → Alta (compra);1;176850;5;6;4;6;3;250;16;5
2026-06-22 11:47:04.133;Pivô de Alta → Baixa (venda);-1;177000;6;3;1;3;12;100;11;2
2026-06-22 11:52:44.562;Pivô de Baixa → Alta (compra);1;177000;3;12;10;12;5;550;3;3
2026-06-22 12:00:11.212;Pivô de Alta → Baixa (venda);-1;177450;12;5;3;5;1;200;9;7
2026-06-22 12:14:46.713;Pivô de Alta → Baixa (venda);-1;177250;1;4;2;4;2;150;11;10
2026-06-22 12:22:01.875;Pivô de Baixa → Alta (compra);1;177200;4;2;0;2;4;50;20;15
2026-06-22 12:27:02.488;Pivô de Alta → Baixa (venda);-1;177150;2;4;2;4;1;150;17;12
2026-06-22 12:56:01.098;Pivô de Alta → Baixa (venda);-1;177000;1;5;3;5;4;200;2;1
2026-06-22 13:06:03.354;Pivô de Baixa → Alta (compra);1;176900;5;4;2;4;2;150;21;19
2026-06-22 13:20:29.063;Pivô de Alta → Baixa (venda);-1;176950;4;2;0;2;10;50;31;8
2026-06-22 13:22:41.069;Pivô de Baixa → Alta (compra);1;177000;2;10;8;10;1;450;4;4
2026-06-22 14:07:20.466;Pivô de Baixa → Alta (compra);1;177450;1;2;0;2;10;50;93;22
2026-06-22 14:15:22.870;Pivô de Alta → Baixa (venda);-1;177400;2;10;8;10;7;450;9;4
2026-06-22 14:36:39.803;Pivô de Baixa → Alta (compra);1;177050;10;7;5;7;1;300;34;5
2026-06-22 15:32:56.953;Pivô de Baixa → Alta (compra);1;177350;1;2;0;2;1;50;12;8
2026-06-22 15:52:44.137;Pivô de Baixa → Alta (compra);1;177400;1;4;2;4;3;150;15;11
2026-06-22 16:05:35.033;Pivô de Alta → Baixa (venda);-1;177450;4;3;1;3;1;100;39;29
2026-06-22 16:39:58.044;Pivô de Alta → Baixa (venda);-1;177350;1;7;5;7;5;300;7;4
2026-06-22 17:07:47.823;Pivô de Baixa → Alta (compra);1;177150;7;5;3;5;29;200;36;10
2026-06-22 17:54:33.070;Pivô de Alta → Baixa (venda);-1;177250;5;29;27;29;1;1400;1865;191
2026-06-23 09:01:03.183;Pivô de Alta → Baixa (venda);-1;175850;1;14;12;14;7;650;4;3
2026-06-23 09:06:16.068;Pivô de Baixa → Alta (compra);1;175300;14;7;5;7;2;300;532;45
2026-06-23 09:06:51.047;Pivô de Alta → Baixa (venda);-1;175500;7;2;0;2;7;50;1;1
2026-06-23 09:07:11.535;Pivô de Baixa → Alta (compra);1;175550;2;7;5;7;4;300;47;28
2026-06-23 09:08:59.695;Pivô de Alta → Baixa (venda);-1;175750;7;4;2;4;1;150;3;3
2026-06-23 09:09:44.776;Pivô de Alta → Baixa (venda);-1;175600;1;3;1;3;3;100;19;9
2026-06-23 09:12:06.242;Pivô de Baixa → Alta (compra);1;175600;3;3;1;3;3;100;29;25
2026-06-23 09:19:39.886;Pivô de Alta → Baixa (venda);-1;175600;3;3;1;3;1;100;24;14
2026-06-23 09:23:49.087;Pivô de Alta → Baixa (venda);-1;175500;1;3;1;3;4;100;116;41
2026-06-23 09:30:02.279;Pivô de Baixa → Alta (compra);1;175500;3;4;2;4;7;150;4;4
2026-06-23 09:31:28.240;Pivô de Alta → Baixa (venda);-1;175550;4;7;5;7;3;300;34;12
2026-06-23 09:52:49.945;Pivô de Baixa → Alta (compra);1;175350;7;3;1;3;2;100;32;12
2026-06-23 09:54:10.825;Pivô de Alta → Baixa (venda);-1;175350;3;2;0;2;3;50;16;14
2026-06-23 09:57:22.527;Pivô de Baixa → Alta (compra);1;175400;2;3;1;3;6;100;18;7
2026-06-23 10:00:22.157;Pivô de Alta → Baixa (venda);-1;175400;3;6;4;6;12;250;17;8
2026-06-23 10:07:38.023;Pivô de Baixa → Alta (compra);1;175250;6;12;10;12;4;550;213;54
2026-06-23 10:15:36.771;Pivô de Alta → Baixa (venda);-1;175700;12;4;2;4;2;150;28;4
2026-06-23 10:16:34.973;Pivô de Baixa → Alta (compra);1;175650;4;2;0;2;6;50;52;25
2026-06-23 10:19:58.695;Pivô de Alta → Baixa (venda);-1;175600;2;6;4;6;17;250;38;16
2026-06-23 10:23:01.890;Pivô de Baixa → Alta (compra);1;175450;6;17;15;17;3;800;61;14
2026-06-23 10:30:46.326;Pivô de Alta → Baixa (venda);-1;176150;17;3;1;3;9;100;102;7
2026-06-23 10:31:07.496;Pivô de Baixa → Alta (compra);1;176150;3;9;7;9;1;400;1;1
2026-06-23 10:33:36.127;Pivô de Baixa → Alta (compra);1;176550;1;5;3;5;1;200;17;10
2026-06-23 10:37:28.818;Pivô de Alta → Baixa (venda);-1;176650;1;6;4;6;4;250;115;10
2026-06-23 10:39:20.238;Pivô de Baixa → Alta (compra);1;176500;6;4;2;4;6;150;59;11
2026-06-23 10:39:38.118;Pivô de Alta → Baixa (venda);-1;176550;4;6;4;6;1;250;33;3
2026-06-23 10:42:42.759;Pivô de Alta → Baixa (venda);-1;176300;1;7;5;7;12;300;19;2
2026-06-23 10:47:23.532;Pivô de Baixa → Alta (compra);1;176100;7;12;10;12;1;550;25;6
2026-06-23 10:59:34.859;Pivô de Baixa → Alta (compra);1;176650;1;10;8;10;1;450;14;13
2026-06-23 11:07:41.853;Pivô de Alta → Baixa (venda);-1;177000;1;6;4;6;12;250;14;12
2026-06-23 11:15:04.285;Pivô de Baixa → Alta (compra);1;176850;6;12;10;12;4;550;2;2
2026-06-23 11:24:08.593;Pivô de Alta → Baixa (venda);-1;177300;12;4;2;4;5;150;2;2
2026-06-23 11:26:23.062;Pivô de Baixa → Alta (compra);1;177250;4;5;3;5;3;200;19;12
2026-06-23 11:29:10.991;Pivô de Alta → Baixa (venda);-1;177350;5;3;1;3;6;100;22;16
2026-06-23 11:34:03.763;Pivô de Baixa → Alta (compra);1;177350;3;6;4;6;1;250;1;1
2026-06-23 11:46:58.146;Pivô de Baixa → Alta (compra);1;177600;1;6;4;6;5;250;2;2
2026-06-23 11:52:36.559;Pivô de Alta → Baixa (venda);-1;177750;6;5;3;5;7;200;143;23
2026-06-23 11:57:13.141;Pivô de Baixa → Alta (compra);1;177650;5;7;5;7;13;300;30;13
2026-06-23 12:06:23.041;Pivô de Alta → Baixa (venda);-1;177850;7;13;11;13;19;600;37;26
2026-06-23 12:47:22.692;Pivô de Baixa → Alta (compra);1;177350;13;19;17;19;4;900;8;8
2026-06-23 13:10:12.293;Pivô de Alta → Baixa (venda);-1;178150;19;4;2;4;7;150;56;17
2026-06-23 13:18:12.600;Pivô de Baixa → Alta (compra);1;178100;4;7;5;7;7;300;7;5
2026-06-23 13:33:12.454;Pivô de Alta → Baixa (venda);-1;178300;7;7;5;7;4;300;16;9
2026-06-23 14:07:58.947;Pivô de Baixa → Alta (compra);1;178100;7;4;2;4;1;150;7;6
2026-06-23 14:31:23.985;Pivô de Baixa → Alta (compra);1;178250;1;2;0;2;1;50;22;20
2026-06-23 15:00:59.318;Pivô de Alta → Baixa (venda);-1;178200;1;7;5;7;1;300;11;11
2026-06-23 15:38:16.610;Pivô de Alta → Baixa (venda);-1;177900;1;2;0;2;11;50;15;9
2026-06-23 15:46:24.864;Pivô de Baixa → Alta (compra);1;177950;2;11;9;11;7;500;34;20
2026-06-23 16:36:33.146;Pivô de Alta → Baixa (venda);-1;178350;11;7;5;7;10;300;8;8
2026-06-23 17:00:35.544;Pivô de Baixa → Alta (compra);1;178150;7;10;8;10;12;450;7;6
2026-06-23 18:14:38.800;Pivô de Alta → Baixa (venda);-1;178500;10;12;10;12;5;550;1002;54
2026-06-24 09:00:57.130;Pivô de Baixa → Alta (compra);1;178050;12;5;3;5;2;200;14;2
2026-06-24 09:02:09.506;Pivô de Alta → Baixa (venda);-1;178150;5;2;0;2;5;50;2;2
2026-06-24 09:02:19.899;Pivô de Baixa → Alta (compra);1;178200;2;5;3;5;2;200;4;2
2026-06-24 09:02:39.657;Pivô de Alta → Baixa (venda);-1;178300;5;2;0;2;2;50;4;4
2026-06-24 09:03:18.698;Pivô de Baixa → Alta (compra);1;178350;2;2;0;2;5;50;340;22
2026-06-24 09:03:25.855;Pivô de Alta → Baixa (venda);-1;178300;2;5;3;5;1;200;130;44
2026-06-24 09:03:52.482;Pivô de Alta → Baixa (venda);-1;178100;1;11;9;11;3;500;6;2
2026-06-24 09:04:27.425;Pivô de Baixa → Alta (compra);1;177700;11;3;1;3;2;100;88;14
2026-06-24 09:04:31.099;Pivô de Alta → Baixa (venda);-1;177700;3;2;0;2;4;50;29;12
2026-06-24 09:04:35.030;Pivô de Baixa → Alta (compra);1;177750;2;4;2;4;14;150;16;14
2026-06-24 09:04:51.697;Pivô de Alta → Baixa (venda);-1;177800;4;14;12;14;2;650;53;27
2026-06-24 09:08:44.618;Pivô de Baixa → Alta (compra);1;177250;14;2;0;2;1;50;3;2
2026-06-24 09:09:20.330;Pivô de Baixa → Alta (compra);1;177300;1;2;0;2;7;50;27;4
2026-06-24 09:09:44.319;Pivô de Alta → Baixa (venda);-1;177250;2;7;5;7;1;300;2;2
2026-06-24 09:14:25.256;Pivô de Alta → Baixa (venda);-1;176950;1;3;1;3;3;100;9;3
2026-06-24 09:14:54.055;Pivô de Baixa → Alta (compra);1;176950;3;3;1;3;7;100;11;8
2026-06-24 09:16:51.639;Pivô de Alta → Baixa (venda);-1;176950;3;7;5;7;4;300;7;6
2026-06-24 09:20:38.718;Pivô de Baixa → Alta (compra);1;176750;7;4;2;4;4;150;20;15
2026-06-24 09:22:50.211;Pivô de Alta → Baixa (venda);-1;176800;4;4;2;4;3;150;2;2
2026-06-24 09:24:07.046;Pivô de Baixa → Alta (compra);1;176750;4;3;1;3;3;100;19;15
2026-06-24 09:27:47.598;Pivô de Alta → Baixa (venda);-1;176750;3;3;1;3;3;100;7;2
2026-06-24 09:28:17.460;Pivô de Baixa → Alta (compra);1;176750;3;3;1;3;4;100;25;4
2026-06-24 09:30:21.855;Pivô de Alta → Baixa (venda);-1;176750;3;4;2;4;4;150;3;3
2026-06-24 09:30:38.899;Pivô de Baixa → Alta (compra);1;176700;4;4;2;4;3;150;4;4
2026-06-24 09:33:19.103;Pivô de Alta → Baixa (venda);-1;176750;4;3;1;3;2;100;6;2
2026-06-24 09:39:49.415;Pivô de Baixa → Alta (compra);1;176750;3;2;0;2;3;50;15;6
2026-06-24 09:46:06.120;Pivô de Alta → Baixa (venda);-1;176700;2;3;1;3;3;100;4;3
2026-06-24 09:48:16.729;Pivô de Baixa → Alta (compra);1;176700;3;3;1;3;2;100;11;8
2026-06-24 09:54:18.013;Pivô de Alta → Baixa (venda);-1;176700;3;2;0;2;3;50;24;4
2026-06-24 09:58:09.307;Pivô de Baixa → Alta (compra);1;176750;2;3;1;3;15;100;5;5
2026-06-24 10:00:22.180;Pivô de Alta → Baixa (venda);-1;176750;3;15;13;15;1;700;12;5
2026-06-24 10:01:53.717;Pivô de Alta → Baixa (venda);-1;176050;1;2;0;2;11;50;10;3
2026-06-24 10:01:54.288;Pivô de Baixa → Alta (compra);1;176100;2;11;9;11;2;500;43;15
2026-06-24 10:02:34.498;Pivô de Alta → Baixa (venda);-1;176500;11;2;0;2;7;50;64;15
2026-06-24 10:03:18.111;Pivô de Baixa → Alta (compra);1;176550;2;7;5;7;2;300;21;12
2026-06-24 10:05:22.007;Pivô de Alta → Baixa (venda);-1;176750;7;2;0;2;3;50;16;9
2026-06-24 10:06:05.867;Pivô de Baixa → Alta (compra);1;176800;2;3;1;3;1;100;3;3
2026-06-24 10:09:02.445;Pivô de Baixa → Alta (compra);1;176900;1;10;8;10;6;450;2;1
2026-06-24 10:13:51.643;Pivô de Alta → Baixa (venda);-1;177250;10;6;4;6;13;250;27;20
2026-06-24 10:16:32.273;Pivô de Baixa → Alta (compra);1;177100;6;13;11;13;5;600;2;2
2026-06-24 10:21:07.940;Pivô de Alta → Baixa (venda);-1;177600;13;5;3;5;3;200;119;25
2026-06-24 10:21:54.420;Pivô de Baixa → Alta (compra);1;177500;5;3;1;3;1;100;16;14
2026-06-24 10:24:09.482;Pivô de Baixa → Alta (compra);1;177600;1;8;6;8;2;350;1;1
2026-06-24 10:26:54.693;Pivô de Alta → Baixa (venda);-1;177850;8;2;0;2;4;50;187;29
2026-06-24 10:28:28.444;Pivô de Baixa → Alta (compra);1;177900;2;4;2;4;6;150;143;25
2026-06-24 10:30:03.746;Pivô de Alta → Baixa (venda);-1;177950;4;6;4;6;2;250;243;82
2026-06-24 10:30:39.750;Pivô de Baixa → Alta (compra);1;177800;6;2;0;2;13;50;27;8
2026-06-24 10:31:00.752;Pivô de Alta → Baixa (venda);-1;177750;2;13;11;13;2;600;56;7
2026-06-24 10:32:17.517;Pivô de Baixa → Alta (compra);1;177250;13;2;0;2;4;50;5;5
2026-06-24 10:33:18.290;Pivô de Alta → Baixa (venda);-1;177200;2;4;2;4;6;150;10;10
2026-06-24 10:35:06.966;Pivô de Baixa → Alta (compra);1;177150;4;6;4;6;7;250;52;6
2026-06-24 10:35:36.314;Pivô de Alta → Baixa (venda);-1;177300;6;7;5;7;5;300;19;11
2026-06-24 10:37:27.841;Pivô de Baixa → Alta (compra);1;177100;7;5;3;5;3;200;64;32
2026-06-24 10:39:53.679;Pivô de Alta → Baixa (venda);-1;177200;5;3;1;3;3;100;1;1
2026-06-24 10:40:40.190;Pivô de Baixa → Alta (compra);1;177200;3;3;1;3;4;100;4;4
2026-06-24 10:44:31.276;Pivô de Alta → Baixa (venda);-1;177200;3;4;2;4;5;150;3;3
2026-06-24 10:46:17.821;Pivô de Baixa → Alta (compra);1;177150;4;5;3;5;2;200;16;11
2026-06-24 10:50:31.486;Pivô de Alta → Baixa (venda);-1;177250;5;2;0;2;5;50;7;7
2026-06-24 10:51:02.917;Pivô de Baixa → Alta (compra);1;177300;2;5;3;5;3;200;7;7
2026-06-24 10:52:02.763;Pivô de Alta → Baixa (venda);-1;177400;5;3;1;3;1;100;65;7
2026-06-24 10:55:14.815;Pivô de Alta → Baixa (venda);-1;177300;1;10;8;10;8;450;2;2
2026-06-24 10:56:55.412;Pivô de Baixa → Alta (compra);1;176950;10;8;6;8;6;350;10;5
2026-06-24 11:00:40.127;Pivô de Alta → Baixa (venda);-1;177200;8;6;4;6;3;250;56;14
2026-06-24 11:02:27.615;Pivô de Baixa → Alta (compra);1;177050;6;3;1;3;4;100;152;74
2026-06-24 11:05:09.090;Pivô de Alta → Baixa (venda);-1;177050;3;4;2;4;3;150;48;23
2026-06-24 11:11:38.262;Pivô de Baixa → Alta (compra);1;177000;4;3;1;3;2;100;76;10
2026-06-24 11:15:17.303;Pivô de Alta → Baixa (venda);-1;177000;3;2;0;2;1;50;3;3
2026-06-24 11:18:36.167;Pivô de Alta → Baixa (venda);-1;176950;1;5;3;5;1;200;2;2
2026-06-24 11:21:43.395;Pivô de Alta → Baixa (venda);-1;176750;1;6;4;6;2;250;156;13
2026-06-24 11:27:06.961;Pivô de Baixa → Alta (compra);1;176600;6;2;0;2;2;50;4;3
2026-06-24 11:29:48.583;Pivô de Alta → Baixa (venda);-1;176550;2;2;0;2;2;50;7;7
2026-06-24 11:32:19.162;Pivô de Baixa → Alta (compra);1;176600;2;2;0;2;7;50;23;6
2026-06-24 11:36:16.353;Pivô de Alta → Baixa (venda);-1;176550;2;7;5;7;12;300;6;5
2026-06-24 11:39:04.494;Pivô de Baixa → Alta (compra);1;176350;7;12;10;12;8;550;411;123
2026-06-24 11:47:19.104;Pivô de Alta → Baixa (venda);-1;176800;12;8;6;8;4;350;67;18
2026-06-24 11:54:41.191;Pivô de Baixa → Alta (compra);1;176550;8;4;2;4;1;150;31;11
2026-06-24 12:03:18.815;Pivô de Baixa → Alta (compra);1;176700;1;4;2;4;6;150;8;5
2026-06-24 12:05:01.653;Pivô de Alta → Baixa (venda);-1;176750;4;6;4;6;12;250;24;9
2026-06-24 12:09:21.983;Pivô de Baixa → Alta (compra);1;176600;6;12;10;12;5;550;13;7
2026-06-24 12:20:18.443;Pivô de Alta → Baixa (venda);-1;177050;12;5;3;5;2;200;53;6
2026-06-24 12:23:20.079;Pivô de Baixa → Alta (compra);1;176950;5;2;0;2;5;50;31;14
2026-06-24 12:30:28.587;Pivô de Alta → Baixa (venda);-1;176900;2;5;3;5;4;200;1;1
2026-06-24 12:32:43.380;Pivô de Baixa → Alta (compra);1;176800;5;4;2;4;1;150;10;3
2026-06-24 12:49:31.363;Pivô de Alta → Baixa (venda);-1;176850;1;4;2;4;8;150;18;10
2026-06-24 13:08:46.124;Pivô de Baixa → Alta (compra);1;176800;4;8;6;8;4;350;7;5
2026-06-24 13:35:39.952;Pivô de Alta → Baixa (venda);-1;177050;8;4;2;4;2;150;37;12
2026-06-24 13:42:31.750;Pivô de Baixa → Alta (compra);1;177000;4;2;0;2;9;50;10;10
2026-06-24 13:49:05.762;Pivô de Alta → Baixa (venda);-1;176950;2;9;7;9;1;400;9;9
2026-06-24 14:19:43.207;Pivô de Alta → Baixa (venda);-1;176550;1;5;3;5;4;200;6;6
2026-06-24 14:25:15.729;Pivô de Baixa → Alta (compra);1;176450;5;4;2;4;4;150;902;45
2026-06-24 14:32:28.593;Pivô de Alta → Baixa (venda);-1;176500;4;4;2;4;9;150;326;26
2026-06-24 14:46:04.016;Pivô de Baixa → Alta (compra);1;176450;4;9;7;9;2;400;23;7
2026-06-24 14:56:06.300;Pivô de Alta → Baixa (venda);-1;176750;9;2;0;2;4;50;180;54
2026-06-24 14:57:21.884;Pivô de Baixa → Alta (compra);1;176800;2;4;2;4;1;150;27;22
2026-06-24 15:13:23.709;Pivô de Baixa → Alta (compra);1;176950;1;3;1;3;2;100;22;17
2026-06-24 15:15:45.642;Pivô de Alta → Baixa (venda);-1;176950;3;2;0;2;2;50;103;28
2026-06-24 15:20:19.619;Pivô de Baixa → Alta (compra);1;177000;2;2;0;2;2;50;85;18
2026-06-24 15:44:32.537;Pivô de Alta → Baixa (venda);-1;176950;2;2;0;2;5;50;5;5
2026-06-24 15:49:16.493;Pivô de Baixa → Alta (compra);1;177000;2;5;3;5;2;200;21;8
2026-06-24 15:54:30.958;Pivô de Alta → Baixa (venda);-1;177100;5;2;0;2;5;50;3;3
2026-06-24 16:07:00.647;Pivô de Baixa → Alta (compra);1;177150;2;5;3;5;1;200;17;14
2026-06-24 16:26:54.590;Pivô de Alta → Baixa (venda);-1;177250;1;3;1;3;9;100;79;14
2026-06-24 16:35:51.856;Pivô de Baixa → Alta (compra);1;177250;3;9;7;9;2;400;930;126
2026-06-24 17:10:33.520;Pivô de Alta → Baixa (venda);-1;177550;9;2;0;2;12;50;23;9
2026-06-24 17:15:05.678;Pivô de Baixa → Alta (compra);1;177600;2;12;10;12;12;550;25;16
2026-06-24 18:12:16.075;Pivô de Alta → Baixa (venda);-1;178050;12;12;10;12;10;550;527;14
2026-06-25 09:01:08.223;Pivô de Baixa → Alta (compra);1;177600;12;10;8;10;1;450;1;1
2026-06-25 09:03:08.069;Pivô de Baixa → Alta (compra);1;178050;1;2;0;2;4;50;14;1
2026-06-25 09:03:09.431;Pivô de Alta → Baixa (venda);-1;178000;2;4;2;4;12;150;3;1
2026-06-25 09:03:09.561;Pivô de Baixa → Alta (compra);1;177950;4;12;10;12;3;550;1;1
2026-06-25 09:03:17.808;Pivô de Alta → Baixa (venda);-1;178400;12;3;1;3;8;100;31;4
2026-06-25 09:03:22.426;Pivô de Baixa → Alta (compra);1;178400;3;8;6;8;3;350;42;3
2026-06-25 09:03:29.358;Pivô de Alta → Baixa (venda);-1;178650;8;3;1;3;2;100;18;6
2026-06-25 09:03:31.188;Pivô de Baixa → Alta (compra);1;178650;3;2;0;2;14;50;71;5
2026-06-25 09:03:31.390;Pivô de Alta → Baixa (venda);-1;178600;2;14;12;14;1;650;99;18
2026-06-25 09:04:08.462;Pivô de Alta → Baixa (venda);-1;177950;1;10;8;10;3;450;3;2
2026-06-25 09:04:16.708;Pivô de Baixa → Alta (compra);1;177600;10;3;1;3;2;100;129;17
2026-06-25 09:04:28.756;Pivô de Alta → Baixa (venda);-1;177600;3;2;0;2;5;50;24;17
2026-06-25 09:04:45.198;Pivô de Baixa → Alta (compra);1;177650;2;5;3;5;1;200;15;9
2026-06-25 09:04:59.696;Pivô de Baixa → Alta (compra);1;177850;1;11;9;11;1;500;5;5
2026-06-25 09:06:12.470;Pivô de Baixa → Alta (compra);1;178350;1;8;6;8;11;350;78;18
2026-06-25 09:09:11.409;Pivô de Alta → Baixa (venda);-1;178600;8;11;9;11;7;500;12;6
2026-06-25 09:15:09.124;Pivô de Baixa → Alta (compra);1;178200;11;7;5;7;8;300;11;9
2026-06-25 09:19:05.655;Pivô de Alta → Baixa (venda);-1;178400;7;8;6;8;10;350;6;5
2026-06-25 09:23:27.652;Pivô de Baixa → Alta (compra);1;178150;8;10;8;10;4;450;23;12
2026-06-25 09:30:10.952;Pivô de Alta → Baixa (venda);-1;178500;10;4;2;4;9;150;1;1
2026-06-25 09:31:24.106;Pivô de Baixa → Alta (compra);1;178450;4;9;7;9;3;400;15;7
2026-06-25 09:34:39.754;Pivô de Alta → Baixa (venda);-1;178750;9;3;1;3;4;100;7;7
2026-06-25 09:35:31.291;Pivô de Baixa → Alta (compra);1;178750;3;4;2;4;5;150;5;5
2026-06-25 09:36:41.810;Pivô de Alta → Baixa (venda);-1;178800;4;5;3;5;4;200;77;13
2026-06-25 09:40:12.507;Pivô de Baixa → Alta (compra);1;178700;5;4;2;4;14;150;23;6
2026-06-25 09:45:47.438;Pivô de Alta → Baixa (venda);-1;178750;4;14;12;14;6;650;293;47
2026-06-25 10:03:07.279;Pivô de Baixa → Alta (compra);1;178200;14;6;4;6;2;250;8;6
2026-06-25 10:06:30.662;Pivô de Alta → Baixa (venda);-1;178350;6;2;0;2;15;50;9;2
2026-06-25 10:08:51.939;Pivô de Baixa → Alta (compra);1;178400;2;15;13;15;1;700;7;5
2026-06-25 10:14:20.375;Pivô de Baixa → Alta (compra);1;179100;1;8;6;8;15;350;563;91
2026-06-25 10:17:24.819;Pivô de Alta → Baixa (venda);-1;179350;8;15;13;15;6;700;394;30
2026-06-25 10:22:22.533;Pivô de Baixa → Alta (compra);1;178750;15;6;4;6;13;250;2;2
2026-06-25 10:24:05.186;Pivô de Alta → Baixa (venda);-1;178900;6;13;11;13;4;600;23;10
2026-06-25 10:28:09.533;Pivô de Baixa → Alta (compra);1;178400;13;4;2;4;8;150;11;11
2026-06-25 10:30:42.128;Pivô de Alta → Baixa (venda);-1;178450;4;8;6;8;2;350;11;8
2026-06-25 10:32:14.517;Pivô de Baixa → Alta (compra);1;178200;8;2;0;2;8;50;2;2
2026-06-25 10:33:03.942;Pivô de Alta → Baixa (venda);-1;178150;2;8;6;8;2;350;7;3
2026-06-25 10:34:47.466;Pivô de Baixa → Alta (compra);1;177900;8;2;0;2;6;50;4;4
2026-06-25 10:36:24.553;Pivô de Alta → Baixa (venda);-1;177850;2;6;4;6;8;250;18;14
2026-06-25 10:38:57.031;Pivô de Baixa → Alta (compra);1;177700;6;8;6;8;2;350;28;10
2026-06-25 10:44:31.796;Pivô de Alta → Baixa (venda);-1;177950;8;2;0;2;4;50;3;3
2026-06-25 10:45:44.501;Pivô de Baixa → Alta (compra);1;178000;2;4;2;4;1;150;15;7
2026-06-25 10:49:32.221;Pivô de Baixa → Alta (compra);1;178150;1;5;3;5;8;200;8;2
2026-06-25 10:54:09.188;Pivô de Alta → Baixa (venda);-1;178250;5;8;6;8;18;350;3;3
2026-06-25 10:57:13.257;Pivô de Baixa → Alta (compra);1;178000;8;18;16;18;3;850;15;12
2026-06-25 11:05:40.251;Pivô de Alta → Baixa (venda);-1;178750;18;3;1;3;8;100;20;8
2026-06-25 11:06:04.903;Pivô de Baixa → Alta (compra);1;178750;3;8;6;8;6;350;42;12
2026-06-25 11:10:45.237;Pivô de Alta → Baixa (venda);-1;179000;8;6;4;6;1;250;154;23
2026-06-25 11:15:23.568;Pivô de Alta → Baixa (venda);-1;178750;1;3;1;3;20;100;10;3
2026-06-25 11:19:26.197;Pivô de Baixa → Alta (compra);1;178750;3;20;18;20;2;950;3;1
2026-06-25 11:31:09.351;Pivô de Alta → Baixa (venda);-1;179600;20;2;0;2;6;50;2;2
2026-06-25 11:32:02.211;Pivô de Baixa → Alta (compra);1;179650;2;6;4;6;3;250;51;3
2026-06-25 11:37:07.357;Pivô de Alta → Baixa (venda);-1;179800;6;3;1;3;3;100;3;2
2026-06-25 11:37:36.234;Pivô de Baixa → Alta (compra);1;179800;3;3;1;3;16;100;5;4
2026-06-25 11:39:33.928;Pivô de Alta → Baixa (venda);-1;179800;3;16;14;16;5;750;1;1
2026-06-25 12:02:17.229;Pivô de Baixa → Alta (compra);1;179150;16;5;3;5;6;200;14;9
2026-06-25 12:05:18.201;Pivô de Alta → Baixa (venda);-1;179250;5;6;4;6;14;250;10;7
2026-06-25 12:12:52.582;Pivô de Baixa → Alta (compra);1;179100;6;14;12;14;3;650;30;16
2026-06-25 12:44:33.538;Pivô de Alta → Baixa (venda);-1;179650;14;3;1;3;5;100;10;7
2026-06-25 12:53:18.305;Pivô de Baixa → Alta (compra);1;179650;3;5;3;5;11;200;6;5
2026-06-25 13:11:05.284;Pivô de Alta → Baixa (venda);-1;179750;5;11;9;11;4;500;68;41
2026-06-25 13:44:41.970;Pivô de Baixa → Alta (compra);1;179350;11;4;2;4;11;150;138;18
2026-06-25 13:53:06.751;Pivô de Alta → Baixa (venda);-1;179400;4;11;9;11;4;500;3;3
2026-06-25 14:19:49.111;Pivô de Baixa → Alta (compra);1;179000;11;4;2;4;1;150;309;72
2026-06-25 14:48:28.384;Pivô de Baixa → Alta (compra);1;179150;1;3;1;3;12;100;3;2
2026-06-25 14:55:44.453;Pivô de Alta → Baixa (venda);-1;179150;3;12;10;12;5;550;45;31
2026-06-25 15:05:43.962;Pivô de Baixa → Alta (compra);1;178700;12;5;3;5;2;200;91;15
2026-06-25 15:09:43.589;Pivô de Alta → Baixa (venda);-1;178800;5;2;0;2;6;50;70;10
2026-06-25 15:15:02.579;Pivô de Baixa → Alta (compra);1;178850;2;6;4;6;8;250;4;2
2026-06-25 15:25:50.257;Pivô de Alta → Baixa (venda);-1;179000;6;8;6;8;3;350;23;20
2026-06-25 15:38:05.060;Pivô de Baixa → Alta (compra);1;178750;8;3;1;3;2;100;22;8
2026-06-25 16:11:54.319;Pivô de Alta → Baixa (venda);-1;178750;3;2;0;2;1;50;1;1
2026-06-25 16:40:43.325;Pivô de Alta → Baixa (venda);-1;178700;1;6;4;6;4;250;1;1
2026-06-25 16:56:45.598;Pivô de Baixa → Alta (compra);1;178550;6;4;2;4;20;150;112;33
2026-06-25 17:00:42.510;Pivô de Alta → Baixa (venda);-1;178600;4;20;18;20;4;950;229;52
2026-06-26 09:00:47.879;Pivô de Baixa → Alta (compra);1;177750;20;4;2;4;7;150;2;1
2026-06-26 09:00:54.564;Pivô de Alta → Baixa (venda);-1;177800;4;7;5;7;2;300;560;28
2026-06-26 09:00:56.728;Pivô de Baixa → Alta (compra);1;177600;7;2;0;2;2;50;1;1
2026-06-26 09:00:57.095;Pivô de Alta → Baixa (venda);-1;177550;2;2;0;2;10;50;62;37
2026-06-26 09:00:58.907;Pivô de Baixa → Alta (compra);1;177600;2;10;8;10;3;450;69;42
2026-06-26 09:01:07.309;Pivô de Alta → Baixa (venda);-1;177950;10;3;1;3;5;100;5;3
2026-06-26 09:01:08.033;Pivô de Baixa → Alta (compra);1;177950;3;5;3;5;5;200;7;3
2026-06-26 09:01:18.421;Pivô de Alta → Baixa (venda);-1;178050;5;5;3;5;5;200;16;5
2026-06-26 09:01:24.442;Pivô de Baixa → Alta (compra);1;177950;5;5;3;5;7;200;10;5
2026-06-26 09:01:57.706;Pivô de Alta → Baixa (venda);-1;178050;5;7;5;7;5;300;31;4
2026-06-26 09:02:27.827;Pivô de Baixa → Alta (compra);1;177850;7;5;3;5;1;200;8;3
2026-06-26 09:02:54.489;Pivô de Alta → Baixa (venda);-1;177950;1;2;0;2;13;50;17;7
2026-06-26 09:03:14.192;Pivô de Baixa → Alta (compra);1;178000;2;13;11;13;3;600;49;15
2026-06-26 09:08:34.046;Pivô de Alta → Baixa (venda);-1;178500;13;3;1;3;15;100;12;7
2026-06-26 09:10:40.802;Pivô de Baixa → Alta (compra);1;178500;3;15;13;15;11;700;46;29
2026-06-26 09:16:36.617;Pivô de Alta → Baixa (venda);-1;179100;15;11;9;11;1;500;11;8
2026-06-26 09:23:44.867;Pivô de Baixa → Alta (compra);1;178700;1;2;0;2;1;50;22;9
2026-06-26 09:32:24.585;Pivô de Alta → Baixa (venda);-1;178650;1;10;8;10;5;450;10;7
2026-06-26 09:42:17.180;Pivô de Baixa → Alta (compra);1;178300;10;5;3;5;2;200;58;9
2026-06-26 09:49:22.718;Pivô de Alta → Baixa (venda);-1;178400;5;2;0;2;1;50;2;2
2026-06-26 09:53:09.730;Pivô de Alta → Baixa (venda);-1;178350;1;9;7;9;6;400;2;2
2026-06-26 10:00:55.959;Pivô de Baixa → Alta (compra);1;178050;9;6;4;6;6;250;35;8
2026-06-26 10:06:40.605;Pivô de Alta → Baixa (venda);-1;178200;6;6;4;6;2;250;5;4
2026-06-26 10:10:39.970;Pivô de Baixa → Alta (compra);1;178050;6;2;0;2;11;50;8;3
2026-06-26 10:11:43.444;Pivô de Alta → Baixa (venda);-1;178000;2;11;9;11;6;500;5;3
2026-06-26 10:19:12.137;Pivô de Baixa → Alta (compra);1;177600;11;6;4;6;2;250;9;6
2026-06-26 10:20:29.954;Pivô de Alta → Baixa (venda);-1;177750;6;2;0;2;3;50;5;5
2026-06-26 10:22:36.308;Pivô de Baixa → Alta (compra);1;177800;2;3;1;3;5;100;2;2
2026-06-26 10:23:42.695;Pivô de Alta → Baixa (venda);-1;177800;3;5;3;5;5;200;2;2
2026-06-26 10:25:56.019;Pivô de Baixa → Alta (compra);1;177700;5;5;3;5;1;200;10;2
2026-06-26 10:29:59.388;Pivô de Baixa → Alta (compra);1;177900;1;5;3;5;2;200;6;2
2026-06-26 10:31:58.081;Pivô de Alta → Baixa (venda);-1;178000;5;2;0;2;2;50;7;3
2026-06-26 10:33:04.903;Pivô de Baixa → Alta (compra);1;178050;2;2;0;2;9;50;42;4
2026-06-26 10:35:27.805;Pivô de Alta → Baixa (venda);-1;178000;2;9;7;9;6;400;15;7
2026-06-26 10:45:11.686;Pivô de Baixa → Alta (compra);1;177700;9;6;4;6;2;250;4;4
2026-06-26 10:50:57.240;Pivô de Alta → Baixa (venda);-1;177850;6;2;0;2;7;50;3;3
2026-06-26 10:53:06.083;Pivô de Baixa → Alta (compra);1;177900;2;7;5;7;2;300;5;2
2026-06-26 10:57:27.920;Pivô de Alta → Baixa (venda);-1;178100;7;2;0;2;5;50;24;5
2026-06-26 10:58:40.311;Pivô de Baixa → Alta (compra);1;178150;2;5;3;5;3;200;2;2
2026-06-26 11:00:12.141;Pivô de Alta → Baixa (venda);-1;178250;5;3;1;3;1;100;2;2
2026-06-26 11:01:54.367;Pivô de Alta → Baixa (venda);-1;178150;1;3;1;3;11;100;4;2
2026-06-26 11:06:50.527;Pivô de Baixa → Alta (compra);1;178150;3;11;9;11;1;500;1;1
2026-06-26 11:17:02.862;Pivô de Baixa → Alta (compra);1;178650;1;13;11;13;7;600;1105;157
2026-06-26 11:21:40.668;Pivô de Alta → Baixa (venda);-1;179150;13;7;5;7;9;300;28;8
2026-06-26 11:26:31.553;Pivô de Baixa → Alta (compra);1;178950;7;9;7;9;4;400;80;17
2026-06-26 11:40:03.353;Pivô de Alta → Baixa (venda);-1;179250;9;4;2;4;8;150;54;15
2026-06-26 11:47:40.336;Pivô de Baixa → Alta (compra);1;179200;4;8;6;8;1;350;26;10
2026-06-26 11:54:29.381;Pivô de Baixa → Alta (compra);1;179550;1;2;0;2;1;50;18;16
2026-06-26 12:06:37.638;Pivô de Baixa → Alta (compra);1;179600;1;3;1;3;1;100;40;3
2026-06-26 12:12:07.919;Pivô de Alta → Baixa (venda);-1;179600;1;2;0;2;10;50;11;6
2026-06-26 12:15:12.229;Pivô de Baixa → Alta (compra);1;179650;2;10;8;10;5;450;7;5
2026-06-26 12:30:38.914;Pivô de Alta → Baixa (venda);-1;180000;10;5;3;5;7;200;10;8
2026-06-26 12:37:28.281;Pivô de Baixa → Alta (compra);1;179900;5;7;5;7;6;300;1;1
2026-06-26 12:46:43.010;Pivô de Alta → Baixa (venda);-1;180100;7;6;4;6;7;250;8;6
2026-06-26 12:54:56.870;Pivô de Baixa → Alta (compra);1;179950;6;7;5;7;2;300;6;5
2026-06-26 13:07:51.769;Pivô de Alta → Baixa (venda);-1;180150;7;2;0;2;1;50;4;4
2026-06-26 13:23:36.374;Pivô de Baixa → Alta (compra);1;180200;1;5;3;5;8;200;54;17
2026-06-26 13:38:34.462;Pivô de Alta → Baixa (venda);-1;180300;5;8;6;8;9;350;82;20
2026-06-26 13:50:47.143;Pivô de Baixa → Alta (compra);1;180050;8;9;7;9;5;400;14;8
2026-06-26 14:08:52.076;Pivô de Alta → Baixa (venda);-1;180350;9;5;3;5;8;200;23;17
2026-06-26 14:21:08.602;Pivô de Baixa → Alta (compra);1;180250;5;8;6;8;3;350;8;4
2026-06-26 15:04:05.759;Pivô de Alta → Baixa (venda);-1;180500;8;3;1;3;3;100;9;6
2026-06-26 15:14:11.187;Pivô de Baixa → Alta (compra);1;180500;3;3;1;3;9;100;17;16
2026-06-26 15:25:01.901;Pivô de Alta → Baixa (venda);-1;180500;3;9;7;9;1;400;40;23
2026-06-26 16:01:32.246;Pivô de Alta → Baixa (venda);-1;180100;1;3;1;3;1;100;96;21
2026-06-26 16:27:31.700;Pivô de Alta → Baixa (venda);-1;180000;1;2;0;2;2;50;3;3
2026-06-26 16:31:27.120;Pivô de Baixa → Alta (compra);1;180050;2;2;0;2;3;50;6;4
2026-06-26 16:37:54.797;Pivô de Alta → Baixa (venda);-1;180000;2;3;1;3;2;100;4;3
2026-06-26 16:47:54.046;Pivô de Baixa → Alta (compra);1;180000;3;2;0;2;1;50;54;35
2026-06-26 17:00:49.236;Pivô de Alta → Baixa (venda);-1;179950;1;2;0;2;6;50;3;3
2026-06-26 17:05:35.305;Pivô de Baixa → Alta (compra);1;180000;2;6;4;6;5;250;90;21
2026-06-26 17:29:44.902;Pivô de Alta → Baixa (venda);-1;180150;6;5;3;5;2;200;13;8
2026-06-26 17:36:41.904;Pivô de Baixa → Alta (compra);1;180050;5;2;0;2;2;50;29;9
2026-06-26 17:52:59.450;Pivô de Alta → Baixa (venda);-1;180000;2;2;0;2;3;50;86;16
2026-06-26 18:01:32.237;Pivô de Baixa → Alta (compra);1;180050;2;3;1;3;4;100;11;2
2026-06-26 18:03:04.753;Pivô de Alta → Baixa (venda);-1;180050;3;4;2;4;20;150;779;28
2026-06-26 18:20:49.672;Pivô de Baixa → Alta (compra);1;180000;4;20;18;20;3;950;24;5
2026-06-29 09:01:32.551;Pivô de Alta → Baixa (venda);-1;180850;20;3;1;3;2;100;2;2
2026-06-29 09:01:35.304;Pivô de Baixa → Alta (compra);1;180850;3;2;0;2;12;50;14;4
2026-06-29 09:02:58.274;Pivô de Alta → Baixa (venda);-1;180800;2;12;10;12;9;550;10;2
2026-06-29 09:03:23.338;Pivô de Baixa → Alta (compra);1;180350;12;9;7;9;3;400;4;2
2026-06-29 09:03:50.417;Pivô de Alta → Baixa (venda);-1;180650;9;3;1;3;1;100;66;6
2026-06-29 09:04:34.683;Pivô de Alta → Baixa (venda);-1;180550;1;12;10;12;1;550;400;73
2026-06-29 09:08:02.495;Pivô de Baixa → Alta (compra);1;180100;1;3;1;3;6;100;7;7
2026-06-29 09:08:17.474;Pivô de Alta → Baixa (venda);-1;180100;3;6;4;6;4;250;24;13
2026-06-29 09:11:49.353;Pivô de Baixa → Alta (compra);1;179950;6;4;2;4;10;150;14;8
2026-06-29 09:14:35.803;Pivô de Alta → Baixa (venda);-1;180000;4;10;8;10;1;450;71;12
2026-06-29 09:23:12.452;Pivô de Alta → Baixa (venda);-1;179550;1;3;1;3;4;100;73;4
2026-06-29 09:27:38.387;Pivô de Baixa → Alta (compra);1;179550;3;4;2;4;1;150;23;3
2026-06-29 09:32:46.370;Pivô de Baixa → Alta (compra);1;179700;1;5;3;5;10;200;10;1
2026-06-29 09:36:17.727;Pivô de Alta → Baixa (venda);-1;179800;5;10;8;10;15;450;42;10
2026-06-29 09:41:34.951;Pivô de Baixa → Alta (compra);1;179450;10;15;13;15;5;700;23;7
2026-06-29 10:00:02.409;Pivô de Alta → Baixa (venda);-1;180050;15;5;3;5;5;200;35;18
2026-06-29 10:01:53.548;Pivô de Baixa → Alta (compra);1;179950;5;5;3;5;3;200;20;7
2026-06-29 10:07:27.360;Pivô de Alta → Baixa (venda);-1;180050;5;3;1;3;8;100;24;17
2026-06-29 10:09:58.125;Pivô de Baixa → Alta (compra);1;180050;3;8;6;8;9;350;16;10
2026-06-29 10:12:39.301;Pivô de Alta → Baixa (venda);-1;180300;8;9;7;9;1;400;10;9
2026-06-29 10:20:52.113;Pivô de Alta → Baixa (venda);-1;179900;1;4;2;4;1;150;29;7
2026-06-29 10:23:30.798;Pivô de Alta → Baixa (venda);-1;179750;1;4;2;4;3;150;92;13
2026-06-29 10:25:48.937;Pivô de Baixa → Alta (compra);1;179700;4;3;1;3;1;100;22;16
2026-06-29 10:28:32.570;Pivô de Alta → Baixa (venda);-1;179700;1;12;10;12;1;550;123;12
2026-06-29 10:30:52.845;Pivô de Baixa → Alta (compra);1;179250;1;3;1;3;11;100;105;10
2026-06-29 10:31:29.746;Pivô de Alta → Baixa (venda);-1;179250;3;11;9;11;1;500;16;9
2026-06-29 10:38:01.665;Pivô de Baixa → Alta (compra);1;178850;1;13;11;13;1;600;35;6
2026-06-29 10:44:47.674;Pivô de Baixa → Alta (compra);1;179450;1;4;2;4;1;150;10;3
2026-06-29 10:54:18.121;Pivô de Alta → Baixa (venda);-1;179500;1;8;6;8;7;350;14;13
2026-06-29 10:56:38.620;Pivô de Baixa → Alta (compra);1;179250;8;7;5;7;5;300;2769;166
2026-06-29 10:57:51.509;Pivô de Alta → Baixa (venda);-1;179450;7;5;3;5;1;200;2758;181
2026-06-29 11:02:30.837;Pivô de Alta → Baixa (venda);-1;179250;1;4;2;4;4;150;200;34
2026-06-29 11:07:26.181;Pivô de Baixa → Alta (compra);1;179200;4;4;2;4;2;150;29;8
2026-06-29 11:10:00.175;Pivô de Alta → Baixa (venda);-1;179250;4;2;0;2;7;50;3;2
2026-06-29 11:12:35.727;Pivô de Baixa → Alta (compra);1;179300;2;7;5;7;4;300;44;10
2026-06-29 11:16:37.259;Pivô de Alta → Baixa (venda);-1;179500;7;4;2;4;4;150;1260;177
2026-06-29 11:17:12.321;Pivô de Baixa → Alta (compra);1;179450;4;4;2;4;2;150;1133;80
2026-06-29 11:17:44.512;Pivô de Alta → Baixa (venda);-1;179500;4;2;0;2;6;50;1731;149
2026-06-29 11:17:59.348;Pivô de Baixa → Alta (compra);1;179550;2;6;4;6;2;250;278;31
2026-06-29 11:21:11.194;Pivô de Alta → Baixa (venda);-1;179700;6;2;0;2;6;50;42;8
2026-06-29 11:24:01.232;Pivô de Baixa → Alta (compra);1;179750;2;6;4;6;4;250;12;6
2026-06-29 11:28:07.981;Pivô de Alta → Baixa (venda);-1;179900;6;4;2;4;1;150;58;10
2026-06-29 11:31:48.244;Pivô de Alta → Baixa (venda);-1;179750;1;5;3;5;1;200;37;19
2026-06-29 11:44:17.414;Pivô de Alta → Baixa (venda);-1;179550;1;3;1;3;1;100;15;5
2026-06-29 12:00:06.878;Pivô de Alta → Baixa (venda);-1;179450;1;4;2;4;1;150;7;5
2026-06-29 12:13:05.895;Pivô de Baixa → Alta (compra);1;179400;1;2;0;2;3;50;15;7
2026-06-29 12:15:08.096;Pivô de Alta → Baixa (venda);-1;179350;2;3;1;3;1;100;11;3
2026-06-29 12:27:44.297;Pivô de Alta → Baixa (venda);-1;179250;1;6;4;6;18;250;8;7
2026-06-29 13:00:18.911;Pivô de Baixa → Alta (compra);1;179100;6;18;16;18;3;850;16;9
2026-06-29 13:51:34.286;Pivô de Alta → Baixa (venda);-1;179850;18;3;1;3;2;100;52;6
2026-06-29 13:59:11.550;Pivô de Baixa → Alta (compra);1;179850;3;2;0;2;3;50;8;5
2026-06-29 14:14:47.694;Pivô de Alta → Baixa (venda);-1;179800;2;3;1;3;7;100;54;11
2026-06-29 14:45:04.802;Pivô de Baixa → Alta (compra);1;179800;3;7;5;7;10;300;28;11
2026-06-29 15:42:11.281;Pivô de Alta → Baixa (venda);-1;180000;7;10;8;10;1;450;41;25
2026-06-29 16:58:03.950;Pivô de Baixa → Alta (compra);1;179650;1;3;1;3;2;100;3;3
2026-06-29 17:24:54.197;Pivô de Alta → Baixa (venda);-1;179650;3;2;0;2;1;50;897;26
2026-06-29 18:12:57.107;Pivô de Alta → Baixa (venda);-1;179600;1;8;6;8;7;350;54;13
2026-06-30 09:03:27.236;Pivô de Baixa → Alta (compra);1;179350;8;7;5;7;1;300;907;75
2026-06-30 09:03:52.882;Pivô de Baixa → Alta (compra);1;179650;1;2;0;2;9;50;2;2
2026-06-30 09:04:00.951;Pivô de Alta → Baixa (venda);-1;179600;2;9;7;9;11;400;93;19
2026-06-30 09:04:18.179;Pivô de Baixa → Alta (compra);1;179300;9;11;9;11;7;500;108;10
2026-06-30 09:05:26.211;Pivô de Alta → Baixa (venda);-1;179700;11;7;5;7;1;300;31;10
2026-06-30 09:06:15.527;Pivô de Alta → Baixa (venda);-1;179400;1;2;0;2;5;50;47;5
2026-06-30 09:08:11.707;Pivô de Baixa → Alta (compra);1;179450;2;5;3;5;27;200;2;2
2026-06-30 09:08:56.193;Pivô de Alta → Baixa (venda);-1;179550;5;27;25;27;4;1300;11;7
2026-06-30 09:16:39.222;Pivô de Baixa → Alta (compra);1;178350;27;4;2;4;3;150;17;3
2026-06-30 09:17:09.369;Pivô de Alta → Baixa (venda);-1;178400;4;3;1;3;1;100;9;4
2026-06-30 09:17:32.032;Pivô de Alta → Baixa (venda);-1;178300;1;2;0;2;7;50;9;2
2026-06-30 09:18:15.134;Pivô de Baixa → Alta (compra);1;178350;2;7;5;7;10;300;33;6
2026-06-30 09:21:10.900;Pivô de Alta → Baixa (venda);-1;178550;7;10;8;10;4;450;7;6
2026-06-30 09:25:39.663;Pivô de Baixa → Alta (compra);1;178200;10;4;2;4;2;150;26;17
2026-06-30 09:26:58.940;Pivô de Alta → Baixa (venda);-1;178250;4;2;0;2;9;50;2;2
2026-06-30 09:28:14.889;Pivô de Baixa → Alta (compra);1;178300;2;9;7;9;3;400;22;5
2026-06-30 09:30:25.516;Pivô de Alta → Baixa (venda);-1;178600;9;3;1;3;3;100;17;12
2026-06-30 09:31:53.379;Pivô de Baixa → Alta (compra);1;178600;3;3;1;3;4;100;6;6
2026-06-30 09:36:07.969;Pivô de Alta → Baixa (venda);-1;178600;3;4;2;4;5;150;25;7
2026-06-30 09:38:00.975;Pivô de Baixa → Alta (compra);1;178550;4;5;3;5;2;200;319;24
2026-06-30 09:40:22.202;Pivô de Alta → Baixa (venda);-1;178650;5;2;0;2;4;50;107;30
2026-06-30 09:40:52.159;Pivô de Baixa → Alta (compra);1;178700;2;4;2;4;6;150;28;8
2026-06-30 09:48:03.229;Pivô de Alta → Baixa (venda);-1;178750;4;6;4;6;1;250;44;12
2026-06-30 09:56:41.507;Pivô de Alta → Baixa (venda);-1;178500;1;10;8;10;1;450;4;3
2026-06-30 10:02:38.580;Pivô de Alta → Baixa (venda);-1;178050;1;4;2;4;4;150;24;11
2026-06-30 10:03:28.459;Pivô de Baixa → Alta (compra);1;178000;4;4;2;4;10;150;50;27
2026-06-30 10:04:27.187;Pivô de Alta → Baixa (venda);-1;178050;4;10;8;10;2;450;1;1
2026-06-30 10:07:54.420;Pivô de Baixa → Alta (compra);1;177700;10;2;0;2;1;50;161;28
2026-06-30 10:09:13.001;Pivô de Baixa → Alta (compra);1;177750;1;4;2;4;1;150;198;12
2026-06-30 10:10:07.670;Pivô de Baixa → Alta (compra);1;177900;1;2;0;2;12;50;506;21
2026-06-30 10:11:14.628;Pivô de Alta → Baixa (venda);-1;177850;2;12;10;12;6;550;10;4
2026-06-30 10:17:54.254;Pivô de Baixa → Alta (compra);1;177400;12;6;4;6;2;250;289;20
2026-06-30 10:20:14.402;Pivô de Alta → Baixa (venda);-1;177550;6;2;0;2;2;50;27;9
2026-06-30 10:20:58.397;Pivô de Baixa → Alta (compra);1;177600;2;2;0;2;4;50;51;11
2026-06-30 10:23:09.873;Pivô de Alta → Baixa (venda);-1;177550;2;4;2;4;3;150;22;3
2026-06-30 10:24:17.278;Pivô de Baixa → Alta (compra);1;177500;4;3;1;3;6;100;257;17
2026-06-30 10:27:13.169;Pivô de Alta → Baixa (venda);-1;177500;3;6;4;6;6;250;2;1
2026-06-30 10:29:27.778;Pivô de Baixa → Alta (compra);1;177350;6;6;4;6;3;250;130;29
2026-06-30 10:31:34.944;Pivô de Alta → Baixa (venda);-1;177500;6;3;1;3;2;100;441;17
2026-06-30 10:32:04.223;Pivô de Baixa → Alta (compra);1;177500;3;2;0;2;7;50;2;2
2026-06-30 10:32:48.474;Pivô de Alta → Baixa (venda);-1;177450;2;7;5;7;1;300;7;7
2026-06-30 10:35:26.194;Pivô de Alta → Baixa (venda);-1;177150;1;2;0;2;2;50;84;28
2026-06-30 10:36:04.251;Pivô de Baixa → Alta (compra);1;177200;2;2;0;2;2;50;176;23
2026-06-30 10:36:49.938;Pivô de Alta → Baixa (venda);-1;177150;2;2;0;2;2;50;5;1
2026-06-30 10:37:11.707;Pivô de Baixa → Alta (compra);1;177200;2;2;0;2;6;50;125;20
2026-06-30 10:39:01.771;Pivô de Alta → Baixa (venda);-1;177150;2;6;4;6;2;250;39;6
2026-06-30 10:41:18.581;Pivô de Baixa → Alta (compra);1;177000;6;2;0;2;4;50;68;26
2026-06-30 10:42:22.284;Pivô de Alta → Baixa (venda);-1;176950;2;4;2;4;14;150;421;45
2026-06-30 10:43:01.558;Pivô de Baixa → Alta (compra);1;176900;4;14;12;14;5;650;71;32
2026-06-30 10:48:32.406;Pivô de Alta → Baixa (venda);-1;177450;14;5;3;5;5;200;22;11
2026-06-30 10:50:15.291;Pivô de Baixa → Alta (compra);1;177350;5;5;3;5;1;200;21;5
2026-06-30 10:53:29.617;Pivô de Alta → Baixa (venda);-1;177450;1;3;1;3;4;100;38;9
2026-06-30 10:55:37.217;Pivô de Baixa → Alta (compra);1;177450;3;4;2;4;5;150;9;5
2026-06-30 10:57:30.908;Pivô de Alta → Baixa (venda);-1;177500;4;5;3;5;4;200;37;4
2026-06-30 11:00:48.704;Pivô de Baixa → Alta (compra);1;177400;5;4;2;4;2;150;547;119
2026-06-30 11:02:29.468;Pivô de Alta → Baixa (venda);-1;177450;4;2;0;2;20;50;6;6
2026-06-30 11:03:09.103;Pivô de Baixa → Alta (compra);1;177500;2;20;18;20;1;950;3;3
2026-06-30 11:16:01.768;Pivô de Baixa → Alta (compra);1;178450;1;2;0;2;14;50;39;21
2026-06-30 11:17:16.083;Pivô de Alta → Baixa (venda);-1;178400;2;14;12;14;3;650;19;5
2026-06-30 11:22:22.653;Pivô de Baixa → Alta (compra);1;177850;14;3;1;3;4;100;22;2
2026-06-30 11:23:51.217;Pivô de Alta → Baixa (venda);-1;177850;3;4;2;4;2;150;62;10
2026-06-30 11:28:08.691;Pivô de Baixa → Alta (compra);1;177800;4;2;0;2;3;50;1;1
2026-06-30 11:31:04.625;Pivô de Alta → Baixa (venda);-1;177750;2;3;1;3;5;100;25;9
2026-06-30 11:32:41.217;Pivô de Baixa → Alta (compra);1;177750;3;5;3;5;3;200;2;2
2026-06-30 11:45:28.489;Pivô de Alta → Baixa (venda);-1;177850;5;3;1;3;2;100;1;1
2026-06-30 11:49:33.953;Pivô de Baixa → Alta (compra);1;177850;3;2;0;2;5;50;24;5
2026-06-30 11:51:45.306;Pivô de Alta → Baixa (venda);-1;177800;2;5;3;5;15;200;2;2
2026-06-30 11:56:40.492;Pivô de Baixa → Alta (compra);1;177700;5;15;13;15;8;700;38;8
2026-06-30 12:12:10.243;Pivô de Alta → Baixa (venda);-1;178300;15;8;6;8;5;350;19;18
2026-06-30 12:22:54.825;Pivô de Baixa → Alta (compra);1;178050;8;5;3;5;2;200;10;5
2026-06-30 12:27:38.625;Pivô de Alta → Baixa (venda);-1;178150;5;2;0;2;2;50;7;7
2026-06-30 12:30:45.190;Pivô de Baixa → Alta (compra);1;178200;2;2;0;2;1;50;3;2
2026-06-30 12:38:08.076;Pivô de Baixa → Alta (compra);1;178250;1;3;1;3;1;100;4;4
2026-06-30 12:47:57.783;Pivô de Baixa → Alta (compra);1;178350;1;7;5;7;1;300;2;2
2026-06-30 13:12:49.269;Pivô de Baixa → Alta (compra);1;178650;1;5;3;5;5;200;51;33
2026-06-30 13:29:04.495;Pivô de Alta → Baixa (venda);-1;178750;5;5;3;5;3;200;40;13
2026-06-30 13:39:12.116;Pivô de Baixa → Alta (compra);1;178650;5;3;1;3;4;100;7;3
2026-06-30 13:42:35.507;Pivô de Alta → Baixa (venda);-1;178650;3;4;2;4;1;150;3;3
2026-06-30 14:01:56.981;Pivô de Alta → Baixa (venda);-1;178500;1;2;0;2;4;50;24;6
2026-06-30 14:06:56.134;Pivô de Baixa → Alta (compra);1;178550;2;4;2;4;1;150;39;23
2026-06-30 14:21:16.743;Pivô de Baixa → Alta (compra);1;178700;1;10;8;10;4;450;46;28
2026-06-30 14:58:13.314;Pivô de Alta → Baixa (venda);-1;179050;10;4;2;4;2;150;19;16
2026-06-30 15:03:16.095;Pivô de Baixa → Alta (compra);1;179000;4;2;0;2;6;50;91;66
2026-06-30 15:17:30.321;Pivô de Alta → Baixa (venda);-1;178950;2;6;4;6;1;250;43;25
2026-06-30 15:49:35.949;Pivô de Alta → Baixa (venda);-1;178700;1;4;2;4;3;150;34;22
2026-06-30 16:21:59.796;Pivô de Baixa → Alta (compra);1;178650;4;3;1;3;8;100;17;14
2026-06-30 16:31:54.141;Pivô de Alta → Baixa (venda);-1;178650;3;8;6;8;1;350;27;11
2026-06-30 17:45:16.364;Pivô de Alta → Baixa (venda);-1;178300;1;12;10;12;1;550;76;18
2026-07-01 09:00:50.999;Pivô de Alta → Baixa (venda);-1;177750;1;4;2;4;3;150;21;3
2026-07-01 09:00:54.281;Pivô de Baixa → Alta (compra);1;177700;4;3;1;3;4;100;3;1
2026-07-01 09:01:00.748;Pivô de Alta → Baixa (venda);-1;177700;3;4;2;4;1;150;17;4
2026-07-01 09:01:11.045;Pivô de Alta → Baixa (venda);-1;177550;1;2;0;2;6;50;77;7
2026-07-01 09:01:13.224;Pivô de Baixa → Alta (compra);1;177600;2;6;4;6;16;250;29;6
2026-07-01 09:01:41.871;Pivô de Alta → Baixa (venda);-1;177750;6;16;14;16;6;750;20;2
2026-07-01 09:02:10.766;Pivô de Baixa → Alta (compra);1;177100;16;6;4;6;2;250;82;7
2026-07-01 09:02:12.363;Pivô de Alta → Baixa (venda);-1;177250;6;2;0;2;2;50;30;15
2026-07-01 09:02:13.553;Pivô de Baixa → Alta (compra);1;177300;2;2;0;2;3;50;1;1
2026-07-01 09:02:19.391;Pivô de Alta → Baixa (venda);-1;177250;2;3;1;3;2;100;99;9
2026-07-01 09:02:52.212;Pivô de Baixa → Alta (compra);1;177250;3;2;0;2;13;50;3;1
2026-07-01 09:03:01.659;Pivô de Alta → Baixa (venda);-1;177200;2;13;11;13;5;600;29;7
2026-07-01 09:04:04.849;Pivô de Baixa → Alta (compra);1;176700;13;5;3;5;7;200;5;2
2026-07-01 09:04:09.782;Pivô de Alta → Baixa (venda);-1;176800;5;7;5;7;5;300;368;21
2026-07-01 09:05:05.775;Pivô de Baixa → Alta (compra);1;176600;7;5;3;5;2;200;6;5
2026-07-01 09:06:27.922;Pivô de Alta → Baixa (venda);-1;176700;5;2;0;2;5;50;24;5
2026-07-01 09:07:01.655;Pivô de Baixa → Alta (compra);1;176750;2;5;3;5;4;200;15;6
2026-07-01 09:08:19.494;Pivô de Alta → Baixa (venda);-1;176850;5;4;2;4;8;150;17;14
2026-07-01 09:10:01.963;Pivô de Baixa → Alta (compra);1;176800;4;8;6;8;5;350;95;15
2026-07-01 09:11:43.967;Pivô de Alta → Baixa (venda);-1;177050;8;5;3;5;1;200;54;15
2026-07-01 09:11:59.518;Pivô de Baixa → Alta (compra);1;176950;1;3;1;3;4;100;17;3
2026-07-01 09:12:01.384;Pivô de Alta → Baixa (venda);-1;176950;3;4;2;4;1;150;333;63
2026-07-01 09:17:31.311;Pivô de Alta → Baixa (venda);-1;176800;1;10;8;10;3;450;69;11
2026-07-01 09:20:42.345;Pivô de Baixa → Alta (compra);1;176450;10;3;1;3;2;100;133;25
2026-07-01 09:21:18.427;Pivô de Alta → Baixa (venda);-1;176450;3;2;0;2;1;50;64;24
2026-07-01 09:27:25.338;Pivô de Alta → Baixa (venda);-1;176400;1;4;2;4;3;150;31;13
2026-07-01 09:28:46.612;Pivô de Baixa → Alta (compra);1;176350;4;3;1;3;6;100;10;8
2026-07-01 09:33:17.554;Pivô de Alta → Baixa (venda);-1;176350;3;6;4;6;2;250;11;4
2026-07-01 09:40:15.046;Pivô de Baixa → Alta (compra);1;176200;6;2;0;2;5;50;23;20
2026-07-01 09:50:12.190;Pivô de Alta → Baixa (venda);-1;176150;2;5;3;5;7;200;30;5
2026-07-01 09:51:39.699;Pivô de Baixa → Alta (compra);1;176050;5;7;5;7;5;300;319;12
2026-07-01 09:58:16.951;Pivô de Alta → Baixa (venda);-1;176250;7;5;3;5;1;200;8;7
2026-07-01 10:00:17.406;Pivô de Baixa → Alta (compra);1;176150;1;3;1;3;4;100;359;38
2026-07-01 10:01:24.779;Pivô de Alta → Baixa (venda);-1;176150;3;4;2;4;1;150;95;15
2026-07-01 10:04:27.047;Pivô de Alta → Baixa (venda);-1;176000;1;3;1;3;3;100;88;14
2026-07-01 10:05:05.992;Pivô de Baixa → Alta (compra);1;176000;3;3;1;3;1;100;524;36
2026-07-01 10:10:08.648;Pivô de Alta → Baixa (venda);-1;176000;1;2;0;2;3;50;5;4
2026-07-01 10:11:05.266;Pivô de Baixa → Alta (compra);1;176050;2;3;1;3;5;100;30;6
2026-07-01 10:12:22.949;Pivô de Alta → Baixa (venda);-1;176050;3;5;3;5;9;200;27;4
2026-07-01 10:14:07.354;Pivô de Baixa → Alta (compra);1;175950;5;9;7;9;2;400;474;44
2026-07-01 10:17:40.728;Pivô de Alta → Baixa (venda);-1;176250;9;2;0;2;2;50;59;18
2026-07-01 10:18:35.097;Pivô de Baixa → Alta (compra);1;176300;2;2;0;2;2;50;23;10
2026-07-01 10:20:54.402;Pivô de Alta → Baixa (venda);-1;176250;2;2;0;2;6;50;6;3
2026-07-01 10:21:14.331;Pivô de Baixa → Alta (compra);1;176300;2;6;4;6;5;250;29;5
2026-07-01 10:24:27.443;Pivô de Alta → Baixa (venda);-1;176450;6;5;3;5;6;200;11;7
2026-07-01 10:25:35.907;Pivô de Baixa → Alta (compra);1;176350;5;6;4;6;2;250;31;2
2026-07-01 10:27:53.808;Pivô de Alta → Baixa (venda);-1;176500;6;2;0;2;3;50;69;32
2026-07-01 10:29:05.563;Pivô de Baixa → Alta (compra);1;176550;2;3;1;3;5;100;54;12
2026-07-01 10:29:54.225;Pivô de Alta → Baixa (venda);-1;176550;3;5;3;5;8;200;41;19
2026-07-01 10:30:27.232;Pivô de Baixa → Alta (compra);1;176450;5;8;6;8;2;350;1;1
2026-07-01 10:31:46.999;Pivô de Alta → Baixa (venda);-1;176700;8;2;0;2;1;50;9;9
2026-07-01 10:32:42.713;Pivô de Alta → Baixa (venda);-1;176650;1;3;1;3;15;100;10;10
2026-07-01 10:33:23.333;Pivô de Baixa → Alta (compra);1;176650;3;15;13;15;3;700;7;4
2026-07-01 10:36:51.884;Pivô de Alta → Baixa (venda);-1;177250;15;3;1;3;7;100;147;24
2026-07-01 10:38:34.208;Pivô de Baixa → Alta (compra);1;177250;3;7;5;7;1;300;3;3
2026-07-01 10:40:00.915;Pivô de Baixa → Alta (compra);1;177550;1;3;1;3;7;100;2;2
2026-07-01 10:41:20.475;Pivô de Alta → Baixa (venda);-1;177550;3;7;5;7;12;300;41;24
2026-07-01 10:43:26.679;Pivô de Baixa → Alta (compra);1;177350;7;12;10;12;5;550;7;5
2026-07-01 10:45:37.590;Pivô de Alta → Baixa (venda);-1;177800;12;5;3;5;2;200;149;35
2026-07-01 10:47:51.185;Pivô de Baixa → Alta (compra);1;177700;5;2;0;2;5;50;5;5
2026-07-01 10:49:20.887;Pivô de Alta → Baixa (venda);-1;177650;2;5;3;5;3;200;6;6
2026-07-01 10:50:44.686;Pivô de Baixa → Alta (compra);1;177550;5;3;1;3;5;100;7;6
2026-07-01 10:52:11.212;Pivô de Alta → Baixa (venda);-1;177550;3;5;3;5;5;200;21;12
2026-07-01 10:53:26.004;Pivô de Baixa → Alta (compra);1;177450;5;5;3;5;2;200;10;6
2026-07-01 10:58:22.236;Pivô de Alta → Baixa (venda);-1;177550;5;2;0;2;1;50;36;8
2026-07-01 11:03:51.451;Pivô de Baixa → Alta (compra);1;177600;1;2;0;2;2;50;27;19
2026-07-01 11:07:41.252;Pivô de Alta → Baixa (venda);-1;177550;2;2;0;2;12;50;21;14
2026-07-01 11:11:11.167;Pivô de Baixa → Alta (compra);1;177600;2;12;10;12;1;550;14;6
2026-07-01 11:17:49.966;Pivô de Alta → Baixa (venda);-1;178050;1;2;0;2;1;50;36;21
2026-07-01 11:20:05.270;Pivô de Alta → Baixa (venda);-1;178000;1;8;6;8;3;350;12;11
2026-07-01 11:26:09.165;Pivô de Baixa → Alta (compra);1;177750;8;3;1;3;1;100;19;9
2026-07-01 11:33:14.219;Pivô de Baixa → Alta (compra);1;177850;1;2;0;2;5;50;38;6
2026-07-01 11:35:01.278;Pivô de Alta → Baixa (venda);-1;177800;2;5;3;5;1;200;13;9
2026-07-01 11:46:49.591;Pivô de Alta → Baixa (venda);-1;177600;1;4;2;4;6;150;18;17
2026-07-01 11:48:47.744;Pivô de Baixa → Alta (compra);1;177550;4;6;4;6;7;250;176;15
2026-07-01 11:52:39.750;Pivô de Alta → Baixa (venda);-1;177700;6;7;5;7;2;300;50;31
2026-07-01 12:00:14.877;Pivô de Baixa → Alta (compra);1;177500;7;2;0;2;4;50;10;7
2026-07-01 12:07:03.424;Pivô de Alta → Baixa (venda);-1;177450;2;4;2;4;1;150;6;6
2026-07-01 12:15:03.040;Pivô de Alta → Baixa (venda);-1;177300;1;2;0;2;5;50;1;1
2026-07-01 12:23:39.096;Pivô de Baixa → Alta (compra);1;177350;2;5;3;5;4;200;13;4
2026-07-01 12:26:41.949;Pivô de Alta → Baixa (venda);-1;177450;5;4;2;4;16;150;72;8
2026-07-01 12:28:14.803;Pivô de Baixa → Alta (compra);1;177400;4;16;14;16;2;750;74;21
2026-07-01 12:45:17.450;Pivô de Alta → Baixa (venda);-1;178050;16;2;0;2;3;50;60;13
2026-07-01 12:50:00.316;Pivô de Baixa → Alta (compra);1;178100;2;3;1;3;3;100;35;5
2026-07-01 12:52:05.449;Pivô de Alta → Baixa (venda);-1;178100;3;3;1;3;2;100;39;23
2026-07-01 12:58:51.237;Pivô de Baixa → Alta (compra);1;178100;3;2;0;2;1;50;7;5
2026-07-01 13:26:58.615;Pivô de Baixa → Alta (compra);1;178150;1;5;3;5;5;200;11;7
2026-07-01 13:38:18.204;Pivô de Alta → Baixa (venda);-1;178250;5;5;3;5;6;200;14;11
2026-07-01 13:55:34.023;Pivô de Baixa → Alta (compra);1;178150;5;6;4;6;4;250;24;11
2026-07-01 14:04:26.822;Pivô de Alta → Baixa (venda);-1;178300;6;4;2;4;1;150;8;6
2026-07-01 14:35:16.467;Pivô de Alta → Baixa (venda);-1;178150;1;9;7;9;4;400;20;15
2026-07-01 14:52:11.306;Pivô de Baixa → Alta (compra);1;177850;9;4;2;4;5;150;101;19
2026-07-01 15:01:12.753;Pivô de Alta → Baixa (venda);-1;177900;4;5;3;5;4;200;14;14
2026-07-01 15:11:33.066;Pivô de Baixa → Alta (compra);1;177800;5;4;2;4;3;150;116;47
2026-07-01 15:22:37.275;Pivô de Alta → Baixa (venda);-1;177850;4;3;1;3;2;100;14;10
2026-07-01 15:50:12.025;Pivô de Baixa → Alta (compra);1;177850;3;2;0;2;1;50;4;3
2026-07-01 16:03:20.389;Pivô de Baixa → Alta (compra);1;177900;1;8;6;8;4;350;46;13
2026-07-01 16:08:36.300;Pivô de Alta → Baixa (venda);-1;178150;8;4;2;4;4;150;45;13
2026-07-01 16:14:27.170;Pivô de Baixa → Alta (compra);1;178100;4;4;2;4;5;150;13;12
2026-07-01 16:21:01.999;Pivô de Alta → Baixa (venda);-1;178150;4;5;3;5;3;200;1;1
2026-07-01 16:34:46.191;Pivô de Baixa → Alta (compra);1;178050;5;3;1;3;4;100;7;7
2026-07-01 16:43:02.022;Pivô de Alta → Baixa (venda);-1;178050;3;4;2;4;3;150;22;18
2026-07-01 17:02:21.178;Pivô de Baixa → Alta (compra);1;178000;4;3;1;3;1;100;178;27
2026-07-01 17:16:29.442;Pivô de Baixa → Alta (compra);1;178100;1;6;4;6;4;250;24;10
2026-07-01 17:58:30.425;Pivô de Alta → Baixa (venda);-1;178250;6;4;2;4;2;150;40;5
2026-07-02 09:00:47.877;Pivô de Baixa → Alta (compra);1;178200;4;2;0;2;10;50;4;2
2026-07-02 09:00:48.074;Pivô de Alta → Baixa (venda);-1;178150;2;10;8;10;12;450;3;3
2026-07-02 09:01:17.129;Pivô de Baixa → Alta (compra);1;177800;10;12;10;12;2;550;848;75
2026-07-02 09:03:50.002;Pivô de Alta → Baixa (venda);-1;178250;12;2;0;2;6;50;11;5
2026-07-02 09:03:57.780;Pivô de Baixa → Alta (compra);1;178300;2;6;4;6;1;250;4;2
2026-07-02 09:04:31.019;Pivô de Baixa → Alta (compra);1;178550;1;2;0;2;12;50;4;3
2026-07-02 09:04:53.494;Pivô de Alta → Baixa (venda);-1;178500;2;12;10;12;7;550;18;3
2026-07-02 09:06:03.007;Pivô de Baixa → Alta (compra);1;178050;12;7;5;7;2;300;8;2
2026-07-02 09:07:10.295;Pivô de Alta → Baixa (venda);-1;178250;7;2;0;2;2;50;2;2
2026-07-02 09:08:13.342;Pivô de Baixa → Alta (compra);1;178300;2;2;0;2;1;50;3;2
2026-07-02 09:09:39.799;Pivô de Baixa → Alta (compra);1;178350;1;2;0;2;1;50;8;4
2026-07-02 09:11:28.224;Pivô de Baixa → Alta (compra);1;178400;1;3;1;3;4;100;25;6
2026-07-02 09:16:46.542;Pivô de Alta → Baixa (venda);-1;178400;3;4;2;4;11;150;12;4
2026-07-02 09:19:35.499;Pivô de Baixa → Alta (compra);1;178350;4;11;9;11;10;500;58;11
2026-07-02 09:30:03.093;Pivô de Alta → Baixa (venda);-1;178750;11;10;8;10;18;450;1;1
2026-07-02 09:30:04.257;Pivô de Baixa → Alta (compra);1;178400;10;18;16;18;1;850;25;2
2026-07-02 09:30:15.216;Pivô de Alta → Baixa (venda);-1;179150;1;5;3;5;10;200;6;2
2026-07-02 09:30:17.173;Pivô de Baixa → Alta (compra);1;179050;5;10;8;10;2;450;5;2
2026-07-02 09:30:59.440;Pivô de Alta → Baixa (venda);-1;179400;10;2;0;2;9;50;8;6
2026-07-02 09:31:24.081;Pivô de Baixa → Alta (compra);1;179450;2;9;7;9;3;400;5;3
2026-07-02 09:32:46.403;Pivô de Alta → Baixa (venda);-1;179750;9;3;1;3;3;100;12;6
2026-07-02 09:33:28.987;Pivô de Baixa → Alta (compra);1;179750;3;3;1;3;1;100;24;4
2026-07-02 09:35:33.224;Pivô de Baixa → Alta (compra);1;179850;1;9;7;9;2;400;88;11
2026-07-02 09:39:11.747;Pivô de Alta → Baixa (venda);-1;180150;9;2;0;2;4;50;110;31
2026-07-02 09:41:20.827;Pivô de Baixa → Alta (compra);1;180200;2;4;2;4;16;150;28;6
2026-07-02 09:42:13.884;Pivô de Alta → Baixa (venda);-1;180250;4;16;14;16;1;750;6;4
2026-07-02 09:48:48.865;Pivô de Alta → Baixa (venda);-1;179500;1;2;0;2;1;50;4;3
2026-07-02 09:49:50.252;Pivô de Alta → Baixa (venda);-1;179450;1;2;0;2;2;50;44;15
2026-07-02 09:57:25.125;Pivô de Baixa → Alta (compra);1;179500;2;2;0;2;9;50;6;4
2026-07-02 10:00:05.039;Pivô de Alta → Baixa (venda);-1;179450;2;9;7;9;5;400;7;5
2026-07-02 10:01:47.481;Pivô de Baixa → Alta (compra);1;179150;9;5;3;5;2;200;2;2
2026-07-02 10:02:21.541;Pivô de Alta → Baixa (venda);-1;179250;5;2;0;2;9;50;11;8
2026-07-02 10:03:17.515;Pivô de Baixa → Alta (compra);1;179300;2;9;7;9;5;400;4;4
2026-07-02 10:13:24.393;Pivô de Alta → Baixa (venda);-1;179600;9;5;3;5;5;200;1;1
2026-07-02 10:14:32.959;Pivô de Baixa → Alta (compra);1;179500;5;5;3;5;7;200;3;2
2026-07-02 10:15:10.733;Pivô de Alta → Baixa (venda);-1;179600;5;7;5;7;1;300;3;2
2026-07-02 10:18:56.113;Pivô de Alta → Baixa (venda);-1;179300;1;4;2;4;2;150;16;7
2026-07-02 10:21:01.744;Pivô de Baixa → Alta (compra);1;179250;4;2;0;2;3;50;10;8
2026-07-02 10:21:25.943;Pivô de Alta → Baixa (venda);-1;179200;2;3;1;3;3;100;56;8
2026-07-02 10:23:34.847;Pivô de Baixa → Alta (compra);1;179200;3;3;1;3;7;100;242;18
2026-07-02 10:24:32.749;Pivô de Alta → Baixa (venda);-1;179200;3;7;5;7;9;300;521;11
2026-07-02 10:28:24.204;Pivô de Baixa → Alta (compra);1;179000;7;9;7;9;1;400;24;8
2026-07-02 10:33:34.096;Pivô de Baixa → Alta (compra);1;179400;1;19;17;19;1;900;2;2
2026-07-02 10:43:00.965;Pivô de Baixa → Alta (compra);1;180300;1;9;7;9;2;400;15;13
2026-07-02 10:45:36.497;Pivô de Alta → Baixa (venda);-1;180600;9;2;0;2;3;50;2;2
2026-07-02 10:46:17.490;Pivô de Baixa → Alta (compra);1;180650;2;3;1;3;10;100;4;3
2026-07-02 10:48:20.968;Pivô de Alta → Baixa (venda);-1;180650;3;10;8;10;4;450;327;14
2026-07-02 10:50:31.701;Pivô de Baixa → Alta (compra);1;180300;10;4;2;4;17;150;20;1
2026-07-02 10:50:46.107;Pivô de Alta → Baixa (venda);-1;180350;4;17;15;17;6;800;60;12
2026-07-02 10:58:21.520;Pivô de Baixa → Alta (compra);1;179650;17;6;4;6;7;250;64;27
2026-07-02 11:02:39.020;Pivô de Alta → Baixa (venda);-1;179800;6;7;5;7;6;300;3;3
2026-07-02 11:10:44.322;Pivô de Baixa → Alta (compra);1;179600;7;6;4;6;16;250;3;3
2026-07-02 11:15:15.183;Pivô de Alta → Baixa (venda);-1;179750;6;16;14;16;4;750;1;1
2026-07-02 11:28:43.276;Pivô de Baixa → Alta (compra);1;179100;16;4;2;4;6;150;118;31
2026-07-02 11:31:23.335;Pivô de Alta → Baixa (venda);-1;179150;4;6;4;6;2;250;39;8
2026-07-02 11:34:14.272;Pivô de Baixa → Alta (compra);1;179000;6;2;0;2;11;50;699;154
2026-07-02 11:34:33.191;Pivô de Alta → Baixa (venda);-1;178950;2;11;9;11;2;500;112;15
2026-07-02 11:40:54.081;Pivô de Baixa → Alta (compra);1;178550;11;2;0;2;2;50;108;4
2026-07-02 11:41:27.895;Pivô de Alta → Baixa (venda);-1;178500;2;2;0;2;3;50;1687;77
2026-07-02 11:42:01.815;Pivô de Baixa → Alta (compra);1;178550;2;3;1;3;1;100;367;51
2026-07-02 11:45:50.996;Pivô de Baixa → Alta (compra);1;178650;1;3;1;3;3;100;52;12
2026-07-02 11:47:08.484;Pivô de Alta → Baixa (venda);-1;178650;3;3;1;3;3;100;4;2
2026-07-02 11:48:07.856;Pivô de Baixa → Alta (compra);1;178650;3;3;1;3;3;100;79;25
2026-07-02 11:49:30.757;Pivô de Alta → Baixa (venda);-1;178650;3;3;1;3;5;100;17;13
2026-07-02 11:51:55.665;Pivô de Baixa → Alta (compra);1;178650;3;5;3;5;12;200;23;14
2026-07-02 12:03:15.962;Pivô de Alta → Baixa (venda);-1;178750;5;12;10;12;5;550;33;13
2026-07-02 12:07:38.582;Pivô de Baixa → Alta (compra);1;178300;12;5;3;5;8;200;2;2
2026-07-02 12:13:48.710;Pivô de Alta → Baixa (venda);-1;178400;5;8;6;8;9;350;31;10
2026-07-02 12:17:43.168;Pivô de Baixa → Alta (compra);1;178150;8;9;7;9;2;400;437;40
2026-07-02 12:26:15.354;Pivô de Alta → Baixa (venda);-1;178450;9;2;0;2;3;50;4;4
2026-07-02 12:29:51.936;Pivô de Baixa → Alta (compra);1;178500;2;3;1;3;2;100;3;2
2026-07-02 12:44:41.102;Pivô de Alta → Baixa (venda);-1;178500;3;2;0;2;4;50;5;3
2026-07-02 12:50:21.225;Pivô de Baixa → Alta (compra);1;178550;2;4;2;4;4;150;5;5
2026-07-02 13:01:08.358;Pivô de Alta → Baixa (venda);-1;178600;4;4;2;4;3;150;15;4
2026-07-02 13:09:38.344;Pivô de Baixa → Alta (compra);1;178550;4;3;1;3;6;100;66;6
2026-07-02 13:13:33.442;Pivô de Alta → Baixa (venda);-1;178550;3;6;4;6;4;250;6;5
2026-07-02 13:23:57.039;Pivô de Baixa → Alta (compra);1;178400;6;4;2;4;4;150;215;30
2026-07-02 13:49:16.866;Pivô de Alta → Baixa (venda);-1;178450;4;4;2;4;4;150;147;42
2026-07-02 13:57:34.770;Pivô de Baixa → Alta (compra);1;178400;4;4;2;4;1;150;38;20
2026-07-02 14:15:56.694;Pivô de Alta → Baixa (venda);-1;178450;1;3;1;3;1;100;62;15
2026-07-02 14:47:08.411;Pivô de Alta → Baixa (venda);-1;178350;1;2;0;2;4;50;15;11
2026-07-02 15:00:13.325;Pivô de Baixa → Alta (compra);1;178400;2;4;2;4;1;150;6;2
2026-07-02 15:07:02.506;Pivô de Baixa → Alta (compra);1;178550;1;2;0;2;3;50;178;12
2026-07-02 15:08:41.034;Pivô de Alta → Baixa (venda);-1;178500;2;3;1;3;10;100;33;22
2026-07-02 15:16:41.525;Pivô de Baixa → Alta (compra);1;178500;3;10;8;10;1;450;34;20
2026-07-02 15:44:34.750;Pivô de Alta → Baixa (venda);-1;178850;1;2;0;2;3;50;8;5
2026-07-02 15:46:36.990;Pivô de Baixa → Alta (compra);1;178900;2;3;1;3;10;100;37;26
2026-07-02 15:56:11.218;Pivô de Alta → Baixa (venda);-1;178900;3;10;8;10;5;450;20;10
2026-07-02 16:25:25.787;Pivô de Baixa → Alta (compra);1;178550;10;5;3;5;2;200;65;12
2026-07-02 16:44:01.021;Pivô de Alta → Baixa (venda);-1;178650;5;2;0;2;7;50;9;6
2026-07-02 16:48:23.271;Pivô de Baixa → Alta (compra);1;178700;2;7;5;7;1;300;48;11
2026-07-02 17:00:38.346;Pivô de Baixa → Alta (compra);1;179000;1;3;1;3;1;100;28;5
2026-07-02 17:25:24.379;Pivô de Baixa → Alta (compra);1;179100;1;2;0;2;4;50;10;6
2026-07-02 17:31:35.533;Pivô de Alta → Baixa (venda);-1;179050;2;4;2;4;11;150;62;17
2026-07-02 18:22:05.552;Pivô de Baixa → Alta (compra);1;179000;4;11;9;11;4;500;1166;39
2026-07-03 09:01:42.448;Pivô de Alta → Baixa (venda);-1;179400;11;4;2;4;4;150;2;1
2026-07-03 09:01:50.614;Pivô de Baixa → Alta (compra);1;179350;4;4;2;4;1;150;4;3
2026-07-03 09:03:00.271;Pivô de Baixa → Alta (compra);1;179500;1;3;1;3;1;100;32;2
2026-07-03 09:03:26.088;Pivô de Baixa → Alta (compra);1;179600;1;3;1;3;5;100;658;23
2026-07-03 09:04:00.441;Pivô de Alta → Baixa (venda);-1;179600;3;5;3;5;17;200;25;9
2026-07-03 09:04:30.080;Pivô de Baixa → Alta (compra);1;179500;5;17;15;17;3;800;244;35
2026-07-03 09:07:44.977;Pivô de Alta → Baixa (venda);-1;180200;17;3;1;3;5;100;201;9
2026-07-03 09:08:01.933;Pivô de Baixa → Alta (compra);1;180200;3;5;3;5;1;200;60;9
2026-07-03 09:09:08.146;Pivô de Baixa → Alta (compra);1;180400;1;2;0;2;9;50;1434;97
2026-07-03 09:09:40.864;Pivô de Alta → Baixa (venda);-1;180350;2;9;7;9;5;400;79;9
2026-07-03 09:11:21.655;Pivô de Baixa → Alta (compra);1;180050;9;5;3;5;3;200;14;7
2026-07-03 09:15:08.641;Pivô de Alta → Baixa (venda);-1;180150;5;3;1;3;4;100;44;11
2026-07-03 09:16:32.527;Pivô de Baixa → Alta (compra);1;180150;3;4;2;4;2;150;84;8
2026-07-03 09:19:45.625;Pivô de Alta → Baixa (venda);-1;180200;4;2;0;2;5;50;2;2
2026-07-03 09:20:33.342;Pivô de Baixa → Alta (compra);1;180250;2;5;3;5;3;200;66;12
2026-07-03 09:28:04.420;Pivô de Alta → Baixa (venda);-1;180350;5;3;1;3;1;100;66;37
2026-07-03 09:31:31.900;Pivô de Alta → Baixa (venda);-1;180250;1;5;3;5;3;200;7;4
2026-07-03 09:36:37.834;Pivô de Baixa → Alta (compra);1;180150;5;3;1;3;4;100;3;3
2026-07-03 09:38:17.799;Pivô de Alta → Baixa (venda);-1;180150;3;4;2;4;8;150;20;16
2026-07-03 09:42:25.259;Pivô de Baixa → Alta (compra);1;180100;4;8;6;8;7;350;7;6
2026-07-03 09:51:26.081;Pivô de Alta → Baixa (venda);-1;180350;8;7;5;7;2;300;23;15
2026-07-03 09:59:23.962;Pivô de Baixa → Alta (compra);1;180150;7;2;0;2;2;50;7;4
2026-07-03 10:00:08.783;Pivô de Alta → Baixa (venda);-1;180100;2;2;0;2;2;50;45;10
2026-07-03 10:00:38.101;Pivô de Baixa → Alta (compra);1;180150;2;2;0;2;4;50;15;5
2026-07-03 10:01:02.744;Pivô de Alta → Baixa (venda);-1;180100;2;4;2;4;3;150;13;1
2026-07-03 10:01:36.211;Pivô de Baixa → Alta (compra);1;180050;4;3;1;3;11;100;52;18
2026-07-03 10:02:04.605;Pivô de Alta → Baixa (venda);-1;180050;3;11;9;11;2;500;8;7
2026-07-03 10:10:34.814;Pivô de Baixa → Alta (compra);1;179650;11;2;0;2;1;50;4;4
2026-07-03 10:13:20.208;Pivô de Alta → Baixa (venda);-1;179600;1;6;4;6;5;250;7;4
2026-07-03 10:15:34.564;Pivô de Baixa → Alta (compra);1;179450;6;5;3;5;6;200;145;13
2026-07-03 10:16:47.889;Pivô de Alta → Baixa (venda);-1;179550;5;6;4;6;1;250;33;10
2026-07-03 10:18:01.737;Pivô de Alta → Baixa (venda);-1;179300;1;5;3;5;8;200;46;21
2026-07-03 10:24:07.455;Pivô de Baixa → Alta (compra);1;179200;5;8;6;8;1;350;10;8
2026-07-03 10:26:48.095;Pivô de Baixa → Alta (compra);1;179550;1;3;1;3;4;100;27;4
2026-07-03 10:27:28.736;Pivô de Alta → Baixa (venda);-1;179550;3;4;2;4;1;150;12;8
2026-07-03 10:31:18.379;Pivô de Alta → Baixa (venda);-1;179400;1;4;2;4;9;150;21;8
2026-07-03 10:34:35.709;Pivô de Baixa → Alta (compra);1;179350;4;9;7;9;2;400;5;5
2026-07-03 10:42:08.753;Pivô de Alta → Baixa (venda);-1;179650;9;2;0;2;3;50;4;2
2026-07-03 10:43:20.191;Pivô de Baixa → Alta (compra);1;179700;2;3;1;3;2;100;25;3
2026-07-03 10:43:47.063;Pivô de Alta → Baixa (venda);-1;179700;3;2;0;2;4;50;20;11
2026-07-03 10:49:56.131;Pivô de Baixa → Alta (compra);1;179750;2;4;2;4;3;150;2;2
2026-07-03 10:51:18.454;Pivô de Alta → Baixa (venda);-1;179800;4;3;1;3;13;100;24;8
2026-07-03 10:51:34.188;Pivô de Baixa → Alta (compra);1;179800;3;13;11;13;1;600;288;21
2026-07-03 11:09:46.320;Pivô de Alta → Baixa (venda);-1;180300;1;4;2;4;2;150;36;18
2026-07-03 11:15:28.260;Pivô de Baixa → Alta (compra);1;180250;4;2;0;2;2;50;7;6
2026-07-03 11:17:08.697;Pivô de Alta → Baixa (venda);-1;180200;2;2;0;2;3;50;8;4
2026-07-03 11:19:19.081;Pivô de Baixa → Alta (compra);1;180250;2;3;1;3;2;100;5;5
2026-07-03 11:31:28.271;Pivô de Alta → Baixa (venda);-1;180250;3;2;0;2;4;50;8;5
2026-07-03 11:37:11.841;Pivô de Baixa → Alta (compra);1;180300;2;4;2;4;1;150;9;3
2026-07-03 11:45:15.236;Pivô de Baixa → Alta (compra);1;180450;1;10;8;10;6;450;37;15
2026-07-03 13:08:24.514;Pivô de Alta → Baixa (venda);-1;180800;10;6;4;6;4;250;68;28
2026-07-03 14:18:26.721;Pivô de Baixa → Alta (compra);1;180650;6;4;2;4;8;150;37;10
2026-07-03 14:39:53.163;Pivô de Alta → Baixa (venda);-1;180700;4;8;6;8;3;350;14;11
2026-07-03 16:40:42.261;Pivô de Baixa → Alta (compra);1;180450;8;3;1;3;3;100;16;16
2026-07-03 16:57:05.748;Pivô de Alta → Baixa (venda);-1;180450;3;3;1;3;4;100;16;7
2026-07-03 17:05:09.136;Pivô de Baixa → Alta (compra);1;180450;3;4;2;4;3;150;9;8
2026-07-03 17:36:08.388;Pivô de Alta → Baixa (venda);-1;180500;4;3;1;3;2;100;77;33
2026-07-06 09:00:52.160;Pivô de Baixa → Alta (compra);1;180500;3;2;0;2;8;50;8;5
2026-07-06 09:00:53.764;Pivô de Alta → Baixa (venda);-1;180450;2;8;6;8;1;350;2;1
2026-07-06 09:01:25.295;Pivô de Alta → Baixa (venda);-1;180100;1;7;5;7;1;300;13;6
2026-07-06 09:02:00.256;Pivô de Alta → Baixa (venda);-1;179800;1;11;9;11;3;500;24;11
2026-07-06 09:03:06.839;Pivô de Baixa → Alta (compra);1;179400;11;3;1;3;3;100;42;20
2026-07-06 09:03:32.067;Pivô de Alta → Baixa (venda);-1;179400;3;3;1;3;2;100;4;2
2026-07-06 09:03:43.658;Pivô de Baixa → Alta (compra);1;179400;3;2;0;2;2;50;7;5
2026-07-06 09:04:00.185;Pivô de Alta → Baixa (venda);-1;179350;2;2;0;2;1;50;22;9
2026-07-06 09:05:30.923;Pivô de Alta → Baixa (venda);-1;179300;1;4;2;4;3;150;11;6
2026-07-06 09:06:16.829;Pivô de Baixa → Alta (compra);1;179250;4;3;1;3;6;100;52;16
2026-07-06 09:09:25.405;Pivô de Alta → Baixa (venda);-1;179250;3;6;4;6;6;250;6;2
2026-07-06 09:11:39.025;Pivô de Baixa → Alta (compra);1;179100;6;6;4;6;1;250;21;12
2026-07-06 09:16:25.619;Pivô de Baixa → Alta (compra);1;179350;1;6;4;6;14;250;3;2
2026-07-06 09:18:14.468;Pivô de Alta → Baixa (venda);-1;179500;6;14;12;14;5;650;12;4
2026-07-06 09:27:03.197;Pivô de Baixa → Alta (compra);1;178950;14;5;3;5;4;200;3;3
2026-07-06 09:30:57.806;Pivô de Alta → Baixa (venda);-1;179050;5;4;2;4;1;150;16;11
2026-07-06 09:43:10.084;Pivô de Alta → Baixa (venda);-1;178900;1;7;5;7;1;300;17;11
2026-07-06 10:02:11.261;Pivô de Baixa → Alta (compra);1;178700;1;6;4;6;4;250;78;26
2026-07-06 10:07:35.925;Pivô de Alta → Baixa (venda);-1;178850;6;4;2;4;5;150;35;26
2026-07-06 10:10:28.206;Pivô de Baixa → Alta (compra);1;178800;4;5;3;5;6;200;4;4
2026-07-06 10:12:13.060;Pivô de Alta → Baixa (venda);-1;178900;5;6;4;6;3;250;38;15
2026-07-06 10:15:01.649;Pivô de Baixa → Alta (compra);1;178750;6;3;1;3;4;100;6;2
2026-07-06 10:17:20.346;Pivô de Alta → Baixa (venda);-1;178750;3;4;2;4;2;150;22;9
2026-07-06 10:19:03.100;Pivô de Baixa → Alta (compra);1;178700;4;2;0;2;4;50;23;6
2026-07-06 10:20:11.050;Pivô de Alta → Baixa (venda);-1;178650;2;4;2;4;1;150;9;1
2026-07-06 10:21:32.288;Pivô de Alta → Baixa (venda);-1;178500;1;5;3;5;6;200;16;12
2026-07-06 10:27:33.096;Pivô de Baixa → Alta (compra);1;178400;5;6;4;6;5;250;797;100
2026-07-06 10:30:24.769;Pivô de Alta → Baixa (venda);-1;178550;6;5;3;5;2;200;40;9
2026-07-06 10:32:32.745;Pivô de Baixa → Alta (compra);1;178450;5;2;0;2;2;50;6;6
2026-07-06 10:33:34.956;Pivô de Alta → Baixa (venda);-1;178400;2;2;0;2;4;50;8;8
2026-07-06 10:34:23.793;Pivô de Baixa → Alta (compra);1;178450;2;4;2;4;2;150;11;7
2026-07-06 10:38:31.205;Pivô de Alta → Baixa (venda);-1;178500;4;2;0;2;11;50;9;6
2026-07-06 10:39:58.166;Pivô de Baixa → Alta (compra);1;178550;2;11;9;11;3;500;36;12
2026-07-06 10:46:16.758;Pivô de Alta → Baixa (venda);-1;178950;11;3;1;3;6;100;711;35
2026-07-06 10:47:12.169;Pivô de Baixa → Alta (compra);1;178950;3;6;4;6;11;250;1;1
2026-07-06 10:48:47.202;Pivô de Alta → Baixa (venda);-1;179100;6;11;9;11;2;500;8;4
2026-07-06 10:51:16.122;Pivô de Baixa → Alta (compra);1;178700;11;2;0;2;7;50;598;32
2026-07-06 10:54:44.126;Pivô de Alta → Baixa (venda);-1;178650;2;7;5;7;2;300;9;4
2026-07-06 10:58:47.410;Pivô de Baixa → Alta (compra);1;178450;7;2;0;2;9;50;19;10
2026-07-06 11:00:22.216;Pivô de Alta → Baixa (venda);-1;178400;2;9;7;9;1;400;13;6
2026-07-06 11:08:15.415;Pivô de Alta → Baixa (venda);-1;178000;1;3;1;3;1;100;196;27
2026-07-06 11:12:24.553;Pivô de Baixa → Alta (compra);1;178000;1;2;0;2;1;50;57;7
2026-07-06 11:22:38.950;Pivô de Baixa → Alta (compra);1;178050;1;3;1;3;9;100;16;6
2026-07-06 11:25:53.352;Pivô de Alta → Baixa (venda);-1;178050;3;9;7;9;4;400;4;4
2026-07-06 11:46:50.418;Pivô de Baixa → Alta (compra);1;177750;9;4;2;4;1;150;411;41
2026-07-06 11:54:30.429;Pivô de Baixa → Alta (compra);1;177900;1;4;2;4;4;150;206;59
2026-07-06 12:11:53.584;Pivô de Alta → Baixa (venda);-1;177950;4;4;2;4;5;150;268;36
2026-07-06 12:19:13.062;Pivô de Baixa → Alta (compra);1;177900;4;5;3;5;1;200;51;17
2026-07-06 12:32:30.607;Pivô de Baixa → Alta (compra);1;178100;1;2;0;2;5;50;17;4
2026-07-06 12:35:05.876;Pivô de Alta → Baixa (venda);-1;178050;2;5;3;5;1;200;154;52
2026-07-06 13:22:56.368;Pivô de Baixa → Alta (compra);1;177950;1;4;2;4;3;150;75;37
2026-07-06 13:40:39.488;Pivô de Alta → Baixa (venda);-1;178000;4;3;1;3;5;100;142;20
2026-07-06 13:55:03.957;Pivô de Baixa → Alta (compra);1;178000;3;5;3;5;3;200;22;11
2026-07-06 14:09:45.520;Pivô de Alta → Baixa (venda);-1;178100;5;3;1;3;8;100;1;1
2026-07-06 14:10:36.504;Pivô de Baixa → Alta (compra);1;178100;3;8;6;8;3;350;40;13
2026-07-06 14:29:03.673;Pivô de Alta → Baixa (venda);-1;178350;8;3;1;3;5;100;12;9
2026-07-06 14:35:09.993;Pivô de Baixa → Alta (compra);1;178350;3;5;3;5;3;200;117;21
2026-07-06 14:48:31.954;Pivô de Alta → Baixa (venda);-1;178450;5;3;1;3;4;100;108;31
2026-07-06 15:10:06.774;Pivô de Baixa → Alta (compra);1;178450;3;4;2;4;7;150;21;2
2026-07-06 15:25:40.610;Pivô de Alta → Baixa (venda);-1;178500;4;7;5;7;3;300;26;18
2026-07-06 16:12:21.960;Pivô de Baixa → Alta (compra);1;178300;7;3;1;3;1;100;65;16
2026-07-06 16:38:10.507;Pivô de Baixa → Alta (compra);1;178400;1;4;2;4;9;150;100;30
2026-07-06 17:57:02.589;Pivô de Alta → Baixa (venda);-1;178450;4;9;7;9;2;400;106;20
2026-07-07 09:00:48.100;Pivô de Baixa → Alta (compra);1;178150;9;2;0;2;2;50;5;1
2026-07-07 09:01:07.083;Pivô de Alta → Baixa (venda);-1;178100;2;2;0;2;2;50;19;10
2026-07-07 09:03:09.403;Pivô de Baixa → Alta (compra);1;178150;2;2;0;2;2;50;4;3
2026-07-07 09:03:17.235;Pivô de Alta → Baixa (venda);-1;178100;2;2;0;2;14;50;2;2
2026-07-07 09:03:22.164;Pivô de Baixa → Alta (compra);1;178150;2;14;12;14;2;650;1;1
2026-07-07 09:04:17.167;Pivô de Alta → Baixa (venda);-1;178700;14;2;0;2;11;50;25;6
2026-07-07 09:04:35.926;Pivô de Baixa → Alta (compra);1;178750;2;11;9;11;2;500;2;2
2026-07-07 09:07:50.638;Pivô de Alta → Baixa (venda);-1;179150;11;2;0;2;3;50;16;12
2026-07-07 09:08:36.982;Pivô de Baixa → Alta (compra);1;179200;2;3;1;3;3;100;11;11
2026-07-07 09:10:56.046;Pivô de Alta → Baixa (venda);-1;179200;3;3;1;3;4;100;13;9
2026-07-07 09:12:05.724;Pivô de Baixa → Alta (compra);1;179200;3;4;2;4;3;150;6;6
2026-07-07 09:13:16.381;Pivô de Alta → Baixa (venda);-1;179250;4;3;1;3;2;100;40;39
2026-07-07 09:16:35.754;Pivô de Baixa → Alta (compra);1;179250;3;2;0;2;6;50;1;1
2026-07-07 09:18:31.567;Pivô de Alta → Baixa (venda);-1;179200;2;6;4;6;5;250;25;21
2026-07-07 09:20:45.984;Pivô de Baixa → Alta (compra);1;179050;6;5;3;5;3;200;10;3
2026-07-07 09:26:16.800;Pivô de Alta → Baixa (venda);-1;179150;5;3;1;3;1;100;35;27
2026-07-07 09:34:14.542;Pivô de Alta → Baixa (venda);-1;179050;1;4;2;4;2;150;3;3
2026-07-07 09:40:34.804;Pivô de Baixa → Alta (compra);1;179000;4;2;0;2;2;50;4;2
2026-07-07 09:41:33.558;Pivô de Alta → Baixa (venda);-1;178950;2;2;0;2;1;50;33;21
2026-07-07 09:50:09.731;Pivô de Alta → Baixa (venda);-1;178900;1;3;1;3;2;100;4;1
2026-07-07 09:58:44.605;Pivô de Baixa → Alta (compra);1;178900;3;2;0;2;3;50;2;2
2026-07-07 10:00:15.837;Pivô de Alta → Baixa (venda);-1;178850;2;3;1;3;4;100;1;1
2026-07-07 10:01:00.858;Pivô de Baixa → Alta (compra);1;178850;3;4;2;4;6;150;6;3
2026-07-07 10:01:45.998;Pivô de Alta → Baixa (venda);-1;178900;4;6;4;6;2;250;9;4
2026-07-07 10:04:23.124;Pivô de Baixa → Alta (compra);1;178750;6;2;0;2;3;50;4;4
2026-07-07 10:06:01.419;Pivô de Alta → Baixa (venda);-1;178700;2;3;1;3;5;100;2;2
2026-07-07 10:07:26.568;Pivô de Baixa → Alta (compra);1;178700;3;5;3;5;7;200;13;8
2026-07-07 10:12:35.487;Pivô de Alta → Baixa (venda);-1;178800;5;7;5;7;1;300;10;9
2026-07-07 10:17:03.519;Pivô de Baixa → Alta (compra);1;178600;1;8;6;8;11;350;8;6
2026-07-07 10:20:10.411;Pivô de Alta → Baixa (venda);-1;178850;8;11;9;11;19;500;16;9
2026-07-07 10:27:28.908;Pivô de Baixa → Alta (compra);1;178450;11;19;17;19;3;900;5;4
2026-07-07 10:34:06.554;Pivô de Alta → Baixa (venda);-1;179250;19;3;1;3;5;100;55;8
2026-07-07 10:35:30.571;Pivô de Baixa → Alta (compra);1;179250;3;5;3;5;4;200;48;8
2026-07-07 10:39:09.393;Pivô de Alta → Baixa (venda);-1;179350;5;4;2;4;3;150;26;3
2026-07-07 10:40:52.722;Pivô de Baixa → Alta (compra);1;179300;4;3;1;3;1;100;4;4
2026-07-07 10:44:24.683;Pivô de Baixa → Alta (compra);1;179400;1;3;1;3;22;100;345;39
2026-07-07 10:45:43.139;Pivô de Alta → Baixa (venda);-1;179400;3;22;20;22;6;1050;27;17
2026-07-07 10:58:43.925;Pivô de Baixa → Alta (compra);1;178450;22;6;4;6;7;250;3;3
2026-07-07 11:00:45.980;Pivô de Alta → Baixa (venda);-1;178600;6;7;5;7;5;300;26;16
2026-07-07 11:04:39.080;Pivô de Baixa → Alta (compra);1;178400;7;5;3;5;5;200;4;4
2026-07-07 11:06:20.100;Pivô de Alta → Baixa (venda);-1;178500;5;5;3;5;2;200;1322;78
2026-07-07 11:08:59.397;Pivô de Baixa → Alta (compra);1;178400;5;2;0;2;10;50;1230;41
2026-07-07 11:09:37.665;Pivô de Alta → Baixa (venda);-1;178350;2;10;8;10;1;450;95;21
2026-07-07 11:20:07.899;Pivô de Alta → Baixa (venda);-1;177900;1;12;10;12;17;550;1;1
2026-07-07 11:26:18.792;Pivô de Baixa → Alta (compra);1;177450;12;17;15;17;11;800;73;14
2026-07-07 11:48:11.181;Pivô de Alta → Baixa (venda);-1;178150;17;11;9;11;2;500;4;3
2026-07-07 12:05:22.689;Pivô de Baixa → Alta (compra);1;177750;11;2;0;2;5;50;26;17
2026-07-07 12:09:55.988;Pivô de Alta → Baixa (venda);-1;177700;2;5;3;5;2;200;16;6
2026-07-07 12:17:15.915;Pivô de Baixa → Alta (compra);1;177600;5;2;0;2;1;50;153;45
2026-07-07 12:26:12.201;Pivô de Baixa → Alta (compra);1;177650;1;2;0;2;5;50;62;30
2026-07-07 12:33:01.413;Pivô de Alta → Baixa (venda);-1;177600;2;5;3;5;1;200;3;3
2026-07-07 12:41:47.082;Pivô de Alta → Baixa (venda);-1;177400;1;2;0;2;2;50;215;103
2026-07-07 13:09:05.977;Pivô de Baixa → Alta (compra);1;177450;2;2;0;2;1;50;72;24
2026-07-07 13:41:34.272;Pivô de Baixa → Alta (compra);1;177500;1;5;3;5;1;200;35;25
2026-07-07 14:10:46.755;Pivô de Baixa → Alta (compra);1;177700;1;5;3;5;4;200;38;6
2026-07-07 14:24:41.310;Pivô de Alta → Baixa (venda);-1;177800;5;4;2;4;1;150;30;19
2026-07-07 14:54:37.388;Pivô de Alta → Baixa (venda);-1;177650;1;5;3;5;11;200;39;8
2026-07-07 15:05:21.399;Pivô de Baixa → Alta (compra);1;177550;5;11;9;11;3;500;17;7
2026-07-07 15:48:32.208;Pivô de Alta → Baixa (venda);-1;177950;11;3;1;3;1;100;2;2
2026-07-07 15:52:04.492;Pivô de Alta → Baixa (venda);-1;177850;1;3;1;3;1;100;101;25
2026-07-07 16:12:49.868;Pivô de Baixa → Alta (compra);1;177850;1;2;0;2;3;50;42;12
2026-07-07 16:23:20.429;Pivô de Alta → Baixa (venda);-1;177800;2;3;1;3;3;100;14;5
2026-07-07 16:32:35.163;Pivô de Baixa → Alta (compra);1;177800;3;3;1;3;35;100;134;61
2026-07-07 17:05:00.602;Pivô de Alta → Baixa (venda);-1;177800;3;35;33;35;6;1700;14;11
2026-07-08 09:00:58.565;Pivô de Baixa → Alta (compra);1;176200;35;6;4;6;2;250;1;1
2026-07-08 09:01:07.649;Pivô de Alta → Baixa (venda);-1;176350;6;2;0;2;1;50;2;1
2026-07-08 09:01:10.018;Pivô de Alta → Baixa (venda);-1;176300;1;10;8;10;7;450;7;3
2026-07-08 09:01:24.961;Pivô de Baixa → Alta (compra);1;175950;10;7;5;7;3;300;15;4
2026-07-08 09:01:29.727;Pivô de Alta → Baixa (venda);-1;176150;7;3;1;3;10;100;5;1
2026-07-08 09:01:31.097;Pivô de Baixa → Alta (compra);1;176150;3;10;8;10;3;450;2;1
2026-07-08 09:01:43.372;Pivô de Alta → Baixa (venda);-1;176500;10;3;1;3;17;100;18;7
2026-07-08 09:01:46.300;Pivô de Baixa → Alta (compra);1;176500;3;17;15;17;5;800;8;3
2026-07-08 09:02:27.877;Pivô de Alta → Baixa (venda);-1;177200;17;5;3;5;4;200;42;18
2026-07-08 09:02:56.322;Pivô de Baixa → Alta (compra);1;177100;5;4;2;4;1;150;10;5
2026-07-08 09:04:00.795;Pivô de Baixa → Alta (compra);1;177250;1;5;3;5;2;200;11;5
2026-07-08 09:05:13.296;Pivô de Alta → Baixa (venda);-1;177350;5;2;0;2;1;50;137;30
2026-07-08 09:07:04.434;Pivô de Alta → Baixa (venda);-1;177300;1;7;5;7;6;300;13;8
2026-07-08 09:09:01.337;Pivô de Baixa → Alta (compra);1;177100;7;6;4;6;5;250;10;2
2026-07-08 09:12:39.418;Pivô de Alta → Baixa (venda);-1;177250;6;5;3;5;6;200;19;13
2026-07-08 09:15:20.578;Pivô de Baixa → Alta (compra);1;177150;5;6;4;6;1;250;157;27
2026-07-08 09:25:02.491;Pivô de Baixa → Alta (compra);1;177400;1;4;2;4;5;150;2;2
2026-07-08 09:30:15.772;Pivô de Alta → Baixa (venda);-1;177450;4;5;3;5;2;200;3;2
2026-07-08 09:47:05.943;Pivô de Baixa → Alta (compra);1;177350;5;2;0;2;1;50;14;4
2026-07-08 09:55:07.885;Pivô de Baixa → Alta (compra);1;177400;1;2;0;2;3;50;1;1
2026-07-08 09:56:21.567;Pivô de Alta → Baixa (venda);-1;177350;2;3;1;3;4;100;4;3
2026-07-08 09:56:47.226;Pivô de Baixa → Alta (compra);1;177350;3;4;2;4;2;150;3;3
2026-07-08 10:00:10.403;Pivô de Alta → Baixa (venda);-1;177400;4;2;0;2;1;50;49;9
2026-07-08 10:04:14.690;Pivô de Alta → Baixa (venda);-1;177350;1;7;5;7;2;300;10;7
2026-07-08 10:06:18.773;Pivô de Baixa → Alta (compra);1;177150;7;2;0;2;3;50;2;1
2026-07-08 10:07:20.006;Pivô de Alta → Baixa (venda);-1;177100;2;3;1;3;1;100;17;15
2026-07-08 10:11:05.064;Pivô de Alta → Baixa (venda);-1;177000;1;6;4;6;1;250;14;13
2026-07-08 10:15:06.626;Pivô de Alta → Baixa (venda);-1;176750;1;8;6;8;2;350;4;4
2026-07-08 10:17:34.913;Pivô de Baixa → Alta (compra);1;176500;8;2;0;2;15;50;232;19
2026-07-08 10:17:52.836;Pivô de Alta → Baixa (venda);-1;176450;2;15;13;15;6;700;22;8
2026-07-08 10:21:54.552;Pivô de Baixa → Alta (compra);1;175850;15;6;4;6;1;250;15;4
2026-07-08 10:23:52.832;Pivô de Baixa → Alta (compra);1;176100;1;11;9;11;1;500;47;15
2026-07-08 10:25:56.187;Pivô de Baixa → Alta (compra);1;176600;1;3;1;3;2;100;39;7
2026-07-08 10:26:23.508;Pivô de Alta → Baixa (venda);-1;176600;3;2;0;2;9;50;615;25
2026-07-08 10:27:35.856;Pivô de Baixa → Alta (compra);1;176650;2;9;7;9;3;400;23;8
2026-07-08 10:28:58.628;Pivô de Alta → Baixa (venda);-1;176950;9;3;1;3;4;100;61;30
2026-07-08 10:30:31.482;Pivô de Baixa → Alta (compra);1;176950;3;4;2;4;2;150;23;3
2026-07-08 10:31:02.020;Pivô de Alta → Baixa (venda);-1;177000;4;2;0;2;1;50;14;7
2026-07-08 10:31:43.176;Pivô de Baixa → Alta (compra);1;177050;1;3;1;3;2;100;30;9
2026-07-08 10:32:07.660;Pivô de Alta → Baixa (venda);-1;177050;3;2;0;2;2;50;48;30
2026-07-08 10:32:40.238;Pivô de Baixa → Alta (compra);1;177100;2;2;0;2;11;50;74;23
2026-07-08 10:33:22.306;Pivô de Alta → Baixa (venda);-1;177050;2;11;9;11;1;500;56;22
2026-07-08 10:36:32.392;Pivô de Alta → Baixa (venda);-1;176550;1;2;0;2;6;50;53;10
2026-07-08 10:38:14.531;Pivô de Baixa → Alta (compra);1;176600;2;6;4;6;2;250;17;14
2026-07-08 10:42:08.599;Pivô de Alta → Baixa (venda);-1;176750;6;2;0;2;1;50;2138;32
2026-07-08 10:43:14.796;Pivô de Baixa → Alta (compra);1;176800;1;4;2;4;3;150;142;49
2026-07-08 10:44:24.395;Pivô de Alta → Baixa (venda);-1;176850;4;3;1;3;3;100;7;3
2026-07-08 10:45:55.393;Pivô de Baixa → Alta (compra);1;176850;3;3;1;3;5;100;6;3
2026-07-08 10:46:18.177;Pivô de Alta → Baixa (venda);-1;176850;3;5;3;5;1;200;7;3
2026-07-08 10:50:30.041;Pivô de Alta → Baixa (venda);-1;176650;1;8;6;8;3;350;7;3
2026-07-08 10:55:48.462;Pivô de Baixa → Alta (compra);1;176400;8;3;1;3;2;100;573;12
2026-07-08 10:59:10.724;Pivô de Alta → Baixa (venda);-1;176400;3;2;0;2;8;50;127;36
2026-07-08 11:02:04.806;Pivô de Baixa → Alta (compra);1;176450;2;8;6;8;2;350;146;46
2026-07-08 11:09:49.299;Pivô de Alta → Baixa (venda);-1;176700;8;2;0;2;1;50;31;12
2026-07-08 11:12:18.964;Pivô de Alta → Baixa (venda);-1;176650;1;7;5;7;4;300;12;4
2026-07-08 11:16:03.313;Pivô de Baixa → Alta (compra);1;176450;7;4;2;4;2;150;48;9
2026-07-08 11:18:30.299;Pivô de Alta → Baixa (venda);-1;176500;4;2;0;2;5;50;10;2
2026-07-08 11:20:21.241;Pivô de Baixa → Alta (compra);1;176550;2;5;3;5;6;200;2;2
2026-07-08 11:25:32.536;Pivô de Alta → Baixa (venda);-1;176650;5;6;4;6;2;250;45;12
2026-07-08 11:27:12.582;Pivô de Baixa → Alta (compra);1;176500;6;2;0;2;3;50;1;1
2026-07-08 11:27:48.259;Pivô de Alta → Baixa (venda);-1;176450;2;3;1;3;1;100;6;6
2026-07-08 11:35:02.704;Pivô de Alta → Baixa (venda);-1;176350;1;4;2;4;1;150;10;3
2026-07-08 11:39:02.303;Pivô de Alta → Baixa (venda);-1;176200;1;7;5;7;2;300;26;13
2026-07-08 11:54:02.661;Pivô de Baixa → Alta (compra);1;176000;7;2;0;2;2;50;4;3
2026-07-08 11:55:35.010;Pivô de Alta → Baixa (venda);-1;175950;2;2;0;2;6;50;85;9
2026-07-08 12:00:13.438;Pivô de Baixa → Alta (compra);1;176000;2;6;4;6;3;250;4;4
2026-07-08 12:07:57.387;Pivô de Alta → Baixa (venda);-1;176150;6;3;1;3;1;100;19;15
2026-07-08 12:26:23.789;Pivô de Baixa → Alta (compra);1;176150;1;5;3;5;7;200;3;3
2026-07-08 12:36:59.830;Pivô de Alta → Baixa (venda);-1;176250;5;7;5;7;1;300;37;9
2026-07-08 13:34:45.405;Pivô de Baixa → Alta (compra);1;176050;1;13;11;13;8;600;12;8
2026-07-08 13:50:44.422;Pivô de Alta → Baixa (venda);-1;176550;13;8;6;8;6;350;2267;296
2026-07-08 14:10:03.683;Pivô de Baixa → Alta (compra);1;176300;8;6;4;6;4;250;532;35
2026-07-08 14:22:29.748;Pivô de Alta → Baixa (venda);-1;176450;6;4;2;4;6;150;27;15
2026-07-08 14:42:17.551;Pivô de Baixa → Alta (compra);1;176400;4;6;4;6;2;250;76;20
2026-07-08 15:12:02.437;Pivô de Alta → Baixa (venda);-1;176550;6;2;0;2;1;50;53;15
2026-07-08 15:31:10.501;Pivô de Alta → Baixa (venda);-1;176500;1;2;0;2;3;50;3;2
2026-07-08 15:35:43.683;Pivô de Baixa → Alta (compra);1;176550;2;3;1;3;2;100;20;6
2026-07-08 15:51:57.297;Pivô de Alta → Baixa (venda);-1;176550;3;2;0;2;2;50;23;6
2026-07-08 15:58:53.542;Pivô de Baixa → Alta (compra);1;176600;2;2;0;2;1;50;27;5
2026-07-08 16:27:09.037;Pivô de Baixa → Alta (compra);1;176650;1;3;1;3;10;100;12;4
2026-07-08 16:37:05.995;Pivô de Alta → Baixa (venda);-1;176650;3;10;8;10;13;450;35;29
2026-07-08 17:32:22.926;Pivô de Baixa → Alta (compra);1;176300;10;13;11;13;11;600;61;25
2026-07-09 09:00:58.707;Pivô de Alta → Baixa (venda);-1;176800;13;11;9;11;10;500;3;1
2026-07-09 09:01:22.365;Pivô de Baixa → Alta (compra);1;176400;11;10;8;10;4;450;11;3
2026-07-09 09:01:51.662;Pivô de Alta → Baixa (venda);-1;176750;10;4;2;4;16;150;58;13
2026-07-09 09:02:03.792;Pivô de Baixa → Alta (compra);1;176700;4;16;14;16;11;750;1;1
2026-07-09 09:08:41.493;Pivô de Alta → Baixa (venda);-1;177350;16;11;9;11;12;500;14;4
2026-07-09 09:11:58.611;Pivô de Baixa → Alta (compra);1;176950;11;12;10;12;3;550;2;2
2026-07-09 09:23:35.440;Pivô de Alta → Baixa (venda);-1;177400;12;3;1;3;1;100;28;18
2026-07-09 09:31:27.003;Pivô de Alta → Baixa (venda);-1;177300;1;5;3;5;2;200;10;9
2026-07-09 09:41:43.732;Pivô de Baixa → Alta (compra);1;177200;5;2;0;2;9;50;1;1
2026-07-09 09:45:05.797;Pivô de Alta → Baixa (venda);-1;177150;2;9;7;9;7;400;27;17
2026-07-09 09:57:46.044;Pivô de Baixa → Alta (compra);1;176850;9;7;5;7;1;300;27;10
2026-07-09 10:02:49.949;Pivô de Baixa → Alta (compra);1;177150;1;3;1;3;1;100;16;11
2026-07-09 10:06:37.294;Pivô de Baixa → Alta (compra);1;177250;1;5;3;5;6;200;121;20
2026-07-09 10:14:14.501;Pivô de Alta → Baixa (venda);-1;177350;5;6;4;6;1;250;16;9
2026-07-09 10:16:10.276;Pivô de Alta → Baixa (venda);-1;177100;1;3;1;3;9;100;18;11
2026-07-09 10:18:58.435;Pivô de Baixa → Alta (compra);1;177100;3;9;7;9;15;400;8;6
2026-07-09 10:23:27.169;Pivô de Alta → Baixa (venda);-1;177400;9;15;13;15;5;700;77;24
2026-07-09 10:31:15.819;Pivô de Baixa → Alta (compra);1;176800;15;5;3;5;3;200;5;1
2026-07-09 10:34:00.324;Pivô de Alta → Baixa (venda);-1;176900;5;3;1;3;1;100;17;9
2026-07-09 10:38:45.079;Pivô de Baixa → Alta (compra);1;176900;1;2;0;2;6;50;7;6
2026-07-09 10:42:09.350;Pivô de Alta → Baixa (venda);-1;176850;2;6;4;6;1;250;11;7
2026-07-09 10:55:11.940;Pivô de Baixa → Alta (compra);1;176700;1;19;17;19;1;900;12;12
2026-07-09 11:07:41.289;Pivô de Baixa → Alta (compra);1;177600;1;3;1;3;5;100;51;8
2026-07-09 11:08:49.083;Pivô de Alta → Baixa (venda);-1;177600;3;5;3;5;6;200;10;3
2026-07-09 11:11:52.071;Pivô de Baixa → Alta (compra);1;177500;5;6;4;6;3;250;67;22
2026-07-09 11:18:49.296;Pivô de Alta → Baixa (venda);-1;177650;6;3;1;3;10;100;3;3
2026-07-09 11:21:12.958;Pivô de Baixa → Alta (compra);1;177650;3;10;8;10;3;450;3;2
2026-07-09 11:26:43.906;Pivô de Alta → Baixa (venda);-1;178000;10;3;1;3;3;100;17;13
2026-07-09 11:26:59.461;Pivô de Baixa → Alta (compra);1;178000;3;3;1;3;2;100;201;34
2026-07-09 11:31:04.319;Pivô de Alta → Baixa (venda);-1;178000;3;2;0;2;2;50;10;7
2026-07-09 11:33:15.881;Pivô de Baixa → Alta (compra);1;178050;2;2;0;2;3;50;34;6
2026-07-09 11:37:02.688;Pivô de Alta → Baixa (venda);-1;178000;2;3;1;3;1;100;1;1
2026-07-09 11:43:01.213;Pivô de Baixa → Alta (compra);1;178000;1;5;3;5;1;200;30;6
2026-07-09 12:03:42.936;Pivô de Baixa → Alta (compra);1;178200;1;5;3;5;9;200;14;9
2026-07-09 12:14:31.028;Pivô de Alta → Baixa (venda);-1;178300;5;9;7;9;9;400;2;1
2026-07-09 12:27:12.978;Pivô de Baixa → Alta (compra);1;178000;9;9;7;9;4;400;25;11
2026-07-09 13:10:55.337;Pivô de Alta → Baixa (venda);-1;178300;9;4;2;4;1;150;49;14
2026-07-09 14:08:49.031;Pivô de Baixa → Alta (compra);1;178250;1;9;7;9;4;400;8;8
2026-07-09 14:41:02.602;Pivô de Alta → Baixa (venda);-1;178550;9;4;2;4;1;150;97;34
2026-07-09 15:13:55.396;Pivô de Alta → Baixa (venda);-1;178400;1;2;0;2;6;50;27;9
2026-07-09 15:33:36.861;Pivô de Baixa → Alta (compra);1;178450;2;6;4;6;2;250;66;19
2026-07-09 16:18:29.578;Pivô de Alta → Baixa (venda);-1;178600;6;2;0;2;6;50;150;46
2026-07-09 16:34:53.308;Pivô de Baixa → Alta (compra);1;178650;2;6;4;6;1;250;31;20
2026-07-09 17:41:30.623;Pivô de Baixa → Alta (compra);1;178900;1;5;3;5;2;200;223;36
2026-07-09 18:15:54.164;Pivô de Alta → Baixa (venda);-1;179000;5;2;0;2;18;50;1153;64
2026-07-09 18:31:14.548;Pivô de Baixa → Alta (compra);1;179050;2;18;16;18;1;850;52;1
2026-07-10 09:00:54.092;Pivô de Baixa → Alta (compra);1;179900;1;5;3;5;3;200;33;7
2026-07-10 09:01:21.795;Pivô de Alta → Baixa (venda);-1;180000;5;3;1;3;4;100;17;7
2026-07-10 09:01:29.596;Pivô de Baixa → Alta (compra);1;180000;3;4;2;4;5;150;12;6
2026-07-10 09:01:49.576;Pivô de Alta → Baixa (venda);-1;180050;4;5;3;5;13;200;28;7
2026-07-10 09:02:16.841;Pivô de Baixa → Alta (compra);1;179950;5;13;11;13;2;600;3;3
2026-07-10 09:05:05.295;Pivô de Alta → Baixa (venda);-1;180450;13;2;0;2;3;50;82;8
2026-07-10 09:05:33.234;Pivô de Baixa → Alta (compra);1;180500;2;3;1;3;1;100;13;10
2026-07-10 09:07:15.594;Pivô de Baixa → Alta (compra);1;180600;1;15;13;15;2;700;7;3
2026-07-10 09:14:04.508;Pivô de Alta → Baixa (venda);-1;181200;15;2;0;2;3;50;10;9
2026-07-10 09:14:31.233;Pivô de Baixa → Alta (compra);1;181250;2;3;1;3;6;100;8;4
2026-07-10 09:15:00.452;Pivô de Alta → Baixa (venda);-1;181250;3;6;4;6;4;250;28;17
2026-07-10 09:16:17.230;Pivô de Baixa → Alta (compra);1;181100;6;4;2;4;1;150;101;22
2026-07-10 09:24:15.304;Pivô de Baixa → Alta (compra);1;181250;1;7;5;7;1;300;1237;150
2026-07-10 09:26:58.153;Pivô de Alta → Baixa (venda);-1;181450;1;5;3;5;5;200;378;18
2026-07-10 09:29:59.758;Pivô de Baixa → Alta (compra);1;181350;5;5;3;5;4;200;89;27
2026-07-10 09:31:54.399;Pivô de Alta → Baixa (venda);-1;181450;5;4;2;4;3;150;11;7
2026-07-10 09:36:30.443;Pivô de Baixa → Alta (compra);1;181400;4;3;1;3;1;100;15;7
2026-07-10 09:41:19.482;Pivô de Baixa → Alta (compra);1;181500;1;4;2;4;1;150;25;9
2026-07-10 09:47:44.226;Pivô de Baixa → Alta (compra);1;181650;1;21;19;21;2;1000;292;22
2026-07-10 09:55:09.913;Pivô de Alta → Baixa (venda);-1;182550;21;2;0;2;1;50;3;2
2026-07-10 09:55:10.162;Pivô de Baixa → Alta (compra);1;182600;1;35;33;35;25;1700;21;5
2026-07-10 09:55:56.209;Pivô de Alta → Baixa (venda);-1;184200;35;25;23;25;16;1200;5;1
2026-07-10 09:56:00.234;Pivô de Baixa → Alta (compra);1;183100;25;16;14;16;33;750;2;1
2026-07-10 09:56:00.368;Pivô de Alta → Baixa (venda);-1;183750;16;33;31;33;4;1600;8;1
2026-07-10 09:58:27.279;Pivô de Baixa → Alta (compra);1;182250;33;4;2;4;2;150;12;1
2026-07-10 09:58:27.330;Pivô de Alta → Baixa (venda);-1;182300;4;2;0;2;2;50;12;3
2026-07-10 09:58:27.333;Pivô de Baixa → Alta (compra);1;182350;2;2;0;2;7;50;1;1
2026-07-10 09:58:27.342;Pivô de Alta → Baixa (venda);-1;182300;2;7;5;7;2;300;307;23
2026-07-10 09:58:53.391;Pivô de Baixa → Alta (compra);1;182100;7;2;0;2;2;50;373;16
2026-07-10 09:59:05.650;Pivô de Alta → Baixa (venda);-1;182050;2;2;0;2;9;50;111;12
2026-07-10 10:00:01.524;Pivô de Baixa → Alta (compra);1;182100;2;9;7;9;2;400;13;6
2026-07-10 10:03:24.449;Pivô de Alta → Baixa (venda);-1;182400;9;2;0;2;1;50;62;5
2026-07-10 10:04:09.663;Pivô de Alta → Baixa (venda);-1;182350;1;5;3;5;2;200;358;16
2026-07-10 10:04:41.486;Pivô de Baixa → Alta (compra);1;182250;5;2;0;2;2;50;45;33
2026-07-10 10:06:07.016;Pivô de Alta → Baixa (venda);-1;182200;2;2;0;2;1;50;15;6
2026-07-10 10:08:01.038;Pivô de Alta → Baixa (venda);-1;182150;1;6;4;6;1;250;60;23
2026-07-10 10:09:50.025;Pivô de Alta → Baixa (venda);-1;181900;1;3;1;3;2;100;193;25
2026-07-10 10:11:21.196;Pivô de Baixa → Alta (compra);1;181900;3;2;0;2;2;50;20;9
2026-07-10 10:12:08.823;Pivô de Alta → Baixa (venda);-1;181850;2;2;0;2;1;50;25;9
2026-07-10 10:15:01.459;Pivô de Alta → Baixa (venda);-1;181800;1;3;1;3;3;100;13;8
2026-07-10 10:15:46.586;Pivô de Baixa → Alta (compra);1;181800;3;3;1;3;5;100;305;12
2026-07-10 10:16:07.833;Pivô de Alta → Baixa (venda);-1;181800;3;5;3;5;3;200;63;5
2026-07-10 10:17:34.781;Pivô de Baixa → Alta (compra);1;181700;5;3;1;3;6;100;118;11
2026-07-10 10:18:01.351;Pivô de Alta → Baixa (venda);-1;181700;3;6;4;6;1;250;210;15
2026-07-10 10:20:38.171;Pivô de Alta → Baixa (venda);-1;181450;1;3;1;3;13;100;166;12
2026-07-10 10:21:37.784;Pivô de Baixa → Alta (compra);1;181450;3;13;11;13;6;600;330;36
2026-07-10 10:26:06.135;Pivô de Alta → Baixa (venda);-1;181950;13;6;4;6;1;250;47;9
2026-07-10 10:28:52.541;Pivô de Alta → Baixa (venda);-1;181700;1;2;0;2;4;50;62;20
2026-07-10 10:30:14.055;Pivô de Baixa → Alta (compra);1;181750;2;4;2;4;2;150;39;19
2026-07-10 10:31:50.627;Pivô de Alta → Baixa (venda);-1;181800;4;2;0;2;8;50;37;9
2026-07-10 10:32:33.621;Pivô de Baixa → Alta (compra);1;181850;2;8;6;8;1;350;53;12
2026-07-10 10:38:35.552;Pivô de Baixa → Alta (compra);1;182200;1;2;0;2;12;50;59;12
2026-07-10 10:40:05.417;Pivô de Alta → Baixa (venda);-1;182150;2;12;10;12;10;550;67;17
2026-07-10 10:45:05.175;Pivô de Baixa → Alta (compra);1;181700;12;10;8;10;1;450;250;58
2026-07-10 10:55:17.006;Pivô de Baixa → Alta (compra);1;182150;1;2;0;2;1;50;18;4
2026-07-10 10:57:08.267;Pivô de Baixa → Alta (compra);1;182200;1;8;6;8;6;350;61;19
2026-07-10 11:03:35.029;Pivô de Alta → Baixa (venda);-1;182450;8;6;4;6;4;250;62;19
2026-07-10 11:07:31.118;Pivô de Baixa → Alta (compra);1;182300;6;4;2;4;7;150;35;14
2026-07-10 11:08:53.661;Pivô de Alta → Baixa (venda);-1;182350;4;7;5;7;9;300;2;2
2026-07-10 11:11:03.050;Pivô de Baixa → Alta (compra);1;182150;7;9;7;9;5;400;228;33
2026-07-10 11:19:00.397;Pivô de Alta → Baixa (venda);-1;182450;9;5;3;5;8;200;37;11
2026-07-10 11:23:18.795;Pivô de Baixa → Alta (compra);1;182350;5;8;6;8;17;350;166;6
2026-07-10 11:27:18.230;Pivô de Alta → Baixa (venda);-1;182600;8;17;15;17;8;800;149;17
2026-07-10 11:33:17.374;Pivô de Baixa → Alta (compra);1;181900;17;8;6;8;1;350;865;19
2026-07-10 11:35:58.334;Pivô de Baixa → Alta (compra);1;182250;1;3;1;3;1;100;28;3
2026-07-10 11:38:35.685;Pivô de Alta → Baixa (venda);-1;182250;1;3;1;3;11;100;12;4
2026-07-10 11:39:38.267;Pivô de Baixa → Alta (compra);1;182250;3;11;9;11;14;500;1231;32
2026-07-10 11:51:43.850;Pivô de Alta → Baixa (venda);-1;182650;11;14;12;14;1;650;33;15
2026-07-10 12:16:35.914;Pivô de Alta → Baixa (venda);-1;182000;1;2;0;2;4;50;17;8
2026-07-10 12:19:29.550;Pivô de Baixa → Alta (compra);1;182050;2;4;2;4;4;150;24;7
2026-07-10 12:26:38.848;Pivô de Alta → Baixa (venda);-1;182100;4;4;2;4;2;150;413;27
2026-07-10 12:37:15.650;Pivô de Baixa → Alta (compra);1;182050;4;2;0;2;1;50;53;13
2026-07-10 12:49:28.509;Pivô de Baixa → Alta (compra);1;182100;1;18;16;18;1;850;9;7
2026-07-10 13:36:29.755;Pivô de Baixa → Alta (compra);1;182950;1;7;5;7;2;300;24;7
2026-07-10 13:50:36.598;Pivô de Alta → Baixa (venda);-1;183150;7;2;0;2;1;50;696;36
2026-07-10 13:56:16.098;Pivô de Alta → Baixa (venda);-1;183100;1;2;0;2;2;50;1451;49
2026-07-10 14:01:25.921;Pivô de Baixa → Alta (compra);1;183150;2;2;0;2;2;50;124;26
2026-07-10 14:15:31.319;Pivô de Alta → Baixa (venda);-1;183100;2;2;0;2;1;50;129;12
2026-07-10 14:58:54.277;Pivô de Baixa → Alta (compra);1;183150;1;12;10;12;9;550;426;31
2026-07-10 15:17:32.374;Pivô de Alta → Baixa (venda);-1;183600;12;9;7;9;1;400;130;25
2026-07-10 15:57:26.411;Pivô de Baixa → Alta (compra);1;183300;1;4;2;4;1;150;243;49
2026-07-10 16:14:45.422;Pivô de Baixa → Alta (compra);1;183450;1;19;17;19;2;900;41;15
2026-07-10 17:50:41.045;Pivô de Alta → Baixa (venda);-1;184250;19;2;0;2;3;50;749;44
2026-07-10 18:01:06.871;Pivô de Baixa → Alta (compra);1;184300;2;3;1;3;1;100;321;11
2026-07-10 18:11:41.835;Pivô de Alta → Baixa (venda);-1;184300;1;20;18;20;8;950;1605;59
2026-07-13 09:03:11.498;Pivô de Baixa → Alta (compra);1;183450;20;8;6;8;2;350;15;10
2026-07-13 09:03:21.105;Pivô de Alta → Baixa (venda);-1;183700;8;2;0;2;4;50;31;8
2026-07-13 09:03:24.986;Pivô de Baixa → Alta (compra);1;183750;2;4;2;4;3;150;2;2
2026-07-13 09:03:36.038;Pivô de Alta → Baixa (venda);-1;183800;4;3;1;3;4;100;13;10
2026-07-13 09:03:39.242;Pivô de Baixa → Alta (compra);1;183800;3;4;2;4;7;150;6;3
2026-07-13 09:03:51.298;Pivô de Alta → Baixa (venda);-1;183850;4;7;5;7;4;300;48;11
2026-07-13 09:04:08.823;Pivô de Baixa → Alta (compra);1;183650;7;4;2;4;6;150;3;3
2026-07-13 09:04:10.217;Pivô de Alta → Baixa (venda);-1;183700;4;6;4;6;3;250;2;1
2026-07-13 09:04:17.786;Pivô de Baixa → Alta (compra);1;183550;6;3;1;3;4;100;8;5
2026-07-13 09:04:31.016;Pivô de Alta → Baixa (venda);-1;183550;3;4;2;4;4;150;6;3
2026-07-13 09:04:40.389;Pivô de Baixa → Alta (compra);1;183500;4;4;2;4;1;150;9;4
2026-07-13 09:05:40.144;Pivô de Baixa → Alta (compra);1;183650;1;2;0;2;2;50;100;22
2026-07-13 09:06:45.384;Pivô de Alta → Baixa (venda);-1;183600;2;2;0;2;2;50;13;4
2026-07-13 09:08:21.443;Pivô de Baixa → Alta (compra);1;183650;2;2;0;2;5;50;22;5
2026-07-13 09:09:10.560;Pivô de Alta → Baixa (venda);-1;183600;2;5;3;5;8;200;1;1
2026-07-13 09:12:16.178;Pivô de Baixa → Alta (compra);1;183500;5;8;6;8;9;350;16;8
2026-07-13 09:17:24.428;Pivô de Alta → Baixa (venda);-1;183750;8;9;7;9;8;400;72;7
2026-07-13 09:24:46.213;Pivô de Baixa → Alta (compra);1;183450;9;8;6;8;4;350;330;9
2026-07-13 09:30:19.549;Pivô de Alta → Baixa (venda);-1;183700;8;4;2;4;7;150;149;2
2026-07-13 09:36:21.163;Pivô de Baixa → Alta (compra);1;183650;4;7;5;7;4;300;71;7
2026-07-13 09:42:11.369;Pivô de Alta → Baixa (venda);-1;183850;7;4;2;4;2;150;139;12
2026-07-13 09:45:52.758;Pivô de Baixa → Alta (compra);1;183800;4;2;0;2;3;50;522;30
2026-07-13 09:47:49.961;Pivô de Alta → Baixa (venda);-1;183750;2;3;1;3;5;100;83;12
2026-07-13 09:52:06.390;Pivô de Baixa → Alta (compra);1;183750;3;5;3;5;1;200;109;10
2026-07-13 09:56:40.975;Pivô de Baixa → Alta (compra);1;183950;1;2;0;2;8;50;22;13
2026-07-13 10:00:00.614;Pivô de Alta → Baixa (venda);-1;183900;2;8;6;8;1;350;18;7
2026-07-13 10:02:13.404;Pivô de Baixa → Alta (compra);1;183650;1;3;1;3;5;100;82;13
2026-07-13 10:04:15.629;Pivô de Alta → Baixa (venda);-1;183650;3;5;3;5;8;200;6;3
2026-07-13 10:09:40.738;Pivô de Baixa → Alta (compra);1;183550;5;8;6;8;3;350;135;18
2026-07-13 10:13:26.714;Pivô de Alta → Baixa (venda);-1;183800;8;3;1;3;1;100;10;5
2026-07-13 10:16:04.991;Pivô de Alta → Baixa (venda);-1;183700;1;4;2;4;1;150;4;2
2026-07-13 10:21:13.177;Pivô de Alta → Baixa (venda);-1;183550;1;8;6;8;6;350;7;5
2026-07-13 10:27:36.718;Pivô de Baixa → Alta (compra);1;183300;8;6;4;6;2;250;345;46
2026-07-13 10:31:26.154;Pivô de Alta → Baixa (venda);-1;183450;6;2;0;2;4;50;3;3
2026-07-13 10:33:38.083;Pivô de Baixa → Alta (compra);1;183500;2;4;2;4;15;150;14;5
2026-07-13 10:34:15.430;Pivô de Alta → Baixa (venda);-1;183550;4;15;13;15;2;700;3;3
2026-07-13 10:39:36.829;Pivô de Baixa → Alta (compra);1;182950;15;2;0;2;4;50;133;7
2026-07-13 10:40:04.448;Pivô de Alta → Baixa (venda);-1;182900;2;4;2;4;7;150;9;6
2026-07-13 10:42:06.323;Pivô de Baixa → Alta (compra);1;182850;4;7;5;7;1;300;14;11
2026-07-13 10:48:00.077;Pivô de Alta → Baixa (venda);-1;183050;1;4;2;4;7;150;22;3
2026-07-13 10:50:42.777;Pivô de Baixa → Alta (compra);1;183000;4;7;5;7;1;300;8;8
2026-07-13 10:58:01.750;Pivô de Alta → Baixa (venda);-1;183200;1;6;4;6;2;250;6;5
2026-07-13 11:01:52.384;Pivô de Baixa → Alta (compra);1;183050;6;2;0;2;3;50;66;20
2026-07-13 11:03:31.205;Pivô de Alta → Baixa (venda);-1;183000;2;3;1;3;3;100;10;10
2026-07-13 11:05:49.313;Pivô de Baixa → Alta (compra);1;183000;3;3;1;3;10;100;51;34
2026-07-13 11:11:23.550;Pivô de Alta → Baixa (venda);-1;183000;3;10;8;10;2;450;267;12
2026-07-13 11:16:53.537;Pivô de Baixa → Alta (compra);1;182650;10;2;0;2;3;50;107;11
2026-07-13 11:16:59.602;Pivô de Alta → Baixa (venda);-1;182600;2;3;1;3;6;100;12;6
2026-07-13 11:17:35.251;Pivô de Baixa → Alta (compra);1;182600;3;6;4;6;4;250;12;4
2026-07-13 11:18:13.170;Pivô de Alta → Baixa (venda);-1;182750;6;4;2;4;3;150;65;13
2026-07-13 11:21:57.057;Pivô de Baixa → Alta (compra);1;182700;4;3;1;3;9;100;18;8
2026-07-13 11:26:21.674;Pivô de Alta → Baixa (venda);-1;182700;3;9;7;9;3;400;245;38
2026-07-13 11:43:17.970;Pivô de Baixa → Alta (compra);1;182400;9;3;1;3;7;100;64;22
2026-07-13 11:48:54.397;Pivô de Alta → Baixa (venda);-1;182400;3;7;5;7;2;300;135;55
2026-07-13 12:11:53.525;Pivô de Baixa → Alta (compra);1;182200;7;2;0;2;2;50;49;12
2026-07-13 12:18:15.757;Pivô de Alta → Baixa (venda);-1;182150;2;2;0;2;4;50;3;3
2026-07-13 12:21:24.245;Pivô de Baixa → Alta (compra);1;182200;2;4;2;4;5;150;101;4
2026-07-13 12:31:21.887;Pivô de Alta → Baixa (venda);-1;182250;4;5;3;5;2;200;9;4
2026-07-13 12:57:29.570;Pivô de Baixa → Alta (compra);1;182150;5;2;0;2;2;50;38;15
2026-07-13 13:00:26.945;Pivô de Alta → Baixa (venda);-1;182100;2;2;0;2;1;50;63;39
2026-07-13 13:23:57.647;Pivô de Alta → Baixa (venda);-1;182050;1;5;3;5;3;200;19;13
2026-07-13 13:34:07.335;Pivô de Baixa → Alta (compra);1;181950;5;3;1;3;8;100;35;17
2026-07-13 13:45:17.289;Pivô de Alta → Baixa (venda);-1;181950;3;8;6;8;2;350;9;4
2026-07-13 14:01:24.341;Pivô de Baixa → Alta (compra);1;181700;8;2;0;2;6;50;55;19
2026-07-13 14:14:49.783;Pivô de Alta → Baixa (venda);-1;181650;2;6;4;6;1;250;62;22
2026-07-13 14:47:14.183;Pivô de Alta → Baixa (venda);-1;181400;1;3;1;3;1;100;5;5
2026-07-13 15:00:51.494;Pivô de Alta → Baixa (venda);-1;181300;1;2;0;2;1;50;411;116
2026-07-13 15:19:57.920;Pivô de Baixa → Alta (compra);1;181350;1;6;4;6;8;250;16;15
2026-07-13 16:01:59.139;Pivô de Alta → Baixa (venda);-1;181500;6;8;6;8;3;350;315;50
2026-07-13 16:35:37.462;Pivô de Baixa → Alta (compra);1;181250;8;3;1;3;1;100;45;11
2026-07-13 16:56:35.001;Pivô de Baixa → Alta (compra);1;181350;1;2;0;2;11;50;33;10
2026-07-13 17:02:25.466;Pivô de Alta → Baixa (venda);-1;181300;2;11;9;11;5;500;33;12
2026-07-13 18:02:12.785;Pivô de Baixa → Alta (compra);1;180900;11;5;3;5;1;200;958;78
2026-07-13 18:23:55.218;Pivô de Baixa → Alta (compra);1;181100;1;6;4;6;2;250;41;4
2026-07-14 09:00:54.920;Pivô de Alta → Baixa (venda);-1;181250;6;2;0;2;3;50;5;4
2026-07-14 09:01:00.294;Pivô de Baixa → Alta (compra);1;181300;2;3;1;3;1;100;19;1
2026-07-14 09:01:18.204;Pivô de Baixa → Alta (compra);1;181400;1;12;10;12;1;550;2;2
2026-07-14 09:03:00.597;Pivô de Baixa → Alta (compra);1;181950;1;2;0;2;6;50;4;4
2026-07-14 09:03:02.853;Pivô de Alta → Baixa (venda);-1;181900;2;6;4;6;2;250;2;2
2026-07-14 09:03:19.255;Pivô de Baixa → Alta (compra);1;181750;6;2;0;2;3;50;14;8
2026-07-14 09:03:20.458;Pivô de Alta → Baixa (venda);-1;181700;2;3;1;3;8;100;11;7
2026-07-14 09:03:24.875;Pivô de Baixa → Alta (compra);1;181700;3;8;6;8;17;350;8;5
2026-07-14 09:04:18.848;Pivô de Alta → Baixa (venda);-1;181950;8;17;15;17;4;800;15;12
2026-07-14 09:07:59.094;Pivô de Baixa → Alta (compra);1;181250;17;4;2;4;2;150;1049;41
2026-07-14 09:10:09.427;Pivô de Alta → Baixa (venda);-1;181300;4;2;0;2;4;50;80;25
2026-07-14 09:11:39.915;Pivô de Baixa → Alta (compra);1;181350;2;4;2;4;1;150;8;4
2026-07-14 09:15:00.046;Pivô de Baixa → Alta (compra);1;181500;1;3;1;3;4;100;31;8
2026-07-14 09:16:30.236;Pivô de Alta → Baixa (venda);-1;181500;3;4;2;4;2;150;42;22
2026-07-14 09:19:50.194;Pivô de Baixa → Alta (compra);1;181450;4;2;0;2;1;50;4;4
2026-07-14 09:21:22.670;Pivô de Baixa → Alta (compra);1;181500;1;4;2;4;8;150;22;8
2026-07-14 09:23:37.882;Pivô de Alta → Baixa (venda);-1;181550;4;8;6;8;2;350;40;12
2026-07-14 09:26:47.023;Pivô de Baixa → Alta (compra);1;181300;8;2;0;2;1;50;64;13
2026-07-14 09:29:16.311;Pivô de Baixa → Alta (compra);1;181350;1;4;2;4;2;150;399;49
2026-07-14 09:30:02.047;Pivô de Alta → Baixa (venda);-1;181400;4;2;0;2;18;50;3;2
2026-07-14 09:30:02.065;Pivô de Baixa → Alta (compra);1;181450;2;18;16;18;8;850;13;3
2026-07-14 09:30:08.375;Pivô de Alta → Baixa (venda);-1;182200;18;8;6;8;12;350;2;1
2026-07-14 09:30:11.044;Pivô de Baixa → Alta (compra);1;181950;8;12;10;12;2;550;3;1
2026-07-14 09:30:34.083;Pivô de Alta → Baixa (venda);-1;182400;12;2;0;2;11;50;3;3
2026-07-14 09:30:36.101;Pivô de Baixa → Alta (compra);1;182450;2;11;9;11;1;500;39;8
2026-07-14 09:31:01.111;Pivô de Alta → Baixa (venda);-1;182850;1;10;8;10;3;450;4;2
2026-07-14 09:33:22.304;Pivô de Baixa → Alta (compra);1;182500;10;3;1;3;9;100;209;35
2026-07-14 09:34:29.323;Pivô de Alta → Baixa (venda);-1;182500;3;9;7;9;7;400;4;4
2026-07-14 09:36:57.085;Pivô de Baixa → Alta (compra);1;182200;9;7;5;7;9;300;41;10
2026-07-14 09:38:50.370;Pivô de Alta → Baixa (venda);-1;182400;7;9;7;9;4;400;37;9
2026-07-14 09:48:36.463;Pivô de Baixa → Alta (compra);1;182100;9;4;2;4;1;150;28;16
2026-07-14 09:53:29.504;Pivô de Alta → Baixa (venda);-1;182150;1;2;0;2;2;50;2504;283
2026-07-14 09:54:28.508;Pivô de Baixa → Alta (compra);1;182200;2;2;0;2;5;50;127;11
2026-07-14 09:55:06.946;Pivô de Alta → Baixa (venda);-1;182150;2;5;3;5;8;200;53;13
2026-07-14 10:00:03.912;Pivô de Baixa → Alta (compra);1;182050;5;8;6;8;3;350;45;18
2026-07-14 10:02:03.003;Pivô de Alta → Baixa (venda);-1;182300;8;3;1;3;1;100;41;9
2026-07-14 10:05:13.003;Pivô de Alta → Baixa (venda);-1;182200;1;2;0;2;1;50;1;1
2026-07-14 10:06:53.024;Pivô de Alta → Baixa (venda);-1;182150;1;12;10;12;6;550;24;16
2026-07-14 10:16:07.293;Pivô de Baixa → Alta (compra);1;181700;12;6;4;6;7;250;157;22
2026-07-14 10:17:19.145;Pivô de Alta → Baixa (venda);-1;181850;6;7;5;7;10;300;39;24
2026-07-14 10:20:17.125;Pivô de Baixa → Alta (compra);1;181650;7;10;8;10;6;450;3;3
2026-07-14 10:24:31.943;Pivô de Alta → Baixa (venda);-1;182000;10;6;4;6;9;250;6;4
2026-07-14 10:29:06.721;Pivô de Baixa → Alta (compra);1;181850;6;9;7;9;4;400;19;12
2026-07-14 10:30:54.396;Pivô de Alta → Baixa (venda);-1;182150;9;4;2;4;2;150;72;25
2026-07-14 10:32:29.487;Pivô de Baixa → Alta (compra);1;182100;4;2;0;2;1;50;26;18
2026-07-14 10:33:56.151;Pivô de Baixa → Alta (compra);1;182150;1;4;2;4;7;150;12;3
2026-07-14 10:34:36.174;Pivô de Alta → Baixa (venda);-1;182200;4;7;5;7;6;300;16;9
2026-07-14 10:36:09.823;Pivô de Baixa → Alta (compra);1;182000;7;6;4;6;3;250;20;9
2026-07-14 10:44:06.337;Pivô de Alta → Baixa (venda);-1;182150;6;3;1;3;3;100;5;4
2026-07-14 10:45:13.016;Pivô de Baixa → Alta (compra);1;182150;3;3;1;3;3;100;10;7
2026-07-14 10:48:11.902;Pivô de Alta → Baixa (venda);-1;182150;3;3;1;3;3;100;2;2
2026-07-14 10:48:38.820;Pivô de Baixa → Alta (compra);1;182150;3;3;1;3;1;100;14;7
2026-07-14 10:52:34.111;Pivô de Baixa → Alta (compra);1;182250;1;5;3;5;1;200;133;17
2026-07-14 10:56:53.538;Pivô de Baixa → Alta (compra);1;182450;1;6;4;6;6;250;3;2
2026-07-14 11:01:18.543;Pivô de Alta → Baixa (venda);-1;182600;6;6;4;6;4;250;14;10
2026-07-14 11:05:02.964;Pivô de Baixa → Alta (compra);1;182450;6;4;2;4;6;150;10;5
2026-07-14 11:07:03.476;Pivô de Alta → Baixa (venda);-1;182500;4;6;4;6;1;250;4;3
2026-07-14 11:11:00.283;Pivô de Alta → Baixa (venda);-1;182250;1;2;0;2;1;50;53;29
2026-07-14 11:14:45.689;Pivô de Alta → Baixa (venda);-1;182200;1;7;5;7;4;300;9;8
2026-07-14 11:16:36.521;Pivô de Baixa → Alta (compra);1;182000;7;4;2;4;1;150;400;41
2026-07-14 11:19:57.429;Pivô de Baixa → Alta (compra);1;182150;1;5;3;5;6;200;17;7
2026-07-14 11:23:00.424;Pivô de Alta → Baixa (venda);-1;182250;5;6;4;6;1;250;95;25
2026-07-14 11:28:41.011;Pivô de Baixa → Alta (compra);1;182100;1;9;7;9;1;400;47;18
2026-07-14 11:34:24.990;Pivô de Alta → Baixa (venda);-1;182400;1;12;10;12;1;550;2;2
2026-07-14 11:42:08.998;Pivô de Alta → Baixa (venda);-1;181850;1;4;2;4;3;150;340;30
2026-07-14 11:46:44.238;Pivô de Baixa → Alta (compra);1;181800;4;3;1;3;1;100;43;17
2026-07-14 11:51:30.944;Pivô de Alta → Baixa (venda);-1;181800;1;4;2;4;7;150;21;16
2026-07-14 12:02:27.801;Pivô de Baixa → Alta (compra);1;181750;4;7;5;7;3;300;20;10
2026-07-14 12:04:44.060;Pivô de Alta → Baixa (venda);-1;181950;7;3;1;3;3;100;5;3
2026-07-14 12:05:18.927;Pivô de Baixa → Alta (compra);1;181950;3;3;1;3;1;100;12;5
2026-07-14 12:09:45.011;Pivô de Baixa → Alta (compra);1;182050;1;5;3;5;8;200;4;2
2026-07-14 12:18:39.253;Pivô de Alta → Baixa (venda);-1;182150;5;8;6;8;3;350;21;12
2026-07-14 12:40:48.821;Pivô de Baixa → Alta (compra);1;181900;8;3;1;3;12;100;26;15
2026-07-14 12:48:09.223;Pivô de Alta → Baixa (venda);-1;181900;3;12;10;12;7;550;4;3
2026-07-14 13:07:32.719;Pivô de Baixa → Alta (compra);1;181450;12;7;5;7;1;300;12;5
2026-07-14 13:15:48.848;Pivô de Baixa → Alta (compra);1;181750;1;4;2;4;3;150;34;25
2026-07-14 13:42:02.116;Pivô de Alta → Baixa (venda);-1;181800;4;3;1;3;1;100;38;20
2026-07-14 13:55:16.640;Pivô de Alta → Baixa (venda);-1;181700;1;3;1;3;2;100;37;21
2026-07-14 14:04:40.530;Pivô de Baixa → Alta (compra);1;181700;3;2;0;2;2;50;407;126
2026-07-14 14:51:34.086;Pivô de Alta → Baixa (venda);-1;181650;2;2;0;2;12;50;30;17
2026-07-14 14:56:40.092;Pivô de Baixa → Alta (compra);1;181700;2;12;10;12;2;550;66;35
2026-07-14 15:48:56.509;Pivô de Alta → Baixa (venda);-1;182150;12;2;0;2;3;50;84;13
2026-07-14 15:52:11.339;Pivô de Baixa → Alta (compra);1;182200;2;3;1;3;5;100;14;13
2026-07-14 16:06:39.912;Pivô de Alta → Baixa (venda);-1;182200;3;5;3;5;7;200;33;18
2026-07-14 16:32:57.893;Pivô de Baixa → Alta (compra);1;182100;5;7;5;7;4;300;24;18
2026-07-14 17:08:46.962;Pivô de Alta → Baixa (venda);-1;182300;7;4;2;4;2;150;23;15
2026-07-14 17:24:47.421;Pivô de Baixa → Alta (compra);1;182250;4;2;0;2;15;50;17;5
2026-07-14 17:38:11.509;Pivô de Alta → Baixa (venda);-1;182200;2;15;13;15;3;700;75;42
2026-07-15 09:02:49.454;Pivô de Baixa → Alta (compra);1;181600;15;3;1;3;2;100;5;3
2026-07-15 09:02:53.175;Pivô de Alta → Baixa (venda);-1;181600;3;2;0;2;2;50;662;25
2026-07-15 09:02:54.169;Pivô de Baixa → Alta (compra);1;181650;2;2;0;2;2;50;2;2
2026-07-15 09:02:54.762;Pivô de Alta → Baixa (venda);-1;181600;2;2;0;2;3;50;222;92
2026-07-15 09:02:59.191;Pivô de Baixa → Alta (compra);1;181650;2;3;1;3;5;100;13;9
2026-07-15 09:03:00.223;Pivô de Alta → Baixa (venda);-1;181650;3;5;3;5;1;200;8;2
2026-07-15 09:03:12.463;Pivô de Baixa → Alta (compra);1;181550;1;2;0;2;3;50;136;31
2026-07-15 09:03:29.874;Pivô de Alta → Baixa (venda);-1;181500;2;3;1;3;1;100;122;12
2026-07-15 09:04:04.751;Pivô de Alta → Baixa (venda);-1;181400;1;9;7;9;1;400;30;4
2026-07-15 09:06:00.630;Pivô de Alta → Baixa (venda);-1;181000;1;3;1;3;1;100;44;13
2026-07-15 09:07:16.729;Pivô de Alta → Baixa (venda);-1;180900;1;2;0;2;17;50;35;12
2026-07-15 09:08:23.982;Pivô de Baixa → Alta (compra);1;180950;2;17;15;17;3;800;107;29
2026-07-15 09:12:18.967;Pivô de Alta → Baixa (venda);-1;181650;17;3;1;3;5;100;40;26
2026-07-15 09:16:04.065;Pivô de Baixa → Alta (compra);1;181650;3;5;3;5;3;200;90;32
2026-07-15 09:22:32.368;Pivô de Alta → Baixa (venda);-1;181750;5;3;1;3;6;100;47;26
2026-07-15 09:24:59.098;Pivô de Baixa → Alta (compra);1;181750;3;6;4;6;6;250;60;15
2026-07-15 09:30:10.602;Pivô de Alta → Baixa (venda);-1;181900;6;6;4;6;14;250;24;15
2026-07-15 09:31:01.035;Pivô de Baixa → Alta (compra);1;181750;6;14;12;14;4;650;46;17
2026-07-15 09:48:15.497;Pivô de Alta → Baixa (venda);-1;182300;14;4;2;4;1;150;24;8
2026-07-15 10:00:01.602;Pivô de Alta → Baixa (venda);-1;182150;1;12;10;12;6;550;8;8
2026-07-15 10:02:33.896;Pivô de Baixa → Alta (compra);1;181700;12;6;4;6;1;250;38;12
2026-07-15 10:04:18.434;Pivô de Baixa → Alta (compra);1;181950;1;6;4;6;4;250;9;6
2026-07-15 10:06:03.933;Pivô de Alta → Baixa (venda);-1;182100;6;4;2;4;1;150;28;18
2026-07-15 10:09:28.084;Pivô de Alta → Baixa (venda);-1;181950;1;2;0;2;1;50;13;10
2026-07-15 10:13:03.336;Pivô de Alta → Baixa (venda);-1;181900;1;9;7;9;2;400;8;6
2026-07-15 10:14:58.287;Pivô de Baixa → Alta (compra);1;181600;9;2;0;2;1;50;113;26
2026-07-15 10:16:48.872;Pivô de Baixa → Alta (compra);1;181650;1;6;4;6;1;250;9;9
2026-07-15 10:24:09.088;Pivô de Alta → Baixa (venda);-1;181800;1;6;4;6;3;250;34;19
2026-07-15 10:26:54.682;Pivô de Baixa → Alta (compra);1;181650;6;3;1;3;2;100;10;7
2026-07-15 10:27:37.687;Pivô de Alta → Baixa (venda);-1;181650;3;2;0;2;4;50;21;20
2026-07-15 10:29:16.278;Pivô de Baixa → Alta (compra);1;181700;2;4;2;4;8;150;5;5
2026-07-15 10:31:04.166;Pivô de Alta → Baixa (venda);-1;181750;4;8;6;8;1;350;19;11
2026-07-15 10:39:01.299;Pivô de Alta → Baixa (venda);-1;181400;1;5;3;5;2;200;67;21
2026-07-15 10:47:55.217;Pivô de Baixa → Alta (compra);1;181300;5;2;0;2;2;50;266;43
2026-07-15 10:48:30.105;Pivô de Alta → Baixa (venda);-1;181250;2;2;0;2;1;50;17;5
2026-07-15 10:51:11.688;Pivô de Baixa → Alta (compra);1;181300;1;4;2;4;1;150;7;5
2026-07-15 10:55:01.922;Pivô de Baixa → Alta (compra);1;181450;1;5;3;5;1;200;8;5
2026-07-15 11:02:02.472;Pivô de Baixa → Alta (compra);1;181650;1;4;2;4;6;150;57;34
2026-07-15 11:13:01.905;Pivô de Alta → Baixa (venda);-1;181700;4;6;4;6;1;250;32;23
2026-07-15 11:21:56.637;Pivô de Alta → Baixa (venda);-1;181450;1;7;5;7;4;300;10;7
2026-07-15 11:24:24.124;Pivô de Baixa → Alta (compra);1;181250;7;4;2;4;2;150;587;93
2026-07-15 11:28:24.012;Pivô de Alta → Baixa (venda);-1;181300;4;2;0;2;8;50;5;4
2026-07-15 11:32:12.596;Pivô de Baixa → Alta (compra);1;181350;2;8;6;8;6;350;11;4
2026-07-15 11:38:16.981;Pivô de Alta → Baixa (venda);-1;181600;8;6;4;6;9;250;1084;62
2026-07-15 11:46:11.464;Pivô de Baixa → Alta (compra);1;181450;6;9;7;9;5;400;56;15
2026-07-15 12:06:49.621;Pivô de Alta → Baixa (venda);-1;181750;9;5;3;5;2;200;43;14
2026-07-15 12:15:57.448;Pivô de Baixa → Alta (compra);1;181650;5;2;0;2;9;50;14;7
2026-07-15 12:18:17.814;Pivô de Alta → Baixa (venda);-1;181600;2;9;7;9;1;400;25;7
2026-07-15 12:50:20.327;Pivô de Alta → Baixa (venda);-1;181200;1;5;3;5;2;200;100;39
2026-07-15 13:28:05.593;Pivô de Baixa → Alta (compra);1;181100;5;2;0;2;1;50;14;8
2026-07-15 13:35:06.051;Pivô de Baixa → Alta (compra);1;181150;1;3;1;3;6;100;23;12
2026-07-15 13:46:48.208;Pivô de Alta → Baixa (venda);-1;181150;3;6;4;6;4;250;55;27
2026-07-15 13:57:37.733;Pivô de Baixa → Alta (compra);1;181000;6;4;2;4;3;150;26;14
2026-07-15 14:08:40.002;Pivô de Alta → Baixa (venda);-1;181050;4;3;1;3;10;100;18;5
2026-07-15 14:16:47.800;Pivô de Baixa → Alta (compra);1;181050;3;10;8;10;1;450;6;3
2026-07-15 14:40:50.668;Pivô de Baixa → Alta (compra);1;181500;1;5;3;5;2;200;8;7
2026-07-15 14:47:11.882;Pivô de Alta → Baixa (venda);-1;181600;5;2;0;2;2;50;25;7
2026-07-15 15:01:37.686;Pivô de Baixa → Alta (compra);1;181650;2;2;0;2;1;50;34;15
2026-07-15 15:22:58.831;Pivô de Baixa → Alta (compra);1;181700;1;3;1;3;3;100;60;21
2026-07-15 15:32:10.543;Pivô de Alta → Baixa (venda);-1;181700;3;3;1;3;3;100;78;27
2026-07-15 15:51:15.966;Pivô de Baixa → Alta (compra);1;181700;3;3;1;3;5;100;35;13
2026-07-15 16:15:44.475;Pivô de Alta → Baixa (venda);-1;181700;3;5;3;5;2;200;74;32
2026-07-15 16:47:34.184;Pivô de Baixa → Alta (compra);1;181600;5;2;0;2;3;50;108;43
2026-07-15 17:09:20.226;Pivô de Alta → Baixa (venda);-1;181550;2;3;1;3;3;100;500;29
2026-07-15 17:24:10.542;Pivô de Baixa → Alta (compra);1;181550;3;3;1;3;1;100;140;49
2026-07-15 18:18:47.997;Pivô de Baixa → Alta (compra);1;181650;1;12;10;12;22;550;45;10
2026-07-15 18:31:24.679;Pivô de Alta → Baixa (venda);-1;182100;12;22;20;22;6;1050;91;4
2026-07-16 09:00:51.297;Pivô de Baixa → Alta (compra);1;181150;22;6;4;6;1;250;22;2
2026-07-16 09:02:34.036;Pivô de Baixa → Alta (compra);1;181400;1;15;13;15;3;700;16;4
2026-07-16 09:02:52.002;Pivô de Alta → Baixa (venda);-1;182000;15;3;1;3;1;100;63;14
2026-07-16 09:02:54.946;Pivô de Alta → Baixa (venda);-1;181900;1;3;1;3;4;100;27;12
2026-07-16 09:03:01.654;Pivô de Baixa → Alta (compra);1;181900;3;4;2;4;2;150;5;4
2026-07-16 09:03:12.174;Pivô de Alta → Baixa (venda);-1;181950;4;2;0;2;3;50;282;46
2026-07-16 09:03:15.044;Pivô de Baixa → Alta (compra);1;182000;2;3;1;3;1;100;232;50
2026-07-16 09:04:04.495;Pivô de Baixa → Alta (compra);1;182100;1;5;3;5;1;200;183;24
2026-07-16 09:04:37.303;Pivô de Baixa → Alta (compra);1;182300;1;3;1;3;7;100;38;10
2026-07-16 09:05:00.196;Pivô de Alta → Baixa (venda);-1;182300;3;7;5;7;8;300;1;1
2026-07-16 09:05:31.856;Pivô de Baixa → Alta (compra);1;182100;7;8;6;8;13;350;25;7
2026-07-16 09:07:21.170;Pivô de Alta → Baixa (venda);-1;182350;8;13;11;13;3;600;29;18
2026-07-16 09:11:03.362;Pivô de Baixa → Alta (compra);1;181850;13;3;1;3;10;100;48;27
2026-07-16 09:15:25.513;Pivô de Alta → Baixa (venda);-1;181850;3;10;8;10;1;450;19;8
2026-07-16 09:30:01.772;Pivô de Alta → Baixa (venda);-1;181400;1;4;2;4;2;150;3;1
2026-07-16 09:32:39.902;Pivô de Baixa → Alta (compra);1;181350;4;2;0;2;1;50;14;12
2026-07-16 09:38:25.724;Pivô de Alta → Baixa (venda);-1;181300;1;2;0;2;2;50;56;29
2026-07-16 09:43:35.732;Pivô de Baixa → Alta (compra);1;181350;2;2;0;2;12;50;52;19
2026-07-16 09:47:45.395;Pivô de Alta → Baixa (venda);-1;181300;2;12;10;12;1;550;1;1
2026-07-16 10:01:23.253;Pivô de Alta → Baixa (venda);-1;180750;1;3;1;3;4;100;14;8
2026-07-16 10:03:07.038;Pivô de Baixa → Alta (compra);1;180750;3;4;2;4;9;150;9;6
2026-07-16 10:04:12.306;Pivô de Alta → Baixa (venda);-1;180800;4;9;7;9;5;400;23;15
2026-07-16 10:06:36.633;Pivô de Baixa → Alta (compra);1;180500;9;5;3;5;1;200;35;11
2026-07-16 10:11:15.849;Pivô de Baixa → Alta (compra);1;180700;1;4;2;4;4;150;46;17
2026-07-16 10:15:49.501;Pivô de Alta → Baixa (venda);-1;180750;4;4;2;4;1;150;13;1
2026-07-16 10:17:14.918;Pivô de Alta → Baixa (venda);-1;180600;1;6;4;6;3;250;2;2
2026-07-16 10:21:01.680;Pivô de Baixa → Alta (compra);1;180450;6;3;1;3;1;100;27;17
2026-07-16 10:25:53.475;Pivô de Alta → Baixa (venda);-1;180450;1;10;8;10;1;450;7;7
2026-07-16 10:31:28.378;Pivô de Alta → Baixa (venda);-1;180000;1;13;11;13;2;600;3;3
2026-07-16 10:35:21.384;Pivô de Baixa → Alta (compra);1;179500;13;2;0;2;3;50;3;2
2026-07-16 10:36:02.038;Pivô de Alta → Baixa (venda);-1;179450;2;3;1;3;1;100;71;7
2026-07-16 10:41:15.682;Pivô de Alta → Baixa (venda);-1;179350;1;3;1;3;1;100;154;35
2026-07-16 10:47:29.167;Pivô de Alta → Baixa (venda);-1;179250;1;2;0;2;5;50;2;2
2026-07-16 10:48:17.900;Pivô de Baixa → Alta (compra);1;179300;2;5;3;5;4;200;87;12
2026-07-16 10:50:42.824;Pivô de Alta → Baixa (venda);-1;179400;5;4;2;4;12;150;156;26
2026-07-16 10:57:08.791;Pivô de Baixa → Alta (compra);1;179350;4;12;10;12;1;550;12;6
2026-07-16 11:06:14.275;Pivô de Baixa → Alta (compra);1;179900;1;7;5;7;6;300;56;11
2026-07-16 11:11:28.648;Pivô de Alta → Baixa (venda);-1;180100;7;6;4;6;4;250;34;14
2026-07-16 11:17:22.173;Pivô de Baixa → Alta (compra);1;179950;6;4;2;4;4;150;26;8
2026-07-16 11:19:53.061;Pivô de Alta → Baixa (venda);-1;180000;4;4;2;4;14;150;6;2
2026-07-16 11:23:38.187;Pivô de Baixa → Alta (compra);1;179950;4;14;12;14;6;650;24;16
2026-07-16 11:53:36.771;Pivô de Alta → Baixa (venda);-1;180500;14;6;4;6;2;250;37;22
2026-07-16 11:57:04.485;Pivô de Baixa → Alta (compra);1;180350;6;2;0;2;3;50;4;2
2026-07-16 11:58:19.768;Pivô de Alta → Baixa (venda);-1;180300;2;3;1;3;2;100;2;1
2026-07-16 12:03:21.385;Pivô de Baixa → Alta (compra);1;180300;3;2;0;2;4;50;10;2
2026-07-16 12:04:34.405;Pivô de Alta → Baixa (venda);-1;180250;2;4;2;4;4;150;11;10
2026-07-16 12:07:46.272;Pivô de Baixa → Alta (compra);1;180200;4;4;2;4;2;150;24;8
2026-07-16 12:11:21.528;Pivô de Alta → Baixa (venda);-1;180250;4;2;0;2;6;50;18;12
2026-07-16 12:13:57.523;Pivô de Baixa → Alta (compra);1;180300;2;6;4;6;4;250;110;23
2026-07-16 12:27:31.321;Pivô de Alta → Baixa (venda);-1;180450;6;4;2;4;4;150;51;18
2026-07-16 12:30:14.211;Pivô de Baixa → Alta (compra);1;180400;4;4;2;4;2;150;55;13
2026-07-16 12:39:33.879;Pivô de Alta → Baixa (venda);-1;180450;4;2;0;2;2;50;40;15
2026-07-16 12:47:48.640;Pivô de Baixa → Alta (compra);1;180500;2;2;0;2;6;50;24;17
2026-07-16 12:51:30.355;Pivô de Alta → Baixa (venda);-1;180450;2;6;4;6;1;250;49;20
2026-07-16 13:06:41.565;Pivô de Alta → Baixa (venda);-1;180200;1;3;1;3;1;100;19;4
2026-07-16 13:18:24.325;Pivô de Alta → Baixa (venda);-1;180100;1;3;1;3;2;100;33;6
2026-07-16 13:20:14.502;Pivô de Baixa → Alta (compra);1;180100;3;2;0;2;5;50;158;37
2026-07-16 13:40:51.824;Pivô de Alta → Baixa (venda);-1;180050;2;5;3;5;1;200;70;22
2026-07-16 13:51:22.514;Pivô de Alta → Baixa (venda);-1;179850;1;10;8;10;2;450;47;12
2026-07-16 14:09:28.557;Pivô de Baixa → Alta (compra);1;179500;10;2;0;2;3;50;156;12
2026-07-16 14:12:41.355;Pivô de Alta → Baixa (venda);-1;179450;2;3;1;3;1;100;138;11
2026-07-16 14:53:21.731;Pivô de Alta → Baixa (venda);-1;179350;1;9;7;9;6;400;5;4
2026-07-16 15:06:12.352;Pivô de Baixa → Alta (compra);1;179050;9;6;4;6;4;250;12;9
2026-07-16 15:22:23.765;Pivô de Alta → Baixa (venda);-1;179200;6;4;2;4;3;150;30;8
2026-07-16 15:31:56.263;Pivô de Baixa → Alta (compra);1;179150;4;3;1;3;3;100;832;121
2026-07-16 15:50:52.557;Pivô de Alta → Baixa (venda);-1;179150;3;3;1;3;1;100;8;8
2026-07-16 16:16:43.115;Pivô de Alta → Baixa (venda);-1;179050;1;2;0;2;1;50;46;14
2026-07-16 16:45:24.923;Pivô de Baixa → Alta (compra);1;179100;1;4;2;4;6;150;112;37
2026-07-16 17:04:52.009;Pivô de Alta → Baixa (venda);-1;179150;4;6;4;6;2;250;5;5
2026-07-16 17:31:31.693;Pivô de Baixa → Alta (compra);1;179000;6;2;0;2;14;50;57;19
2026-07-16 17:40:36.762;Pivô de Alta → Baixa (venda);-1;178950;2;14;12;14;6;650;134;38
2026-07-17 09:00:49.838;Pivô de Baixa → Alta (compra);1;178400;14;6;4;6;6;250;69;11
2026-07-17 09:01:29.340;Pivô de Alta → Baixa (venda);-1;178550;6;6;4;6;5;250;3;2
2026-07-17 09:03:06.965;Pivô de Baixa → Alta (compra);1;178400;6;5;3;5;1;200;21;2
2026-07-17 09:03:28.457;Pivô de Baixa → Alta (compra);1;178600;1;16;14;16;6;750;3;1
2026-07-17 09:04:22.568;Pivô de Alta → Baixa (venda);-1;179250;16;6;4;6;2;250;51;3
2026-07-17 09:04:36.169;Pivô de Baixa → Alta (compra);1;179100;6;2;0;2;2;50;28;5
2026-07-17 09:04:39.266;Pivô de Alta → Baixa (venda);-1;179050;2;2;0;2;3;50;2;1
2026-07-17 09:04:43.944;Pivô de Baixa → Alta (compra);1;179100;2;3;1;3;3;100;81;15
2026-07-17 09:05:12.684;Pivô de Alta → Baixa (venda);-1;179100;3;3;1;3;5;100;132;19
2026-07-17 09:05:24.250;Pivô de Baixa → Alta (compra);1;179100;3;5;3;5;11;200;106;14
2026-07-17 09:06:41.313;Pivô de Alta → Baixa (venda);-1;179200;5;11;9;11;8;500;28;6
2026-07-17 09:09:17.353;Pivô de Baixa → Alta (compra);1;178800;11;8;6;8;7;350;11;10
2026-07-17 09:16:42.347;Pivô de Alta → Baixa (venda);-1;179050;8;7;5;7;3;300;9;8
2026-07-17 09:20:54.778;Pivô de Baixa → Alta (compra);1;178850;7;3;1;3;3;100;2;1
2026-07-17 09:21:48.680;Pivô de Alta → Baixa (venda);-1;178850;3;3;1;3;1;100;4;4
2026-07-17 09:29:27.412;Pivô de Alta → Baixa (venda);-1;178750;1;3;1;3;8;100;53;21
2026-07-17 09:35:44.008;Pivô de Baixa → Alta (compra);1;178750;3;8;6;8;1;350;21;11
2026-07-17 09:50:56.387;Pivô de Alta → Baixa (venda);-1;179000;1;2;0;2;1;50;43;11
2026-07-17 10:00:03.516;Pivô de Alta → Baixa (venda);-1;178950;1;3;1;3;2;100;21;9
2026-07-17 10:00:21.822;Pivô de Baixa → Alta (compra);1;178950;3;2;0;2;5;50;4;4
2026-07-17 10:00:40.327;Pivô de Alta → Baixa (venda);-1;178900;2;5;3;5;6;200;30;4
2026-07-17 10:01:40.244;Pivô de Baixa → Alta (compra);1;178800;5;6;4;6;3;250;19;8
2026-07-17 10:05:09.710;Pivô de Alta → Baixa (venda);-1;178950;6;3;1;3;3;100;23;10
2026-07-17 10:08:47.735;Pivô de Baixa → Alta (compra);1;178950;3;3;1;3;2;100;9;5
2026-07-17 10:10:04.897;Pivô de Alta → Baixa (venda);-1;178950;3;2;0;2;4;50;1;1
2026-07-17 10:11:30.979;Pivô de Baixa → Alta (compra);1;179000;2;4;2;4;9;150;7;4
2026-07-17 10:16:54.308;Pivô de Alta → Baixa (venda);-1;179050;4;9;7;9;1;400;27;10
2026-07-17 10:24:00.695;Pivô de Alta → Baixa (venda);-1;178650;1;3;1;3;9;100;104;4
2026-07-17 10:24:27.262;Pivô de Baixa → Alta (compra);1;178650;3;9;7;9;4;400;9;5
2026-07-17 10:28:21.572;Pivô de Alta → Baixa (venda);-1;178950;9;4;2;4;9;150;19;11
2026-07-17 10:30:10.528;Pivô de Baixa → Alta (compra);1;178900;4;9;7;9;5;400;4;4
2026-07-17 10:33:30.707;Pivô de Alta → Baixa (venda);-1;179200;9;5;3;5;1;200;168;12
2026-07-17 10:36:09.049;Pivô de Alta → Baixa (venda);-1;179000;1;3;1;3;2;100;8;4
2026-07-17 10:36:52.055;Pivô de Baixa → Alta (compra);1;179000;3;2;0;2;2;50;24;8
2026-07-17 10:37:14.285;Pivô de Alta → Baixa (venda);-1;178950;2;2;0;2;5;50;31;8
2026-07-17 10:39:14.931;Pivô de Baixa → Alta (compra);1;179000;2;5;3;5;5;200;28;10
2026-07-17 10:40:30.486;Pivô de Alta → Baixa (venda);-1;179100;5;5;3;5;6;200;28;5
2026-07-17 10:45:13.223;Pivô de Baixa → Alta (compra);1;179000;5;6;4;6;3;250;12;3
2026-07-17 10:50:30.166;Pivô de Alta → Baixa (venda);-1;179150;6;3;1;3;8;100;20;8
2026-07-17 10:51:34.829;Pivô de Baixa → Alta (compra);1;179150;3;8;6;8;2;350;11;7
2026-07-17 10:55:26.874;Pivô de Alta → Baixa (venda);-1;179400;8;2;0;2;3;50;38;8
2026-07-17 10:57:16.238;Pivô de Baixa → Alta (compra);1;179450;2;3;1;3;5;100;110;5
2026-07-17 10:58:08.985;Pivô de Alta → Baixa (venda);-1;179450;3;5;3;5;1;200;33;10
2026-07-17 11:02:14.206;Pivô de Alta → Baixa (venda);-1;179250;1;9;7;9;5;400;1;1
2026-07-17 11:11:52.394;Pivô de Baixa → Alta (compra);1;178950;9;5;3;5;1;200;17;5
2026-07-17 11:17:47.534;Pivô de Baixa → Alta (compra);1;179150;1;3;1;3;2;100;23;14
2026-07-17 11:20:42.472;Pivô de Alta → Baixa (venda);-1;179150;3;2;0;2;1;50;1;1
2026-07-17 11:32:07.414;Pivô de Baixa → Alta (compra);1;179200;1;2;0;2;1;50;4;4
2026-07-17 11:40:24.457;Pivô de Baixa → Alta (compra);1;179250;1;5;3;5;1;200;22;12
2026-07-17 12:00:26.810;Pivô de Alta → Baixa (venda);-1;179350;1;3;1;3;7;100;1;1
2026-07-17 12:02:01.837;Pivô de Baixa → Alta (compra);1;179350;3;7;5;7;1;300;2;2
2026-07-17 12:24:03.651;Pivô de Baixa → Alta (compra);1;179650;1;2;0;2;3;50;219;18
2026-07-17 12:30:06.943;Pivô de Alta → Baixa (venda);-1;179600;2;3;1;3;4;100;107;38
2026-07-17 12:45:47.294;Pivô de Baixa → Alta (compra);1;179600;3;4;2;4;3;150;39;14
2026-07-17 12:58:30.294;Pivô de Alta → Baixa (venda);-1;179650;4;3;1;3;2;100;192;44
2026-07-17 13:06:01.818;Pivô de Baixa → Alta (compra);1;179650;3;2;0;2;12;50;31;12
2026-07-17 13:09:30.832;Pivô de Alta → Baixa (venda);-1;179600;2;12;10;12;3;550;54;17
2026-07-17 13:37:16.904;Pivô de Baixa → Alta (compra);1;179150;12;3;1;3;2;100;51;14
2026-07-17 13:45:09.020;Pivô de Alta → Baixa (venda);-1;179150;3;2;0;2;2;50;70;41
2026-07-17 13:57:43.898;Pivô de Baixa → Alta (compra);1;179200;2;2;0;2;1;50;24;10
2026-07-17 14:35:16.195;Pivô de Alta → Baixa (venda);-1;179150;1;5;3;5;1;200;13;9
2026-07-17 14:46:02.580;Pivô de Alta → Baixa (venda);-1;178950;1;10;8;10;10;450;125;40
2026-07-17 16:17:14.644;Pivô de Baixa → Alta (compra);1;178600;10;10;8;10;6;450;105;61
2026-07-17 16:56:35.038;Pivô de Alta → Baixa (venda);-1;178950;10;6;4;6;1;250;52;17
2026-07-17 17:53:40.028;Pivô de Alta → Baixa (venda);-1;178700;1;2;0;2;19;50;68;18
2026-07-17 17:58:56.161;Pivô de Baixa → Alta (compra);1;178750;2;19;17;19;6;900;43;9
2026-07-20 09:01:35.013;Pivô de Alta → Baixa (venda);-1;179550;19;6;4;6;1;250;7;2
2026-07-20 09:02:23.726;Pivô de Baixa → Alta (compra);1;179400;1;2;0;2;2;50;5;1
2026-07-20 09:02:27.517;Pivô de Alta → Baixa (venda);-1;179350;2;2;0;2;2;50;1;1
2026-07-20 09:02:31.816;Pivô de Baixa → Alta (compra);1;179400;2;2;0;2;12;50;7;2
2026-07-20 09:02:35.918;Pivô de Alta → Baixa (venda);-1;179350;2;12;10;12;2;550;5;1
2026-07-20 09:02:49.106;Pivô de Baixa → Alta (compra);1;178900;12;2;0;2;7;50;26;3
2026-07-20 09:02:50.028;Pivô de Alta → Baixa (venda);-1;178850;2;7;5;7;7;300;636;48
2026-07-20 09:03:01.683;Pivô de Baixa → Alta (compra);1;178650;7;7;5;7;1;300;359;38
2026-07-20 09:03:09.860;Pivô de Alta → Baixa (venda);-1;178850;1;4;2;4;9;150;5;5
2026-07-20 09:03:21.502;Pivô de Baixa → Alta (compra);1;178800;4;9;7;9;8;400;3;2
2026-07-20 09:04:00.212;Pivô de Alta → Baixa (venda);-1;179100;9;8;6;8;10;350;21;7
2026-07-20 09:04:39.607;Pivô de Baixa → Alta (compra);1;178850;8;10;8;10;3;450;32;9
2026-07-20 09:07:11.920;Pivô de Alta → Baixa (venda);-1;179200;10;3;1;3;6;100;10;2
2026-07-20 09:07:23.322;Pivô de Baixa → Alta (compra);1;179200;3;6;4;6;7;250;7;6
2026-07-20 09:08:35.239;Pivô de Alta → Baixa (venda);-1;179350;6;7;5;7;1;300;206;9
2026-07-20 09:11:58.906;Pivô de Alta → Baixa (venda);-1;179050;1;11;9;11;1;500;2;2
2026-07-20 09:25:08.437;Pivô de Baixa → Alta (compra);1;178650;1;6;4;6;1;250;23;7
2026-07-20 09:28:06.553;Pivô de Baixa → Alta (compra);1;178900;1;4;2;4;4;150;35;13
2026-07-20 09:33:29.327;Pivô de Alta → Baixa (venda);-1;178950;4;4;2;4;4;150;42;16
2026-07-20 09:46:03.464;Pivô de Baixa → Alta (compra);1;178900;4;4;2;4;1;150;42;28
2026-07-20 09:56:15.810;Pivô de Baixa → Alta (compra);1;179050;1;2;0;2;1;50;8;4
2026-07-20 09:59:03.960;Pivô de Baixa → Alta (compra);1;179100;1;12;10;12;9;550;16;8
2026-07-20 10:02:35.006;Pivô de Alta → Baixa (venda);-1;179550;12;9;7;9;1;400;46;17
2026-07-20 10:05:09.067;Pivô de Alta → Baixa (venda);-1;179150;1;2;0;2;4;50;28;8
2026-07-20 10:05:45.204;Pivô de Baixa → Alta (compra);1;179200;2;4;2;4;8;150;23;20
2026-07-20 10:13:03.960;Pivô de Alta → Baixa (venda);-1;179250;4;8;6;8;5;350;6;4
2026-07-20 10:19:01.912;Pivô de Baixa → Alta (compra);1;179000;8;5;3;5;1;200;20;9
2026-07-20 10:24:23.160;Pivô de Alta → Baixa (venda);-1;179100;1;10;8;10;3;450;3;2
2026-07-20 10:30:27.881;Pivô de Baixa → Alta (compra);1;178750;10;3;1;3;4;100;18;6
2026-07-20 10:31:36.394;Pivô de Alta → Baixa (venda);-1;178750;3;4;2;4;9;150;2;2
2026-07-20 10:34:58.118;Pivô de Baixa → Alta (compra);1;178700;4;9;7;9;14;400;33;7
2026-07-20 10:36:28.879;Pivô de Alta → Baixa (venda);-1;179000;9;14;12;14;2;650;35;6
2026-07-20 10:43:44.847;Pivô de Baixa → Alta (compra);1;178450;14;2;0;2;1;50;132;35
2026-07-20 10:48:06.435;Pivô de Baixa → Alta (compra);1;178500;1;8;6;8;1;350;97;14
2026-07-20 10:53:23.243;Pivô de Baixa → Alta (compra);1;178850;1;2;0;2;1;50;17;5
2026-07-20 10:55:18.875;Pivô de Baixa → Alta (compra);1;178900;1;6;4;6;7;250;17;10
2026-07-20 11:01:09.612;Pivô de Alta → Baixa (venda);-1;179050;6;7;5;7;8;300;34;12
2026-07-20 11:12:13.253;Pivô de Baixa → Alta (compra);1;178850;7;8;6;8;2;350;9;5
2026-07-20 11:33:30.423;Pivô de Alta → Baixa (venda);-1;179100;8;2;0;2;8;50;36;24
2026-07-20 11:41:14.101;Pivô de Baixa → Alta (compra);1;179150;2;8;6;8;5;350;4;4
2026-07-20 11:50:43.836;Pivô de Alta → Baixa (venda);-1;179400;8;5;3;5;1;200;37;20
2026-07-20 12:09:27.686;Pivô de Alta → Baixa (venda);-1;179200;1;7;5;7;5;300;3;3
2026-07-20 12:25:03.008;Pivô de Baixa → Alta (compra);1;179000;7;5;3;5;1;200;9;7
2026-07-20 12:47:38.463;Pivô de Baixa → Alta (compra);1;179200;1;3;1;3;1;100;17;13
2026-07-20 13:00:10.601;Pivô de Baixa → Alta (compra);1;179300;1;3;1;3;10;100;2;2
2026-07-20 13:05:41.065;Pivô de Alta → Baixa (venda);-1;179300;3;10;8;10;2;450;60;32
2026-07-20 13:41:26.516;Pivô de Baixa → Alta (compra);1;178950;10;2;0;2;5;50;45;12
2026-07-20 13:42:34.637;Pivô de Alta → Baixa (venda);-1;178900;2;5;3;5;1;200;29;18
2026-07-20 14:05:08.274;Pivô de Alta → Baixa (venda);-1;178700;1;3;1;3;8;100;12;3
2026-07-20 14:37:02.495;Pivô de Baixa → Alta (compra);1;178700;3;8;6;8;2;350;7;5
2026-07-20 15:12:49.504;Pivô de Alta → Baixa (venda);-1;178950;8;2;0;2;1;50;32;12
2026-07-20 15:33:41.279;Pivô de Alta → Baixa (venda);-1;178900;1;5;3;5;4;200;25;12
2026-07-20 15:58:40.938;Pivô de Baixa → Alta (compra);1;178800;5;4;2;4;4;150;1;1
2026-07-20 16:00:50.126;Pivô de Alta → Baixa (venda);-1;178850;4;4;2;4;4;150;4;4
2026-07-20 16:22:25.111;Pivô de Baixa → Alta (compra);1;178800;4;4;2;4;10;150;52;23
2026-07-20 16:36:17.463;Pivô de Alta → Baixa (venda);-1;178850;4;10;8;10;1;450;123;30
2026-07-20 17:15:45.424;Pivô de Alta → Baixa (venda);-1;178400;1;3;1;3;2;100;34;20
2026-07-20 18:07:48.977;Pivô de Baixa → Alta (compra);1;178400;3;2;0;2;1;50;551;21
2026-07-20 18:22:14.744;Pivô de Baixa → Alta (compra);1;178450;1;12;10;12;6;550;130;10
2026-07-21 09:01:16.495;Pivô de Alta → Baixa (venda);-1;178900;12;6;4;6;2;250;167;40
2026-07-21 09:02:44.248;Pivô de Baixa → Alta (compra);1;178750;6;2;0;2;3;50;123;6
2026-07-21 09:02:45.135;Pivô de Alta → Baixa (venda);-1;178700;2;3;1;3;4;100;2;2
2026-07-21 09:02:55.970;Pivô de Baixa → Alta (compra);1;178700;3;4;2;4;1;150;231;36
2026-07-21 09:03:09.833;Pivô de Alta → Baixa (venda);-1;178750;1;5;3;5;2;200;111;5
2026-07-21 09:03:46.480;Pivô de Baixa → Alta (compra);1;178650;5;2;0;2;5;50;45;5
2026-07-21 09:03:54.217;Pivô de Alta → Baixa (venda);-1;178600;2;5;3;5;2;200;17;7
2026-07-21 09:04:22.184;Pivô de Baixa → Alta (compra);1;178500;5;2;0;2;3;50;84;24
2026-07-21 09:04:59.816;Pivô de Alta → Baixa (venda);-1;178450;2;3;1;3;6;100;21;10
2026-07-21 09:05:07.265;Pivô de Baixa → Alta (compra);1;178450;3;6;4;6;2;250;8;5
2026-07-21 09:08:39.296;Pivô de Alta → Baixa (venda);-1;178600;6;2;0;2;9;50;5;3
2026-07-21 09:09:19.579;Pivô de Baixa → Alta (compra);1;178650;2;9;7;9;11;400;101;12
2026-07-21 09:13:53.843;Pivô de Alta → Baixa (venda);-1;178950;9;11;9;11;2;500;51;10
2026-07-21 09:16:50.537;Pivô de Baixa → Alta (compra);1;178550;11;2;0;2;5;50;149;13
2026-07-21 09:17:26.407;Pivô de Alta → Baixa (venda);-1;178500;2;5;3;5;1;200;6;6
2026-07-21 09:24:42.788;Pivô de Alta → Baixa (venda);-1;178300;1;3;1;3;10;100;18;10
2026-07-21 09:26:02.239;Pivô de Baixa → Alta (compra);1;178300;3;10;8;10;5;450;644;33
2026-07-21 09:40:05.204;Pivô de Alta → Baixa (venda);-1;178650;10;5;3;5;1;200;1;1
2026-07-21 09:45:15.085;Pivô de Alta → Baixa (venda);-1;178450;1;3;1;3;1;100;17;5
2026-07-21 10:00:00.606;Pivô de Alta → Baixa (venda);-1;178350;1;2;0;2;1;50;30;12
2026-07-21 10:03:22.999;Pivô de Baixa → Alta (compra);1;178400;1;4;2;4;2;150;4;3
2026-07-21 10:06:34.662;Pivô de Alta → Baixa (venda);-1;178450;4;2;0;2;4;50;5;5
2026-07-21 10:07:20.212;Pivô de Baixa → Alta (compra);1;178500;2;4;2;4;9;150;30;11
2026-07-21 10:16:30.522;Pivô de Alta → Baixa (venda);-1;178550;4;9;7;9;3;400;146;26
2026-07-21 10:21:02.521;Pivô de Baixa → Alta (compra);1;178250;9;3;1;3;1;100;428;37
2026-07-21 10:24:41.533;Pivô de Baixa → Alta (compra);1;178350;1;3;1;3;2;100;196;73
2026-07-21 10:26:53.041;Pivô de Alta → Baixa (venda);-1;178350;3;2;0;2;9;50;311;45
2026-07-21 10:29:13.301;Pivô de Baixa → Alta (compra);1;178400;2;9;7;9;15;400;40;14
2026-07-21 10:31:39.133;Pivô de Alta → Baixa (venda);-1;178700;9;15;13;15;2;700;8;6
2026-07-21 10:36:50.309;Pivô de Baixa → Alta (compra);1;178100;15;2;0;2;9;50;751;36
2026-07-21 10:37:03.490;Pivô de Alta → Baixa (venda);-1;178050;2;9;7;9;10;400;311;23
2026-07-21 10:41:13.076;Pivô de Baixa → Alta (compra);1;177750;9;10;8;10;8;450;325;29
2026-07-21 10:48:57.040;Pivô de Alta → Baixa (venda);-1;178100;10;8;6;8;1;350;2;1
2026-07-21 10:52:46.450;Pivô de Alta → Baixa (venda);-1;177750;1;2;0;2;9;50;46;11
2026-07-21 11:01:08.147;Pivô de Baixa → Alta (compra);1;177800;2;9;7;9;3;400;22;13
2026-07-21 11:08:16.623;Pivô de Alta → Baixa (venda);-1;178100;9;3;1;3;5;100;141;11
2026-07-21 11:12:15.285;Pivô de Baixa → Alta (compra);1;178100;3;5;3;5;9;200;8;4
2026-07-21 11:16:33.870;Pivô de Alta → Baixa (venda);-1;178200;5;9;7;9;2;400;107;9
2026-07-21 11:27:47.552;Pivô de Baixa → Alta (compra);1;177900;9;2;0;2;8;50;122;19
2026-07-21 11:31:06.946;Pivô de Alta → Baixa (venda);-1;177850;2;8;6;8;1;350;36;8
2026-07-21 11:43:04.220;Pivô de Alta → Baixa (venda);-1;177500;1;6;4;6;11;250;177;34
2026-07-21 12:01:48.193;Pivô de Baixa → Alta (compra);1;177350;6;11;9;11;2;500;456;45
2026-07-21 12:41:33.303;Pivô de Alta → Baixa (venda);-1;177750;11;2;0;2;8;50;21;9
2026-07-21 12:50:03.062;Pivô de Baixa → Alta (compra);1;177800;2;8;6;8;2;350;167;48
2026-07-21 14:02:19.009;Pivô de Alta → Baixa (venda);-1;178050;8;2;0;2;5;50;12;10
2026-07-21 14:20:15.245;Pivô de Baixa → Alta (compra);1;178100;2;5;3;5;4;200;59;16
2026-07-21 14:40:17.465;Pivô de Alta → Baixa (venda);-1;178200;5;4;2;4;6;150;43;22
2026-07-21 14:47:54.375;Pivô de Baixa → Alta (compra);1;178150;4;6;4;6;2;250;9;8
2026-07-21 15:00:32.403;Pivô de Alta → Baixa (venda);-1;178300;6;2;0;2;5;50;51;15
2026-07-21 15:06:15.534;Pivô de Baixa → Alta (compra);1;178350;2;5;3;5;5;200;8;7
2026-07-21 16:10:13.316;Pivô de Alta → Baixa (venda);-1;178450;5;5;3;5;2;200;34;12
2026-07-21 17:22:16.242;Pivô de Baixa → Alta (compra);1;178350;5;2;0;2;6;50;483;82
2026-07-21 18:02:44.213;Pivô de Alta → Baixa (venda);-1;178300;2;6;4;6;5;250;2034;129
2026-07-22 09:00:58.918;Pivô de Baixa → Alta (compra);1;178150;6;5;3;5;2;200;5;1
2026-07-22 09:01:11.904;Pivô de Alta → Baixa (venda);-1;178250;5;2;0;2;2;50;1;1
2026-07-22 09:01:15.189;Pivô de Baixa → Alta (compra);1;178300;2;2;0;2;4;50;1;1
2026-07-22 09:01:17.941;Pivô de Alta → Baixa (venda);-1;178250;2;4;2;4;4;150;1;1
2026-07-22 09:01:26.571;Pivô de Baixa → Alta (compra);1;178200;4;4;2;4;3;150;3;2
2026-07-22 09:02:14.698;Pivô de Alta → Baixa (venda);-1;178250;4;3;1;3;1;100;19;4
2026-07-22 09:02:48.120;Pivô de Alta → Baixa (venda);-1;178150;1;4;2;4;12;150;10;1
2026-07-22 09:03:08.063;Pivô de Baixa → Alta (compra);1;178100;4;12;10;12;4;550;55;11
2026-07-22 09:03:27.797;Pivô de Alta → Baixa (venda);-1;178550;12;4;2;4;2;150;411;69
2026-07-22 09:03:34.109;Pivô de Baixa → Alta (compra);1;178500;4;2;0;2;1;50;32;32
2026-07-22 09:03:58.982;Pivô de Baixa → Alta (compra);1;178550;1;5;3;5;1;200;9;9
2026-07-22 09:04:08.851;Pivô de Baixa → Alta (compra);1;178750;1;3;1;3;2;100;2;2
2026-07-22 09:04:21.276;Pivô de Alta → Baixa (venda);-1;178750;3;2;0;2;2;50;3;3
2026-07-22 09:04:26.067;Pivô de Baixa → Alta (compra);1;178800;2;2;0;2;2;50;4;4
2026-07-22 09:04:36.369;Pivô de Alta → Baixa (venda);-1;178750;2;2;0;2;4;50;29;13
2026-07-22 09:05:35.379;Pivô de Baixa → Alta (compra);1;178800;2;4;2;4;1;150;33;4
2026-07-22 09:06:12.834;Pivô de Alta → Baixa (venda);-1;178850;1;3;1;3;9;100;51;3
2026-07-22 09:06:40.443;Pivô de Baixa → Alta (compra);1;178850;3;9;7;9;4;400;16;11
2026-07-22 09:11:22.262;Pivô de Alta → Baixa (venda);-1;179150;9;4;2;4;5;150;10;6
2026-07-22 09:12:22.957;Pivô de Baixa → Alta (compra);1;179100;4;5;3;5;3;200;23;4
2026-07-22 09:14:50.094;Pivô de Alta → Baixa (venda);-1;179200;5;3;1;3;2;100;3;3
2026-07-22 09:15:27.394;Pivô de Baixa → Alta (compra);1;179200;3;2;0;2;4;50;4;3
2026-07-22 09:16:12.589;Pivô de Alta → Baixa (venda);-1;179150;2;4;2;4;3;150;42;8
2026-07-22 09:17:36.756;Pivô de Baixa → Alta (compra);1;179100;4;3;1;3;4;100;78;26
2026-07-22 09:23:16.829;Pivô de Alta → Baixa (venda);-1;179100;3;4;2;4;5;150;15;13
2026-07-22 09:25:46.383;Pivô de Baixa → Alta (compra);1;179050;4;5;3;5;1;200;44;11
2026-07-22 09:34:44.637;Pivô de Baixa → Alta (compra);1;179250;1;4;2;4;9;150;24;13
2026-07-22 09:36:25.284;Pivô de Alta → Baixa (venda);-1;179300;4;9;7;9;3;400;39;14
2026-07-22 09:43:35.731;Pivô de Baixa → Alta (compra);1;179000;9;3;1;3;1;100;23;18
2026-07-22 09:45:08.963;Pivô de Baixa → Alta (compra);1;179100;1;2;0;2;3;50;8;8
2026-07-22 09:47:17.082;Pivô de Alta → Baixa (venda);-1;179050;2;3;1;3;5;100;13;10
2026-07-22 09:51:13.158;Pivô de Baixa → Alta (compra);1;179050;3;5;3;5;3;200;17;7
2026-07-22 09:55:04.112;Pivô de Alta → Baixa (venda);-1;179150;5;3;1;3;11;100;67;20
2026-07-22 09:56:53.836;Pivô de Baixa → Alta (compra);1;179150;3;11;9;11;3;500;114;22
2026-07-22 10:01:03.489;Pivô de Alta → Baixa (venda);-1;179550;11;3;1;3;1;100;223;30
2026-07-22 10:05:04.691;Pivô de Alta → Baixa (venda);-1;179450;1;3;1;3;2;100;16;5
2026-07-22 10:06:59.740;Pivô de Baixa → Alta (compra);1;179450;3;2;0;2;2;50;87;17
2026-07-22 10:07:33.541;Pivô de Alta → Baixa (venda);-1;179400;2;2;0;2;8;50;53;3
2026-07-22 10:09:54.889;Pivô de Baixa → Alta (compra);1;179450;2;8;6;8;3;350;35;7
2026-07-22 10:15:04.120;Pivô de Alta → Baixa (venda);-1;179700;8;3;1;3;3;100;29;11
2026-07-22 10:15:44.460;Pivô de Baixa → Alta (compra);1;179700;3;3;1;3;5;100;14;4
2026-07-22 10:16:17.604;Pivô de Alta → Baixa (venda);-1;179700;3;5;3;5;3;200;87;27
2026-07-22 10:19:23.815;Pivô de Baixa → Alta (compra);1;179600;5;3;1;3;3;100;32;4
2026-07-22 10:20:47.143;Pivô de Alta → Baixa (venda);-1;179600;3;3;1;3;7;100;28;12
2026-07-22 10:22:15.523;Pivô de Baixa → Alta (compra);1;179600;3;7;5;7;1;300;1;1
2026-07-22 10:25:19.603;Pivô de Baixa → Alta (compra);1;179900;1;2;0;2;1;50;2;2
2026-07-22 10:29:10.182;Pivô de Baixa → Alta (compra);1;179950;1;14;12;14;1;650;1;1
2026-07-22 10:32:04.262;Pivô de Alta → Baixa (venda);-1;180500;1;4;2;4;5;150;11;4
2026-07-22 10:33:18.909;Pivô de Baixa → Alta (compra);1;180450;4;5;3;5;3;200;179;14
2026-07-22 10:36:46.373;Pivô de Alta → Baixa (venda);-1;180550;5;3;1;3;5;100;4;4
2026-07-22 10:37:59.470;Pivô de Baixa → Alta (compra);1;180550;3;5;3;5;1;200;4;3
2026-07-22 10:39:34.268;Pivô de Baixa → Alta (compra);1;180750;1;6;4;6;1;250;97;21
2026-07-22 10:41:59.391;Pivô de Baixa → Alta (compra);1;181000;1;13;11;13;6;600;22;11
2026-07-22 10:42:37.124;Pivô de Alta → Baixa (venda);-1;181500;13;6;4;6;6;250;672;46
2026-07-22 10:42:50.812;Pivô de Baixa → Alta (compra);1;181350;6;6;4;6;3;250;29;13
2026-07-22 10:44:07.295;Pivô de Alta → Baixa (venda);-1;181500;6;3;1;3;5;100;60;11
2026-07-22 10:44:55.228;Pivô de Baixa → Alta (compra);1;181500;3;5;3;5;1;200;138;12
2026-07-22 10:47:52.603;Pivô de Baixa → Alta (compra);1;181700;1;6;4;6;3;250;84;3
2026-07-22 10:48:07.469;Pivô de Alta → Baixa (venda);-1;181850;6;3;1;3;1;100;402;37
2026-07-22 10:49:39.322;Pivô de Alta → Baixa (venda);-1;181750;1;2;0;2;3;50;7;3
2026-07-22 10:50:04.516;Pivô de Baixa → Alta (compra);1;181800;2;3;1;3;6;100;58;11
2026-07-22 10:51:07.209;Pivô de Alta → Baixa (venda);-1;181800;3;6;4;6;4;250;344;21
2026-07-22 10:54:03.479;Pivô de Baixa → Alta (compra);1;181650;6;4;2;4;7;150;74;13
2026-07-22 10:57:06.578;Pivô de Alta → Baixa (venda);-1;181700;4;7;5;7;4;300;9;4
2026-07-22 11:01:26.084;Pivô de Baixa → Alta (compra);1;181500;7;4;2;4;14;150;116;14
2026-07-22 11:02:27.905;Pivô de Alta → Baixa (venda);-1;181550;4;14;12;14;3;650;1;1
2026-07-22 11:10:36.757;Pivô de Baixa → Alta (compra);1;181000;14;3;1;3;1;100;177;42
2026-07-22 11:18:12.079;Pivô de Baixa → Alta (compra);1;181100;1;4;2;4;13;150;29;11
2026-07-22 11:19:22.214;Pivô de Alta → Baixa (venda);-1;181150;4;13;11;13;2;600;5;4
2026-07-22 11:37:56.310;Pivô de Baixa → Alta (compra);1;180650;13;2;0;2;4;50;172;49
2026-07-22 11:44:07.151;Pivô de Alta → Baixa (venda);-1;180600;2;4;2;4;1;150;61;13
2026-07-22 11:47:15.494;Pivô de Alta → Baixa (venda);-1;180450;1;3;1;3;4;100;8;7
2026-07-22 11:49:45.410;Pivô de Baixa → Alta (compra);1;180450;3;4;2;4;1;150;33;14
2026-07-22 12:04:36.185;Pivô de Baixa → Alta (compra);1;180600;1;5;3;5;4;200;11;2
2026-07-22 12:09:27.263;Pivô de Alta → Baixa (venda);-1;180700;5;4;2;4;5;150;18;18
2026-07-22 12:20:02.695;Pivô de Baixa → Alta (compra);1;180650;4;5;3;5;1;200;28;7
2026-07-22 12:30:10.198;Pivô de Baixa → Alta (compra);1;180850;1;6;4;6;1;250;10;2
2026-07-22 12:40:12.649;Pivô de Baixa → Alta (compra);1;181100;1;4;2;4;2;150;46;11
2026-07-22 12:44:25.504;Pivô de Alta → Baixa (venda);-1;181150;4;2;0;2;4;50;32;19
2026-07-22 12:56:03.868;Pivô de Baixa → Alta (compra);1;181200;2;4;2;4;2;150;8;6
2026-07-22 13:08:21.060;Pivô de Alta → Baixa (venda);-1;181250;4;2;0;2;12;50;22;12
2026-07-22 13:19:47.309;Pivô de Baixa → Alta (compra);1;181300;2;12;10;12;1;550;67;19
2026-07-22 14:12:41.767;Pivô de Baixa → Alta (compra);1;181850;1;4;2;4;1;150;52;13
2026-07-22 14:19:25.740;Pivô de Baixa → Alta (compra);1;182000;1;6;4;6;2;250;119;54
2026-07-22 14:31:33.203;Pivô de Alta → Baixa (venda);-1;182150;6;2;0;2;7;50;36;28
2026-07-22 14:39:53.761;Pivô de Baixa → Alta (compra);1;182200;2;7;5;7;1;300;97;23
2026-07-22 15:00:12.895;Pivô de Baixa → Alta (compra);1;182500;1;2;0;2;3;50;16;6
2026-07-22 15:00:45.414;Pivô de Alta → Baixa (venda);-1;182450;2;3;1;3;1;100;311;62
2026-07-22 15:25:30.773;Pivô de Baixa → Alta (compra);1;182450;1;2;0;2;2;50;27;9
2026-07-22 15:27:43.021;Pivô de Alta → Baixa (venda);-1;182400;2;2;0;2;6;50;80;15
2026-07-22 15:35:11.089;Pivô de Baixa → Alta (compra);1;182450;2;6;4;6;3;250;11;3
2026-07-22 15:59:01.632;Pivô de Alta → Baixa (venda);-1;182600;6;3;1;3;1;100;68;32
2026-07-22 16:27:41.737;Pivô de Alta → Baixa (venda);-1;182500;1;2;0;2;8;50;364;37
2026-07-22 16:40:19.453;Pivô de Baixa → Alta (compra);1;182550;2;8;6;8;2;350;13;5
2026-07-22 17:19:53.144;Pivô de Alta → Baixa (venda);-1;182800;8;2;0;2;1;50;329;71
2026-07-22 18:01:19.821;Pivô de Alta → Baixa (venda);-1;182750;1;15;13;15;3;700;1435;123
2026-07-23 09:00:53.454;Pivô de Baixa → Alta (compra);1;182150;15;3;1;3;11;100;94;25
2026-07-23 09:01:31.456;Pivô de Alta → Baixa (venda);-1;182150;3;11;9;11;4;500;157;14
2026-07-23 09:02:42.635;Pivô de Baixa → Alta (compra);1;181750;11;4;2;4;5;150;22;8
2026-07-23 09:02:44.555;Pivô de Alta → Baixa (venda);-1;181800;4;5;3;5;3;200;668;35
2026-07-23 09:03:03.125;Pivô de Baixa → Alta (compra);1;181700;5;3;1;3;4;100;4;3
2026-07-23 09:03:15.582;Pivô de Alta → Baixa (venda);-1;181700;3;4;2;4;3;150;333;38
2026-07-23 09:03:34.090;Pivô de Baixa → Alta (compra);1;181650;4;3;1;3;2;100;242;27
2026-07-23 09:03:41.923;Pivô de Alta → Baixa (venda);-1;181650;3;2;0;2;7;50;27;7
2026-07-23 09:03:49.024;Pivô de Baixa → Alta (compra);1;181700;2;7;5;7;1;300;18;8
2026-07-23 09:04:49.095;Pivô de Baixa → Alta (compra);1;182000;1;7;5;7;3;300;13;12
2026-07-23 09:06:08.259;Pivô de Alta → Baixa (venda);-1;182200;7;3;1;3;7;100;73;23
2026-07-23 09:08:19.838;Pivô de Baixa → Alta (compra);1;182200;3;7;5;7;10;300;74;34
2026-07-23 09:09:01.733;Pivô de Alta → Baixa (venda);-1;182400;7;10;8;10;6;450;7;6
2026-07-23 09:09:05.823;Pivô de Baixa → Alta (compra);1;182050;10;6;4;6;1;250;87;15
2026-07-23 09:09:47.958;Pivô de Alta → Baixa (venda);-1;182200;1;2;0;2;1;50;2;2
2026-07-23 09:10:43.268;Pivô de Alta → Baixa (venda);-1;182150;1;6;4;6;1;250;11;6
2026-07-23 09:18:54.662;Pivô de Baixa → Alta (compra);1;182000;1;8;6;8;1;350;41;10
2026-07-23 09:36:39.413;Pivô de Baixa → Alta (compra);1;182350;1;2;0;2;8;50;8;5
2026-07-23 09:37:33.105;Pivô de Alta → Baixa (venda);-1;182300;2;8;6;8;3;350;82;30
2026-07-23 09:43:54.337;Pivô de Baixa → Alta (compra);1;182050;8;3;1;3;1;100;44;16
2026-07-23 09:52:53.582;Pivô de Alta → Baixa (venda);-1;182050;1;7;5;7;8;300;13;8
2026-07-23 10:02:28.223;Pivô de Baixa → Alta (compra);1;181850;7;8;6;8;11;350;127;43
2026-07-23 10:04:51.916;Pivô de Alta → Baixa (venda);-1;182100;8;11;9;11;4;500;3;2
2026-07-23 10:10:55.039;Pivô de Baixa → Alta (compra);1;181700;11;4;2;4;8;150;64;7
2026-07-23 10:11:48.010;Pivô de Alta → Baixa (venda);-1;181750;4;8;6;8;1;350;17;4
2026-07-23 10:14:15.234;Pivô de Alta → Baixa (venda);-1;181400;1;4;2;4;4;150;10;8
2026-07-23 10:16:26.635;Pivô de Baixa → Alta (compra);1;181350;4;4;2;4;5;150;20;13
2026-07-23 10:18:29.621;Pivô de Alta → Baixa (venda);-1;181400;4;5;3;5;14;200;145;10
2026-07-23 10:22:23.626;Pivô de Baixa → Alta (compra);1;181300;5;14;12;14;2;650;13;7
2026-07-23 10:28:58.628;Pivô de Alta → Baixa (venda);-1;181850;14;2;0;2;9;50;17;7
2026-07-23 10:30:10.526;Pivô de Baixa → Alta (compra);1;181900;2;9;7;9;2;400;2;2
2026-07-23 10:31:49.828;Pivô de Alta → Baixa (venda);-1;182200;9;2;0;2;2;50;35;13
2026-07-23 10:32:33.232;Pivô de Baixa → Alta (compra);1;182250;2;2;0;2;7;50;10;5
2026-07-23 10:33:54.357;Pivô de Alta → Baixa (venda);-1;182200;2;7;5;7;8;300;13;9
2026-07-23 10:36:58.876;Pivô de Baixa → Alta (compra);1;182000;7;8;6;8;2;350;16;7
2026-07-23 10:43:37.643;Pivô de Alta → Baixa (venda);-1;182250;8;2;0;2;3;50;80;21
2026-07-23 10:45:17.327;Pivô de Baixa → Alta (compra);1;182300;2;3;1;3;1;100;9;6
2026-07-23 10:47:01.445;Pivô de Baixa → Alta (compra);1;182400;1;10;8;10;16;450;6;6
2026-07-23 10:53:11.379;Pivô de Alta → Baixa (venda);-1;182750;10;16;14;16;1;750;838;75
2026-07-23 11:00:39.554;Pivô de Alta → Baixa (venda);-1;182000;1;2;0;2;1;50;13;4
2026-07-23 11:02:16.863;Pivô de Alta → Baixa (venda);-1;181950;1;2;0;2;1;50;170;30
2026-07-23 11:07:56.251;Pivô de Alta → Baixa (venda);-1;181900;1;3;1;3;9;100;16;7
2026-07-23 11:08:55.488;Pivô de Baixa → Alta (compra);1;181900;3;9;7;9;5;400;660;16
2026-07-23 11:12:09.281;Pivô de Alta → Baixa (venda);-1;182200;9;5;3;5;10;200;1214;64
2026-07-23 11:20:10.316;Pivô de Baixa → Alta (compra);1;182100;5;10;8;10;4;450;41;12
2026-07-23 11:30:06.981;Pivô de Alta → Baixa (venda);-1;182450;10;4;2;4;3;150;13;4
2026-07-23 11:34:34.755;Pivô de Baixa → Alta (compra);1;182400;4;3;1;3;8;100;52;9
2026-07-23 11:38:47.045;Pivô de Alta → Baixa (venda);-1;182400;3;8;6;8;5;350;72;14
2026-07-23 11:51:34.783;Pivô de Baixa → Alta (compra);1;182150;8;5;3;5;1;200;144;26
2026-07-23 12:04:52.362;Pivô de Alta → Baixa (venda);-1;182250;1;7;5;7;3;300;76;13
2026-07-23 12:12:36.687;Pivô de Baixa → Alta (compra);1;182050;7;3;1;3;15;100;83;8
2026-07-23 12:15:17.995;Pivô de Alta → Baixa (venda);-1;182050;3;15;13;15;6;700;54;7
2026-07-23 12:30:00.404;Pivô de Baixa → Alta (compra);1;181450;15;6;4;6;3;250;193;36
2026-07-23 12:35:17.934;Pivô de Alta → Baixa (venda);-1;181600;6;3;1;3;2;100;63;10
2026-07-23 12:36:22.201;Pivô de Baixa → Alta (compra);1;181600;3;2;0;2;4;50;71;13
2026-07-23 12:40:11.961;Pivô de Alta → Baixa (venda);-1;181550;2;4;2;4;4;150;14;3
2026-07-23 12:47:20.827;Pivô de Baixa → Alta (compra);1;181500;4;4;2;4;3;150;4;4
2026-07-23 13:17:55.317;Pivô de Alta → Baixa (venda);-1;181550;4;3;1;3;3;100;40;10
2026-07-23 13:34:35.039;Pivô de Baixa → Alta (compra);1;181550;3;3;1;3;4;100;18;9
2026-07-23 14:01:50.806;Pivô de Alta → Baixa (venda);-1;181550;3;4;2;4;1;150;22;4
2026-07-23 14:09:53.299;Pivô de Alta → Baixa (venda);-1;181400;1;3;1;3;2;100;12;4
2026-07-23 14:11:14.536;Pivô de Baixa → Alta (compra);1;181400;3;2;0;2;3;50;18;11
2026-07-23 14:16:46.881;Pivô de Alta → Baixa (venda);-1;181350;2;3;1;3;4;100;50;15
2026-07-23 14:35:48.009;Pivô de Baixa → Alta (compra);1;181350;3;4;2;4;3;150;116;44
2026-07-23 14:50:45.900;Pivô de Alta → Baixa (venda);-1;181400;4;3;1;3;2;100;14;11
2026-07-23 14:56:08.774;Pivô de Baixa → Alta (compra);1;181400;3;2;0;2;1;50;78;8
2026-07-23 15:10:06.630;Pivô de Baixa → Alta (compra);1;181450;1;7;5;7;2;300;43;14
2026-07-23 15:34:52.042;Pivô de Alta → Baixa (venda);-1;181650;7;2;0;2;4;50;382;27
2026-07-23 15:42:06.140;Pivô de Baixa → Alta (compra);1;181700;2;4;2;4;7;150;462;20
2026-07-23 16:03:21.708;Pivô de Alta → Baixa (venda);-1;181750;4;7;5;7;6;300;570;25
2026-07-23 16:21:57.905;Pivô de Baixa → Alta (compra);1;181550;7;6;4;6;6;250;641;20
2026-07-23 16:30:41.825;Pivô de Alta → Baixa (venda);-1;181700;6;6;4;6;3;250;40;6
2026-07-23 16:43:47.609;Pivô de Baixa → Alta (compra);1;181550;6;3;1;3;2;100;95;30
2026-07-23 17:06:10.077;Pivô de Alta → Baixa (venda);-1;181550;3;2;0;2;3;50;1048;66
2026-07-23 17:15:24.827;Pivô de Baixa → Alta (compra);1;181600;2;3;1;3;2;100;123;49
2026-07-23 18:31:23.919;Pivô de Alta → Baixa (venda);-1;181600;3;2;0;2;5;50;21;1
2026-07-24 09:00:57.455;Pivô de Baixa → Alta (compra);1;181650;2;5;3;5;3;200;24;5
2026-07-24 09:01:19.500;Pivô de Alta → Baixa (venda);-1;181750;5;3;1;3;1;100;56;10
2026-07-24 09:02:54.685;Pivô de Alta → Baixa (venda);-1;181650;1;16;14;16;5;750;42;9
2026-07-24 09:04:11.162;Pivô de Baixa → Alta (compra);1;181000;16;5;3;5;1;200;39;13
2026-07-24 09:04:16.440;Pivô de Alta → Baixa (venda);-1;181100;1;16;14;16;3;750;26;4
2026-07-24 09:05:31.540;Pivô de Baixa → Alta (compra);1;180450;16;3;1;3;1;100;425;40
2026-07-24 09:05:58.705;Pivô de Alta → Baixa (venda);-1;180450;1;2;0;2;2;50;11;5
2026-07-24 09:06:08.521;Pivô de Baixa → Alta (compra);1;180500;2;2;0;2;1;50;56;13
2026-07-24 09:07:34.077;Pivô de Baixa → Alta (compra);1;180550;1;2;0;2;2;50;5;1
2026-07-24 09:07:54.791;Pivô de Alta → Baixa (venda);-1;180500;2;2;0;2;2;50;239;12
2026-07-24 09:08:09.138;Pivô de Baixa → Alta (compra);1;180550;2;2;0;2;2;50;27;7
2026-07-24 09:08:38.604;Pivô de Alta → Baixa (venda);-1;180500;2;2;0;2;1;50;77;13
2026-07-24 09:09:41.402;Pivô de Alta → Baixa (venda);-1;180450;1;3;1;3;1;100;38;9
2026-07-24 09:10:18.625;Pivô de Alta → Baixa (venda);-1;180350;1;3;1;3;4;100;70;19
2026-07-24 09:14:19.940;Pivô de Baixa → Alta (compra);1;180350;3;4;2;4;3;150;68;23
2026-07-24 09:16:53.885;Pivô de Alta → Baixa (venda);-1;180400;4;3;1;3;2;100;48;17
2026-07-24 09:17:50.789;Pivô de Baixa → Alta (compra);1;180400;3;2;0;2;1;50;61;18
2026-07-24 09:21:15.287;Pivô de Alta → Baixa (venda);-1;180350;1;5;3;5;5;200;35;11
2026-07-24 09:25:55.255;Pivô de Baixa → Alta (compra);1;180250;5;5;3;5;7;200;262;67
2026-07-24 09:32:39.180;Pivô de Alta → Baixa (venda);-1;180350;5;7;5;7;2;300;9;8
2026-07-24 09:43:35.748;Pivô de Baixa → Alta (compra);1;180150;7;2;0;2;4;50;84;27
2026-07-24 09:47:52.505;Pivô de Alta → Baixa (venda);-1;180100;2;4;2;4;3;150;69;17
2026-07-24 09:57:09.460;Pivô de Baixa → Alta (compra);1;180050;4;3;1;3;6;100;41;20
2026-07-24 10:00:14.459;Pivô de Alta → Baixa (venda);-1;180050;3;6;4;6;6;250;20;5
2026-07-24 10:01:38.080;Pivô de Baixa → Alta (compra);1;179900;6;6;4;6;1;250;16;5
2026-07-24 10:06:12.923;Pivô de Baixa → Alta (compra);1;180150;1;2;0;2;3;50;22;18
2026-07-24 10:07:28.053;Pivô de Alta → Baixa (venda);-1;180100;2;3;1;3;1;100;7;6
2026-07-24 10:09:12.868;Pivô de Alta → Baixa (venda);-1;180000;1;4;2;4;4;150;23;15
2026-07-24 10:12:33.696;Pivô de Baixa → Alta (compra);1;179950;4;4;2;4;6;150;27;13
2026-07-24 10:14:47.145;Pivô de Alta → Baixa (venda);-1;180000;4;6;4;6;6;250;13;8
2026-07-24 10:17:15.085;Pivô de Baixa → Alta (compra);1;179850;6;6;4;6;3;250;47;19
2026-07-24 10:24:26.320;Pivô de Alta → Baixa (venda);-1;180000;6;3;1;3;4;100;26;17
2026-07-24 10:28:09.723;Pivô de Baixa → Alta (compra);1;180000;3;4;2;4;9;150;69;28
2026-07-24 10:30:08.394;Pivô de Alta → Baixa (venda);-1;180050;4;9;7;9;1;400;122;20
2026-07-24 10:34:00.453;Pivô de Baixa → Alta (compra);1;179750;1;2;0;2;5;50;28;10
2026-07-24 10:34:13.002;Pivô de Alta → Baixa (venda);-1;179700;2;5;3;5;5;200;142;26
2026-07-24 10:40:50.857;Pivô de Baixa → Alta (compra);1;179600;5;5;3;5;2;200;16;7
2026-07-24 10:42:14.328;Pivô de Alta → Baixa (venda);-1;179700;5;2;0;2;1;50;115;18
2026-07-24 10:45:00.114;Pivô de Baixa → Alta (compra);1;179750;1;6;4;6;5;250;19;4
2026-07-24 10:46:57.415;Pivô de Alta → Baixa (venda);-1;179900;6;5;3;5;3;200;91;25
2026-07-24 10:50:29.956;Pivô de Baixa → Alta (compra);1;179800;5;3;1;3;2;100;17;10
2026-07-24 10:54:16.984;Pivô de Alta → Baixa (venda);-1;179800;3;2;0;2;8;50;3;3
2026-07-24 10:56:05.338;Pivô de Baixa → Alta (compra);1;179850;2;8;6;8;1;350;36;19
2026-07-24 11:05:34.544;Pivô de Alta → Baixa (venda);-1;180100;1;3;1;3;1;100;88;18
2026-07-24 11:13:47.751;Pivô de Alta → Baixa (venda);-1;180000;1;3;1;3;7;100;50;25
2026-07-24 11:18:58.706;Pivô de Baixa → Alta (compra);1;180000;3;7;5;7;8;300;43;9
2026-07-24 11:27:15.336;Pivô de Alta → Baixa (venda);-1;180200;7;8;6;8;5;350;101;14
2026-07-24 11:46:02.607;Pivô de Baixa → Alta (compra);1;179950;8;5;3;5;9;200;124;13
2026-07-24 11:55:34.893;Pivô de Alta → Baixa (venda);-1;180050;5;9;7;9;1;400;31;21
2026-07-24 12:10:01.238;Pivô de Baixa → Alta (compra);1;179750;1;3;1;3;1;100;29;13
2026-07-24 12:11:47.831;Pivô de Baixa → Alta (compra);1;179850;1;7;5;7;7;300;35;12
2026-07-24 12:15:49.157;Pivô de Alta → Baixa (venda);-1;180050;7;7;5;7;1;300;12;9
2026-07-24 12:38:34.752;Pivô de Alta → Baixa (venda);-1;179750;1;2;0;2;1;50;134;34
2026-07-24 13:00:17.616;Pivô de Alta → Baixa (venda);-1;179700;1;4;2;4;1;150;43;16
2026-07-24 13:29:05.365;Pivô de Alta → Baixa (venda);-1;179550;1;11;9;11;2;500;30;13
2026-07-24 13:51:41.270;Pivô de Baixa → Alta (compra);1;179150;11;2;0;2;3;50;32;24
2026-07-24 14:29:52.187;Pivô de Alta → Baixa (venda);-1;179100;2;3;1;3;1;100;120;59
2026-07-24 15:20:16.016;Pivô de Baixa → Alta (compra);1;179100;1;2;0;2;1;50;332;116
2026-07-24 16:07:02.002;Pivô de Alta → Baixa (venda);-1;179050;1;8;6;8;1;350;55;42
2026-07-24 17:01:38.994;Pivô de Alta → Baixa (venda);-1;178700;1;6;4;6;15;250;194;32
2026-07-24 18:31:00.003;Pivô de Baixa → Alta (compra);1;178550;6;15;13;15;4;700;101;1
2026-07-27 09:00:52.224;Pivô de Alta → Baixa (venda);-1;179150;15;4;2;4;3;150;40;5
2026-07-27 09:00:54.951;Pivô de Baixa → Alta (compra);1;179100;4;3;1;3;5;100;50;3
2026-07-27 09:01:14.317;Pivô de Alta → Baixa (venda);-1;179100;3;5;3;5;4;200;65;8
2026-07-27 09:01:44.618;Pivô de Baixa → Alta (compra);1;179000;5;4;2;4;2;150;3;2
2026-07-27 09:01:59.271;Pivô de Alta → Baixa (venda);-1;179050;4;2;0;2;15;50;26;4
2026-07-27 09:02:11.077;Pivô de Baixa → Alta (compra);1;179100;2;15;13;15;6;700;8;4
2026-07-27 09:03:45.596;Pivô de Alta → Baixa (venda);-1;179700;15;6;4;6;4;250;335;26
2026-07-27 09:04:08.068;Pivô de Baixa → Alta (compra);1;179550;6;4;2;4;7;150;114;21
2026-07-27 09:04:37.644;Pivô de Alta → Baixa (venda);-1;179600;4;7;5;7;3;300;57;38
2026-07-27 09:05:46.195;Pivô de Baixa → Alta (compra);1;179400;7;3;1;3;4;100;42;11
2026-07-27 09:07:13.273;Pivô de Alta → Baixa (venda);-1;179400;3;4;2;4;5;150;31;7
2026-07-27 09:09:21.513;Pivô de Baixa → Alta (compra);1;179350;4;5;3;5;4;200;49;24
2026-07-27 09:15:28.156;Pivô de Alta → Baixa (venda);-1;179450;5;4;2;4;1;150;81;30
2026-07-27 09:35:59.409;Pivô de Baixa → Alta (compra);1;179400;1;6;4;6;2;250;93;50
2026-07-27 09:51:45.268;Pivô de Alta → Baixa (venda);-1;179550;6;2;0;2;1;50;16;3
2026-07-27 10:00:00.784;Pivô de Alta → Baixa (venda);-1;179500;1;6;4;6;1;250;6;4
2026-07-27 10:03:03.305;Pivô de Baixa → Alta (compra);1;179350;1;3;1;3;8;100;23;12
2026-07-27 10:03:25.983;Pivô de Alta → Baixa (venda);-1;179350;3;8;6;8;1;350;34;7
2026-07-27 10:06:48.972;Pivô de Alta → Baixa (venda);-1;179000;1;3;1;3;5;100;11;8
2026-07-27 10:09:19.130;Pivô de Baixa → Alta (compra);1;179000;3;5;3;5;2;200;22;5
2026-07-27 10:11:51.259;Pivô de Alta → Baixa (venda);-1;179100;5;2;0;2;1;50;35;11
2026-07-27 10:17:25.878;Pivô de Baixa → Alta (compra);1;179150;1;3;1;3;1;100;6;6
2026-07-27 10:22:07.361;Pivô de Alta → Baixa (venda);-1;179150;1;3;1;3;7;100;11;2
2026-07-27 10:24:25.414;Pivô de Baixa → Alta (compra);1;179150;3;7;5;7;5;300;30;16
2026-07-27 10:30:05.406;Pivô de Alta → Baixa (venda);-1;179350;7;5;3;5;4;200;14;10
2026-07-27 10:30:45.292;Pivô de Baixa → Alta (compra);1;179250;5;4;2;4;1;150;4;3
2026-07-27 10:32:02.199;Pivô de Baixa → Alta (compra);1;179400;1;2;0;2;3;50;46;14
2026-07-27 10:34:05.730;Pivô de Alta → Baixa (venda);-1;179350;2;3;1;3;6;100;14;7
2026-07-27 10:38:23.478;Pivô de Baixa → Alta (compra);1;179350;3;6;4;6;3;250;10;10
2026-07-27 10:41:22.314;Pivô de Alta → Baixa (venda);-1;179500;6;3;1;3;2;100;49;24
2026-07-27 10:46:37.657;Pivô de Baixa → Alta (compra);1;179500;3;2;0;2;9;50;11;6
2026-07-27 10:47:50.561;Pivô de Alta → Baixa (venda);-1;179450;2;9;7;9;3;400;2;2
2026-07-27 10:55:03.978;Pivô de Baixa → Alta (compra);1;179150;9;3;1;3;5;100;64;35
2026-07-27 10:59:39.586;Pivô de Alta → Baixa (venda);-1;179150;3;5;3;5;6;200;7;5
2026-07-27 11:00:55.081;Pivô de Baixa → Alta (compra);1;179050;5;6;4;6;9;250;2608;113
2026-07-27 11:03:03.276;Pivô de Alta → Baixa (venda);-1;179200;6;9;7;9;7;400;413;66
2026-07-27 11:06:20.418;Pivô de Baixa → Alta (compra);1;178900;9;7;5;7;3;300;22;19
2026-07-27 11:10:29.916;Pivô de Alta → Baixa (venda);-1;179100;7;3;1;3;3;100;157;10
2026-07-27 11:11:01.308;Pivô de Baixa → Alta (compra);1;179100;3;3;1;3;2;100;443;62
2026-07-27 11:15:08.254;Pivô de Alta → Baixa (venda);-1;179100;3;2;0;2;4;50;761;39
2026-07-27 11:21:03.837;Pivô de Baixa → Alta (compra);1;179150;2;4;2;4;4;150;7;4
2026-07-27 11:21:57.184;Pivô de Alta → Baixa (venda);-1;179200;4;4;2;4;9;150;99;14
2026-07-27 11:30:22.878;Pivô de Baixa → Alta (compra);1;179150;4;9;7;9;1;400;7;5
2026-07-27 11:50:23.503;Pivô de Baixa → Alta (compra);1;179550;1;7;5;7;1;300;39;18
2026-07-27 11:57:55.437;Pivô de Baixa → Alta (compra);1;179850;1;5;3;5;2;200;1802;29
2026-07-27 12:00:18.079;Pivô de Alta → Baixa (venda);-1;179950;5;2;0;2;1;50;141;21
2026-07-27 12:01:37.768;Pivô de Alta → Baixa (venda);-1;179900;1;3;1;3;1;100;44;17
2026-07-27 12:07:58.132;Pivô de Alta → Baixa (venda);-1;179800;1;4;2;4;1;150;10;1
2026-07-27 12:11:58.886;Pivô de Alta → Baixa (venda);-1;179650;1;2;0;2;1;50;128;13
2026-07-27 12:18:20.327;Pivô de Baixa → Alta (compra);1;179700;1;2;0;2;7;50;14;5
2026-07-27 12:27:12.865;Pivô de Alta → Baixa (venda);-1;179650;2;7;5;7;5;300;5;5
2026-07-27 12:38:07.916;Pivô de Baixa → Alta (compra);1;179450;7;5;3;5;1;200;154;36
2026-07-27 13:17:31.715;Pivô de Baixa → Alta (compra);1;179650;1;3;1;3;1;100;25;6
2026-07-27 13:29:11.384;Pivô de Baixa → Alta (compra);1;179750;1;2;0;2;7;50;45;13
2026-07-27 13:32:18.147;Pivô de Alta → Baixa (venda);-1;179700;2;7;5;7;5;300;43;18
2026-07-27 14:05:25.633;Pivô de Baixa → Alta (compra);1;179500;7;5;3;5;1;200;51;17
2026-07-27 14:48:05.649;Pivô de Baixa → Alta (compra);1;179700;1;2;0;2;3;50;25;10
2026-07-27 14:56:41.224;Pivô de Alta → Baixa (venda);-1;179650;2;3;1;3;1;100;57;18
2026-07-27 15:25:18.540;Pivô de Alta → Baixa (venda);-1;179550;1;2;0;2;15;50;44;22
2026-07-27 15:38:49.314;Pivô de Baixa → Alta (compra);1;179600;2;15;13;15;1;700;15;12
2026-07-27 16:46:06.835;Pivô de Baixa → Alta (compra);1;180300;1;2;0;2;3;50;2159;119
2026-07-27 16:55:06.702;Pivô de Alta → Baixa (venda);-1;180250;2;3;1;3;7;100;219;42
2026-07-27 17:03:19.328;Pivô de Baixa → Alta (compra);1;180250;3;7;5;7;1;300;76;12
2026-07-27 18:15:49.014;Pivô de Alta → Baixa (venda);-1;180450;1;2;0;2;11;50;17;7
2026-07-27 18:31:28.795;Pivô de Baixa → Alta (compra);1;180500;2;11;9;11;2;500;55;2
2026-07-28 09:00:51.455;Pivô de Alta → Baixa (venda);-1;180900;11;2;0;2;5;50;15;4
2026-07-28 09:00:52.158;Pivô de Baixa → Alta (compra);1;180950;2;5;3;5;2;200;11;3
2026-07-28 09:00:55.513;Pivô de Alta → Baixa (venda);-1;181050;5;2;0;2;10;50;6;3
2026-07-28 09:00:56.982;Pivô de Baixa → Alta (compra);1;181100;2;10;8;10;7;450;27;2
2026-07-28 09:01:00.439;Pivô de Alta → Baixa (venda);-1;181450;10;7;5;7;7;300;2;2
2026-07-28 09:01:01.759;Pivô de Baixa → Alta (compra);1;181250;7;7;5;7;2;300;16;7
2026-07-28 09:01:05.880;Pivô de Alta → Baixa (venda);-1;181450;7;2;0;2;7;50;13;3
2026-07-28 09:01:07.389;Pivô de Baixa → Alta (compra);1;181500;2;7;5;7;6;300;5;3
2026-07-28 09:01:23.433;Pivô de Alta → Baixa (venda);-1;181700;7;6;4;6;2;250;32;11
2026-07-28 09:01:34.849;Pivô de Baixa → Alta (compra);1;181550;6;2;0;2;9;50;40;10
2026-07-28 09:01:40.702;Pivô de Alta → Baixa (venda);-1;181500;2;9;7;9;2;400;63;16
2026-07-28 09:02:12.579;Pivô de Baixa → Alta (compra);1;181200;9;2;0;2;1;50;65;14
2026-07-28 09:02:16.570;Pivô de Baixa → Alta (compra);1;181250;1;7;5;7;1;300;25;8
2026-07-28 09:02:30.842;Pivô de Baixa → Alta (compra);1;181550;1;3;1;3;2;100;44;11
2026-07-28 09:02:45.977;Pivô de Alta → Baixa (venda);-1;181550;3;2;0;2;11;50;50;26
2026-07-28 09:03:06.069;Pivô de Baixa → Alta (compra);1;181600;2;11;9;11;3;500;13;7
2026-07-28 09:03:38.081;Pivô de Alta → Baixa (venda);-1;182000;11;3;1;3;4;100;221;36
2026-07-28 09:03:41.859;Pivô de Baixa → Alta (compra);1;182000;3;4;2;4;2;150;21;9
2026-07-28 09:03:55.017;Pivô de Alta → Baixa (venda);-1;182050;4;2;0;2;4;50;28;3
2026-07-28 09:04:07.460;Pivô de Baixa → Alta (compra);1;182100;2;4;2;4;3;150;17;6
2026-07-28 09:04:39.243;Pivô de Alta → Baixa (venda);-1;182150;4;3;1;3;8;100;33;9
2026-07-28 09:05:21.250;Pivô de Baixa → Alta (compra);1;182150;3;8;6;8;7;350;61;10
2026-07-28 09:05:57.654;Pivô de Alta → Baixa (venda);-1;182400;8;7;5;7;4;300;64;10
2026-07-28 09:07:28.692;Pivô de Baixa → Alta (compra);1;182200;7;4;2;4;5;150;267;3
2026-07-28 09:07:53.641;Pivô de Alta → Baixa (venda);-1;182250;4;5;3;5;10;200;43;9
2026-07-28 09:09:06.042;Pivô de Baixa → Alta (compra);1;182150;5;10;8;10;4;450;151;19
2026-07-28 09:14:16.094;Pivô de Alta → Baixa (venda);-1;182500;10;4;2;4;9;150;19;7
2026-07-28 09:16:09.072;Pivô de Baixa → Alta (compra);1;182450;4;9;7;9;1;400;502;57
2026-07-28 09:25:01.500;Pivô de Alta → Baixa (venda);-1;182750;1;2;0;2;9;50;63;17
2026-07-28 09:25:38.884;Pivô de Baixa → Alta (compra);1;182800;2;9;7;9;5;400;232;30
2026-07-28 09:29:05.223;Pivô de Alta → Baixa (venda);-1;183100;9;5;3;5;2;200;62;9
2026-07-28 09:30:20.622;Pivô de Baixa → Alta (compra);1;183000;5;2;0;2;1;50;71;28
2026-07-28 09:35:15.264;Pivô de Alta → Baixa (venda);-1;182950;1;12;10;12;11;550;43;16
2026-07-28 09:44:19.921;Pivô de Baixa → Alta (compra);1;182500;12;11;9;11;3;500;132;27
2026-07-28 09:55:09.230;Pivô de Alta → Baixa (venda);-1;182900;11;3;1;3;1;100;9;7
2026-07-28 09:58:48.817;Pivô de Alta → Baixa (venda);-1;182800;1;4;2;4;5;150;72;25
2026-07-28 10:00:17.766;Pivô de Baixa → Alta (compra);1;182750;4;5;3;5;1;200;50;8
2026-07-28 10:01:35.832;Pivô de Baixa → Alta (compra);1;182950;1;7;5;7;1;300;8;2
2026-07-28 10:05:23.395;Pivô de Baixa → Alta (compra);1;183250;1;3;1;3;18;100;54;18
2026-07-28 10:07:16.596;Pivô de Alta → Baixa (venda);-1;183250;3;18;16;18;1;850;31;9
2026-07-28 10:15:15.316;Pivô de Alta → Baixa (venda);-1;182400;1;3;1;3;4;100;2;2
2026-07-28 10:16:08.017;Pivô de Baixa → Alta (compra);1;182400;3;4;2;4;16;150;54;27
2026-07-28 10:21:04.804;Pivô de Alta → Baixa (venda);-1;182450;4;16;14;16;1;750;16;6
2026-07-28 10:29:35.471;Pivô de Baixa → Alta (compra);1;181800;1;2;0;2;6;50;58;25
2026-07-28 10:30:15.907;Pivô de Alta → Baixa (venda);-1;181750;2;6;4;6;10;250;46;19
2026-07-28 10:31:17.471;Pivô de Baixa → Alta (compra);1;181600;6;10;8;10;2;450;82;16
2026-07-28 10:34:19.730;Pivô de Alta → Baixa (venda);-1;181950;10;2;0;2;4;50;112;8
2026-07-28 10:34:52.540;Pivô de Baixa → Alta (compra);1;182000;2;4;2;4;9;150;18;9
2026-07-28 10:35:09.528;Pivô de Alta → Baixa (venda);-1;182050;4;9;7;9;2;400;30;13
2026-07-28 10:36:57.241;Pivô de Baixa → Alta (compra);1;181750;9;2;0;2;8;50;7;5
2026-07-28 10:37:25.818;Pivô de Alta → Baixa (venda);-1;181700;2;8;6;8;2;350;41;19
2026-07-28 10:42:09.828;Pivô de Baixa → Alta (compra);1;181450;8;2;0;2;2;50;5;4
2026-07-28 10:42:26.938;Pivô de Alta → Baixa (venda);-1;181400;2;2;0;2;3;50;37;24
2026-07-28 10:43:36.469;Pivô de Baixa → Alta (compra);1;181450;2;3;1;3;4;100;24;7
2026-07-28 10:45:53.911;Pivô de Alta → Baixa (venda);-1;181450;3;4;2;4;2;150;17;17
2026-07-28 10:47:53.444;Pivô de Baixa → Alta (compra);1;181400;4;2;0;2;3;50;12;6
2026-07-28 10:48:17.093;Pivô de Alta → Baixa (venda);-1;181350;2;3;1;3;2;100;20;10
2026-07-28 10:51:10.946;Pivô de Baixa → Alta (compra);1;181350;3;2;0;2;1;50;52;22
2026-07-28 10:55:11.412;Pivô de Baixa → Alta (compra);1;181400;1;7;5;7;2;300;312;12
2026-07-28 11:02:34.131;Pivô de Alta → Baixa (venda);-1;181600;7;2;0;2;14;50;71;9
2026-07-28 11:03:10.108;Pivô de Baixa → Alta (compra);1;181650;2;14;12;14;2;650;27;8
2026-07-28 11:12:01.679;Pivô de Alta → Baixa (venda);-1;182200;14;2;0;2;1;50;68;12
2026-07-28 11:16:20.404;Pivô de Alta → Baixa (venda);-1;182150;1;12;10;12;7;550;13;4
2026-07-28 11:20:31.407;Pivô de Baixa → Alta (compra);1;181700;12;7;5;7;2;300;86;13
2026-07-28 11:29:36.138;Pivô de Alta → Baixa (venda);-1;181900;7;2;0;2;1;50;48;22
2026-07-28 11:38:54.340;Pivô de Baixa → Alta (compra);1;181950;1;3;1;3;8;100;40;22
2026-07-28 11:49:34.516;Pivô de Alta → Baixa (venda);-1;181950;3;8;6;8;2;350;291;78
2026-07-28 12:03:46.425;Pivô de Baixa → Alta (compra);1;181700;8;2;0;2;2;50;80;36
2026-07-28 12:10:00.702;Pivô de Alta → Baixa (venda);-1;181650;2;2;0;2;3;50;171;41
2026-07-28 12:11:57.559;Pivô de Baixa → Alta (compra);1;181700;2;3;1;3;7;100;11;4
2026-07-28 12:12:35.040;Pivô de Alta → Baixa (venda);-1;181700;3;7;5;7;4;300;19;9
2026-07-28 12:18:01.787;Pivô de Baixa → Alta (compra);1;181500;7;4;2;4;1;150;220;59
2026-07-28 12:37:27.192;Pivô de Baixa → Alta (compra);1;181650;1;8;6;8;6;350;71;30
2026-07-28 13:00:29.141;Pivô de Alta → Baixa (venda);-1;181900;8;6;4;6;4;250;50;36
2026-07-28 13:07:40.696;Pivô de Baixa → Alta (compra);1;181750;6;4;2;4;3;150;31;14
2026-07-28 13:15:12.150;Pivô de Alta → Baixa (venda);-1;181800;4;3;1;3;2;100;8;8
2026-07-28 13:24:20.496;Pivô de Baixa → Alta (compra);1;181800;3;2;0;2;4;50;70;33
2026-07-28 13:38:09.721;Pivô de Alta → Baixa (venda);-1;181750;2;4;2;4;3;150;34;12
2026-07-28 13:49:34.974;Pivô de Baixa → Alta (compra);1;181700;4;3;1;3;1;100;21;4
2026-07-28 14:20:55.243;Pivô de Alta → Baixa (venda);-1;181700;1;8;6;8;1;350;4;4
2026-07-28 14:59:34.605;Pivô de Alta → Baixa (venda);-1;181350;1;6;4;6;3;250;422;24
2026-07-28 15:13:34.772;Pivô de Baixa → Alta (compra);1;181200;6;3;1;3;1;100;107;33
2026-07-28 15:32:13.140;Pivô de Alta → Baixa (venda);-1;181200;1;4;2;4;2;150;202;25
2026-07-28 15:54:30.735;Pivô de Baixa → Alta (compra);1;181150;4;2;0;2;1;50;1171;106
2026-07-28 16:15:08.066;Pivô de Baixa → Alta (compra);1;181200;1;3;1;3;4;100;121;13
2026-07-28 16:24:12.963;Pivô de Alta → Baixa (venda);-1;181200;3;4;2;4;1;150;49;13
2026-07-28 16:50:42.796;Pivô de Baixa → Alta (compra);1;181150;1;8;6;8;1;350;44;16
2026-07-28 17:22:10.273;Pivô de Baixa → Alta (compra);1;181500;1;3;1;3;3;100;133;37
2026-07-28 17:38:41.374;Pivô de Alta → Baixa (venda);-1;181500;3;3;1;3;2;100;142;31
2026-07-28 17:55:42.327;Pivô de Baixa → Alta (compra);1;181500;3;2;0;2;3;50;44;16
2026-07-28 18:21:43.217;Pivô de Alta → Baixa (venda);-1;181450;2;3;1;3;7;100;186;15
2026-07-28 18:31:00.002;Pivô de Baixa → Alta (compra);1;181450;3;7;5;7;5;300;11;2
2026-07-29 09:00:55.173;Pivô de Alta → Baixa (venda);-1;181650;7;5;3;5;14;200;192;40
2026-07-29 09:00:58.269;Pivô de Baixa → Alta (compra);1;181550;5;14;12;14;3;650;55;14
2026-07-29 09:01:08.320;Pivô de Alta → Baixa (venda);-1;182100;14;3;1;3;1;100;1;1
2026-07-29 09:01:13.695;Pivô de Alta → Baixa (venda);-1;182000;1;8;6;8;6;350;16;4
2026-07-29 09:01:40.805;Pivô de Baixa → Alta (compra);1;181750;8;6;4;6;16;250;126;5
2026-07-29 09:01:50.757;Pivô de Alta → Baixa (venda);-1;181900;6;16;14;16;4;750;82;16
2026-07-29 09:02:21.462;Pivô de Baixa → Alta (compra);1;181250;16;4;2;4;2;150;132;30
2026-07-29 09:02:28.624;Pivô de Alta → Baixa (venda);-1;181300;4;2;0;2;1;50;31;12
2026-07-29 09:02:51.235;Pivô de Alta → Baixa (venda);-1;181250;1;4;2;4;6;150;76;14
2026-07-29 09:03:05.208;Pivô de Baixa → Alta (compra);1;181200;4;6;4;6;3;250;5;5
2026-07-29 09:03:32.610;Pivô de Alta → Baixa (venda);-1;181350;6;3;1;3;6;100;6;6
2026-07-29 09:03:47.075;Pivô de Baixa → Alta (compra);1;181350;3;6;4;6;6;250;24;12
2026-07-29 09:04:25.491;Pivô de Alta → Baixa (venda);-1;181500;6;6;4;6;3;250;19;12
2026-07-29 09:09:41.846;Pivô de Baixa → Alta (compra);1;181350;6;3;1;3;7;100;35;7
2026-07-29 09:14:41.913;Pivô de Alta → Baixa (venda);-1;181350;3;7;5;7;3;300;5;5
2026-07-29 09:17:13.238;Pivô de Baixa → Alta (compra);1;181150;7;3;1;3;2;100;11;10
2026-07-29 09:19:53.861;Pivô de Alta → Baixa (venda);-1;181150;3;2;0;2;6;50;1;1
2026-07-29 09:20:16.911;Pivô de Baixa → Alta (compra);1;181200;2;6;4;6;5;250;26;7
2026-07-29 09:28:11.594;Pivô de Alta → Baixa (venda);-1;181350;6;5;3;5;8;200;27;11
2026-07-29 09:30:35.458;Pivô de Baixa → Alta (compra);1;181250;5;8;6;8;9;350;68;18
2026-07-29 10:00:00.612;Pivô de Alta → Baixa (venda);-1;181500;8;9;7;9;3;400;11;10
2026-07-29 10:01:02.527;Pivô de Baixa → Alta (compra);1;181200;9;3;1;3;2;100;97;15
2026-07-29 10:02:00.559;Pivô de Alta → Baixa (venda);-1;181200;3;2;0;2;1;50;40;17
2026-07-29 10:05:36.925;Pivô de Alta → Baixa (venda);-1;181150;1;4;2;4;1;150;9;4
2026-07-29 10:10:15.426;Pivô de Alta → Baixa (venda);-1;181000;1;7;5;7;2;300;7;5
2026-07-29 10:15:26.411;Pivô de Baixa → Alta (compra);1;180800;7;2;0;2;5;50;5;5
2026-07-29 10:18:49.259;Pivô de Alta → Baixa (venda);-1;180750;2;5;3;5;1;200;14;5
2026-07-29 10:21:18.500;Pivô de Alta → Baixa (venda);-1;180550;1;4;2;4;4;150;17;10
2026-07-29 10:24:43.028;Pivô de Baixa → Alta (compra);1;180500;4;4;2;4;1;150;3;3
2026-07-29 10:27:39.326;Pivô de Baixa → Alta (compra);1;180650;1;3;1;3;4;100;104;25
2026-07-29 10:30:13.733;Pivô de Alta → Baixa (venda);-1;180650;3;4;2;4;7;150;30;14
2026-07-29 10:30:35.924;Pivô de Baixa → Alta (compra);1;180600;4;7;5;7;10;300;1;1
2026-07-29 10:32:09.760;Pivô de Alta → Baixa (venda);-1;180800;7;10;8;10;1;450;36;14
2026-07-29 10:39:54.296;Pivô de Alta → Baixa (venda);-1;180350;1;7;5;7;1;300;17;10
2026-07-29 10:48:02.099;Pivô de Alta → Baixa (venda);-1;180050;1;11;9;11;10;500;22;8
2026-07-29 10:57:21.223;Pivô de Baixa → Alta (compra);1;179650;11;10;8;10;4;450;18;7
2026-07-29 11:01:46.417;Pivô de Alta → Baixa (venda);-1;180000;10;4;2;4;2;150;118;19
2026-07-29 11:03:58.111;Pivô de Baixa → Alta (compra);1;179950;4;2;0;2;4;50;45;18
2026-07-29 11:05:11.818;Pivô de Alta → Baixa (venda);-1;179900;2;4;2;4;3;150;82;33
2026-07-29 11:13:44.915;Pivô de Baixa → Alta (compra);1;179850;4;3;1;3;10;100;290;35
2026-07-29 11:19:43.488;Pivô de Alta → Baixa (venda);-1;179850;3;10;8;10;3;450;73;20
2026-07-29 11:43:47.996;Pivô de Baixa → Alta (compra);1;179500;10;3;1;3;2;100;80;24
2026-07-29 11:53:28.459;Pivô de Alta → Baixa (venda);-1;179500;3;2;0;2;5;50;39;22
2026-07-29 11:56:49.085;Pivô de Baixa → Alta (compra);1;179550;2;5;3;5;1;200;218;19
2026-07-29 12:16:29.038;Pivô de Alta → Baixa (venda);-1;179650;1;2;0;2;1;50;33;15
2026-07-29 12:35:44.499;Pivô de Alta → Baixa (venda);-1;179600;1;4;2;4;1;150;32;17
2026-07-29 12:47:10.785;Pivô de Alta → Baixa (venda);-1;179450;1;7;5;7;2;300;154;32
2026-07-29 13:15:01.987;Pivô de Baixa → Alta (compra);1;179250;7;2;0;2;1;50;192;33
2026-07-29 13:55:52.801;Pivô de Alta → Baixa (venda);-1;179200;1;4;2;4;2;150;497;63
2026-07-29 14:08:03.368;Pivô de Baixa → Alta (compra);1;179150;4;2;0;2;6;50;856;110
2026-07-29 14:22:01.524;Pivô de Alta → Baixa (venda);-1;179100;2;6;4;6;10;250;371;36
2026-07-29 14:53:03.248;Pivô de Baixa → Alta (compra);1;178950;6;10;8;10;4;450;43;20
2026-07-29 15:00:04.233;Pivô de Alta → Baixa (venda);-1;179300;10;4;2;4;3;150;32;6
2026-07-29 15:00:07.489;Pivô de Baixa → Alta (compra);1;179250;4;3;1;3;6;100;64;11
2026-07-29 15:00:11.546;Pivô de Alta → Baixa (venda);-1;179250;3;6;4;6;10;250;81;7
2026-07-29 15:00:17.599;Pivô de Baixa → Alta (compra);1;179100;6;10;8;10;3;450;4;3
2026-07-29 15:00:49.209;Pivô de Alta → Baixa (venda);-1;179450;10;3;1;3;2;100;2;2
2026-07-29 15:01:16.008;Pivô de Baixa → Alta (compra);1;179450;3;2;0;2;1;50;30;12
2026-07-29 15:02:11.674;Pivô de Baixa → Alta (compra);1;179500;1;2;0;2;4;50;14;5
2026-07-29 15:02:17.313;Pivô de Alta → Baixa (venda);-1;179450;2;4;2;4;2;150;4;4
2026-07-29 15:08:00.577;Pivô de Baixa → Alta (compra);1;179400;4;2;0;2;10;50;274;35
2026-07-29 15:11:52.924;Pivô de Alta → Baixa (venda);-1;179350;2;10;8;10;4;450;110;17
2026-07-29 15:25:43.170;Pivô de Baixa → Alta (compra);1;179000;10;4;2;4;6;150;61;12
2026-07-29 15:31:01.342;Pivô de Alta → Baixa (venda);-1;179050;4;6;4;6;10;250;18;8
2026-07-29 15:32:08.788;Pivô de Baixa → Alta (compra);1;178900;6;10;8;10;1;450;48;16
2026-07-29 15:42:12.573;Pivô de Baixa → Alta (compra);1;179350;1;11;9;11;3;500;9;9
2026-07-29 15:54:07.072;Pivô de Alta → Baixa (venda);-1;179750;11;3;1;3;5;100;57;44
2026-07-29 15:57:12.232;Pivô de Baixa → Alta (compra);1;179750;3;5;3;5;1;200;131;31
2026-07-29 16:00:52.721;Pivô de Baixa → Alta (compra);1;179950;1;5;3;5;15;200;14;8
2026-07-29 16:02:03.969;Pivô de Alta → Baixa (venda);-1;180050;5;15;13;15;3;700;141;28
2026-07-29 16:09:58.380;Pivô de Baixa → Alta (compra);1;179450;15;3;1;3;1;100;8;6
2026-07-29 16:12:34.237;Pivô de Baixa → Alta (compra);1;179550;1;2;0;2;14;50;114;19
2026-07-29 16:15:51.778;Pivô de Alta → Baixa (venda);-1;179500;2;14;12;14;3;650;17;9
2026-07-29 16:26:22.935;Pivô de Baixa → Alta (compra);1;178950;14;3;1;3;7;100;876;60
2026-07-29 16:31:55.474;Pivô de Alta → Baixa (venda);-1;178950;3;7;5;7;4;300;29;6
2026-07-29 16:34:01.741;Pivô de Baixa → Alta (compra);1;178750;7;4;2;4;3;150;9;7
2026-07-29 16:37:02.658;Pivô de Alta → Baixa (venda);-1;178800;4;3;1;3;2;100;18;14
2026-07-29 16:38:52.941;Pivô de Baixa → Alta (compra);1;178800;3;2;0;2;13;50;144;21
2026-07-29 16:41:20.413;Pivô de Alta → Baixa (venda);-1;178750;2;13;11;13;2;600;50;21
2026-07-29 17:09:34.080;Pivô de Baixa → Alta (compra);1;178250;13;2;0;2;9;50;517;54
2026-07-29 17:13:32.109;Pivô de Alta → Baixa (venda);-1;178200;2;9;7;9;1;400;223;12
2026-07-29 18:24:57.164;Pivô de Baixa → Alta (compra);1;177900;1;16;14;16;6;750;128;2
2026-07-30 09:00:56.541;Pivô de Alta → Baixa (venda);-1;178550;16;6;4;6;3;250;401;14
2026-07-30 09:00:59.297;Pivô de Baixa → Alta (compra);1;178400;6;3;1;3;1;100;2;2
2026-07-30 09:01:01.391;Pivô de Baixa → Alta (compra);1;178500;1;13;11;13;3;600;19;2
2026-07-30 09:01:04.015;Pivô de Alta → Baixa (venda);-1;179000;13;3;1;3;2;100;21;3
2026-07-30 09:01:05.699;Pivô de Baixa → Alta (compra);1;179000;3;2;0;2;6;50;61;5
2026-07-30 09:01:08.213;Pivô de Alta → Baixa (venda);-1;178950;2;6;4;6;8;250;2;2
2026-07-30 09:01:16.625;Pivô de Baixa → Alta (compra);1;178800;6;8;6;8;2;350;28;2
2026-07-30 09:01:23.759;Pivô de Alta → Baixa (venda);-1;179050;8;2;0;2;1;50;1;1
2026-07-30 09:01:26.870;Pivô de Alta → Baixa (venda);-1;179000;1;2;0;2;3;50;283;24
2026-07-30 09:01:39.314;Pivô de Baixa → Alta (compra);1;179050;2;3;1;3;6;100;22;9
2026-07-30 09:01:49.507;Pivô de Alta → Baixa (venda);-1;179050;3;6;4;6;9;250;21;3
2026-07-30 09:02:38.773;Pivô de Baixa → Alta (compra);1;178900;6;9;7;9;5;400;2;2
2026-07-30 09:02:59.364;Pivô de Alta → Baixa (venda);-1;179200;9;5;3;5;3;200;36;12
2026-07-30 09:03:07.281;Pivô de Baixa → Alta (compra);1;179100;5;3;1;3;6;100;20;11
2026-07-30 09:03:30.054;Pivô de Alta → Baixa (venda);-1;179100;3;6;4;6;5;250;24;11
2026-07-30 09:04:16.964;Pivô de Baixa → Alta (compra);1;178950;6;5;3;5;5;200;35;8
2026-07-30 09:05:29.071;Pivô de Alta → Baixa (venda);-1;179050;5;5;3;5;5;200;2;2
2026-07-30 09:06:04.993;Pivô de Baixa → Alta (compra);1;178950;5;5;3;5;4;200;43;8
2026-07-30 09:06:42.021;Pivô de Alta → Baixa (venda);-1;179050;5;4;2;4;6;150;27;21
2026-07-30 09:12:38.999;Pivô de Baixa → Alta (compra);1;179000;4;6;4;6;1;250;14;10
2026-07-30 09:17:10.558;Pivô de Alta → Baixa (venda);-1;179150;1;4;2;4;5;150;25;14
2026-07-30 09:21:50.912;Pivô de Baixa → Alta (compra);1;179100;4;5;3;5;1;200;26;6
2026-07-30 09:26:40.537;Pivô de Alta → Baixa (venda);-1;179200;1;3;1;3;5;100;5;5
2026-07-30 09:29:00.857;Pivô de Baixa → Alta (compra);1;179200;3;5;3;5;8;200;7;6
2026-07-30 09:30:19.010;Pivô de Alta → Baixa (venda);-1;179300;5;8;6;8;5;350;7;6
2026-07-30 09:31:27.454;Pivô de Baixa → Alta (compra);1;179050;8;5;3;5;5;200;30;8
2026-07-30 09:32:42.611;Pivô de Alta → Baixa (venda);-1;179150;5;5;3;5;1;200;6;6
2026-07-30 09:43:08.075;Pivô de Alta → Baixa (venda);-1;178950;1;4;2;4;3;150;19;12
2026-07-30 09:51:14.543;Pivô de Baixa → Alta (compra);1;178900;4;3;1;3;1;100;27;11
2026-07-30 09:57:38.230;Pivô de Baixa → Alta (compra);1;179000;1;8;6;8;7;350;16;11
2026-07-30 10:06:17.933;Pivô de Alta → Baixa (venda);-1;179250;8;7;5;7;4;300;32;15
2026-07-30 10:08:16.694;Pivô de Baixa → Alta (compra);1;179050;7;4;2;4;1;150;66;16
2026-07-30 10:12:28.089;Pivô de Baixa → Alta (compra);1;179200;1;2;0;2;2;50;58;6
2026-07-30 10:15:10.402;Pivô de Alta → Baixa (venda);-1;179150;2;2;0;2;4;50;46;16
2026-07-30 10:16:40.292;Pivô de Baixa → Alta (compra);1;179200;2;4;2;4;2;150;3;3
2026-07-30 10:19:08.904;Pivô de Alta → Baixa (venda);-1;179250;4;2;0;2;5;50;6;6
2026-07-30 10:20:53.134;Pivô de Baixa → Alta (compra);1;179300;2;5;3;5;8;200;5;3
2026-07-30 10:24:10.166;Pivô de Alta → Baixa (venda);-1;179400;5;8;6;8;1;350;96;17
2026-07-30 10:29:50.330;Pivô de Alta → Baixa (venda);-1;179050;1;2;0;2;5;50;18;7
2026-07-30 10:30:03.509;Pivô de Baixa → Alta (compra);1;179100;2;5;3;5;11;200;27;9
2026-07-30 10:30:54.733;Pivô de Alta → Baixa (venda);-1;179200;5;11;9;11;5;500;36;11
2026-07-30 10:36:02.402;Pivô de Baixa → Alta (compra);1;178800;11;5;3;5;4;200;17;12
2026-07-30 10:38:00.832;Pivô de Alta → Baixa (venda);-1;178900;5;4;2;4;1;150;25;17
2026-07-30 10:41:09.237;Pivô de Baixa → Alta (compra);1;178850;1;4;2;4;3;150;12;9
2026-07-30 10:43:56.093;Pivô de Alta → Baixa (venda);-1;178900;4;3;1;3;6;100;11;6
2026-07-30 10:45:56.193;Pivô de Baixa → Alta (compra);1;178900;3;6;4;6;3;250;9;6
2026-07-30 10:49:36.356;Pivô de Alta → Baixa (venda);-1;179050;6;3;1;3;3;100;33;17
2026-07-30 10:52:48.774;Pivô de Baixa → Alta (compra);1;179050;3;3;1;3;1;100;1;1
2026-07-30 10:54:04.572;Pivô de Baixa → Alta (compra);1;179150;1;4;2;4;1;150;6;4
2026-07-30 11:00:51.067;Pivô de Baixa → Alta (compra);1;179300;1;3;1;3;2;100;34;11
2026-07-30 11:03:11.540;Pivô de Alta → Baixa (venda);-1;179300;3;2;0;2;6;50;47;23
2026-07-30 11:05:25.578;Pivô de Baixa → Alta (compra);1;179350;2;6;4;6;5;250;5;4
2026-07-30 11:07:02.438;Pivô de Alta → Baixa (venda);-1;179500;6;5;3;5;3;200;20;16
2026-07-30 11:11:16.576;Pivô de Baixa → Alta (compra);1;179400;5;3;1;3;3;100;10;3
2026-07-30 11:11:53.718;Pivô de Alta → Baixa (venda);-1;179400;3;3;1;3;7;100;90;28
2026-07-30 11:16:04.317;Pivô de Baixa → Alta (compra);1;179400;3;7;5;7;4;300;32;14
2026-07-30 11:23:07.754;Pivô de Alta → Baixa (venda);-1;179600;7;4;2;4;5;150;92;25
2026-07-30 11:27:16.316;Pivô de Baixa → Alta (compra);1;179550;4;5;3;5;1;200;10;5
2026-07-30 11:34:35.718;Pivô de Baixa → Alta (compra);1;179750;1;3;1;3;7;100;7;7
2026-07-30 11:35:50.871;Pivô de Alta → Baixa (venda);-1;179750;3;7;5;7;5;300;503;85
2026-07-30 12:07:58.067;Pivô de Baixa → Alta (compra);1;179550;7;5;3;5;1;200;7;6
2026-07-30 12:11:31.381;Pivô de Baixa → Alta (compra);1;179750;1;4;2;4;1;150;48;27
2026-07-30 12:23:24.472;Pivô de Baixa → Alta (compra);1;179900;1;2;0;2;1;50;18;8
2026-07-30 12:30:18.555;Pivô de Baixa → Alta (compra);1;179950;1;11;9;11;3;500;11;11
2026-07-30 13:35:43.895;Pivô de Alta → Baixa (venda);-1;180350;11;3;1;3;7;100;377;84
2026-07-30 13:47:48.335;Pivô de Baixa → Alta (compra);1;180350;3;7;5;7;4;300;17;15
2026-07-30 14:14:01.865;Pivô de Alta → Baixa (venda);-1;180550;7;4;2;4;1;150;51;30
2026-07-30 15:01:43.003;Pivô de Baixa → Alta (compra);1;180500;1;12;10;12;1;550;258;61
2026-07-30 16:15:21.780;Pivô de Baixa → Alta (compra);1;181050;1;11;9;11;4;500;89;11
2026-07-30 16:26:22.593;Pivô de Alta → Baixa (venda);-1;181450;11;4;2;4;4;150;208;20
2026-07-30 16:30:15.897;Pivô de Baixa → Alta (compra);1;181400;4;4;2;4;2;150;37;10
2026-07-30 16:45:28.225;Pivô de Alta → Baixa (venda);-1;181450;4;2;0;2;8;50;674;75
2026-07-30 16:50:56.309;Pivô de Baixa → Alta (compra);1;181500;2;8;6;8;2;350;77;33
2026-07-30 17:28:15.458;Pivô de Alta → Baixa (venda);-1;181750;8;2;0;2;1;50;13;8
2026-07-30 17:33:13.766;Pivô de Alta → Baixa (venda);-1;181700;1;18;16;18;10;850;121;40
2026-07-31 12:34:21.271;Pivô de Baixa → Alta (compra);1;180950;18;10;8;10;3;450;29;15
2026-07-31 12:34:37.440;Pivô de Alta → Baixa (venda);-1;181300;10;3;1;3;7;100;49;6
2026-07-31 12:34:43.352;Pivô de Baixa → Alta (compra);1;181300;3;7;5;7;1;300;5;1
2026-07-31 12:35:20.795;Pivô de Baixa → Alta (compra);1;181600;1;10;8;10;2;450;7;2
2026-07-31 12:36:30.099;Pivô de Alta → Baixa (venda);-1;181950;10;2;0;2;6;50;1;1
2026-07-31 12:36:33.696;Pivô de Baixa → Alta (compra);1;182000;2;6;4;6;3;250;34;12
2026-07-31 12:37:27.565;Pivô de Alta → Baixa (venda);-1;182150;6;3;1;3;9;100;44;20
2026-07-31 12:40:20.676;Pivô de Baixa → Alta (compra);1;182150;3;9;7;9;1;400;16;4
2026-07-31 12:47:39.081;Pivô de Baixa → Alta (compra);1;182550;1;2;0;2;6;50;4;3
2026-07-31 12:48:07.996;Pivô de Alta → Baixa (venda);-1;182500;2;6;4;6;9;250;4;4
2026-07-31 12:51:00.840;Pivô de Baixa → Alta (compra);1;182350;6;9;7;9;12;400;7;6
2026-07-31 12:54:25.229;Pivô de Alta → Baixa (venda);-1;182650;9;12;10;12;4;550;82;46
2026-07-31 13:01:14.117;Pivô de Baixa → Alta (compra);1;182200;12;4;2;4;3;150;35;12
2026-07-31 13:04:33.297;Pivô de Alta → Baixa (venda);-1;182250;4;3;1;3;2;100;27;13
2026-07-31 13:04:45.955;Pivô de Baixa → Alta (compra);1;182250;3;2;0;2;6;50;109;35
2026-07-31 13:15:04.590;Pivô de Alta → Baixa (venda);-1;182200;2;6;4;6;13;250;5;4
2026-07-31 13:17:08.405;Pivô de Baixa → Alta (compra);1;182050;6;13;11;13;2;600;2;2
2026-07-31 13:35:19.359;Pivô de Alta → Baixa (venda);-1;182550;13;2;0;2;4;50;34;12
2026-07-31 13:36:56.481;Pivô de Baixa → Alta (compra);1;182600;2;4;2;4;7;150;5;4
2026-07-31 13:39:18.023;Pivô de Alta → Baixa (venda);-1;182650;4;7;5;7;1;300;50;25
2026-07-31 13:51:23.149;Pivô de Alta → Baixa (venda);-1;182350;1;5;3;5;9;200;40;26
2026-07-31 14:07:30.902;Pivô de Baixa → Alta (compra);1;182250;5;9;7;9;4;400;73;27
2026-07-31 14:17:33.900;Pivô de Alta → Baixa (venda);-1;182550;9;4;2;4;5;150;26;14
2026-07-31 14:18:52.820;Pivô de Baixa → Alta (compra);1;182500;4;5;3;5;1;200;52;18
2026-07-31 14:35:15.694;Pivô de Baixa → Alta (compra);1;182700;1;2;0;2;1;50;20;14
2026-07-31 14:39:58.315;Pivô de Baixa → Alta (compra);1;182750;1;4;2;4;5;150;17;8
2026-07-31 14:45:12.157;Pivô de Alta → Baixa (venda);-1;182800;4;5;3;5;3;200;627;43
2026-07-31 15:05:07.773;Pivô de Baixa → Alta (compra);1;182700;5;3;1;3;2;100;31;12
2026-07-31 15:12:17.762;Pivô de Alta → Baixa (venda);-1;182700;3;2;0;2;4;50;51;17
2026-07-31 15:15:09.501;Pivô de Baixa → Alta (compra);1;182750;2;4;2;4;1;150;45;17
2026-07-31 15:28:26.796;Pivô de Baixa → Alta (compra);1;182900;1;4;2;4;2;150;60;16
2026-07-31 15:42:51.338;Pivô de Alta → Baixa (venda);-1;182950;4;2;0;2;4;50;83;26
2026-07-31 15:46:58.103;Pivô de Baixa → Alta (compra);1;183000;2;4;2;4;1;150;31;10
2026-07-31 16:00:51.030;Pivô de Alta → Baixa (venda);-1;183050;1;13;11;13;1;600;147;26
2026-07-31 16:36:36.929;Pivô de Alta → Baixa (venda);-1;182450;1;3;1;3;7;100;24;6
2026-07-31 16:39:56.540;Pivô de Baixa → Alta (compra);1;182450;3;7;5;7;1;300;15;4
2026-07-31 16:57:36.576;Pivô de Alta → Baixa (venda);-1;182650;1;5;3;5;1;200;67;19
2026-07-31 17:19:02.006;Pivô de Alta → Baixa (venda);-1;182450;1;2;0;2;2;50;503;136
2026-07-31 17:30:56.896;Pivô de Baixa → Alta (compra);1;182500;2;2;0;2;6;50;52;27
2026-07-31 17:46:53.983;Pivô de Alta → Baixa (venda);-1;182450;2;6;4;6;4;250;12;9
2026-07-31 17:58:32.059;Pivô de Baixa → Alta (compra);1;182300;6;4;2;4;2;150;25;12
2026-07-31 18:05:28.312;Pivô de Alta → Baixa (venda);-1;182350;4;2;0;2;1;50;38;12
2026-07-31 18:24:45.687;Pivô de Baixa → Alta (compra);1;182400;1;18;16;18;1;850;3;2
2026-08-03 09:02:02.529;Pivô de Alta → Baixa (venda);-1;183150;1;3;1;3;3;100;1;1
2026-08-03 09:02:15.070;Pivô de Baixa → Alta (compra);1;183150;3;3;1;3;6;100;4;3
2026-08-03 09:02:45.032;Pivô de Alta → Baixa (venda);-1;183150;3;6;4;6;1;250;65;12
2026-08-03 09:03:10.136;Pivô de Alta → Baixa (venda);-1;182900;1;2;0;2;4;50;21;5
2026-08-03 09:03:14.821;Pivô de Baixa → Alta (compra);1;182950;2;4;2;4;5;150;51;18
2026-08-03 09:03:38.570;Pivô de Alta → Baixa (venda);-1;183000;4;5;3;5;1;200;7;3
2026-08-03 09:04:40.545;Pivô de Alta → Baixa (venda);-1;182800;1;9;7;9;3;400;34;7
2026-08-03 09:05:50.244;Pivô de Baixa → Alta (compra);1;182500;9;3;1;3;8;100;4;4
2026-08-03 09:06:03.280;Pivô de Alta → Baixa (venda);-1;182500;3;8;6;8;1;350;222;14
2026-08-03 09:08:09.142;Pivô de Baixa → Alta (compra);1;182250;1;3;1;3;2;100;8;7
2026-08-03 09:09:24.142;Pivô de Alta → Baixa (venda);-1;182250;3;2;0;2;8;50;165;43
2026-08-03 09:12:19.490;Pivô de Baixa → Alta (compra);1;182300;2;8;6;8;3;350;72;42
2026-08-03 09:16:51.889;Pivô de Alta → Baixa (venda);-1;182550;8;3;1;3;1;100;18;10
2026-08-03 09:19:36.300;Pivô de Baixa → Alta (compra);1;182550;1;2;0;2;2;50;38;9
2026-08-03 09:20:05.501;Pivô de Alta → Baixa (venda);-1;182500;2;2;0;2;8;50;6;4
2026-08-03 09:21:01.925;Pivô de Baixa → Alta (compra);1;182550;2;8;6;8;2;350;37;8
2026-08-03 09:33:39.822;Pivô de Alta → Baixa (venda);-1;182800;8;2;0;2;1;50;16;6
2026-08-03 09:37:36.288;Pivô de Baixa → Alta (compra);1;182850;1;3;1;3;4;100;18;11
2026-08-03 09:39:18.395;Pivô de Alta → Baixa (venda);-1;182850;3;4;2;4;6;150;44;19
2026-08-03 09:42:16.294;Pivô de Baixa → Alta (compra);1;182800;4;6;4;6;1;250;36;14
2026-08-03 09:47:16.209;Pivô de Baixa → Alta (compra);1;183050;1;7;5;7;2;300;75;48
2026-08-03 09:57:16.877;Pivô de Alta → Baixa (venda);-1;183250;7;2;0;2;2;50;31;10
2026-08-03 10:00:00.288;Pivô de Baixa → Alta (compra);1;183300;2;2;0;2;8;50;1;1
2026-08-03 10:00:09.353;Pivô de Alta → Baixa (venda);-1;183250;2;8;6;8;2;350;1;1
2026-08-03 10:00:47.386;Pivô de Baixa → Alta (compra);1;183000;8;2;0;2;1;50;12;10
2026-08-03 10:02:16.527;Pivô de Alta → Baixa (venda);-1;182950;1;14;12;14;2;650;43;19
2026-08-03 10:15:45.103;Pivô de Baixa → Alta (compra);1;182400;14;2;0;2;6;50;72;22
2026-08-03 10:16:58.166;Pivô de Alta → Baixa (venda);-1;182350;2;6;4;6;2;250;51;21
2026-08-03 10:19:20.575;Pivô de Baixa → Alta (compra);1;182200;6;2;0;2;4;50;36;15
2026-08-03 10:21:51.222;Pivô de Alta → Baixa (venda);-1;182150;2;4;2;4;2;150;10;6
2026-08-03 10:23:20.981;Pivô de Baixa → Alta (compra);1;182100;4;2;0;2;3;50;18;12
2026-08-03 10:25:28.396;Pivô de Alta → Baixa (venda);-1;182050;2;3;1;3;7;100;21;9
2026-08-03 10:29:12.536;Pivô de Baixa → Alta (compra);1;182050;3;7;5;7;13;300;28;16
2026-08-03 10:31:17.078;Pivô de Alta → Baixa (venda);-1;182250;7;13;11;13;2;600;3;3
2026-08-03 10:35:12.805;Pivô de Baixa → Alta (compra);1;181750;13;2;0;2;7;50;79;41
2026-08-03 10:36:50.522;Pivô de Alta → Baixa (venda);-1;181700;2;7;5;7;4;300;18;8
2026-08-03 10:39:29.415;Pivô de Baixa → Alta (compra);1;181500;7;4;2;4;3;150;99;22
2026-08-03 10:41:17.501;Pivô de Alta → Baixa (venda);-1;181550;4;3;1;3;5;100;76;36
2026-08-03 10:45:10.443;Pivô de Baixa → Alta (compra);1;181550;3;5;3;5;6;200;6;5
2026-08-03 10:46:23.215;Pivô de Alta → Baixa (venda);-1;181650;5;6;4;6;3;250;7;3
2026-08-03 10:47:51.597;Pivô de Baixa → Alta (compra);1;181500;6;3;1;3;5;100;383;36
2026-08-03 10:50:30.417;Pivô de Alta → Baixa (venda);-1;181500;3;5;3;5;2;200;9;7
2026-08-03 10:54:18.871;Pivô de Baixa → Alta (compra);1;181400;5;2;0;2;2;50;249;23
2026-08-03 10:55:57.458;Pivô de Alta → Baixa (venda);-1;181350;2;2;0;2;1;50;86;17
2026-08-03 10:59:45.252;Pivô de Alta → Baixa (venda);-1;181300;1;3;1;3;3;100;22;11
2026-08-03 11:00:44.535;Pivô de Baixa → Alta (compra);1;181300;3;3;1;3;4;100;88;13
2026-08-03 11:03:49.264;Pivô de Alta → Baixa (venda);-1;181300;3;4;2;4;4;150;16;7
2026-08-03 11:05:09.709;Pivô de Baixa → Alta (compra);1;181250;4;4;2;4;1;150;167;11
2026-08-03 11:19:03.242;Pivô de Baixa → Alta (compra);1;181400;1;3;1;3;1;100;25;12
2026-08-03 11:25:01.079;Pivô de Baixa → Alta (compra);1;181500;1;3;1;3;1;100;103;4
2026-08-03 11:31:34.644;Pivô de Baixa → Alta (compra);1;181600;1;6;4;6;8;250;157;25
2026-08-03 11:36:22.625;Pivô de Alta → Baixa (venda);-1;181750;6;8;6;8;4;350;11;9
2026-08-03 11:44:41.841;Pivô de Baixa → Alta (compra);1;181500;8;4;2;4;2;150;14;5
2026-08-03 11:50:31.504;Pivô de Alta → Baixa (venda);-1;181550;4;2;0;2;2;50;6;5
2026-08-03 11:52:21.295;Pivô de Baixa → Alta (compra);1;181600;2;2;0;2;2;50;7;4
2026-08-03 11:53:59.896;Pivô de Alta → Baixa (venda);-1;181550;2;2;0;2;1;50;35;22
2026-08-03 12:03:56.603;Pivô de Alta → Baixa (venda);-1;181500;1;2;0;2;5;50;8;3
2026-08-03 12:05:49.308;Pivô de Baixa → Alta (compra);1;181550;2;5;3;5;4;200;14;7
2026-08-03 12:25:16.321;Pivô de Alta → Baixa (venda);-1;181650;5;4;2;4;3;150;19;17
2026-08-03 12:33:32.896;Pivô de Baixa → Alta (compra);1;181600;4;3;1;3;2;100;21;11
2026-08-03 12:46:57.177;Pivô de Alta → Baixa (venda);-1;181600;3;2;0;2;2;50;2450;174
2026-08-03 13:07:37.403;Pivô de Baixa → Alta (compra);1;181650;2;2;0;2;3;50;6;4
2026-08-03 13:21:26.618;Pivô de Alta → Baixa (venda);-1;181600;2;3;1;3;7;100;22;14
2026-08-03 13:50:43.546;Pivô de Baixa → Alta (compra);1;181600;3;7;5;7;2;300;79;24
2026-08-03 14:13:30.684;Pivô de Alta → Baixa (venda);-1;181800;7;2;0;2;3;50;47;22
2026-08-03 14:20:35.733;Pivô de Baixa → Alta (compra);1;181850;2;3;1;3;2;100;261;110
2026-08-03 14:46:32.137;Pivô de Alta → Baixa (venda);-1;181850;3;2;0;2;4;50;500;65
2026-08-03 14:57:03.127;Pivô de Baixa → Alta (compra);1;181900;2;4;2;4;4;150;86;44
2026-08-03 15:27:15.896;Pivô de Alta → Baixa (venda);-1;181950;4;4;2;4;10;150;30;10
2026-08-03 15:42:27.363;Pivô de Baixa → Alta (compra);1;181900;4;10;8;10;2;450;324;59
2026-08-03 16:33:32.861;Pivô de Alta → Baixa (venda);-1;182250;10;2;0;2;2;50;223;71
2026-08-03 16:45:15.231;Pivô de Baixa → Alta (compra);1;182300;2;2;0;2;1;50;67;24
2026-08-03 17:00:32.739;Pivô de Baixa → Alta (compra);1;182350;1;2;0;2;2;50;150;29
2026-08-03 17:05:26.837;Pivô de Alta → Baixa (venda);-1;182300;2;2;0;2;4;50;24;7
2026-08-03 17:09:34.624;Pivô de Baixa → Alta (compra);1;182350;2;4;2;4;3;150;57;15
2026-08-03 17:43:41.339;Pivô de Alta → Baixa (venda);-1;182400;4;3;1;3;2;100;20;12
2026-08-03 17:59:02.955;Pivô de Baixa → Alta (compra);1;182400;3;2;0;2;1;50;61;15
2026-08-03 18:24:44.126;Pivô de Baixa → Alta (compra);1;182450;1;12;10;12;1;550;23;3
2026-08-04 09:01:35.846;Pivô de Alta → Baixa (venda);-1;182900;1;9;7;9;6;400;46;19
2026-08-04 09:02:51.835;Pivô de Baixa → Alta (compra);1;182600;9;6;4;6;2;250;46;17
2026-08-04 09:02:55.571;Pivô de Alta → Baixa (venda);-1;182750;6;2;0;2;8;50;10;8
2026-08-04 09:02:59.126;Pivô de Baixa → Alta (compra);1;182800;2;8;6;8;1;350;38;12
2026-08-04 09:03:40.422;Pivô de Baixa → Alta (compra);1;183150;1;6;4;6;1;250;31;5
2026-08-04 09:04:39.855;Pivô de Baixa → Alta (compra);1;183400;1;14;12;14;4;650;27;17
2026-08-04 09:07:05.511;Pivô de Alta → Baixa (venda);-1;183950;14;4;2;4;4;150;9;6
2026-08-04 09:07:23.294;Pivô de Baixa → Alta (compra);1;183900;4;4;2;4;4;150;9;6
2026-08-04 09:08:19.186;Pivô de Alta → Baixa (venda);-1;183950;4;4;2;4;3;150;11;4
2026-08-04 09:10:03.677;Pivô de Baixa → Alta (compra);1;183900;4;3;1;3;3;100;3;3
2026-08-04 09:10:33.079;Pivô de Alta → Baixa (venda);-1;183900;3;3;1;3;10;100;22;12
2026-08-04 09:12:28.294;Pivô de Baixa → Alta (compra);1;183900;3;10;8;10;3;450;18;9
2026-08-04 09:19:04.328;Pivô de Alta → Baixa (venda);-1;184250;10;3;1;3;2;100;38;18
2026-08-04 09:21:35.102;Pivô de Baixa → Alta (compra);1;184250;3;2;0;2;7;50;5;4
2026-08-04 09:22:39.907;Pivô de Alta → Baixa (venda);-1;184200;2;7;5;7;8;300;16;7
2026-08-04 09:26:12.217;Pivô de Baixa → Alta (compra);1;184000;7;8;6;8;2;350;11;6
2026-08-04 09:28:54.104;Pivô de Alta → Baixa (venda);-1;184250;8;2;0;2;6;50;40;10
2026-08-04 09:30:39.427;Pivô de Baixa → Alta (compra);1;184300;2;6;4;6;1;250;10;5
2026-08-04 09:41:00.719;Pivô de Baixa → Alta (compra);1;184550;1;4;2;4;1;150;19;11
2026-08-04 09:50:42.007;Pivô de Baixa → Alta (compra);1;184700;1;3;1;3;7;100;42;25
2026-08-04 09:53:05.213;Pivô de Alta → Baixa (venda);-1;184700;3;7;5;7;1;300;19;15
2026-08-04 10:00:04.703;Pivô de Alta → Baixa (venda);-1;184400;1;3;1;3;24;100;4;2
2026-08-04 10:00:24.538;Pivô de Baixa → Alta (compra);1;184400;3;24;22;24;3;1150;22;12
2026-08-04 10:02:08.392;Pivô de Alta → Baixa (venda);-1;185450;24;3;1;3;2;100;87;24
2026-08-04 10:02:08.537;Pivô de Baixa → Alta (compra);1;185450;3;2;0;2;1;50;7;5
2026-08-04 10:02:09.895;Pivô de Baixa → Alta (compra);1;185500;1;3;1;3;1;100;16;4
2026-08-04 10:02:11.660;Pivô de Baixa → Alta (compra);1;185600;1;2;0;2;12;50;12;6
2026-08-04 10:02:12.402;Pivô de Alta → Baixa (venda);-1;185550;2;12;10;12;3;550;22;2
2026-08-04 10:02:14.528;Pivô de Baixa → Alta (compra);1;185100;12;3;1;3;9;100;48;2
2026-08-04 10:02:14.901;Pivô de Alta → Baixa (venda);-1;185100;3;9;7;9;2;400;65;7
2026-08-04 10:04:36.566;Pivô de Baixa → Alta (compra);1;184800;9;2;0;2;2;50;26;16
2026-08-04 10:05:07.504;Pivô de Alta → Baixa (venda);-1;184750;2;2;0;2;1;50;37;3
2026-08-04 10:10:20.734;Pivô de Baixa → Alta (compra);1;184800;1;7;5;7;4;300;36;9
2026-08-04 10:11:05.918;Pivô de Alta → Baixa (venda);-1;185000;7;4;2;4;2;150;212;26
2026-08-04 10:11:58.222;Pivô de Baixa → Alta (compra);1;184950;4;2;0;2;16;50;100;30
2026-08-04 10:15:03.201;Pivô de Alta → Baixa (venda);-1;184900;2;16;14;16;4;750;21;15
2026-08-04 10:20:26.010;Pivô de Baixa → Alta (compra);1;184250;16;4;2;4;3;150;41;17
2026-08-04 10:21:07.822;Pivô de Alta → Baixa (venda);-1;184300;4;3;1;3;2;100;31;13
2026-08-04 10:21:31.260;Pivô de Baixa → Alta (compra);1;184300;3;2;0;2;10;50;163;17
2026-08-04 10:23:04.201;Pivô de Alta → Baixa (venda);-1;184250;2;10;8;10;2;450;80;16
2026-08-04 10:26:20.044;Pivô de Baixa → Alta (compra);1;183900;10;2;0;2;5;50;33;13
2026-08-04 10:28:09.030;Pivô de Alta → Baixa (venda);-1;183850;2;5;3;5;2;200;1;1
2026-08-04 10:29:44.874;Pivô de Baixa → Alta (compra);1;183750;5;2;0;2;8;50;52;18
2026-08-04 10:30:24.376;Pivô de Alta → Baixa (venda);-1;183700;2;8;6;8;1;350;603;30
2026-08-04 10:32:11.680;Pivô de Baixa → Alta (compra);1;183450;1;3;1;3;8;100;82;19
2026-08-04 10:32:31.608;Pivô de Alta → Baixa (venda);-1;183450;3;8;6;8;3;350;64;12
2026-08-04 10:36:30.518;Pivô de Baixa → Alta (compra);1;183200;8;3;1;3;1;100;9;3
2026-08-04 10:38:08.047;Pivô de Baixa → Alta (compra);1;183300;1;6;4;6;7;250;36;8
2026-08-04 10:41:28.170;Pivô de Alta → Baixa (venda);-1;183450;6;7;5;7;1;300;183;18
2026-08-04 10:44:22.779;Pivô de Alta → Baixa (venda);-1;183150;1;5;3;5;2;200;20;7
2026-08-04 10:46:49.792;Pivô de Baixa → Alta (compra);1;183050;5;2;0;2;5;50;9;5
2026-08-04 10:47:47.382;Pivô de Alta → Baixa (venda);-1;183000;2;5;3;5;3;200;19;7
2026-08-04 10:52:04.944;Pivô de Baixa → Alta (compra);1;182900;5;3;1;3;7;100;84;19
2026-08-04 10:54:36.589;Pivô de Alta → Baixa (venda);-1;182900;3;7;5;7;3;300;11;10
2026-08-04 10:57:17.148;Pivô de Baixa → Alta (compra);1;182700;7;3;1;3;3;100;640;52
2026-08-04 10:59:14.881;Pivô de Alta → Baixa (venda);-1;182700;3;3;1;3;3;100;12;5
2026-08-04 11:01:05.402;Pivô de Baixa → Alta (compra);1;182700;3;3;1;3;1;100;150;41
2026-08-04 11:02:51.107;Pivô de Baixa → Alta (compra);1;182800;1;4;2;4;3;150;4;2
2026-08-04 11:04:47.235;Pivô de Alta → Baixa (venda);-1;182850;4;3;1;3;1;100;81;22
2026-08-04 11:07:43.884;Pivô de Alta → Baixa (venda);-1;182750;1;2;0;2;2;50;303;33
2026-08-04 11:11:02.832;Pivô de Baixa → Alta (compra);1;182800;2;2;0;2;2;50;38;15
2026-08-04 11:14:32.737;Pivô de Alta → Baixa (venda);-1;182750;2;2;0;2;1;50;236;28
2026-08-04 11:26:23.060;Pivô de Baixa → Alta (compra);1;182800;1;5;3;5;1;200;409;44
2026-08-04 11:42:57.263;Pivô de Baixa → Alta (compra);1;183000;1;6;4;6;10;250;51;17
2026-08-04 12:04:49.881;Pivô de Alta → Baixa (venda);-1;183150;6;10;8;10;2;450;172;35
2026-08-04 12:22:53.881;Pivô de Baixa → Alta (compra);1;182800;10;2;0;2;2;50;1164;109
2026-08-04 12:31:12.323;Pivô de Alta → Baixa (venda);-1;182750;2;2;0;2;2;50;88;30
2026-08-04 12:36:21.104;Pivô de Baixa → Alta (compra);1;182800;2;2;0;2;2;50;503;51
2026-08-04 12:38:34.636;Pivô de Alta → Baixa (venda);-1;182750;2;2;0;2;1;50;153;18
2026-08-04 12:52:09.206;Pivô de Alta → Baixa (venda);-1;182700;1;4;2;4;2;150;392;63
2026-08-04 13:14:56.178;Pivô de Baixa → Alta (compra);1;182650;4;2;0;2;11;50;1197;178
2026-08-04 13:23:07.015;Pivô de Alta → Baixa (venda);-1;182600;2;11;9;11;5;500;301;36
2026-08-04 13:31:58.091;Pivô de Baixa → Alta (compra);1;182200;11;5;3;5;1;200;586;79
2026-08-04 13:41:41.844;Pivô de Baixa → Alta (compra);1;182400;1;7;5;7;2;300;718;53
2026-08-04 13:53:33.773;Pivô de Alta → Baixa (venda);-1;182600;7;2;0;2;2;50;34;12
2026-08-04 14:02:48.014;Pivô de Baixa → Alta (compra);1;182650;2;2;0;2;1;50;24;13
2026-08-04 14:36:32.063;Pivô de Alta → Baixa (venda);-1;182600;1;9;7;9;1;400;316;73
2026-08-04 14:58:41.626;Pivô de Alta → Baixa (venda);-1;182200;1;7;5;7;1;300;306;45
2026-08-04 15:10:30.494;Pivô de Baixa → Alta (compra);1;182000;1;4;2;4;6;150;267;28
2026-08-04 15:11:48.599;Pivô de Alta → Baixa (venda);-1;182050;4;6;4;6;5;250;614;53
2026-08-04 15:20:36.031;Pivô de Baixa → Alta (compra);1;181900;6;5;3;5;2;200;84;11
2026-08-04 15:30:44.584;Pivô de Alta → Baixa (venda);-1;182000;5;2;0;2;5;50;806;97
2026-08-04 15:39:34.006;Pivô de Baixa → Alta (compra);1;182050;2;5;3;5;2;200;497;52
2026-08-04 15:57:20.644;Pivô de Alta → Baixa (venda);-1;182150;5;2;0;2;1;50;143;38
2026-08-04 16:05:01.152;Pivô de Alta → Baixa (venda);-1;182100;1;2;0;2;1;50;9;7
2026-08-04 16:29:59.826;Pivô de Alta → Baixa (venda);-1;182050;1;3;1;3;4;100;26;11
2026-08-04 16:59:57.032;Pivô de Baixa → Alta (compra);1;182050;3;4;2;4;3;150;61;24
2026-08-04 17:02:35.984;Pivô de Alta → Baixa (venda);-1;182100;4;3;1;3;13;100;726;168
2026-08-04 17:21:26.885;Pivô de Baixa → Alta (compra);1;182100;3;13;11;13;3;600;1314;247
2026-08-05 09:03:05.051;Pivô de Alta → Baixa (venda);-1;182600;13;3;1;3;8;100;44;14
2026-08-05 09:03:05.805;Pivô de Baixa → Alta (compra);1;182600;3;8;6;8;1;350;35;12
2026-08-05 09:03:33.864;Pivô de Baixa → Alta (compra);1;182950;1;5;3;5;2;200;128;27
2026-08-05 09:04:02.281;Pivô de Alta → Baixa (venda);-1;183050;5;2;0;2;2;50;24;10
2026-08-05 09:04:07.865;Pivô de Baixa → Alta (compra);1;183100;2;2;0;2;3;50;19;7
2026-08-05 09:04:10.277;Pivô de Alta → Baixa (venda);-1;183050;2;3;1;3;1;100;145;67
2026-08-05 09:04:58.114;Pivô de Alta → Baixa (venda);-1;182950;1;7;5;7;1;300;7;5
2026-08-05 09:06:50.921;Pivô de Alta → Baixa (venda);-1;182650;1;4;2;4;5;150;64;11
2026-08-05 09:08:32.850;Pivô de Baixa → Alta (compra);1;182600;4;5;3;5;2;200;96;20
2026-08-05 09:09:32.546;Pivô de Alta → Baixa (venda);-1;182700;5;2;0;2;3;50;64;22
2026-08-05 09:10:15.646;Pivô de Baixa → Alta (compra);1;182750;2;3;1;3;1;100;18;7
2026-08-05 09:11:46.462;Pivô de Baixa → Alta (compra);1;182850;1;5;3;5;1;200;65;24
2026-08-05 09:16:45.655;Pivô de Alta → Baixa (venda);-1;182950;1;4;2;4;5;150;2;2
2026-08-05 09:17:07.810;Pivô de Baixa → Alta (compra);1;182900;4;5;3;5;2;200;3;3
2026-08-05 09:19:31.140;Pivô de Alta → Baixa (venda);-1;183000;5;2;0;2;4;50;71;50
2026-08-05 09:21:39.092;Pivô de Baixa → Alta (compra);1;183050;2;4;2;4;1;150;71;40
2026-08-05 09:23:46.910;Pivô de Baixa → Alta (compra);1;183200;1;2;0;2;4;50;19;11
2026-08-05 09:24:45.790;Pivô de Alta → Baixa (venda);-1;183150;2;4;2;4;6;150;14;11
2026-08-05 09:26:24.729;Pivô de Baixa → Alta (compra);1;183100;4;6;4;6;6;250;10;10
2026-08-05 09:30:39.900;Pivô de Alta → Baixa (venda);-1;183250;6;6;4;6;5;250;33;17
2026-08-05 09:32:04.644;Pivô de Baixa → Alta (compra);1;183100;6;5;3;5;2;200;47;13
2026-08-05 09:38:07.437;Pivô de Alta → Baixa (venda);-1;183200;5;2;0;2;7;50;56;22
2026-08-05 09:43:56.231;Pivô de Baixa → Alta (compra);1;183250;2;7;5;7;11;300;6;6
2026-08-05 09:56:18.230;Pivô de Alta → Baixa (venda);-1;183450;7;11;9;11;2;500;110;10
2026-08-05 10:00:42.260;Pivô de Baixa → Alta (compra);1;183050;11;2;0;2;2;50;89;24
2026-08-05 10:01:14.182;Pivô de Alta → Baixa (venda);-1;183000;2;2;0;2;2;50;142;46
2026-08-05 10:03:45.675;Pivô de Baixa → Alta (compra);1;183050;2;2;0;2;5;50;121;61
2026-08-05 10:06:18.639;Pivô de Alta → Baixa (venda);-1;183000;2;5;3;5;10;200;13;3
2026-08-05 10:08:30.346;Pivô de Baixa → Alta (compra);1;182900;5;10;8;10;2;450;24;12
2026-08-05 10:14:29.193;Pivô de Alta → Baixa (venda);-1;183250;10;2;0;2;3;50;15;10
2026-08-05 10:15:03.738;Pivô de Baixa → Alta (compra);1;183300;2;3;1;3;2;100;28;6
2026-08-05 10:16:31.064;Pivô de Alta → Baixa (venda);-1;183300;3;2;0;2;11;50;19;14
2026-08-05 10:17:24.122;Pivô de Baixa → Alta (compra);1;183350;2;11;9;11;7;500;13;6
2026-08-05 10:26:03.549;Pivô de Alta → Baixa (venda);-1;183750;11;7;5;7;2;300;57;27
2026-08-05 10:28:04.682;Pivô de Baixa → Alta (compra);1;183550;7;2;0;2;5;50;220;37
2026-08-05 10:29:02.602;Pivô de Alta → Baixa (venda);-1;183500;2;5;3;5;7;200;6;6
2026-08-05 10:31:03.837;Pivô de Baixa → Alta (compra);1;183400;5;7;5;7;6;300;2;1
2026-08-05 10:31:56.139;Pivô de Alta → Baixa (venda);-1;183600;7;6;4;6;1;250;34;10
2026-08-05 10:33:07.728;Pivô de Alta → Baixa (venda);-1;183350;1;5;3;5;1;200;21;7
2026-08-05 10:35:25.697;Pivô de Baixa → Alta (compra);1;183250;1;8;6;8;1;350;15;7
2026-08-05 10:37:51.452;Pivô de Baixa → Alta (compra);1;183600;1;3;1;3;1;100;32;17
2026-08-05 10:40:19.477;Pivô de Alta → Baixa (venda);-1;183600;1;11;9;11;1;500;50;20
2026-08-05 10:49:04.751;Pivô de Alta → Baixa (venda);-1;183100;1;2;0;2;11;50;130;56
2026-08-05 10:50:39.785;Pivô de Baixa → Alta (compra);1;183150;2;11;9;11;5;500;40;12
2026-08-05 10:56:50.825;Pivô de Alta → Baixa (venda);-1;183550;11;5;3;5;8;200;41;18
2026-08-05 11:00:06.631;Pivô de Baixa → Alta (compra);1;183450;5;8;6;8;2;350;222;34
2026-08-05 11:01:19.559;Pivô de Alta → Baixa (venda);-1;183700;8;2;0;2;2;50;93;20
2026-08-05 11:01:28.787;Pivô de Baixa → Alta (compra);1;183750;2;2;0;2;2;50;14;6
2026-08-05 11:01:44.672;Pivô de Alta → Baixa (venda);-1;183700;2;2;0;2;15;50;27;16
2026-08-05 11:02:22.705;Pivô de Baixa → Alta (compra);1;183750;2;15;13;15;11;700;40;24
2026-08-05 11:10:57.888;Pivô de Alta → Baixa (venda);-1;184350;15;11;9;11;2;500;158;37
2026-08-05 11:15:53.341;Pivô de Baixa → Alta (compra);1;183950;11;2;0;2;1;50;22;18
2026-08-05 11:17:30.659;Pivô de Baixa → Alta (compra);1;184000;1;3;1;3;23;100;75;32
2026-08-05 11:19:23.015;Pivô de Alta → Baixa (venda);-1;184000;3;23;21;23;1;1100;62;32
2026-08-05 11:32:48.706;Pivô de Baixa → Alta (compra);1;183000;1;3;1;3;1;100;2;2
2026-08-05 11:34:06.535;Pivô de Baixa → Alta (compra);1;183100;1;5;3;5;2;200;15;14
2026-08-05 11:37:03.853;Pivô de Alta → Baixa (venda);-1;183200;5;2;0;2;1;50;41;13
2026-08-05 11:38:59.396;Pivô de Alta → Baixa (venda);-1;183150;1;3;1;3;4;100;108;9
2026-08-05 11:43:05.382;Pivô de Baixa → Alta (compra);1;183150;3;4;2;4;7;150;25;14
2026-08-05 11:48:36.495;Pivô de Alta → Baixa (venda);-1;183200;4;7;5;7;1;300;58;37
2026-08-05 11:55:14.946;Pivô de Baixa → Alta (compra);1;183000;1;2;0;2;1;50;21;13
2026-08-05 11:58:24.722;Pivô de Baixa → Alta (compra);1;183050;1;4;2;4;1;150;85;22
2026-08-05 12:12:05.954;Pivô de Alta → Baixa (venda);-1;183100;1;4;2;4;2;150;1;1
2026-08-05 12:18:07.686;Pivô de Baixa → Alta (compra);1;183050;4;2;0;2;11;50;72;24
2026-08-05 12:21:04.827;Pivô de Alta → Baixa (venda);-1;183000;2;11;9;11;4;500;10;10
2026-08-05 12:45:38.772;Pivô de Baixa → Alta (compra);1;182600;11;4;2;4;4;150;369;43
2026-08-05 12:54:20.911;Pivô de Alta → Baixa (venda);-1;182650;4;4;2;4;3;150;280;72
2026-08-05 13:10:10.747;Pivô de Baixa → Alta (compra);1;182600;4;3;1;3;1;100;112;27
2026-08-05 13:25:54.861;Pivô de Alta → Baixa (venda);-1;182600;1;5;3;5;2;200;28;19
2026-08-05 13:57:49.834;Pivô de Baixa → Alta (compra);1;182500;5;2;0;2;1;50;151;42
2026-08-05 14:06:07.827;Pivô de Alta → Baixa (venda);-1;182450;1;7;5;7;7;300;27;17
2026-08-05 14:25:12.211;Pivô de Baixa → Alta (compra);1;182250;7;7;5;7;3;300;54;19
2026-08-05 14:37:12.450;Pivô de Alta → Baixa (venda);-1;182450;7;3;1;3;3;100;161;66
2026-08-05 15:00:02.021;Pivô de Baixa → Alta (compra);1;182450;3;3;1;3;4;100;54;21
2026-08-05 15:25:13.419;Pivô de Alta → Baixa (venda);-1;182450;3;4;2;4;1;150;79;36
2026-08-05 15:48:27.922;Pivô de Alta → Baixa (venda);-1;182300;1;6;4;6;2;250;78;44
2026-08-05 16:01:04.954;Pivô de Baixa → Alta (compra);1;182150;6;2;0;2;7;50;140;62
2026-08-05 16:17:46.270;Pivô de Alta → Baixa (venda);-1;182100;2;7;5;7;4;300;210;57
2026-08-05 16:59:59.588;Pivô de Baixa → Alta (compra);1;181900;7;4;2;4;4;150;24;11
2026-08-05 17:13:35.340;Pivô de Alta → Baixa (venda);-1;181950;4;4;2;4;10;150;32;14
2026-08-05 18:14:59.009;Pivô de Baixa → Alta (compra);1;181900;4;10;8;10;2;450;592;51
2026-08-06 09:01:11.033;Pivô de Alta → Baixa (venda);-1;182250;10;2;0;2;2;50;9;6
2026-08-06 09:01:24.588;Pivô de Baixa → Alta (compra);1;182300;2;2;0;2;2;50;30;4
2026-08-06 09:01:36.487;Pivô de Alta → Baixa (venda);-1;182250;2;2;0;2;2;50;3;1
2026-08-06 09:01:37.431;Pivô de Baixa → Alta (compra);1;182300;2;2;0;2;2;50;7;4
2026-08-06 09:01:43.441;Pivô de Alta → Baixa (venda);-1;182250;2;2;0;2;2;50;11;8
2026-08-06 09:01:46.765;Pivô de Baixa → Alta (compra);1;182300;2;2;0;2;2;50;2;2
2026-08-06 09:01:47.320;Pivô de Alta → Baixa (venda);-1;182250;2;2;0;2;2;50;1;1
2026-08-06 09:01:48.432;Pivô de Baixa → Alta (compra);1;182300;2;2;0;2;2;50;1;1
2026-08-06 09:01:52.118;Pivô de Alta → Baixa (venda);-1;182250;2;2;0;2;2;50;1;1
2026-08-06 09:01:52.259;Pivô de Baixa → Alta (compra);1;182300;2;2;0;2;5;50;16;3
2026-08-06 09:01:55.418;Pivô de Alta → Baixa (venda);-1;182250;2;5;3;5;3;200;3;1
2026-08-06 09:02:14.118;Pivô de Baixa → Alta (compra);1;182150;5;3;1;3;16;100;8;6
2026-08-06 09:02:39.795;Pivô de Alta → Baixa (venda);-1;182150;3;16;14;16;6;750;189;15
2026-08-06 09:02:58.260;Pivô de Baixa → Alta (compra);1;181500;16;6;4;6;10;250;129;12
2026-08-06 09:03:09.348;Pivô de Alta → Baixa (venda);-1;181650;6;10;8;10;2;450;271;30
2026-08-06 09:04:04.575;Pivô de Baixa → Alta (compra);1;181300;10;2;0;2;2;50;39;9
2026-08-06 09:04:05.066;Pivô de Alta → Baixa (venda);-1;181250;2;2;0;2;4;50;18;8
2026-08-06 09:04:09.300;Pivô de Baixa → Alta (compra);1;181300;2;4;2;4;6;150;330;24
2026-08-06 09:04:19.805;Pivô de Alta → Baixa (venda);-1;181350;4;6;4;6;3;250;80;14
2026-08-06 09:05:00.609;Pivô de Baixa → Alta (compra);1;181200;6;3;1;3;4;100;15;10
2026-08-06 09:05:11.677;Pivô de Alta → Baixa (venda);-1;181200;3;4;2;4;1;150;55;19
2026-08-06 09:05:35.791;Pivô de Alta → Baixa (venda);-1;181050;1;3;1;3;1;100;11;4
2026-08-06 09:05:55.585;Pivô de Alta → Baixa (venda);-1;180950;1;8;6;8;5;350;44;13
2026-08-06 09:07:48.914;Pivô de Baixa → Alta (compra);1;180700;8;5;3;5;5;200;10;5
2026-08-06 09:08:08.368;Pivô de Alta → Baixa (venda);-1;180800;5;5;3;5;4;200;175;38
2026-08-06 09:09:04.296;Pivô de Baixa → Alta (compra);1;180700;5;4;2;4;4;150;37;10
2026-08-06 09:09:35.586;Pivô de Alta → Baixa (venda);-1;180750;4;4;2;4;5;150;36;14
2026-08-06 09:11:02.650;Pivô de Baixa → Alta (compra);1;180700;4;5;3;5;8;200;99;30
2026-08-06 09:14:41.881;Pivô de Alta → Baixa (venda);-1;180800;5;8;6;8;1;350;14;7
2026-08-06 09:17:01.910;Pivô de Alta → Baixa (venda);-1;180450;1;2;0;2;2;50;87;29
2026-08-06 09:18:33.423;Pivô de Baixa → Alta (compra);1;180500;2;2;0;2;1;50;102;35
2026-08-06 09:22:15.514;Pivô de Alta → Baixa (venda);-1;180450;1;3;1;3;7;100;30;16
2026-08-06 09:24:11.263;Pivô de Baixa → Alta (compra);1;180450;3;7;5;7;2;300;105;7
2026-08-06 09:25:33.386;Pivô de Alta → Baixa (venda);-1;180650;7;2;0;2;3;50;47;9
2026-08-06 09:26:02.654;Pivô de Baixa → Alta (compra);1;180700;2;3;1;3;6;100;82;23
2026-08-06 09:29:20.479;Pivô de Alta → Baixa (venda);-1;180700;3;6;4;6;2;250;7;5
2026-08-06 09:29:51.319;Pivô de Baixa → Alta (compra);1;180550;6;2;0;2;7;50;50;21
2026-08-06 09:29:53.593;Pivô de Alta → Baixa (venda);-1;180500;2;7;5;7;3;300;48;15
2026-08-06 09:30:09.256;Pivô de Baixa → Alta (compra);1;180300;7;3;1;3;1;100;32;9
2026-08-06 09:30:14.809;Pivô de Baixa → Alta (compra);1;180400;1;5;3;5;2;200;9;4
2026-08-06 09:30:58.051;Pivô de Alta → Baixa (venda);-1;180500;5;2;0;2;3;50;47;21
2026-08-06 09:32:02.510;Pivô de Baixa → Alta (compra);1;180550;2;3;1;3;3;100;104;7
2026-08-06 09:34:17.545;Pivô de Alta → Baixa (venda);-1;180550;3;3;1;3;2;100;129;11
2026-08-06 09:35:52.570;Pivô de Baixa → Alta (compra);1;180550;3;2;0;2;1;50;26;9
2026-08-06 09:44:01.362;Pivô de Baixa → Alta (compra);1;180600;1;2;0;2;2;50;71;23
2026-08-06 09:48:23.674;Pivô de Alta → Baixa (venda);-1;180550;2;2;0;2;3;50;53;25
2026-08-06 09:49:09.529;Pivô de Baixa → Alta (compra);1;180600;2;3;1;3;7;100;105;53
2026-08-06 09:58:20.513;Pivô de Alta → Baixa (venda);-1;180600;3;7;5;7;5;300;105;50
2026-08-06 10:02:19.231;Pivô de Baixa → Alta (compra);1;180400;7;5;3;5;1;200;612;70
2026-08-06 10:08:22.049;Pivô de Baixa → Alta (compra);1;180600;1;11;9;11;3;500;42;15
2026-08-06 10:12:04.732;Pivô de Alta → Baixa (venda);-1;181000;11;3;1;3;2;100;32;19
2026-08-06 10:13:00.225;Pivô de Baixa → Alta (compra);1;181000;3;2;0;2;4;50;19;6
2026-08-06 10:13:20.276;Pivô de Alta → Baixa (venda);-1;180950;2;4;2;4;4;150;43;25
2026-08-06 10:14:02.505;Pivô de Baixa → Alta (compra);1;180900;4;4;2;4;2;150;19;11
2026-08-06 10:15:13.461;Pivô de Alta → Baixa (venda);-1;180950;4;2;0;2;7;50;14;7
2026-08-06 10:15:49.678;Pivô de Baixa → Alta (compra);1;181000;2;7;5;7;3;300;6;6
2026-08-06 10:16:46.248;Pivô de Alta → Baixa (venda);-1;181200;7;3;1;3;8;100;272;47
2026-08-06 10:17:49.227;Pivô de Baixa → Alta (compra);1;181200;3;8;6;8;2;350;176;22
2026-08-06 10:21:26.368;Pivô de Alta → Baixa (venda);-1;181450;8;2;0;2;2;50;44;14
2026-08-06 10:21:59.955;Pivô de Baixa → Alta (compra);1;181500;2;2;0;2;3;50;23;14
2026-08-06 10:23:16.390;Pivô de Alta → Baixa (venda);-1;181450;2;3;1;3;1;100;26;9
2026-08-06 10:25:02.123;Pivô de Alta → Baixa (venda);-1;181350;1;7;5;7;4;300;8;6
2026-08-06 10:27:36.952;Pivô de Baixa → Alta (compra);1;181150;7;4;2;4;9;150;140;15
2026-08-06 10:29:42.241;Pivô de Alta → Baixa (venda);-1;181200;4;9;7;9;7;400;56;6
2026-08-06 10:30:31.281;Pivô de Baixa → Alta (compra);1;180900;9;7;5;7;3;300;398;58
2026-08-06 10:32:32.971;Pivô de Alta → Baixa (venda);-1;181100;7;3;1;3;1;100;200;17
2026-08-06 10:34:17.481;Pivô de Alta → Baixa (venda);-1;181000;1;7;5;7;8;300;22;18
2026-08-06 10:36:45.428;Pivô de Baixa → Alta (compra);1;180800;7;8;6;8;1;350;50;26
2026-08-06 10:39:20.412;Pivô de Alta → Baixa (venda);-1;181050;1;4;2;4;1;150;32;16
2026-08-06 10:40:22.379;Pivô de Alta → Baixa (venda);-1;180900;1;3;1;3;4;100;20;15
2026-08-06 10:42:14.228;Pivô de Baixa → Alta (compra);1;180900;3;4;2;4;9;150;2;2
2026-08-06 10:42:53.730;Pivô de Alta → Baixa (venda);-1;180950;4;9;7;9;1;400;59;22
2026-08-06 10:48:16.603;Pivô de Baixa → Alta (compra);1;180650;1;6;4;6;1;250;35;15
2026-08-06 10:50:57.177;Pivô de Baixa → Alta (compra);1;180900;1;2;0;2;4;50;52;38
2026-08-06 10:51:50.775;Pivô de Alta → Baixa (venda);-1;180850;2;4;2;4;1;150;130;26
2026-08-06 10:54:13.384;Pivô de Alta → Baixa (venda);-1;180700;1;2;0;2;2;50;21;14
2026-08-06 10:55:04.158;Pivô de Baixa → Alta (compra);1;180750;2;2;0;2;4;50;16;6
2026-08-06 10:56:35.029;Pivô de Alta → Baixa (venda);-1;180700;2;4;2;4;2;150;15;11
2026-08-06 10:58:12.974;Pivô de Baixa → Alta (compra);1;180650;4;2;0;2;4;50;174;40
2026-08-06 10:59:33.359;Pivô de Alta → Baixa (venda);-1;180600;2;4;2;4;2;150;129;25
2026-08-06 11:00:48.847;Pivô de Baixa → Alta (compra);1;180550;4;2;0;2;1;50;228;67
2026-08-06 11:04:06.511;Pivô de Baixa → Alta (compra);1;180600;1;3;1;3;1;100;214;17
2026-08-06 11:06:35.836;Pivô de Baixa → Alta (compra);1;180700;1;2;0;2;5;50;39;26
2026-08-06 11:07:52.831;Pivô de Alta → Baixa (venda);-1;180650;2;5;3;5;2;200;97;35
2026-08-06 11:09:44.320;Pivô de Baixa → Alta (compra);1;180550;5;2;0;2;3;50;40;21
2026-08-06 11:11:11.905;Pivô de Alta → Baixa (venda);-1;180500;2;3;1;3;1;100;77;43
2026-08-06 11:21:00.893;Pivô de Baixa → Alta (compra);1;180500;1;3;1;3;1;100;131;74
2026-08-06 11:26:59.695;Pivô de Baixa → Alta (compra);1;180600;1;3;1;3;2;100;26;22
2026-08-06 11:30:12.226;Pivô de Alta → Baixa (venda);-1;180600;3;2;0;2;9;50;63;42
2026-08-06 11:32:05.936;Pivô de Baixa → Alta (compra);1;180650;2;9;7;9;3;400;9;7
2026-08-06 11:36:24.619;Pivô de Alta → Baixa (venda);-1;180950;9;3;1;3;2;100;244;33
2026-08-06 11:37:30.584;Pivô de Baixa → Alta (compra);1;180950;3;2;0;2;1;50;46;30
2026-08-06 11:39:43.206;Pivô de Baixa → Alta (compra);1;181000;1;3;1;3;1;100;42;36
2026-08-06 11:43:39.193;Pivô de Baixa → Alta (compra);1;181100;1;2;0;2;1;50;10;5
2026-08-06 11:46:20.430;Pivô de Baixa → Alta (compra);1;181150;1;2;0;2;1;50;21;8
2026-08-06 11:49:29.887;Pivô de Baixa → Alta (compra);1;181200;1;2;0;2;8;50;32;17
2026-08-06 11:51:44.595;Pivô de Alta → Baixa (venda);-1;181150;2;8;6;8;4;350;52;28
2026-08-06 12:02:17.865;Pivô de Baixa → Alta (compra);1;180900;8;4;2;4;9;150;63;41
2026-08-06 12:06:02.998;Pivô de Alta → Baixa (venda);-1;180950;4;9;7;9;2;400;50;20
2026-08-06 12:16:19.125;Pivô de Baixa → Alta (compra);1;180650;9;2;0;2;2;50;169;47
2026-08-06 12:19:45.862;Pivô de Alta → Baixa (venda);-1;180600;2;2;0;2;2;50;85;36
2026-08-06 12:21:12.639;Pivô de Baixa → Alta (compra);1;180650;2;2;0;2;7;50;32;18
2026-08-06 12:23:47.493;Pivô de Alta → Baixa (venda);-1;180600;2;7;5;7;4;300;115;69
2026-08-06 12:42:18.998;Pivô de Baixa → Alta (compra);1;180400;7;4;2;4;10;150;106;42
2026-08-06 12:52:35.169;Pivô de Alta → Baixa (venda);-1;180450;4;10;8;10;2;450;20;16
2026-08-06 13:12:31.205;Pivô de Baixa → Alta (compra);1;180100;10;2;0;2;5;50;1165;298
2026-08-06 13:32:17.532;Pivô de Alta → Baixa (venda);-1;180050;2;5;3;5;1;200;442;95
2026-08-06 14:28:45.579;Pivô de Baixa → Alta (compra);1;179950;1;6;4;6;4;250;909;136
2026-08-06 14:53:38.886;Pivô de Alta → Baixa (venda);-1;180100;6;4;2;4;1;150;401;125
2026-08-06 15:14:11.660;Pivô de Baixa → Alta (compra);1;180050;1;3;1;3;3;100;542;141
2026-08-06 15:37:04.326;Pivô de Alta → Baixa (venda);-1;180050;3;3;1;3;1;100;374;196
2026-08-06 16:04:02.511;Pivô de Alta → Baixa (venda);-1;179950;1;10;8;10;2;450;302;150
2026-08-06 16:47:32.238;Pivô de Baixa → Alta (compra);1;179600;10;2;0;2;7;50;393;214
2026-08-06 16:54:10.177;Pivô de Alta → Baixa (venda);-1;179550;2;7;5;7;15;300;453;138
2026-08-06 17:31:33.099;Pivô de Baixa → Alta (compra);1;179350;7;15;13;15;5;700;1591;275
2026-08-07 09:00:47.121;Pivô de Alta → Baixa (venda);-1;179950;15;5;3;5;5;200;140;7
2026-08-07 09:00:47.595;Pivô de Baixa → Alta (compra);1;179850;5;5;3;5;1;200;2;2
2026-08-07 09:01:07.601;Pivô de Baixa → Alta (compra);1;180050;1;2;0;2;1;50;370;64
2026-08-07 09:02:54.515;Pivô de Baixa → Alta (compra);1;180100;1;5;3;5;1;200;338;38
2026-08-07 09:03:13.506;Pivô de Baixa → Alta (compra);1;180300;1;4;2;4;3;150;35;8
2026-08-07 09:03:16.105;Pivô de Alta → Baixa (venda);-1;180350;4;3;1;3;2;100;57;22
2026-08-07 09:03:17.561;Pivô de Baixa → Alta (compra);1;180350;3;2;0;2;6;50;100;48
2026-08-07 09:03:21.623;Pivô de Alta → Baixa (venda);-1;180300;2;6;4;6;3;250;100;44
2026-08-07 09:03:32.832;Pivô de Baixa → Alta (compra);1;180150;6;3;1;3;5;100;150;97
2026-08-07 09:03:39.604;Pivô de Alta → Baixa (venda);-1;180150;3;5;3;5;3;200;66;24
2026-08-07 09:03:53.052;Pivô de Baixa → Alta (compra);1;180050;5;3;1;3;8;100;32;22
2026-08-07 09:03:59.080;Pivô de Alta → Baixa (venda);-1;180050;3;8;6;8;3;350;71;56
2026-08-07 09:04:14.028;Pivô de Baixa → Alta (compra);1;179800;8;3;1;3;1;100;92;35
2026-08-07 09:04:41.519;Pivô de Baixa → Alta (compra);1;179900;1;2;0;2;3;50;49;13
2026-08-07 09:04:56.030;Pivô de Alta → Baixa (venda);-1;179850;2;3;1;3;1;100;172;72
2026-08-07 09:05:37.089;Pivô de Alta → Baixa (venda);-1;179750;1;3;1;3;1;100;511;115
2026-08-07 09:06:41.653;Pivô de Alta → Baixa (venda);-1;179650;1;4;2;4;1;150;178;52
2026-08-07 09:13:02.079;Pivô de Alta → Baixa (venda);-1;179500;1;7;5;7;1;300;492;179
2026-08-07 09:20:54.993;Pivô de Alta → Baixa (venda);-1;179200;1;2;0;2;1;50;209;84
2026-08-07 09:25:58.739;Pivô de Alta → Baixa (venda);-1;179150;1;3;1;3;5;100;159;64
2026-08-07 09:28:36.444;Pivô de Baixa → Alta (compra);1;179150;3;5;3;5;3;200;113;52
2026-08-07 09:30:00.771;Pivô de Alta → Baixa (venda);-1;179250;5;3;1;3;5;100;6;3
2026-08-07 09:30:00.856;Pivô de Baixa → Alta (compra);1;179250;3;5;3;5;5;200;44;15
2026-08-07 09:30:03.019;Pivô de Alta → Baixa (venda);-1;179350;5;5;3;5;2;200;1;1
2026-08-07 09:30:03.091;Pivô de Baixa → Alta (compra);1;179250;5;2;0;2;5;50;2;1
2026-08-07 09:30:03.092;Pivô de Alta → Baixa (venda);-1;179200;2;5;3;5;2;200;4;1
2026-08-07 09:30:03.103;Pivô de Baixa → Alta (compra);1;179100;5;2;0;2;3;50;18;4
2026-08-07 09:30:05.365;Pivô de Alta → Baixa (venda);-1;179050;2;3;1;3;9;100;6;3
2026-08-07 09:30:05.643;Pivô de Baixa → Alta (compra);1;179050;3;9;7;9;4;400;1;1
2026-08-07 09:30:10.682;Pivô de Alta → Baixa (venda);-1;179350;9;4;2;4;4;150;188;25
2026-08-07 09:30:13.725;Pivô de Baixa → Alta (compra);1;179300;4;4;2;4;1;150;12;2
2026-08-07 09:30:19.537;Pivô de Baixa → Alta (compra);1;179450;1;3;1;3;2;100;13;3
2026-08-07 09:30:32.045;Pivô de Alta → Baixa (venda);-1;179450;3;2;0;2;6;50;14;4
2026-08-07 09:30:36.732;Pivô de Baixa → Alta (compra);1;179500;2;6;4;6;1;250;9;3
2026-08-07 09:31:11.565;Pivô de Baixa → Alta (compra);1;179750;1;2;0;2;4;50;46;21
2026-08-07 09:31:54.690;Pivô de Alta → Baixa (venda);-1;179700;2;4;2;4;2;150;10;2
2026-08-07 09:32:31.789;Pivô de Baixa → Alta (compra);1;179650;4;2;0;2;3;50;44;17
2026-08-07 09:33:22.322;Pivô de Alta → Baixa (venda);-1;179600;2;3;1;3;4;100;149;40
2026-08-07 09:35:31.634;Pivô de Baixa → Alta (compra);1;179600;3;4;2;4;1;150;228;66
2026-08-07 09:42:18.934;Pivô de Baixa → Alta (compra);1;179750;1;3;1;3;1;100;67;28
2026-08-07 09:52:30.359;Pivô de Baixa → Alta (compra);1;179850;1;5;3;5;6;200;72;26
2026-08-07 09:57:17.197;Pivô de Alta → Baixa (venda);-1;179950;5;6;4;6;1;250;41;16
2026-08-07 10:02:02.157;Pivô de Baixa → Alta (compra);1;179800;1;3;1;3;1;100;70;24
2026-08-07 10:03:01.443;Pivô de Baixa → Alta (compra);1;179900;1;2;0;2;2;50;167;43
2026-08-07 10:03:51.665;Pivô de Alta → Baixa (venda);-1;179850;2;2;0;2;1;50;150;50
2026-08-07 10:07:12.075;Pivô de Alta → Baixa (venda);-1;179800;1;7;5;7;1;300;277;78
2026-08-07 10:12:25.210;Pivô de Baixa → Alta (compra);1;179600;1;2;0;2;1;50;343;86
2026-08-07 10:16:06.431;Pivô de Baixa → Alta (compra);1;179650;1;2;0;2;1;50;65;25
2026-08-07 10:16:57.759;Pivô de Baixa → Alta (compra);1;179700;1;5;3;5;7;200;603;185
2026-08-07 10:21:47.126;Pivô de Alta → Baixa (venda);-1;179800;5;7;5;7;1;300;187;48
2026-08-07 10:28:38.426;Pivô de Alta → Baixa (venda);-1;179500;1;10;8;10;2;450;301;91
2026-08-07 10:30:38.965;Pivô de Baixa → Alta (compra);1;179150;10;2;0;2;4;50;170;59
2026-08-07 10:31:13.532;Pivô de Alta → Baixa (venda);-1;179100;2;4;2;4;2;150;133;82
2026-08-07 10:32:04.864;Pivô de Baixa → Alta (compra);1;179050;4;2;0;2;1;50;209;33
2026-08-07 10:33:41.954;Pivô de Baixa → Alta (compra);1;179100;1;4;2;4;7;150;84;44
2026-08-07 10:34:34.684;Pivô de Alta → Baixa (venda);-1;179150;4;7;5;7;1;300;375;66
2026-08-07 10:37:55.566;Pivô de Alta → Baixa (venda);-1;178850;1;2;0;2;3;50;116;27
2026-08-07 10:38:17.727;Pivô de Baixa → Alta (compra);1;178900;2;3;1;3;2;100;162;56
2026-08-07 10:39:25.793;Pivô de Alta → Baixa (venda);-1;178900;3;2;0;2;3;50;152;47
2026-08-07 10:40:20.032;Pivô de Baixa → Alta (compra);1;178950;2;3;1;3;3;100;165;61
2026-08-07 10:41:31.620;Pivô de Alta → Baixa (venda);-1;178950;3;3;1;3;1;100;85;31
2026-08-07 10:42:41.842;Pivô de Alta → Baixa (venda);-1;178850;1;7;5;7;1;300;464;168
2026-08-07 10:52:49.936;Pivô de Alta → Baixa (venda);-1;178550;1;18;16;18;3;850;25;11
2026-08-07 11:09:39.242;Pivô de Baixa → Alta (compra);1;177800;18;3;1;3;3;100;187;58
2026-08-07 11:10:57.932;Pivô de Alta → Baixa (venda);-1;177800;3;3;1;3;1;100;95;22
2026-08-07 11:16:18.074;Pivô de Alta → Baixa (venda);-1;177700;1;2;0;2;1;50;762;203
2026-08-07 11:21:14.162;Pivô de Alta → Baixa (venda);-1;177650;1;4;2;4;1;150;55;23
2026-08-07 11:23:21.136;Pivô de Alta → Baixa (venda);-1;177500;1;6;4;6;3;250;243;89
2026-08-07 11:31:05.234;Pivô de Baixa → Alta (compra);1;177350;6;3;1;3;11;100;211;97
2026-08-07 11:35:12.822;Pivô de Alta → Baixa (venda);-1;177350;3;11;9;11;2;500;144;57
2026-08-07 11:53:33.959;Pivô de Baixa → Alta (compra);1;176950;11;2;0;2;3;50;72;22
2026-08-07 11:54:36.202;Pivô de Alta → Baixa (venda);-1;176900;2;3;1;3;1;100;336;104
2026-08-07 12:00:41.966;Pivô de Alta → Baixa (venda);-1;176800;1;8;6;8;1;350;76;39
2026-08-07 12:07:01.900;Pivô de Alta → Baixa (venda);-1;176450;1;3;1;3;4;100;1853;263
2026-08-07 12:11:59.360;Pivô de Baixa → Alta (compra);1;176450;3;4;2;4;2;150;757;98
2026-08-07 12:14:55.910;Pivô de Alta → Baixa (venda);-1;176500;4;2;0;2;8;50;249;75
2026-08-07 12:17:01.591;Pivô de Baixa → Alta (compra);1;176550;2;8;6;8;2;350;133;54
2026-08-07 12:26:02.133;Pivô de Alta → Baixa (venda);-1;176800;8;2;0;2;2;50;157;87
2026-08-07 12:32:05.929;Pivô de Baixa → Alta (compra);1;176850;2;2;0;2;1;50;262;50
2026-08-07 12:43:29.813;Pivô de Alta → Baixa (venda);-1;176800;1;6;4;6;2;250;231;117
2026-08-07 12:55:03.552;Pivô de Baixa → Alta (compra);1;176650;6;2;0;2;1;50;208;88
2026-08-07 13:06:17.286;Pivô de Baixa → Alta (compra);1;176700;1;2;0;2;10;50;294;164
2026-08-07 13:20:16.175;Pivô de Alta → Baixa (venda);-1;176650;2;10;8;10;2;450;99;53
2026-08-07 13:34:10.175;Pivô de Baixa → Alta (compra);1;176300;10;2;0;2;1;50;153;63
2026-08-07 13:38:17.794;Pivô de Baixa → Alta (compra);1;176350;1;3;1;3;1;100;112;42
2026-08-07 14:31:06.407;Pivô de Alta → Baixa (venda);-1;176350;1;3;1;3;3;100;251;61
2026-08-07 14:36:34.995;Pivô de Baixa → Alta (compra);1;176350;3;3;1;3;3;100;326;151
2026-08-07 14:43:02.117;Pivô de Alta → Baixa (venda);-1;176350;3;3;1;3;2;100;482;89
2026-08-07 15:15:43.162;Pivô de Baixa → Alta (compra);1;176350;3;2;0;2;2;50;1682;777
2026-08-07 15:28:08.030;Pivô de Alta → Baixa (venda);-1;176300;2;2;0;2;1;50;1302;581
2026-08-07 15:38:32.124;Pivô de Alta → Baixa (venda);-1;176250;1;4;2;4;1;150;296;165
2026-08-07 15:50:47.549;Pivô de Alta → Baixa (venda);-1;176100;1;5;3;5;6;200;127;50
2026-08-07 15:54:30.131;Pivô de Baixa → Alta (compra);1;176000;5;6;4;6;3;250;434;207
2026-08-07 16:20:33.816;Pivô de Alta → Baixa (venda);-1;176150;6;3;1;3;5;100;373;162
2026-08-07 16:27:19.419;Pivô de Baixa → Alta (compra);1;176150;3;5;3;5;2;200;65;31
2026-08-07 16:33:06.566;Pivô de Alta → Baixa (venda);-1;176250;5;2;0;2;1;50;1187;422
2026-08-07 16:49:11.821;Pivô de Alta → Baixa (venda);-1;176200;1;6;4;6;2;250;863;577
2026-08-07 17:33:14.747;Pivô de Baixa → Alta (compra);1;176050;6;2;0;2;3;50;1785;371
2026-08-07 17:56:08.904;Pivô de Alta → Baixa (venda);-1;176000;2;3;1;3;13;100;867;128
2026-08-07 18:08:44.657;Pivô de Baixa → Alta (compra);1;176000;3;13;11;13;4;600;49;11
2026-08-10 09:00:43.803;Pivô de Alta → Baixa (venda);-1;176500;13;4;2;4;3;150;8;2
2026-08-10 09:01:30.818;Pivô de Baixa → Alta (compra);1;176450;4;3;1;3;1;100;3;1
2026-08-10 09:01:47.970;Pivô de Baixa → Alta (compra);1;176550;1;15;13;15;2;700;1;1
2026-08-10 09:03:13.771;Pivô de Alta → Baixa (venda);-1;177150;15;2;0;2;1;50;257;19
2026-08-10 09:03:15.236;Pivô de Alta → Baixa (venda);-1;177100;1;7;5;7;5;300;52;38
2026-08-10 09:04:09.355;Pivô de Baixa → Alta (compra);1;176900;7;5;3;5;16;200;695;208
2026-08-10 09:05:29.531;Pivô de Alta → Baixa (venda);-1;177000;5;16;14;16;7;750;786;203
2026-08-10 09:19:44.369;Pivô de Baixa → Alta (compra);1;176350;16;7;5;7;4;300;762;106
2026-08-10 09:22:20.976;Pivô de Alta → Baixa (venda);-1;176550;7;4;2;4;1;150;1862;276
2026-08-10 09:28:16.276;Pivô de Baixa → Alta (compra);1;176500;1;6;4;6;4;250;487;139
2026-08-10 09:30:58.498;Pivô de Alta → Baixa (venda);-1;176650;6;4;2;4;3;150;117;47
2026-08-10 09:35:09.034;Pivô de Baixa → Alta (compra);1;176600;4;3;1;3;4;100;562;117
2026-08-10 09:36:10.771;Pivô de Alta → Baixa (venda);-1;176600;3;4;2;4;2;150;217;68
2026-08-10 09:49:41.501;Pivô de Baixa → Alta (compra);1;176550;4;2;0;2;6;50;1838;288
2026-08-10 09:56:17.021;Pivô de Alta → Baixa (venda);-1;176500;2;6;4;6;4;250;388;58
2026-08-10 10:04:49.873;Pivô de Baixa → Alta (compra);1;176350;6;4;2;4;4;150;491;69
2026-08-10 10:08:29.511;Pivô de Alta → Baixa (venda);-1;176400;4;4;2;4;3;150;238;80
2026-08-10 10:09:46.132;Pivô de Baixa → Alta (compra);1;176350;4;3;1;3;3;100;117;52
2026-08-10 10:10:29.166;Pivô de Alta → Baixa (venda);-1;176350;3;3;1;3;2;100;104;44
2026-08-10 10:11:28.043;Pivô de Baixa → Alta (compra);1;176350;3;2;0;2;1;50;310;67
2026-08-10 10:15:24.796;Pivô de Baixa → Alta (compra);1;176400;1;2;0;2;2;50;119;30
2026-08-10 10:16:16.406;Pivô de Alta → Baixa (venda);-1;176350;2;2;0;2;6;50;423;78
2026-08-10 10:17:47.319;Pivô de Baixa → Alta (compra);1;176400;2;6;4;6;11;250;923;189
2026-08-10 10:21:32.395;Pivô de Alta → Baixa (venda);-1;176550;6;11;9;11;1;500;742;151
2026-08-10 10:30:29.606;Pivô de Alta → Baixa (venda);-1;176050;1;2;0;2;4;50;1030;177
2026-08-10 10:31:15.103;Pivô de Baixa → Alta (compra);1;176100;2;4;2;4;2;150;490;138
2026-08-10 10:32:47.040;Pivô de Alta → Baixa (venda);-1;176150;4;2;0;2;4;50;797;144
2026-08-10 10:33:50.129;Pivô de Baixa → Alta (compra);1;176200;2;4;2;4;1;150;442;101
2026-08-10 10:35:16.457;Pivô de Baixa → Alta (compra);1;176350;1;6;4;6;2;250;207;89
2026-08-10 10:37:32.528;Pivô de Alta → Baixa (venda);-1;176500;6;2;0;2;1;50;92;32
2026-08-10 10:40:13.817;Pivô de Alta → Baixa (venda);-1;176450;1;2;0;2;1;50;188;73
2026-08-10 10:41:24.654;Pivô de Alta → Baixa (venda);-1;176400;1;8;6;8;1;350;169;30
2026-08-10 10:46:51.381;Pivô de Alta → Baixa (venda);-1;176050;1;4;2;4;2;150;220;58
2026-08-10 10:50:49.311;Pivô de Baixa → Alta (compra);1;176000;4;2;0;2;12;50;1532;208
2026-08-10 10:54:31.455;Pivô de Alta → Baixa (venda);-1;175950;2;12;10;12;2;550;758;89
2026-08-10 10:57:17.589;Pivô de Baixa → Alta (compra);1;175500;12;2;0;2;5;50;1061;242
2026-08-10 11:01:20.523;Pivô de Alta → Baixa (venda);-1;175450;2;5;3;5;5;200;353;80
2026-08-10 11:03:51.384;Pivô de Baixa → Alta (compra);1;175350;5;5;3;5;2;200;2691;442
2026-08-10 11:08:18.158;Pivô de Alta → Baixa (venda);-1;175450;5;2;0;2;5;50;379;124
2026-08-10 11:09:48.990;Pivô de Baixa → Alta (compra);1;175500;2;5;3;5;1;200;324;87
2026-08-10 11:12:27.963;Pivô de Baixa → Alta (compra);1;175700;1;2;0;2;5;50;388;149
2026-08-10 11:15:20.466;Pivô de Alta → Baixa (venda);-1;175650;2;5;3;5;4;200;595;44
2026-08-10 11:16:39.819;Pivô de Baixa → Alta (compra);1;175550;5;4;2;4;5;150;554;84
2026-08-10 11:18:03.879;Pivô de Alta → Baixa (venda);-1;175600;4;5;3;5;3;200;322;98
2026-08-10 11:21:18.438;Pivô de Baixa → Alta (compra);1;175500;5;3;1;3;2;100;93;32
2026-08-10 11:22:04.617;Pivô de Alta → Baixa (venda);-1;175500;3;2;0;2;8;50;1264;191
2026-08-10 11:28:56.581;Pivô de Baixa → Alta (compra);1;175550;2;8;6;8;1;350;1089;279
2026-08-10 11:43:35.333;Pivô de Baixa → Alta (compra);1;175900;1;8;6;8;8;350;165;32
2026-08-10 11:48:38.325;Pivô de Alta → Baixa (venda);-1;176150;8;8;6;8;4;350;1138;122
2026-08-10 11:55:27.691;Pivô de Baixa → Alta (compra);1;175900;8;4;2;4;2;150;451;40
2026-08-10 11:56:51.231;Pivô de Alta → Baixa (venda);-1;175950;4;2;0;2;1;50;1435;207
2026-08-10 12:06:44.011;Pivô de Alta → Baixa (venda);-1;175900;1;4;2;4;11;150;72;40
2026-08-10 12:10:15.186;Pivô de Baixa → Alta (compra);1;175850;4;11;9;11;10;500;1109;80
2026-08-10 12:27:35.705;Pivô de Alta → Baixa (venda);-1;176250;11;10;8;10;1;450;962;153
2026-08-10 12:49:15.463;Pivô de Alta → Baixa (venda);-1;175800;1;2;0;2;4;50;1949;302
2026-08-10 13:04:36.878;Pivô de Baixa → Alta (compra);1;175850;2;4;2;4;3;150;678;115
2026-08-10 13:19:26.979;Pivô de Alta → Baixa (venda);-1;175900;4;3;1;3;1;100;1192;160
2026-08-10 13:30:05.600;Pivô de Alta → Baixa (venda);-1;175800;1;2;0;2;3;50;750;111
2026-08-10 13:31:59.996;Pivô de Baixa → Alta (compra);1;175850;2;3;1;3;2;100;369;41
2026-08-10 13:37:33.147;Pivô de Alta → Baixa (venda);-1;175850;3;2;0;2;5;50;528;110
2026-08-10 13:44:03.084;Pivô de Baixa → Alta (compra);1;175900;2;5;3;5;7;200;1808;73
2026-08-10 13:50:01.201;Pivô de Alta → Baixa (venda);-1;176000;5;7;5;7;2;300;3175;451
2026-08-10 14:11:53.853;Pivô de Baixa → Alta (compra);1;175800;7;2;0;2;1;50;1328;198
2026-08-10 14:25:24.117;Pivô de Baixa → Alta (compra);1;175850;1;3;1;3;2;100;1030;247
2026-08-10 14:31:45.747;Pivô de Alta → Baixa (venda);-1;175850;3;2;0;2;1;50;832;133
2026-08-10 14:47:46.558;Pivô de Baixa → Alta (compra);1;175900;1;5;3;5;1;200;706;165
2026-08-10 15:01:02.745;Pivô de Baixa → Alta (compra);1;176100;1;2;0;2;3;50;531;172
2026-08-10 15:09:01.543;Pivô de Alta → Baixa (venda);-1;176050;2;3;1;3;1;100;801;134
2026-08-10 15:54:47.556;Pivô de Alta → Baixa (venda);-1;175950;1;3;1;3;6;100;2064;310
2026-08-10 16:04:25.721;Pivô de Baixa → Alta (compra);1;175950;3;6;4;6;2;250;1942;259
2026-08-10 16:24:58.451;Pivô de Alta → Baixa (venda);-1;176100;6;2;0;2;4;50;850;196
2026-08-10 16:31:41.992;Pivô de Baixa → Alta (compra);1;176150;2;4;2;4;7;150;2023;300
2026-08-10 16:41:13.922;Pivô de Alta → Baixa (venda);-1;176200;4;7;5;7;1;300;717;126
2026-08-10 17:09:37.930;Pivô de Alta → Baixa (venda);-1;175900;1;3;1;3;1;100;5151;978
2026-08-10 18:02:12.397;Pivô de Alta → Baixa (venda);-1;175800;1;2;0;2;5;50;804;154
2026-08-10 18:24:59.364;Pivô de Baixa → Alta (compra);1;175850;2;5;3;5;3;200;10;3
2026-08-11 09:00:32.146;Pivô de Alta → Baixa (venda);-1;175950;5;3;1;3;1;100;7;3
2026-08-11 09:00:43.565;Pivô de Baixa → Alta (compra);1;175950;1;5;3;5;5;200;49;23
2026-08-11 09:00:49.548;Pivô de Alta → Baixa (venda);-1;176050;5;5;3;5;1;200;37;10
2026-08-11 09:01:08.463;Pivô de Alta → Baixa (venda);-1;175850;1;6;4;6;1;250;991;286
2026-08-11 09:03:04.044;Pivô de Alta → Baixa (venda);-1;175600;1;7;5;7;2;300;128;52
2026-08-11 09:03:08.076;Pivô de Baixa → Alta (compra);1;175400;7;2;0;2;5;50;168;81
2026-08-11 09:03:10.770;Pivô de Alta → Baixa (venda);-1;175350;2;5;3;5;4;200;256;119
2026-08-11 09:03:20.381;Pivô de Baixa → Alta (compra);1;175250;5;4;2;4;2;150;130;80
2026-08-11 09:03:27.448;Pivô de Alta → Baixa (venda);-1;175300;4;2;0;2;2;50;86;42
2026-08-11 09:03:34.875;Pivô de Baixa → Alta (compra);1;175350;2;2;0;2;5;50;102;67
2026-08-11 09:03:48.262;Pivô de Alta → Baixa (venda);-1;175300;2;5;3;5;6;200;372;115
2026-08-11 09:04:04.443;Pivô de Baixa → Alta (compra);1;175200;5;6;4;6;4;250;473;192
2026-08-11 09:04:32.491;Pivô de Alta → Baixa (venda);-1;175350;6;4;2;4;7;150;67;38
2026-08-11 09:04:45.989;Pivô de Baixa → Alta (compra);1;175300;4;7;5;7;2;300;362;100
2026-08-11 09:05:07.516;Pivô de Alta → Baixa (venda);-1;175500;7;2;0;2;10;50;210;61
2026-08-11 09:05:17.902;Pivô de Baixa → Alta (compra);1;175550;2;10;8;10;7;450;2205;501
2026-08-11 09:06:31.943;Pivô de Alta → Baixa (venda);-1;175900;10;7;5;7;2;300;189;64
2026-08-11 09:07:24.980;Pivô de Baixa → Alta (compra);1;175700;7;2;0;2;5;50;2843;546
2026-08-11 09:09:26.003;Pivô de Alta → Baixa (venda);-1;175650;2;5;3;5;1;200;1835;381
2026-08-11 09:20:33.283;Pivô de Alta → Baixa (venda);-1;175450;1;2;0;2;1;50;1332;272
2026-08-11 09:21:46.383;Pivô de Alta → Baixa (venda);-1;175400;1;2;0;2;1;50;2108;338
2026-08-11 09:27:03.852;Pivô de Baixa → Alta (compra);1;175450;1;6;4;6;6;250;1107;211
2026-08-11 09:31:02.783;Pivô de Alta → Baixa (venda);-1;175600;6;6;4;6;3;250;1474;270
2026-08-11 09:37:18.759;Pivô de Baixa → Alta (compra);1;175450;6;3;1;3;1;100;2953;549
2026-08-11 09:43:11.447;Pivô de Baixa → Alta (compra);1;175550;1;2;0;2;3;50;3401;837
2026-08-11 09:53:20.761;Pivô de Alta → Baixa (venda);-1;175500;2;3;1;3;3;100;2111;237
2026-08-11 09:55:08.859;Pivô de Baixa → Alta (compra);1;175500;3;3;1;3;2;100;2060;390
2026-08-11 10:00:23.880;Pivô de Alta → Baixa (venda);-1;175500;3;2;0;2;5;50;305;46
2026-08-11 10:00:27.000;Pivô de Baixa → Alta (compra);1;175550;2;5;3;5;1;200;2787;377
2026-08-11 10:05:10.492;Pivô de Baixa → Alta (compra);1;175750;1;2;0;2;7;50;2564;439
2026-08-11 10:07:34.544;Pivô de Alta → Baixa (venda);-1;175700;2;7;5;7;1;300;1442;337
2026-08-11 10:18:43.294;Pivô de Alta → Baixa (venda);-1;175400;1;3;1;3;1;100;1917;212
2026-08-11 10:22:10.630;Pivô de Alta → Baixa (venda);-1;175300;1;2;0;2;3;50;965;190
2026-08-11 10:23:12.308;Pivô de Baixa → Alta (compra);1;175350;2;3;1;3;6;100;2338;324
2026-08-11 10:24:23.706;Pivô de Alta → Baixa (venda);-1;175350;3;6;4;6;1;250;885;212
2026-08-11 10:29:59.794;Pivô de Alta → Baixa (venda);-1;175100;1;5;3;5;5;200;1410;213
2026-08-11 10:30:55.903;Pivô de Baixa → Alta (compra);1;175000;5;5;3;5;5;200;2168;226
2026-08-11 10:32:33.358;Pivô de Alta → Baixa (venda);-1;175100;5;5;3;5;8;200;984;130
2026-08-11 10:34:05.858;Pivô de Baixa → Alta (compra);1;175000;5;8;6;8;1;350;1926;305
2026-08-11 10:38:12.252;Pivô de Alta → Baixa (venda);-1;175250;1;2;0;2;5;50;2226;578
2026-08-11 10:40:09.532;Pivô de Baixa → Alta (compra);1;175300;2;5;3;5;3;200;1897;369
2026-08-11 10:41:45.700;Pivô de Alta → Baixa (venda);-1;175400;5;3;1;3;1;100;1353;217
2026-08-11 10:44:31.742;Pivô de Baixa → Alta (compra);1;175400;1;4;2;4;8;150;737;150
2026-08-11 10:45:17.052;Pivô de Alta → Baixa (venda);-1;175450;4;8;6;8;1;350;2428;478
2026-08-11 10:51:40.658;Pivô de Alta → Baixa (venda);-1;175100;1;7;5;7;3;300;445;149
2026-08-11 10:54:18.754;Pivô de Baixa → Alta (compra);1;174900;7;3;1;3;5;100;4205;709
2026-08-11 10:57:12.673;Pivô de Alta → Baixa (venda);-1;174900;3;5;3;5;3;200;757;180
2026-08-11 11:00:16.324;Pivô de Baixa → Alta (compra);1;174800;5;3;1;3;4;100;874;150
2026-08-11 11:00:57.758;Pivô de Alta → Baixa (venda);-1;174800;3;4;2;4;1;150;611;164
2026-08-11 11:07:42.582;Pivô de Baixa → Alta (compra);1;174750;1;2;0;2;12;50;3175;653
2026-08-11 11:10:27.832;Pivô de Alta → Baixa (venda);-1;174700;2;12;10;12;1;550;2208;311
2026-08-11 11:20:31.528;Pivô de Alta → Baixa (venda);-1;174150;1;2;0;2;2;50;1760;446
2026-08-11 11:22:49.453;Pivô de Baixa → Alta (compra);1;174200;2;2;0;2;2;50;1607;347
2026-08-11 11:24:10.467;Pivô de Alta → Baixa (venda);-1;174150;2;2;0;2;2;50;3605;838
2026-08-11 11:32:05.340;Pivô de Baixa → Alta (compra);1;174200;2;2;0;2;12;50;1424;366
2026-08-11 11:34:21.440;Pivô de Alta → Baixa (venda);-1;174150;2;12;10;12;3;550;2059;580
2026-08-11 11:55:31.957;Pivô de Baixa → Alta (compra);1;173700;12;3;1;3;16;100;4067;913
2026-08-11 12:00:20.422;Pivô de Alta → Baixa (venda);-1;173700;3;16;14;16;3;750;3521;716
2026-08-11 12:15:32.106;Pivô de Baixa → Alta (compra);1;173050;16;3;1;3;15;100;886;204
2026-08-11 12:22:06.017;Pivô de Alta → Baixa (venda);-1;173050;3;15;13;15;3;700;2334;464
2026-08-11 12:41:33.925;Pivô de Baixa → Alta (compra);1;172450;15;3;1;3;5;100;3180;427
2026-08-11 12:46:43.664;Pivô de Alta → Baixa (venda);-1;172450;3;5;3;5;1;200;3568;273
2026-08-11 13:03:20.758;Pivô de Baixa → Alta (compra);1;172350;1;7;5;7;9;300;4549;389
2026-08-11 13:14:43.149;Pivô de Alta → Baixa (venda);-1;172550;7;9;7;9;1;400;3099;476
2026-08-11 13:36:07.902;Pivô de Baixa → Alta (compra);1;172250;1;2;0;2;10;50;3556;604
2026-08-11 13:41:12.900;Pivô de Alta → Baixa (venda);-1;172200;2;10;8;10;1;450;2145;420
2026-08-11 14:01:17.728;Pivô de Alta → Baixa (venda);-1;171750;1;7;5;7;2;300;7575;1096
2026-08-11 14:16:34.860;Pivô de Baixa → Alta (compra);1;171550;7;2;0;2;3;50;3196;570
2026-08-11 14:19:10.900;Pivô de Alta → Baixa (venda);-1;171500;2;3;1;3;2;100;3986;487
2026-08-11 14:26:15.537;Pivô de Baixa → Alta (compra);1;171500;3;2;0;2;1;50;1995;326
2026-08-11 14:30:24.181;Pivô de Baixa → Alta (compra);1;171550;1;3;1;3;4;100;9040;1597
2026-08-11 14:49:06.643;Pivô de Alta → Baixa (venda);-1;171550;3;4;2;4;1;150;4060;902
2026-08-11 15:01:24.041;Pivô de Alta → Baixa (venda);-1;171400;1;6;4;6;1;250;3103;326
2026-08-11 15:12:09.326;Pivô de Alta → Baixa (venda);-1;171150;1;3;1;3;2;100;3562;641
2026-08-11 15:20:38.889;Pivô de Baixa → Alta (compra);1;171150;3;2;0;2;1;50;5947;1032
2026-08-11 15:28:07.981;Pivô de Baixa → Alta (compra);1;171200;1;5;3;5;5;200;1695;271
2026-08-11 15:31:50.696;Pivô de Alta → Baixa (venda);-1;171300;5;5;3;5;10;200;1301;242
2026-08-11 15:49:42.995;Pivô de Baixa → Alta (compra);1;171200;5;10;8;10;7;450;5976;1226
2026-08-11 16:08:31.948;Pivô de Alta → Baixa (venda);-1;171550;10;7;5;7;2;300;2328;432
2026-08-11 16:20:03.365;Pivô de Baixa → Alta (compra);1;171350;7;2;0;2;1;50;5106;831
2026-08-11 16:31:43.333;Pivô de Alta → Baixa (venda);-1;171300;1;4;2;4;7;150;2989;598
2026-08-11 16:38:48.535;Pivô de Baixa → Alta (compra);1;171250;4;7;5;7;2;300;6375;1043
2026-08-11 17:11:06.162;Pivô de Alta → Baixa (venda);-1;171450;7;2;0;2;1;50;3177;817
2026-08-11 17:22:35.657;Pivô de Alta → Baixa (venda);-1;171400;1;3;1;3;18;100;21889;3219
2026-08-11 18:15:52.511;Pivô de Baixa → Alta (compra);1;171400;3;18;16;18;7;850;99;5
2026-08-12 09:00:46.669;Pivô de Alta → Baixa (venda);-1;172150;18;7;5;7;1;300;44612;24
2026-08-12 09:00:46.691;Pivô de Baixa → Alta (compra);1;171950;1;2;0;2;2;50;2;1
2026-08-12 09:00:46.691;Pivô de Alta → Baixa (venda);-1;171900;2;2;0;2;2;50;31;9
2026-08-12 09:00:46.693;Pivô de Baixa → Alta (compra);1;171950;2;2;0;2;2;50;16;2
2026-08-12 09:00:46.694;Pivô de Alta → Baixa (venda);-1;171900;2;2;0;2;4;50;24;9
2026-08-12 09:00:46.696;Pivô de Baixa → Alta (compra);1;171950;2;4;2;4;3;150;129;17
2026-08-12 09:00:46.707;Pivô de Alta → Baixa (venda);-1;172000;4;3;1;3;1;100;112;32
2026-08-12 09:00:46.769;Pivô de Alta → Baixa (venda);-1;171900;1;3;1;3;1;100;1116;237
2026-08-12 09:00:47.128;Pivô de Baixa → Alta (compra);1;171900;1;2;0;2;2;50;2;2
2026-08-12 09:00:47.128;Pivô de Alta → Baixa (venda);-1;171850;2;2;0;2;2;50;10;3
2026-08-12 09:00:47.130;Pivô de Baixa → Alta (compra);1;171900;2;2;0;2;1;50;159;59
2026-08-12 09:00:47.199;Pivô de Alta → Baixa (venda);-1;171850;1;5;3;5;2;200;634;245
2026-08-12 09:00:48.614;Pivô de Baixa → Alta (compra);1;171750;5;2;0;2;1;50;797;150
2026-08-12 09:00:50.349;Pivô de Baixa → Alta (compra);1;171800;1;3;1;3;1;100;1025;251
2026-08-12 09:00:52.124;Pivô de Baixa → Alta (compra);1;171900;1;7;5;7;3;300;1399;331
2026-08-12 09:00:57.338;Pivô de Alta → Baixa (venda);-1;172100;7;3;1;3;1;100;775;103
2026-08-12 09:00:58.932;Pivô de Alta → Baixa (venda);-1;172000;1;7;5;7;3;300;1527;386
2026-08-12 09:01:00.479;Pivô de Baixa → Alta (compra);1;171800;7;3;1;3;3;100;2352;667
2026-08-12 09:01:04.590;Pivô de Alta → Baixa (venda);-1;171800;3;3;1;3;2;100;1349;262
2026-08-12 09:01:06.434;Pivô de Baixa → Alta (compra);1;171800;3;2;0;2;9;50;2713;583
2026-08-12 09:01:11.842;Pivô de Alta → Baixa (venda);-1;171750;2;9;7;9;1;400;5391;1141
2026-08-12 09:01:25.709;Pivô de Baixa → Alta (compra);1;171450;1;2;0;2;2;50;169;38
2026-08-12 09:01:25.783;Pivô de Alta → Baixa (venda);-1;171400;2;2;0;2;1;50;2355;667
2026-08-12 09:01:26.671;Pivô de Alta → Baixa (venda);-1;171350;1;2;0;2;3;50;5274;1167
2026-08-12 09:01:30.950;Pivô de Baixa → Alta (compra);1;171400;2;3;1;3;1;100;1576;279
2026-08-12 09:01:32.603;Pivô de Baixa → Alta (compra);1;171500;1;2;0;2;1;50;2073;442
2026-08-12 09:01:35.326;Pivô de Baixa → Alta (compra);1;171550;1;3;1;3;3;100;1974;395
2026-08-12 09:01:45.261;Pivô de Alta → Baixa (venda);-1;171550;3;3;1;3;2;100;2400;426
2026-08-12 09:01:48.622;Pivô de Baixa → Alta (compra);1;171550;3;2;0;2;3;50;5564;914
2026-08-12 09:01:53.668;Pivô de Alta → Baixa (venda);-1;171500;2;3;1;3;2;100;3733;559
2026-08-12 09:01:59.369;Pivô de Baixa → Alta (compra);1;171500;3;2;0;2;6;50;1737;274
2026-08-12 09:02:00.128;Pivô de Alta → Baixa (venda);-1;171450;2;6;4;6;16;250;2059;432
2026-08-12 09:02:04.729;Pivô de Baixa → Alta (compra);1;171300;6;16;14;16;6;750;3010;633
2026-08-12 09:02:23.406;Pivô de Alta → Baixa (venda);-1;171950;16;6;4;6;3;250;3765;769
2026-08-12 09:02:24.829;Pivô de Baixa → Alta (compra);1;171800;6;3;1;3;1;100;1797;264
2026-08-12 09:02:25.684;Pivô de Alta → Baixa (venda);-1;171800;1;2;0;2;2;50;2777;589
2026-08-12 09:02:27.118;Pivô de Baixa → Alta (compra);1;171850;2;2;0;2;1;50;373;46
2026-08-12 09:02:27.732;Pivô de Alta → Baixa (venda);-1;171800;1;4;2;4;1;150;994;150
2026-08-12 09:02:31.599;Pivô de Alta → Baixa (venda);-1;171650;1;6;4;6;6;250;2702;489
2026-08-12 09:02:39.522;Pivô de Baixa → Alta (compra);1;171500;6;6;4;6;3;250;7328;1039
2026-08-12 09:02:55.525;Pivô de Alta → Baixa (venda);-1;171650;6;3;1;3;2;100;806;98
2026-08-12 09:03:05.429;Pivô de Baixa → Alta (compra);1;171650;3;2;0;2;4;50;15774;2418
2026-08-12 09:03:19.224;Pivô de Alta → Baixa (venda);-1;171600;2;4;2;4;2;150;2888;353
2026-08-12 09:03:23.736;Pivô de Baixa → Alta (compra);1;171550;4;2;0;2;3;50;2570;472
2026-08-12 09:03:27.144;Pivô de Alta → Baixa (venda);-1;171500;2;3;1;3;1;100;4970;778
2026-08-12 09:03:45.775;Pivô de Baixa → Alta (compra);1;171500;1;2;0;2;1;50;8437;1195
2026-08-12 09:04:16.564;Pivô de Alta → Baixa (venda);-1;171450;1;3;1;3;2;100;4498;647
2026-08-12 09:04:50.963;Pivô de Baixa → Alta (compra);1;171450;3;2;0;2;1;50;5431;673
2026-08-12 09:04:58.149;Pivô de Baixa → Alta (compra);1;171500;1;2;0;2;6;50;6256;944
2026-08-12 09:05:07.796;Pivô de Alta → Baixa (venda);-1;171450;2;6;4;6;5;250;15259;1891
2026-08-12 09:05:56.948;Pivô de Baixa → Alta (compra);1;171300;6;5;3;5;2;200;11248;1364
2026-08-12 09:06:45.371;Pivô de Alta → Baixa (venda);-1;171400;5;2;0;2;5;50;19575;2384
2026-08-12 09:07:23.672;Pivô de Baixa → Alta (compra);1;171450;2;5;3;5;7;200;5838;573
2026-08-12 09:09:17.942;Pivô de Alta → Baixa (venda);-1;171550;5;7;5;7;3;300;3744;419
2026-08-12 09:10:48.770;Pivô de Baixa → Alta (compra);1;171350;7;3;1;3;1;100;22894;2900
2026-08-12 09:12:27.905;Pivô de Baixa → Alta (compra);1;171450;1;6;4;6;1;250;26470;2987
2026-08-12 09:15:38.454;Pivô de Alta → Baixa (venda);-1;171600;1;4;2;4;1;150;20061;2566
2026-08-12 09:19:34.450;Pivô de Alta → Baixa (venda);-1;171450;1;3;1;3;1;100;49239;5710
2026-08-12 09:25:02.974;Pivô de Baixa → Alta (compra);1;171450;1;5;3;5;3;200;15404;1470
2026-08-12 09:26:52.142;Pivô de Alta → Baixa (venda);-1;171550;5;3;1;3;1;100;21731;2468
2026-08-12 09:29:05.947;Pivô de Baixa → Alta (compra);1;171550;1;2;0;2;1;50;12292;1770
2026-08-12 09:30:00.819;Pivô de Alta → Baixa (venda);-1;171500;1;9;7;9;1;400;816;155
2026-08-12 09:30:01.425;Pivô de Alta → Baixa (venda);-1;171100;1;2;0;2;7;50;451;28
2026-08-12 09:30:01.437;Pivô de Baixa → Alta (compra);1;171150;2;7;5;7;1;300;257;3
2026-08-12 09:30:10.160;Pivô de Alta → Baixa (venda);-1;171350;1;2;0;2;1;50;4850;760
2026-08-12 09:30:29.630;Pivô de Alta → Baixa (venda);-1;171300;1;2;0;2;3;50;10193;1226
2026-08-12 09:31:10.689;Pivô de Baixa → Alta (compra);1;171350;2;3;1;3;1;100;27113;3032
2026-08-12 09:33:22.966;Pivô de Baixa → Alta (compra);1;171450;1;3;1;3;3;100;18676;2271
2026-08-12 09:34:05.195;Pivô de Alta → Baixa (venda);-1;171450;3;3;1;3;3;100;31770;4065
2026-08-12 09:35:15.555;Pivô de Baixa → Alta (compra);1;171450;3;3;1;3;1;100;63244;7520
2026-08-12 09:42:11.684;Pivô de Alta → Baixa (venda);-1;171450;1;2;0;2;8;50;56645;6212
2026-08-12 09:46:08.463;Pivô de Baixa → Alta (compra);1;171500;2;8;6;8;1;350;35336;3808
2026-08-12 09:50:15.369;Pivô de Baixa → Alta (compra);1;171850;1;2;0;2;3;50;41901;4815
2026-08-12 09:51:46.672;Pivô de Alta → Baixa (venda);-1;171800;2;3;1;3;2;100;20918;1830
2026-08-12 09:52:27.330;Pivô de Baixa → Alta (compra);1;171800;3;2;0;2;1;50;84715;9445
2026-08-12 09:59:37.505;Pivô de Alta → Baixa (venda);-1;171750;1;4;2;4;7;150;20568;2250
2026-08-12 10:00:13.095;Pivô de Baixa → Alta (compra);1;171700;4;7;5;7;13;300;42528;3816
2026-08-12 10:02:27.073;Pivô de Alta → Baixa (venda);-1;171900;7;13;11;13;3;600;67297;6920
2026-08-12 10:07:39.254;Pivô de Baixa → Alta (compra);1;171400;13;3;1;3;2;100;48665;5271
2026-08-12 10:09:04.505;Pivô de Alta → Baixa (venda);-1;171400;3;2;0;2;1;50;12108;1106
2026-08-12 10:11:09.267;Pivô de Alta → Baixa (venda);-1;171350;1;5;3;5;2;200;27993;2713
2026-08-12 10:12:44.070;Pivô de Baixa → Alta (compra);1;171250;5;2;0;2;2;50;22898;2187
2026-08-12 10:13:02.712;Pivô de Alta → Baixa (venda);-1;171200;2;2;0;2;2;50;10584;901
2026-08-12 10:13:08.569;Pivô de Baixa → Alta (compra);1;171250;2;2;0;2;2;50;115500;10977
2026-08-12 10:15:23.115;Pivô de Alta → Baixa (venda);-1;171200;2;2;0;2;1;50;9571;829
2026-08-12 10:15:40.093;Pivô de Alta → Baixa (venda);-1;171150;1;2;0;2;2;50;1282;31
2026-08-12 10:15:40.121;Pivô de Baixa → Alta (compra);1;171200;2;2;0;2;2;50;1924;41
2026-08-12 10:15:40.129;Pivô de Alta → Baixa (venda);-1;171150;2;2;0;2;1;50;2592;77
2026-08-12 10:15:52.425;Pivô de Alta → Baixa (venda);-1;171100;1;2;0;2;1;50;31858;3470
2026-08-12 10:17:04.391;Pivô de Alta → Baixa (venda);-1;171050;1;7;5;7;2;300;16472;1644
2026-08-12 10:19:37.664;Pivô de Baixa → Alta (compra);1;170850;7;2;0;2;5;50;20960;1970
2026-08-12 10:20:07.967;Pivô de Alta → Baixa (venda);-1;170800;2;5;3;5;1;200;16849;1138
2026-08-12 10:22:21.972;Pivô de Alta → Baixa (venda);-1;170600;1;2;0;2;3;50;40067;3786
2026-08-12 10:23:30.872;Pivô de Baixa → Alta (compra);1;170650;2;3;1;3;1;100;29867;2853
2026-08-12 10:25:47.433;Pivô de Baixa → Alta (compra);1;170750;1;10;8;10;3;450;31888;2660
2026-08-12 10:27:27.614;Pivô de Alta → Baixa (venda);-1;171100;10;3;1;3;1;100;39674;3582
2026-08-12 10:29:42.745;Pivô de Alta → Baixa (venda);-1;171000;1;6;4;6;1;250;40884;3135
2026-08-12 10:31:33.969;Pivô de Baixa → Alta (compra);1;170850;1;12;10;12;2;550;25794;2337
2026-08-12 10:32:20.412;Pivô de Alta → Baixa (venda);-1;171300;12;2;0;2;1;50;9135;1106
2026-08-12 10:32:59.094;Pivô de Baixa → Alta (compra);1;171350;1;9;7;9;3;400;40608;3932
2026-08-12 10:33:49.516;Pivô de Alta → Baixa (venda);-1;171650;9;3;1;3;4;100;33134;2875
2026-08-12 10:34:18.059;Pivô de Baixa → Alta (compra);1;171650;3;4;2;4;3;150;9287;852
2026-08-12 10:34:29.940;Pivô de Alta → Baixa (venda);-1;171700;4;3;1;3;4;100;27110;2225
2026-08-12 10:34:45.864;Pivô de Baixa → Alta (compra);1;171700;3;4;2;4;6;150;24463;2191
2026-08-12 10:35:10.417;Pivô de Alta → Baixa (venda);-1;171750;4;6;4;6;1;250;20827;2077
2026-08-12 10:35:44.814;Pivô de Alta → Baixa (venda);-1;171500;1;2;0;2;1;50;9690;1079
2026-08-12 10:36:02.757;Pivô de Alta → Baixa (venda);-1;171450;1;4;2;4;1;150;11412;1372
2026-08-12 10:37:00.896;Pivô de Alta → Baixa (venda);-1;171300;1;7;5;7;3;300;19271;1834
2026-08-12 10:39:10.562;Pivô de Baixa → Alta (compra);1;171100;7;3;1;3;2;100;50497;4730
2026-08-12 10:40:02.810;Pivô de Alta → Baixa (venda);-1;171100;3;2;0;2;1;50;28137;2709
2026-08-12 10:40:49.328;Pivô de Baixa → Alta (compra);1;171150;1;6;4;6;2;250;18084;1610
2026-08-12 10:41:44.952;Pivô de Alta → Baixa (venda);-1;171300;6;2;0;2;1;50;15419;1497
2026-08-12 10:42:29.668;Pivô de Alta → Baixa (venda);-1;171250;1;7;5;7;4;300;10585;940
2026-08-12 10:43:16.410;Pivô de Baixa → Alta (compra);1;171050;7;4;2;4;2;150;49858;4904
2026-08-12 10:44:18.576;Pivô de Alta → Baixa (venda);-1;171100;4;2;0;2;4;50;12741;1256
2026-08-12 10:44:53.013;Pivô de Baixa → Alta (compra);1;171150;2;4;2;4;8;150;17985;1494
2026-08-12 10:45:13.098;Pivô de Alta → Baixa (venda);-1;171200;4;8;6;8;5;350;5449;457
2026-08-12 10:46:42.370;Pivô de Baixa → Alta (compra);1;170950;8;5;3;5;1;200;24314;2538
2026-08-12 10:47:42.537;Pivô de Baixa → Alta (compra);1;171150;1;2;0;2;3;50;12579;1218
2026-08-12 10:48:13.318;Pivô de Alta → Baixa (venda);-1;171100;2;3;1;3;3;100;18567;1688
2026-08-12 10:49:08.962;Pivô de Baixa → Alta (compra);1;171100;3;3;1;3;6;100;34734;3054
2026-08-12 10:50:20.783;Pivô de Alta → Baixa (venda);-1;171100;3;6;4;6;4;250;29814;2807
2026-08-12 10:51:34.322;Pivô de Baixa → Alta (compra);1;170950;6;4;2;4;3;150;21894;1748
2026-08-12 10:52:08.783;Pivô de Alta → Baixa (venda);-1;171000;4;3;1;3;2;100;6939;611
2026-08-12 10:52:22.993;Pivô de Baixa → Alta (compra);1;171000;3;2;0;2;2;50;31314;3100
2026-08-12 10:53:29.633;Pivô de Alta → Baixa (venda);-1;170950;2;2;0;2;3;50;51450;5121
2026-08-12 10:55:21.366;Pivô de Baixa → Alta (compra);1;171000;2;3;1;3;2;100;25670;2313
2026-08-12 10:57:34.577;Pivô de Alta → Baixa (venda);-1;171000;3;2;0;2;1;50;24983;2300
2026-08-12 11:00:59.706;Pivô de Baixa → Alta (compra);1;171050;1;10;8;10;3;450;5864;569
2026-08-12 11:05:05.919;Pivô de Alta → Baixa (venda);-1;171400;10;3;1;3;2;100;15619;1476
2026-08-12 11:05:57.003;Pivô de Baixa → Alta (compra);1;171400;3;2;0;2;1;50;89276;7985
2026-08-12 11:10:41.381;Pivô de Alta → Baixa (venda);-1;171350;1;8;6;8;2;350;7952;937
2026-08-12 11:12:12.428;Pivô de Baixa → Alta (compra);1;171100;8;2;0;2;3;50;23147;2111
2026-08-12 11:14:36.796;Pivô de Alta → Baixa (venda);-1;171050;2;3;1;3;8;100;46372;4039
2026-08-12 11:16:25.657;Pivô de Baixa → Alta (compra);1;171050;3;8;6;8;1;350;32346;2853
2026-08-12 11:18:51.621;Pivô de Baixa → Alta (compra);1;171400;1;2;0;2;1;50;24647;2292
2026-08-12 11:20:16.766;Pivô de Baixa → Alta (compra);1;171450;1;6;4;6;4;250;36192;2841
2026-08-12 11:21:05.437;Pivô de Alta → Baixa (venda);-1;171600;6;4;2;4;5;150;25549;2360
2026-08-12 11:22:38.463;Pivô de Baixa → Alta (compra);1;171550;4;5;3;5;6;200;27322;2379
2026-08-12 11:27:31.906;Pivô de Alta → Baixa (venda);-1;171650;5;6;4;6;3;250;9288;837
2026-08-12 11:28:15.031;Pivô de Baixa → Alta (compra);1;171500;6;3;1;3;2;100;58151;4041
2026-08-12 11:28:49.583;Pivô de Alta → Baixa (venda);-1;171500;3;2;0;2;3;50;48181;3812
2026-08-12 11:29:47.540;Pivô de Baixa → Alta (compra);1;171550;2;3;1;3;2;100;12368;640
2026-08-12 11:30:07.519;Pivô de Alta → Baixa (venda);-1;171550;3;2;0;2;1;50;25335;1668
2026-08-12 11:30:52.535;Pivô de Alta → Baixa (venda);-1;171500;1;2;0;2;5;50;21388;1439
2026-08-12 11:31:10.537;Pivô de Baixa → Alta (compra);1;171550;2;5;3;5;7;200;15987;1202
2026-08-12 11:32:18.604;Pivô de Alta → Baixa (venda);-1;171650;5;7;5;7;1;300;36551;2640
2026-08-12 11:36:06.664;Pivô de Alta → Baixa (venda);-1;171350;1;2;0;2;2;50;18531;1482
2026-08-12 11:36:34.184;Pivô de Baixa → Alta (compra);1;171400;2;2;0;2;4;50;23083;1761
2026-08-12 11:37:23.722;Pivô de Alta → Baixa (venda);-1;171350;2;4;2;4;3;150;51869;4538
2026-08-12 11:45:17.872;Pivô de Baixa → Alta (compra);1;171300;4;3;1;3;6;100;34333;3174
2026-08-12 11:46:16.833;Pivô de Alta → Baixa (venda);-1;171300;3;6;4;6;2;250;22997;2046
2026-08-12 11:51:06.674;Pivô de Baixa → Alta (compra);1;171150;6;2;0;2;5;50;30323;2942
2026-08-12 11:51:45.456;Pivô de Alta → Baixa (venda);-1;171100;2;5;3;5;1;200;23827;1707
2026-08-12 11:53:49.019;Pivô de Baixa → Alta (compra);1;171000;1;7;5;7;3;300;36791;3435
2026-08-12 11:59:13.793;Pivô de Alta → Baixa (venda);-1;171200;7;3;1;3;2;100;30527;2541
2026-08-12 12:02:58.591;Pivô de Baixa → Alta (compra);1;171200;3;2;0;2;2;50;26626;2481
2026-08-12 12:04:44.034;Pivô de Alta → Baixa (venda);-1;171150;2;2;0;2;1;50;61409;5603
2026-08-12 12:09:06.927;Pivô de Alta → Baixa (venda);-1;171100;1;3;1;3;3;100;19420;1713
2026-08-12 12:11:14.746;Pivô de Baixa → Alta (compra);1;171100;3;3;1;3;1;100;16103;1524
2026-08-12 12:13:12.062;Pivô de Baixa → Alta (compra);1;171200;1;6;4;6;2;250;49107;4708
2026-08-12 12:21:05.407;Pivô de Alta → Baixa (venda);-1;171350;6;2;0;2;1;50;50360;4461
2026-08-12 12:26:02.101;Pivô de Alta → Baixa (venda);-1;171300;1;6;4;6;4;250;83048;8008
2026-08-12 12:48:22.051;Pivô de Baixa → Alta (compra);1;171150;6;4;2;4;2;150;137703;14297
2026-08-12 13:02:00.160;Pivô de Alta → Baixa (venda);-1;171200;4;2;0;2;8;50;87460;9201
2026-08-12 13:09:15.466;Pivô de Baixa → Alta (compra);1;171250;2;8;6;8;6;350;20197;1433
2026-08-12 13:20:48.104;Pivô de Alta → Baixa (venda);-1;171500;8;6;4;6;5;250;67348;7315
2026-08-12 13:50:03.728;Pivô de Baixa → Alta (compra);1;171350;6;5;3;5;4;200;44547;4420
2026-08-12 13:54:59.120;Pivô de Alta → Baixa (venda);-1;171450;5;4;2;4;6;150;12780;714
2026-08-12 14:04:56.984;Pivô de Baixa → Alta (compra);1;171400;4;6;4;6;3;250;76348;6639
2026-08-12 14:10:51.497;Pivô de Alta → Baixa (venda);-1;171550;6;3;1;3;1;100;26520;2009
2026-08-12 14:14:28.875;Pivô de Alta → Baixa (venda);-1;171450;1;2;0;2;1;50;33043;3131
2026-08-12 14:23:29.896;Pivô de Alta → Baixa (venda);-1;171400;1;5;3;5;1;200;40435;3686
2026-08-12 14:40:31.966;Pivô de Baixa → Alta (compra);1;171300;1;5;3;5;7;200;44717;3878
2026-08-12 14:50:35.863;Pivô de Alta → Baixa (venda);-1;171400;5;7;5;7;1;300;136076;12876
2026-08-12 15:21:21.632;Pivô de Alta → Baixa (venda);-1;171100;1;6;4;6;4;250;82772;7818
2026-08-12 15:38:26.633;Pivô de Baixa → Alta (compra);1;170950;6;4;2;4;1;150;112736;10326
2026-08-12 15:54:29.147;Pivô de Baixa → Alta (compra);1;171100;1;7;5;7;10;300;58151;5210
2026-08-12 16:09:31.943;Pivô de Alta → Baixa (venda);-1;171300;7;10;8;10;1;450;16689;1499
2026-08-12 16:55:06.616;Pivô de Alta → Baixa (venda);-1;170850;1;2;0;2;3;50;50314;4889
2026-08-12 17:00:32.653;Pivô de Baixa → Alta (compra);1;170900;2;3;1;3;8;100;64281;6004
2026-08-12 17:06:10.219;Pivô de Alta → Baixa (venda);-1;170900;3;8;6;8;1;350;46452;4539
2026-08-12 17:33:13.207;Pivô de Alta → Baixa (venda);-1;170550;1;6;4;6;1;250;59402;5570
2026-08-12 18:02:44.533;Pivô de Alta → Baixa (venda);-1;170300;1;2;0;2;2;50;30359;5000
2026-08-12 18:14:29.837;Pivô de Baixa → Alta (compra);1;170350;2;2;0;2;1;50;13868;1295
2026-08-12 18:24:57.870;Pivô de Baixa → Alta (compra);1;170400;1;9;7;9;7;400;418;30
2026-08-13 09:03:02.923;Pivô de Alta → Baixa (venda);-1;170700;9;7;5;7;4;300;2986;310
2026-08-13 09:03:05.963;Pivô de Baixa → Alta (compra);1;170500;7;4;2;4;6;150;7004;865
2026-08-13 09:03:11.768;Pivô de Alta → Baixa (venda);-1;170550;4;6;4;6;1;250;3371;346
2026-08-13 09:03:26.370;Pivô de Alta → Baixa (venda);-1;170300;1;10;8;10;1;450;7726;888
2026-08-13 09:04:09.794;Pivô de Alta → Baixa (venda);-1;169850;1;5;3;5;2;200;6125;814
2026-08-13 09:04:38.224;Pivô de Baixa → Alta (compra);1;169750;5;2;0;2;2;50;26452;3321
2026-08-13 09:04:58.386;Pivô de Alta → Baixa (venda);-1;169700;2;2;0;2;1;50;8595;1147
2026-08-13 09:05:18.910;Pivô de Baixa → Alta (compra);1;169750;1;3;1;3;4;100;37792;4427
2026-08-13 09:06:02.860;Pivô de Alta → Baixa (venda);-1;169750;3;4;2;4;3;150;9553;894
2026-08-13 09:08:00.979;Pivô de Baixa → Alta (compra);1;169700;4;3;1;3;1;100;53348;5317
2026-08-13 09:10:36.782;Pivô de Alta → Baixa (venda);-1;169700;1;2;0;2;6;50;19208;1978
2026-08-13 09:11:51.064;Pivô de Baixa → Alta (compra);1;169750;2;6;4;6;7;250;16862;1306
2026-08-13 09:13:15.566;Pivô de Alta → Baixa (venda);-1;169900;6;7;5;7;1;300;16644;1573
2026-08-13 09:17:37.195;Pivô de Alta → Baixa (venda);-1;169600;1;5;3;5;3;200;24421;2138
2026-08-13 09:19:26.471;Pivô de Baixa → Alta (compra);1;169500;5;3;1;3;2;100;40573;4064
2026-08-13 09:20:47.327;Pivô de Alta → Baixa (venda);-1;169500;3;2;0;2;2;50;61064;5911
2026-08-13 09:22:04.054;Pivô de Baixa → Alta (compra);1;169550;2;2;0;2;2;50;30336;3235
2026-08-13 09:23:15.547;Pivô de Alta → Baixa (venda);-1;169500;2;2;0;2;6;50;22541;2500
2026-08-13 09:24:03.860;Pivô de Baixa → Alta (compra);1;169550;2;6;4;6;1;250;14485;1880
2026-08-13 09:29:38.328;Pivô de Baixa → Alta (compra);1;169800;1;2;0;2;3;50;11985;1588
2026-08-13 09:30:05.863;Pivô de Alta → Baixa (venda);-1;169750;2;3;1;3;10;100;31122;3221
2026-08-13 09:31:43.618;Pivô de Baixa → Alta (compra);1;169750;3;10;8;10;2;450;15819;1599
2026-08-13 09:36:47.544;Pivô de Alta → Baixa (venda);-1;170100;10;2;0;2;1;50;62154;6150
2026-08-13 09:40:53.157;Pivô de Alta → Baixa (venda);-1;170050;1;3;1;3;1;100;108229;11324
2026-08-13 09:50:36.755;Pivô de Alta → Baixa (venda);-1;169950;1;2;0;2;6;50;12978;1432
2026-08-13 09:53:33.424;Pivô de Baixa → Alta (compra);1;170000;2;6;4;6;1;250;22885;1612
2026-08-13 09:59:21.968;Pivô de Baixa → Alta (compra);1;170250;1;2;0;2;3;50;55056;5367
2026-08-13 10:00:24.220;Pivô de Alta → Baixa (venda);-1;170200;2;3;1;3;7;100;92543;8765
2026-08-13 10:02:03.803;Pivô de Baixa → Alta (compra);1;170200;3;7;5;7;4;300;43445;4727
2026-08-13 10:04:18.290;Pivô de Alta → Baixa (venda);-1;170400;7;4;2;4;11;150;50899;5078
2026-08-13 10:05:45.019;Pivô de Baixa → Alta (compra);1;170350;4;11;9;11;4;500;37710;3223
2026-08-13 10:09:51.243;Pivô de Alta → Baixa (venda);-1;170750;11;4;2;4;5;150;23581;1912
2026-08-13 10:10:57.178;Pivô de Baixa → Alta (compra);1;170700;4;5;3;5;6;200;70747;6224
2026-08-13 10:15:04.572;Pivô de Alta → Baixa (venda);-1;170800;5;6;4;6;7;250;80849;8430
2026-08-13 10:18:00.592;Pivô de Baixa → Alta (compra);1;170650;6;7;5;7;2;300;26730;3123
2026-08-13 10:20:19.106;Pivô de Alta → Baixa (venda);-1;170850;7;2;0;2;6;50;31894;3223
2026-08-13 10:21:28.514;Pivô de Baixa → Alta (compra);1;170900;2;6;4;6;2;250;12736;1012
2026-08-13 10:22:33.820;Pivô de Alta → Baixa (venda);-1;171050;6;2;0;2;1;50;42989;3946
2026-08-13 10:24:28.693;Pivô de Alta → Baixa (venda);-1;171000;1;2;0;2;2;50;21070;2209
2026-08-13 10:25:04.383;Pivô de Baixa → Alta (compra);1;171050;2;2;0;2;1;50;17581;1192
2026-08-13 10:26:42.347;Pivô de Baixa → Alta (compra);1;171100;1;2;0;2;2;50;23133;2156
2026-08-13 10:27:25.134;Pivô de Alta → Baixa (venda);-1;171050;2;2;0;2;2;50;47583;4081
2026-08-13 10:29:17.240;Pivô de Baixa → Alta (compra);1;171100;2;2;0;2;2;50;9554;674
2026-08-13 10:29:25.213;Pivô de Alta → Baixa (venda);-1;171050;2;2;0;2;4;50;59700;5137
2026-08-13 10:30:18.242;Pivô de Baixa → Alta (compra);1;171100;2;4;2;4;2;150;66521;4473
2026-08-13 10:31:15.432;Pivô de Alta → Baixa (venda);-1;171150;4;2;0;2;9;50;33010;2577
2026-08-13 10:31:46.923;Pivô de Baixa → Alta (compra);1;171200;2;9;7;9;3;400;21408;1860
2026-08-13 10:32:39.006;Pivô de Alta → Baixa (venda);-1;171500;9;3;1;3;1;100;26762;2028
2026-08-13 10:33:32.308;Pivô de Alta → Baixa (venda);-1;171400;1;4;2;4;5;150;21831;2147
2026-08-13 10:34:28.304;Pivô de Baixa → Alta (compra);1;171350;4;5;3;5;2;200;26290;2831
2026-08-13 10:35:40.352;Pivô de Alta → Baixa (venda);-1;171450;5;2;0;2;7;50;27407;2590
2026-08-13 10:37:00.247;Pivô de Baixa → Alta (compra);1;171500;2;7;5;7;1;300;16839;1620
2026-08-13 10:41:00.945;Pivô de Baixa → Alta (compra);1;171800;1;2;0;2;3;50;24860;2222
2026-08-13 10:42:03.299;Pivô de Alta → Baixa (venda);-1;171750;2;3;1;3;1;100;17728;1809
2026-08-13 10:43:14.263;Pivô de Alta → Baixa (venda);-1;171650;1;4;2;4;1;150;117191;11276
2026-08-13 10:47:41.156;Pivô de Alta → Baixa (venda);-1;171500;1;13;11;13;1;600;49257;4885
2026-08-13 10:59:28.269;Pivô de Alta → Baixa (venda);-1;170900;1;3;1;3;1;100;14574;1079
2026-08-13 11:00:23.768;Pivô de Alta → Baixa (venda);-1;170800;1;3;1;3;6;100;66133;6138
2026-08-13 11:04:01.400;Pivô de Baixa → Alta (compra);1;170800;3;6;4;6;4;250;38443;3523
2026-08-13 11:05:03.235;Pivô de Alta → Baixa (venda);-1;170950;6;4;2;4;1;150;82905;8284
2026-08-13 11:15:24.468;Pivô de Alta → Baixa (venda);-1;170800;1;5;3;5;1;200;31347;3209
2026-08-13 11:19:56.222;Pivô de Alta → Baixa (venda);-1;170600;1;3;1;3;4;100;39001;3856
2026-08-13 11:23:27.626;Pivô de Baixa → Alta (compra);1;170600;3;4;2;4;3;150;51864;4810
2026-08-13 11:25:01.372;Pivô de Alta → Baixa (venda);-1;170650;4;3;1;3;2;100;79767;7420
2026-08-13 11:30:12.280;Pivô de Baixa → Alta (compra);1;170650;3;2;0;2;1;50;58198;5560
2026-08-13 11:32:05.714;Pivô de Baixa → Alta (compra);1;170700;1;2;0;2;6;50;16178;1203
2026-08-13 11:34:43.442;Pivô de Alta → Baixa (venda);-1;170650;2;6;4;6;1;250;79386;6901
2026-08-13 11:47:02.148;Pivô de Alta → Baixa (venda);-1;170400;1;4;2;4;5;150;26509;2576
2026-08-13 11:50:43.611;Pivô de Baixa → Alta (compra);1;170350;4;5;3;5;2;200;33635;3951
2026-08-13 11:53:28.638;Pivô de Alta → Baixa (venda);-1;170450;5;2;0;2;1;50;67049;6754
2026-08-13 11:57:03.368;Pivô de Alta → Baixa (venda);-1;170400;1;7;5;7;1;300;62350;6410
2026-08-13 12:09:48.366;Pivô de Alta → Baixa (venda);-1;170100;1;6;4;6;2;250;57635;5330
2026-08-13 12:21:54.080;Pivô de Baixa → Alta (compra);1;169950;6;2;0;2;1;50;96797;9222
2026-08-13 12:28:41.386;Pivô de Alta → Baixa (venda);-1;169900;1;2;0;2;3;50;47734;3931
2026-08-13 12:31:27.195;Pivô de Baixa → Alta (compra);1;169950;2;3;1;3;2;100;26064;2259
2026-08-13 12:43:31.645;Pivô de Alta → Baixa (venda);-1;169950;3;2;0;2;1;50;14499;1254
2026-08-13 12:51:34.873;Pivô de Alta → Baixa (venda);-1;169900;1;9;7;9;5;400;29119;2417
2026-08-13 13:01:47.111;Pivô de Baixa → Alta (compra);1;169600;9;5;3;5;3;200;72671;6911
2026-08-13 13:07:46.378;Pivô de Alta → Baixa (venda);-1;169700;5;3;1;3;6;100;44777;4597
2026-08-13 13:10:43.136;Pivô de Baixa → Alta (compra);1;169700;3;6;4;6;3;250;50432;4790
2026-08-13 13:15:00.857;Pivô de Alta → Baixa (venda);-1;169850;6;3;1;3;9;100;79971;7967
2026-08-13 13:23:57.209;Pivô de Baixa → Alta (compra);1;169850;3;9;7;9;2;400;27589;2464
2026-08-13 13:40:39.639;Pivô de Alta → Baixa (venda);-1;170150;9;2;0;2;7;50;49264;4586
2026-08-13 13:46:58.126;Pivô de Baixa → Alta (compra);1;170200;2;7;5;7;3;300;40050;3259
2026-08-13 14:00:12.679;Pivô de Alta → Baixa (venda);-1;170400;7;3;1;3;3;100;63790;4771
2026-08-13 14:03:06.545;Pivô de Baixa → Alta (compra);1;170400;3;3;1;3;1;100;59363;5506
2026-08-13 14:16:33.927;Pivô de Baixa → Alta (compra);1;170500;1;3;1;3;1;100;65715;6165
2026-08-13 14:37:26.125;Pivô de Baixa → Alta (compra);1;170600;1;2;0;2;5;50;167374;14492
2026-08-13 14:45:27.826;Pivô de Alta → Baixa (venda);-1;170550;2;5;3;5;1;200;80990;7669
2026-08-13 14:55:40.892;Pivô de Baixa → Alta (compra);1;170450;1;4;2;4;3;150;65028;5533
2026-08-13 15:00:31.662;Pivô de Alta → Baixa (venda);-1;170500;4;3;1;3;4;100;27029;2526
2026-08-13 15:04:43.265;Pivô de Baixa → Alta (compra);1;170500;3;4;2;4;6;150;47775;4456
2026-08-13 15:11:41.058;Pivô de Alta → Baixa (venda);-1;170550;4;6;4;6;1;250;163123;16536
2026-08-13 15:54:16.922;Pivô de Alta → Baixa (venda);-1;170300;1;6;4;6;4;250;46298;3499
2026-08-13 16:15:12.768;Pivô de Baixa → Alta (compra);1;170150;6;4;2;4;1;150;20922;1517
2026-08-13 16:40:15.051;Pivô de Alta → Baixa (venda);-1;170200;1;2;0;2;3;50;188159;17262
2026-08-13 16:55:06.055;Pivô de Baixa → Alta (compra);1;170250;2;3;1;3;2;100;115561;11839
2026-08-13 17:02:21.745;Pivô de Alta → Baixa (venda);-1;170250;3;2;0;2;14;50;160508;16378
2026-08-13 17:18:21.315;Pivô de Baixa → Alta (compra);1;170300;2;14;12;14;3;650;199978;21485
2026-08-13 18:16:44.432;Pivô de Alta → Baixa (venda);-1;170850;14;3;1;3;1;100;10393;1231
