<DATE>	<TIME>	<BID>	<ASK>	<LAST>	<VOLUME>	<FLAGS>
2026.08.03	09:03:04.430			179590	41007.00000000	56
2026.08.03	09:03:04.430			179590	13603.00000000	56
2026.08.03	09:03:04.430			179590	604.00000000	56
2026.08.03	09:03:04.430			179590	60.00000000	56
2026.08.03	09:03:04.430			179590	2026.00000000	56
2026.08.03	09:03:04.430			179590	207.00000000	56
2026.08.03	09:03:04.430			179590	347.00000000	56
2026.08.03	09:03:04.430			179590	1227.00000000	56
2026.08.03	09:03:04.430			179590	141.00000000	56
2026.08.03	09:03:04.430			179590	124.00000000	56
2026.08.03	09:03:04.430			179590	605.00000000	56
2026.08.03	09:03:04.431			179590	830.00000000	56
2026.08.03	09:03:04.431			179590	233.00000000	56
2026.08.03	09:03:04.431			179590	69.00000000	56
2026.08.03	09:03:04.431			179590	936.00000000	56
2026.08.03	09:03:04.431			179590	490.00000000	56
2026.08.03	09:03:04.431			179590	368.00000000	56
2026.08.03	09:03:04.431			179590	270.00000000	56
2026.08.03	09:03:04.431			179590	253.00000000	56
2026.08.03	09:03:04.432			179590	88.00000000	56
2026.08.03	09:03:04.432			179590	305.00000000	56
2026.08.03	09:03:04.432			179590	338.00000000	56
2026.08.03	09:03:04.432			179590	339.00000000	56
2026.08.03	09:03:04.433			179585	2.00000000	56
2026.08.03	09:03:04.433			179575	1.00000000	56
2026.08.03	09:03:04.433			179570	10.00000000	56
2026.08.03	09:03:04.433			179560	7.00000000	56
2026.08.03	09:03:04.438			179575	1.00000000	56
2026.08.03	09:03:04.438			179570	35.00000000	56
2026.08.03	09:03:04.447			179565	17.00000000	56
2026.08.03	09:03:04.447			179585	1.00000000	56
2026.08.03	09:03:04.448			179580	1.00000000	56
2026.08.03	09:03:04.448			179575	29.00000000	56
2026.08.03	09:03:04.448			179570	6.00000000	56
2026.08.03	09:03:04.449			179575	1.00000000	56
2026.08.03	09:03:04.449			179570	29.00000000	56
2026.08.03	09:03:04.456			179565	42.00000000	56
2026.08.03	09:03:04.456			179570	15.00000000	56
2026.08.03	09:03:04.468			179565	4.00000000	56
2026.08.03	09:03:04.471			179560	2.00000000	56
2026.08.03	09:03:04.471			179565	2.00000000	56
2026.08.03	09:03:04.471			179560	2.00000000	56
2026.08.03	09:03:04.472			179565	2.00000000	56
2026.08.03	09:03:04.472			179560	120.00000000	56
2026.08.03	09:03:04.475			179555	3.00000000	56
2026.08.03	09:03:04.475			179550	9.00000000	56
2026.08.03	09:03:04.475			179545	6.00000000	56
2026.08.03	09:03:04.475			179545	1.00000000	56
2026.08.03	09:03:04.475			179555	3.00000000	56
2026.08.03	09:03:04.478			179550	38.00000000	56
2026.08.03	09:03:04.478			179540	22.00000000	56
2026.08.03	09:03:04.478			179545	2.00000000	56
2026.08.03	09:03:04.479			179550	12.00000000	56
2026.08.03	09:03:04.481			179540	12.00000000	56
2026.08.03	09:03:04.481			179545	1.00000000	56
2026.08.03	09:03:04.482			179540	1.00000000	56
2026.08.03	09:03:04.482			179545	1.00000000	56
2026.08.03	09:03:04.483			179540	2.00000000	56
2026.08.03	09:03:04.483			179535	170.00000000	56
2026.08.03	09:03:04.484			179540	4.00000000	56
2026.08.03	09:03:04.484			179545	1.00000000	56
2026.08.03	09:03:04.484			179535	5.00000000	56
2026.08.03	09:03:04.486			179530	6.00000000	56
2026.08.03	09:03:04.487			179540	1.00000000	56
2026.08.03	09:03:04.487			179535	1.00000000	56
2026.08.03	09:03:04.488			179525	3.00000000	56
2026.08.03	09:03:04.488			179530	1.00000000	56
2026.08.03	09:03:04.488			179525	3.00000000	56
2026.08.03	09:03:04.489			179520	1.00000000	56
2026.08.03	09:03:04.489			179515	8.00000000	56
2026.08.03	09:03:04.490			179525	8.00000000	56
2026.08.03	09:03:04.490			179515	1.00000000	56
2026.08.03	09:03:04.490			179520	4.00000000	56
2026.08.03	09:03:04.491			179515	44.00000000	56
2026.08.03	09:03:04.491			179515	27.00000000	56
2026.08.03	09:03:04.491			179525	3.00000000	56
2026.08.03	09:03:04.493			179515	13.00000000	56
2026.08.03	09:03:04.493			179525	9.00000000	56
2026.08.03	09:03:04.493			179515	2.00000000	56
2026.08.03	09:03:04.493			179520	3.00000000	56
2026.08.03	09:03:04.493			179515	12.00000000	56
2026.08.03	09:03:04.493			179510	23.00000000	56
2026.08.03	09:03:04.494			179515	5.00000000	56
2026.08.03	09:03:04.494			179510	31.00000000	56
2026.08.03	09:03:04.494			179515	2.00000000	56
2026.08.03	09:03:04.494			179510	6.00000000	56
2026.08.03	09:03:04.494			179520	1.00000000	56
2026.08.03	09:03:04.495			179515	1.00000000	56
2026.08.03	09:03:04.495			179520	9.00000000	56
2026.08.03	09:03:04.495			179515	1.00000000	56
2026.08.03	09:03:04.495			179510	64.00000000	56
2026.08.03	09:03:04.497			179515	6.00000000	56
2026.08.03	09:03:04.497			179510	113.00000000	56
2026.08.03	09:03:04.497			179510	30.00000000	56
2026.08.03	09:03:04.497			179515	1.00000000	56
2026.08.03	09:03:04.498			179505	1.00000000	56
2026.08.03	09:03:04.499			179510	1.00000000	56
2026.08.03	09:03:04.499			179505	5.00000000	56
2026.08.03	09:03:04.499			179510	3.00000000	56
2026.08.03	09:03:04.499			179505	34.00000000	56
2026.08.03	09:03:04.500			179505	2.00000000	56
2026.08.03	09:03:04.500			179505	2.00000000	56
2026.08.03	09:03:04.500			179505	6.00000000	56
2026.08.03	09:03:04.501			179500	4.00000000	56
2026.08.03	09:03:04.501			179505	31.00000000	56
2026.08.03	09:03:04.501			179500	36.00000000	56
2026.08.03	09:03:04.502			179505	11.00000000	56
2026.08.03	09:03:04.503			179500	187.00000000	56
2026.08.03	09:03:04.504			179495	7.00000000	56
2026.08.03	09:03:04.504			179490	8.00000000	56
2026.08.03	09:03:04.505			179495	12.00000000	56
2026.08.03	09:03:04.505			179490	24.00000000	56
2026.08.03	09:03:04.505			179490	1.00000000	56
2026.08.03	09:03:04.505			179485	9.00000000	56
2026.08.03	09:03:04.505			179480	4.00000000	56
2026.08.03	09:03:04.505			179475	12.00000000	56
2026.08.03	09:03:04.505			179470	13.00000000	56
2026.08.03	09:03:04.505			179465	21.00000000	56
2026.08.03	09:03:04.506			179460	8.00000000	56
2026.08.03	09:03:04.506			179500	79.00000000	56
2026.08.03	09:03:04.506			179495	24.00000000	56
2026.08.03	09:03:04.506			179500	31.00000000	56
2026.08.03	09:03:04.507			179480	1.00000000	56
2026.08.03	09:03:04.508			179485	1.00000000	56
2026.08.03	09:03:04.508			179480	3.00000000	56
2026.08.03	09:03:04.508			179490	1.00000000	56
2026.08.03	09:03:04.508			179480	2.00000000	56
2026.08.03	09:03:04.508			179490	4.00000000	56
2026.08.03	09:03:04.508			179485	19.00000000	56
2026.08.03	09:03:04.509			179485	17.00000000	56
2026.08.03	09:03:04.509			179490	29.00000000	56
2026.08.03	09:03:04.509			179485	24.00000000	56
2026.08.03	09:03:04.510			179490	20.00000000	56
2026.08.03	09:03:04.510			179485	1.00000000	56
2026.08.03	09:03:04.510			179490	6.00000000	56
2026.08.03	09:03:04.510			179485	16.00000000	56
2026.08.03	09:03:04.511			179495	4.00000000	56
2026.08.03	09:03:04.511			179500	1.00000000	56
2026.08.03	09:03:04.511			179490	4.00000000	56
2026.08.03	09:03:04.511			179485	8.00000000	56
2026.08.03	09:03:04.512			179490	12.00000000	56
2026.08.03	09:03:04.512			179485	3.00000000	56
2026.08.03	09:03:04.513			179495	6.00000000	56
2026.08.03	09:03:04.513			179485	2.00000000	56
2026.08.03	09:03:04.513			179495	1.00000000	56
2026.08.03	09:03:04.513			179490	13.00000000	56
2026.08.03	09:03:04.515			179490	8.00000000	56
2026.08.03	09:03:04.516			179495	4.00000000	56
2026.08.03	09:03:04.516			179490	6.00000000	56
2026.08.03	09:03:04.516			179485	2.00000000	56
2026.08.03	09:03:04.517			179480	3.00000000	56
2026.08.03	09:03:04.517			179485	2.00000000	56
2026.08.03	09:03:04.517			179480	1.00000000	56
2026.08.03	09:03:04.517			179485	1.00000000	56
2026.08.03	09:03:04.518			179480	19.00000000	56
2026.08.03	09:03:04.518			179485	11.00000000	56
2026.08.03	09:03:04.519			179480	4.00000000	56
2026.08.03	09:03:04.519			179485	3.00000000	56
2026.08.03	09:03:04.519			179480	10.00000000	56
2026.08.03	09:03:04.520			179475	9.00000000	56
2026.08.03	09:03:04.520			179475	1.00000000	56
2026.08.03	09:03:04.520			179480	25.00000000	56
2026.08.03	09:03:04.522			179475	3.00000000	56
2026.08.03	09:03:04.523			179480	5.00000000	56
2026.08.03	09:03:04.523			179475	2.00000000	56
2026.08.03	09:03:04.523			179470	2.00000000	56
2026.08.03	09:03:04.523			179475	15.00000000	56
2026.08.03	09:03:04.524			179470	9.00000000	56
2026.08.03	09:03:04.525			179465	27.00000000	56
2026.08.03	09:03:04.525			179460	20.00000000	56
2026.08.03	09:03:04.525			179470	8.00000000	56
2026.08.03	09:03:04.526			179460	1.00000000	56
2026.08.03	09:03:04.526			179465	21.00000000	56
2026.08.03	09:03:04.526			179465	8.00000000	56
2026.08.03	09:03:04.527			179460	6.00000000	56
2026.08.03	09:03:04.527			179465	16.00000000	56
2026.08.03	09:03:04.528			179465	17.00000000	56
2026.08.03	09:03:04.529			179460	3.00000000	56
2026.08.03	09:03:04.529			179465	6.00000000	56
2026.08.03	09:03:04.530			179460	8.00000000	56
2026.08.03	09:03:04.533			179455	8.00000000	56
2026.08.03	09:03:04.534			179455	2.00000000	56
2026.08.03	09:03:04.534			179460	1.00000000	56
2026.08.03	09:03:04.534			179455	3.00000000	56
2026.08.03	09:03:04.535			179460	2.00000000	56
2026.08.03	09:03:04.535			179455	13.00000000	56
2026.08.03	09:03:04.535			179460	62.00000000	56
2026.08.03	09:03:04.536			179455	1.00000000	56
2026.08.03	09:03:04.536			179455	4.00000000	56
2026.08.03	09:03:04.536			179460	22.00000000	56
2026.08.03	09:03:04.537			179465	36.00000000	56
2026.08.03	09:03:04.537			179460	1.00000000	56
2026.08.03	09:03:04.537			179465	6.00000000	56
2026.08.03	09:03:04.538			179470	21.00000000	56
2026.08.03	09:03:04.539			179465	15.00000000	56
2026.08.03	09:03:04.539			179470	8.00000000	56
2026.08.03	09:03:04.540			179465	3.00000000	56
2026.08.03	09:03:04.540			179460	21.00000000	56
2026.08.03	09:03:04.541			179465	1.00000000	56
2026.08.03	09:03:04.542			179455	11.00000000	56
2026.08.03	09:03:04.543			179450	1.00000000	56
2026.08.03	09:03:04.544			179450	1.00000000	56
2026.08.03	09:03:04.544			179455	1.00000000	56
2026.08.03	09:03:04.544			179450	3.00000000	56
2026.08.03	09:03:04.544			179450	1.00000000	56
2026.08.03	09:03:04.544			179455	3.00000000	56
2026.08.03	09:03:04.545			179450	42.00000000	56
2026.08.03	09:03:04.547			179445	12.00000000	56
2026.08.03	09:03:04.559			179440	31.00000000	56
2026.08.03	09:03:04.560			179435	3.00000000	56
2026.08.03	09:03:04.560			179430	14.00000000	56
2026.08.03	09:03:04.561			179440	13.00000000	56
2026.08.03	09:03:04.562			179435	1.00000000	56
2026.08.03	09:03:04.562			179430	10.00000000	56
2026.08.03	09:03:04.563			179435	2.00000000	56
2026.08.03	09:03:04.563			179430	2.00000000	56
2026.08.03	09:03:04.564			179445	2.00000000	56
2026.08.03	09:03:04.564			179440	4.00000000	56
2026.08.03	09:03:04.564			179430	4.00000000	56
2026.08.03	09:03:04.564			179440	1.00000000	56
2026.08.03	09:03:04.564			179445	6.00000000	56
2026.08.03	09:03:04.565			179440	4.00000000	56
2026.08.03	09:03:04.565			179435	1.00000000	56
2026.08.03	09:03:04.566			179430	8.00000000	56
2026.08.03	09:03:04.567			179440	1.00000000	56
2026.08.03	09:03:04.567			179430	4.00000000	56
2026.08.03	09:03:04.568			179435	6.00000000	56
2026.08.03	09:03:04.569			179430	3.00000000	56
2026.08.03	09:03:04.569			179435	20.00000000	56
2026.08.03	09:03:04.569			179430	3.00000000	56
2026.08.03	09:03:04.570			179435	1.00000000	56
2026.08.03	09:03:04.570			179430	5.00000000	56
2026.08.03	09:03:04.576			179425	3.00000000	56
2026.08.03	09:03:04.576			179430	6.00000000	56
2026.08.03	09:03:04.577			179425	1.00000000	56
2026.08.03	09:03:04.577			179430	7.00000000	56
2026.08.03	09:03:04.577			179425	48.00000000	56
2026.08.03	09:03:04.577			179425	8.00000000	56
2026.08.03	09:03:04.578			179420	6.00000000	56
2026.08.03	09:03:04.578			179420	5.00000000	56
2026.08.03	09:03:04.578			179425	1.00000000	56
2026.08.03	09:03:04.579			179420	3.00000000	56
2026.08.03	09:03:04.579			179415	6.00000000	56
2026.08.03	09:03:04.580			179405	14.00000000	56
2026.08.03	09:03:04.580			179405	11.00000000	56
2026.08.03	09:03:04.580			179410	19.00000000	56
2026.08.03	09:03:04.583			179415	43.00000000	56
2026.08.03	09:03:04.584			179420	3.00000000	56
2026.08.03	09:03:04.584			179425	1.00000000	56
2026.08.03	09:03:04.584			179420	6.00000000	56
2026.08.03	09:03:04.584			179425	15.00000000	56
2026.08.03	09:03:04.584			179425	5.00000000	56
2026.08.03	09:03:04.585			179430	1.00000000	56
2026.08.03	09:03:04.585			179425	2.00000000	56
2026.08.03	09:03:04.585			179430	29.00000000	56
2026.08.03	09:03:04.585			179425	1.00000000	56
2026.08.03	09:03:04.585			179425	1.00000000	56
2026.08.03	09:03:04.586			179430	4.00000000	56
2026.08.03	09:03:04.586			179435	13.00000000	56
2026.08.03	09:03:04.586			179430	22.00000000	56
2026.08.03	09:03:04.587			179435	23.00000000	56
2026.08.03	09:03:04.587			179430	12.00000000	56
2026.08.03	09:03:04.588			179435	1.00000000	56
2026.08.03	09:03:04.588			179440	51.00000000	56
2026.08.03	09:03:04.588			179435	6.00000000	56
2026.08.03	09:03:04.588			179430	9.00000000	56
2026.08.03	09:03:04.588			179435	37.00000000	56
2026.08.03	09:03:04.589			179430	7.00000000	56
2026.08.03	09:03:04.589			179440	7.00000000	56
2026.08.03	09:03:04.590			179435	3.00000000	56
2026.08.03	09:03:04.590			179440	14.00000000	56
2026.08.03	09:03:04.590			179445	32.00000000	56
2026.08.03	09:03:04.590			179440	5.00000000	56
2026.08.03	09:03:04.590			179445	11.00000000	56
2026.08.03	09:03:04.591			179440	7.00000000	56
2026.08.03	09:03:04.591			179445	7.00000000	56
2026.08.03	09:03:04.591			179440	13.00000000	56
2026.08.03	09:03:04.592			179445	4.00000000	56
2026.08.03	09:03:04.592			179450	3.00000000	56
2026.08.03	09:03:04.592			179455	60.00000000	56
2026.08.03	09:03:04.592			179460	60.00000000	56
2026.08.03	09:03:04.592			179450	4.00000000	56
2026.08.03	09:03:04.592			179445	4.00000000	56
2026.08.03	09:03:04.593			179450	1.00000000	56
2026.08.03	09:03:04.593			179445	2.00000000	56
2026.08.03	09:03:04.593			179450	4.00000000	56
2026.08.03	09:03:04.594			179455	1.00000000	56
2026.08.03	09:03:04.594			179460	9.00000000	56
2026.08.03	09:03:04.596			179465	2.00000000	56
2026.08.03	09:03:04.597			179470	10.00000000	56
2026.08.03	09:03:04.597			179475	2.00000000	56
2026.08.03	09:03:04.597			179465	8.00000000	56
2026.08.03	09:03:04.597			179465	3.00000000	56
2026.08.03	09:03:04.598			179470	6.00000000	56
2026.08.03	09:03:04.598			179465	3.00000000	56
2026.08.03	09:03:04.598			179470	11.00000000	56
2026.08.03	09:03:04.598			179475	1.00000000	56
2026.08.03	09:03:04.598			179470	3.00000000	56
2026.08.03	09:03:04.599			179465	3.00000000	56
2026.08.03	09:03:04.600			179470	6.00000000	56
2026.08.03	09:03:04.600			179475	5.00000000	56
2026.08.03	09:03:04.601			179470	20.00000000	56
2026.08.03	09:03:04.602			179475	1.00000000	56
2026.08.03	09:03:04.603			179465	12.00000000	56
2026.08.03	09:03:04.604			179475	5.00000000	56
2026.08.03	09:03:04.607			179470	4.00000000	56
2026.08.03	09:03:04.607			179475	16.00000000	56
2026.08.03	09:03:04.608			179480	11.00000000	56
2026.08.03	09:03:04.608			179485	13.00000000	56
2026.08.03	09:03:04.610			179490	9.00000000	56
2026.08.03	09:03:04.616			179495	1.00000000	56
2026.08.03	09:03:04.618			179485	28.00000000	56
2026.08.03	09:03:04.622			179495	10.00000000	56
2026.08.03	09:03:04.622			179490	6.00000000	56
2026.08.03	09:03:04.625			179495	2.00000000	56
2026.08.03	09:03:04.625			179490	17.00000000	56
2026.08.03	09:03:04.626			179495	3.00000000	56
2026.08.03	09:03:04.626			179500	2.00000000	56
2026.08.03	09:03:04.626			179495	2.00000000	56
2026.08.03	09:03:04.627			179485	1.00000000	56
2026.08.03	09:03:04.628			179495	2.00000000	56
2026.08.03	09:03:04.629			179490	3.00000000	56
2026.08.03	09:03:04.630			179485	2.00000000	56
2026.08.03	09:03:04.632			179490	3.00000000	56
2026.08.03	09:03:04.632			179495	2.00000000	56
2026.08.03	09:03:04.635			179490	16.00000000	56
2026.08.03	09:03:04.640			179485	12.00000000	56
2026.08.03	09:03:04.641			179480	21.00000000	56
2026.08.03	09:03:04.641			179475	14.00000000	56
2026.08.03	09:03:04.642			179470	14.00000000	56
2026.08.03	09:03:04.642			179470	9.00000000	56
2026.08.03	09:03:04.642			179475	2.00000000	56
2026.08.03	09:03:04.642			179470	2.00000000	56
2026.08.03	09:03:04.642			179465	77.00000000	56
2026.08.03	09:03:04.643			179460	2.00000000	56
2026.08.03	09:03:04.643			179455	6.00000000	56
2026.08.03	09:03:04.644			179460	16.00000000	56
2026.08.03	09:03:04.645			179455	6.00000000	56
2026.08.03	09:03:04.646			179465	12.00000000	56
2026.08.03	09:03:04.648			179465	9.00000000	56
2026.08.03	09:03:04.652			179460	3.00000000	56
2026.08.03	09:03:04.653			179465	5.00000000	56
2026.08.03	09:03:04.654			179460	1.00000000	56
2026.08.03	09:03:04.655			179465	6.00000000	56
2026.08.03	09:03:04.659			179460	1.00000000	56
2026.08.03	09:03:04.661			179465	3.00000000	56
2026.08.03	09:03:04.665			179460	8.00000000	56
2026.08.03	09:03:04.665			179465	1.00000000	56
2026.08.03	09:03:04.665			179460	7.00000000	56
2026.08.03	09:03:04.666			179455	8.00000000	56
2026.08.03	09:03:04.666			179460	2.00000000	56
2026.08.03	09:03:04.666			179450	2.00000000	56
2026.08.03	09:03:04.667			179455	2.00000000	56
2026.08.03	09:03:04.667			179450	25.00000000	56
2026.08.03	09:03:04.668			179445	4.00000000	56
2026.08.03	09:03:04.668			179450	3.00000000	56
2026.08.03	09:03:04.668			179445	16.00000000	56
2026.08.03	09:03:04.668			179450	2.00000000	56
2026.08.03	09:03:04.668			179445	22.00000000	56
2026.08.03	09:03:04.670			179440	25.00000000	56
2026.08.03	09:03:04.670			179435	17.00000000	56
2026.08.03	09:03:04.670			179440	5.00000000	56
2026.08.03	09:03:04.671			179435	1.00000000	56
2026.08.03	09:03:04.671			179440	1.00000000	56
2026.08.03	09:03:04.672			179430	37.00000000	56
2026.08.03	09:03:04.673			179435	1.00000000	56
2026.08.03	09:03:04.673			179425	40.00000000	56
2026.08.03	09:03:04.673			179430	8.00000000	56
2026.08.03	09:03:04.673			179435	2.00000000	56
2026.08.03	09:03:04.673			179430	5.00000000	56
2026.08.03	09:03:04.673			179425	8.00000000	56
2026.08.03	09:03:04.674			179430	2.00000000	56
2026.08.03	09:03:04.674			179435	14.00000000	56
2026.08.03	09:03:04.674			179430	8.00000000	56
2026.08.03	09:03:04.675			179440	1.00000000	56
2026.08.03	09:03:04.675			179435	8.00000000	56
2026.08.03	09:03:04.676			179430	3.00000000	56
2026.08.03	09:03:04.677			179425	12.00000000	56
2026.08.03	09:03:04.677			179435	1.00000000	56
2026.08.03	09:03:04.678			179430	1.00000000	56
2026.08.03	09:03:04.678			179425	12.00000000	56
2026.08.03	09:03:04.678			179430	1.00000000	56
2026.08.03	09:03:04.678			179425	1.00000000	56
2026.08.03	09:03:04.678			179430	8.00000000	56
2026.08.03	09:03:04.679			179435	8.00000000	56
2026.08.03	09:03:04.681			179430	6.00000000	56
2026.08.03	09:03:04.681			179425	4.00000000	56
2026.08.03	09:03:04.682			179430	10.00000000	56
2026.08.03	09:03:04.682			179435	2.00000000	56
2026.08.03	09:03:04.682			179430	11.00000000	56
2026.08.03	09:03:04.682			179425	3.00000000	56
2026.08.03	09:03:04.682			179430	3.00000000	56
2026.08.03	09:03:04.682			179435	1.00000000	56
2026.08.03	09:03:04.683			179430	1.00000000	56
2026.08.03	09:03:04.684			179435	6.00000000	56
2026.08.03	09:03:04.685			179430	25.00000000	56
2026.08.03	09:03:04.686			179425	2.00000000	56
2026.08.03	09:03:04.686			179435	3.00000000	56
2026.08.03	09:03:04.687			179430	3.00000000	56
2026.08.03	09:03:04.687			179435	17.00000000	56
2026.08.03	09:03:04.689			179430	10.00000000	56
2026.08.03	09:03:04.691			179425	12.00000000	56
2026.08.03	09:03:04.691			179420	7.00000000	56
2026.08.03	09:03:04.691			179430	1.00000000	56
2026.08.03	09:03:04.691			179425	11.00000000	56
2026.08.03	09:03:04.692			179420	1.00000000	56
2026.08.03	09:03:04.692			179425	4.00000000	56
2026.08.03	09:03:04.692			179420	35.00000000	56
2026.08.03	09:03:04.693			179415	1.00000000	56
2026.08.03	09:03:04.693			179420	11.00000000	56
2026.08.03	09:03:04.693			179415	3.00000000	56
2026.08.03	09:03:04.694			179410	23.00000000	56
2026.08.03	09:03:04.694			179405	4.00000000	56
2026.08.03	09:03:04.694			179415	4.00000000	56
2026.08.03	09:03:04.694			179420	6.00000000	56
2026.08.03	09:03:04.694			179415	2.00000000	56
2026.08.03	09:03:04.694			179405	1.00000000	56
2026.08.03	09:03:04.695			179415	22.00000000	56
2026.08.03	09:03:04.696			179410	13.00000000	56
2026.08.03	09:03:04.696			179415	12.00000000	56
2026.08.03	09:03:04.697			179420	2.00000000	56
2026.08.03	09:03:04.698			179410	2.00000000	56
2026.08.03	09:03:04.699			179415	1.00000000	56
2026.08.03	09:03:04.699			179410	6.00000000	56
2026.08.03	09:03:04.699			179405	1.00000000	56
2026.08.03	09:03:04.699			179410	1.00000000	56
2026.08.03	09:03:04.699			179415	15.00000000	56
2026.08.03	09:03:04.700			179420	17.00000000	56
2026.08.03	09:03:04.700			179425	5.00000000	56
2026.08.03	09:03:04.704			179430	7.00000000	56
2026.08.03	09:03:04.704			179430	23.00000000	56
2026.08.03	09:03:04.704			179435	12.00000000	56
2026.08.03	09:03:04.705			179440	8.00000000	56
2026.08.03	09:03:04.706			179445	5.00000000	56
2026.08.03	09:03:04.706			179440	2.00000000	56
2026.08.03	09:03:04.707			179445	3.00000000	56
2026.08.03	09:03:04.707			179440	8.00000000	56
2026.08.03	09:03:04.708			179435	13.00000000	56
2026.08.03	09:03:04.709			179440	6.00000000	56
2026.08.03	09:03:04.713			179440	13.00000000	56
2026.08.03	09:03:04.714			179435	5.00000000	56
2026.08.03	09:03:04.714			179440	2.00000000	56
2026.08.03	09:03:04.714			179445	8.00000000	56
2026.08.03	09:03:04.715			179440	2.00000000	56
2026.08.03	09:03:04.715			179445	3.00000000	56
2026.08.03	09:03:04.715			179440	10.00000000	56
2026.08.03	09:03:04.718			179445	1.00000000	56
2026.08.03	09:03:04.720			179440	10.00000000	56
2026.08.03	09:03:04.721			179435	2.00000000	56
2026.08.03	09:03:04.721			179440	2.00000000	56
2026.08.03	09:03:04.721			179445	2.00000000	56
2026.08.03	09:03:04.722			179440	2.00000000	56
2026.08.03	09:03:04.722			179435	1.00000000	56
2026.08.03	09:03:04.725			179440	2.00000000	56
2026.08.03	09:03:04.725			179435	1.00000000	56
2026.08.03	09:03:04.726			179440	2.00000000	56
2026.08.03	09:03:04.726			179445	1.00000000	56
2026.08.03	09:03:04.727			179435	8.00000000	56
2026.08.03	09:03:04.727			179440	1.00000000	56
2026.08.03	09:03:04.727			179430	2.00000000	56
2026.08.03	09:03:04.728			179435	2.00000000	56
2026.08.03	09:03:04.728			179440	8.00000000	56
2026.08.03	09:03:04.728			179425	1.00000000	56
2026.08.03	09:03:04.728			179440	5.00000000	56
2026.08.03	09:03:04.728			179425	1.00000000	56
2026.08.03	09:03:04.728			179435	1.00000000	56
2026.08.03	09:03:04.728			179425	1.00000000	56
2026.08.03	09:03:04.729			179430	4.00000000	56
2026.08.03	09:03:04.730			179435	1.00000000	56
2026.08.03	09:03:04.730			179430	2.00000000	56
2026.08.03	09:03:04.730			179435	4.00000000	56
2026.08.03	09:03:04.730			179445	4.00000000	56
2026.08.03	09:03:04.731			179425	1.00000000	56
2026.08.03	09:03:04.735			179420	5.00000000	56
2026.08.03	09:03:04.737			179425	1.00000000	56
2026.08.03	09:03:04.737			179430	6.00000000	56
2026.08.03	09:03:04.737			179435	6.00000000	56
2026.08.03	09:03:04.737			179440	12.00000000	56
2026.08.03	09:03:04.738			179430	10.00000000	56
2026.08.03	09:03:04.739			179425	1.00000000	56
2026.08.03	09:03:04.743			179425	5.00000000	56
2026.08.03	09:03:04.744			179430	1.00000000	56
2026.08.03	09:03:04.745			179420	6.00000000	56
2026.08.03	09:03:04.747			179430	1.00000000	56
2026.08.03	09:03:04.748			179420	1.00000000	56
2026.08.03	09:03:04.748			179425	1.00000000	56
2026.08.03	09:03:04.748			179430	2.00000000	56
2026.08.03	09:03:04.750			179420	1.00000000	56
2026.08.03	09:03:04.752			179425	1.00000000	56
2026.08.03	09:03:04.754			179430	1.00000000	56
2026.08.03	09:03:04.755			179425	7.00000000	56
2026.08.03	09:03:04.756			179430	1.00000000	56
2026.08.03	09:03:04.757			179425	1.00000000	56
2026.08.03	09:03:04.758			179430	2.00000000	56
2026.08.03	09:03:04.759			179420	1.00000000	56
2026.08.03	09:03:04.760			179425	1.00000000	56
2026.08.03	09:03:04.762			179420	4.00000000	56
2026.08.03	09:03:04.763			179425	1.00000000	56
2026.08.03	09:03:04.764			179430	2.00000000	56
2026.08.03	09:03:04.768			179425	1.00000000	56
2026.08.03	09:03:04.768			179435	3.00000000	56
2026.08.03	09:03:04.770			179420	1.00000000	56
2026.08.03	09:03:04.771			179430	1.00000000	56
2026.08.03	09:03:04.772			179430	2.00000000	120
2026.08.03	09:03:04.774	179425	160965			6
2026.08.03	09:03:04.774		179435			4
2026.08.03	09:03:04.782			179425	1.00000000	88
2026.08.03	09:03:04.783			179430	3.00000000	120
2026.08.03	09:03:04.783			179435	5.00000000	56
2026.08.03	09:03:04.783			179440	1.00000000	56
2026.08.03	09:03:04.784			179430	1.00000000	120
2026.08.03	09:03:04.784			179425	1.00000000	88
2026.08.03	09:03:04.787			179430	4.00000000	120
2026.08.03	09:03:04.789			179435	3.00000000	56
2026.08.03	09:03:04.790			179425	1.00000000	88
2026.08.03	09:03:04.790			179430	3.00000000	120
2026.08.03	09:03:04.791			179425	1.00000000	88
2026.08.03	09:03:04.792			179430	1.00000000	120
2026.08.03	09:03:04.793			179435	1.00000000	56
2026.08.03	09:03:04.794			179430	1.00000000	120
2026.08.03	09:03:04.795			179425	5.00000000	88
2026.08.03	09:03:04.797			179420	4.00000000	88
2026.08.03	09:03:04.797			179430	1.00000000	120
2026.08.03	09:03:04.798			179420	3.00000000	88
2026.08.03	09:03:04.798			179415	9.00000000	88
2026.08.03	09:03:04.799			179420	10.00000000	88
2026.08.03	09:03:04.799			179425	10.00000000	88
2026.08.03	09:03:04.800			179420	1.00000000	88
2026.08.03	09:03:04.800			179415	2.00000000	88
2026.08.03	09:03:04.802			179420	5.00000000	88
2026.08.03	09:03:04.803			179430	1.00000000	120
2026.08.03	09:03:04.803			179435	10.00000000	56
2026.08.03	09:03:04.803			179440	38.00000000	56
2026.08.03	09:03:04.803			179445	1.00000000	56
2026.08.03	09:03:04.803			179425	8.00000000	88
2026.08.03	09:03:04.806			179420	4.00000000	88
2026.08.03	09:03:04.807			179430	1.00000000	120
2026.08.03	09:03:04.808			179425	2.00000000	88
2026.08.03	09:03:04.808			179420	2.00000000	88
2026.08.03	09:03:04.810			179435	2.00000000	56
2026.08.03	09:03:04.810			179435	1.00000000	56
2026.08.03	09:03:04.810			179440	7.00000000	56
2026.08.03	09:03:04.816			179425	2.00000000	88
2026.08.03	09:03:04.820			179435	1.00000000	56
2026.08.03	09:03:04.822			179425	26.00000000	88
2026.08.03	09:03:04.825			179420	2.00000000	88
2026.08.03	09:03:04.826			179415	1.00000000	88
2026.08.03	09:03:04.826			179425	1.00000000	88
2026.08.03	09:03:04.826			179430	4.00000000	120
2026.08.03	09:03:04.828			179420	4.00000000	88
2026.08.03	09:03:04.829			179430	2.00000000	120
2026.08.03	09:03:04.831			179415	16.00000000	88
2026.08.03	09:03:04.832			179430	5.00000000	120
2026.08.03	09:03:04.832			179420	1.00000000	88
2026.08.03	09:03:04.832			179415	6.00000000	88
2026.08.03	09:03:04.833			179430	1.00000000	120
2026.08.03	09:03:04.834			179415	1.00000000	88
2026.08.03	09:03:04.834			179430	1.00000000	120
2026.08.03	09:03:04.834			179415	4.00000000	88
2026.08.03	09:03:04.835			179430	1.00000000	120
2026.08.03	09:03:04.836			179415	3.00000000	88
2026.08.03	09:03:04.839			179415	2.00000000	88
2026.08.03	09:03:04.841			179430	1.00000000	120
2026.08.03	09:03:04.842			179415	9.00000000	88
2026.08.03	09:03:04.842			179415	1.00000000	88
2026.08.03	09:03:04.842			179430	1.00000000	120
2026.08.03	09:03:04.845			179425	2.00000000	88
2026.08.03	09:03:04.845			179420	2.00000000	88
2026.08.03	09:03:04.845			179435	2.00000000	56
2026.08.03	09:03:04.847			179430	1.00000000	120
2026.08.03	09:03:04.849			179425	10.00000000	88
2026.08.03	09:03:04.850			179430	1.00000000	120
2026.08.03	09:03:04.851			179415	4.00000000	88
2026.08.03	09:03:04.851			179410	1.00000000	88
2026.08.03	09:03:04.851			179415	1.00000000	88
2026.08.03	09:03:04.851			179410	9.00000000	88
2026.08.03	09:03:04.851			179415	6.00000000	88
2026.08.03	09:03:04.852			179410	7.00000000	88
2026.08.03	09:03:04.853			179415	2.00000000	88
2026.08.03	09:03:04.854			179410	1.00000000	88
2026.08.03	09:03:04.855			179405	22.00000000	88
2026.08.03	09:03:04.856			179400	33.00000000	88
2026.08.03	09:03:04.860			179415	1.00000000	88
2026.08.03	09:03:04.860			179400	5.00000000	88
2026.08.03	09:03:04.860			179400	5.00000000	88
2026.08.03	09:03:04.860			179415	1.00000000	88
2026.08.03	09:03:04.862			179410	1.00000000	88
2026.08.03	09:03:04.862			179400	3.00000000	88
2026.08.03	09:03:04.864			179415	2.00000000	88
2026.08.03	09:03:04.865			179400	1.00000000	88
2026.08.03	09:03:04.865			179415	1.00000000	88
2026.08.03	09:03:04.865			179400	2.00000000	88
2026.08.03	09:03:04.866			179410	1.00000000	88
2026.08.03	09:03:04.868			179405	1.00000000	88
2026.08.03	09:03:04.868			179400	3.00000000	88
2026.08.03	09:03:04.870			179415	5.00000000	88
2026.08.03	09:03:04.870			179420	4.00000000	88
2026.08.03	09:03:04.870			179425	11.00000000	88
2026.08.03	09:03:04.870			179405	1.00000000	88
2026.08.03	09:03:04.872			179415	1.00000000	88
2026.08.03	09:03:04.874			179405	4.00000000	88
2026.08.03	09:03:04.874			179420	1.00000000	88
2026.08.03	09:03:04.875			179415	1.00000000	88
2026.08.03	09:03:04.875			179420	5.00000000	88
2026.08.03	09:03:04.875			179405	1.00000000	88
2026.08.03	09:03:04.875			179415	1.00000000	88
2026.08.03	09:03:04.875			179420	1.00000000	88
2026.08.03	09:03:04.877			179410	1.00000000	88
2026.08.03	09:03:04.878			179405	5.00000000	88
2026.08.03	09:03:04.879			179400	3.00000000	88
2026.08.03	09:03:04.879			179415	1.00000000	88
2026.08.03	09:03:04.881			179405	3.00000000	88
2026.08.03	09:03:04.881			179400	4.00000000	88
2026.08.03	09:03:04.883			179410	10.00000000	88
2026.08.03	09:03:04.885			179415	1.00000000	88
2026.08.03	09:03:04.887			179405	1.00000000	88
2026.08.03	09:03:04.888			179400	11.00000000	88
2026.08.03	09:03:04.894			179395	4.00000000	88
2026.08.03	09:03:04.894			179400	6.00000000	88
2026.08.03	09:03:04.895			179395	8.00000000	88
2026.08.03	09:03:04.895			179405	2.00000000	88
2026.08.03	09:03:04.896			179410	7.00000000	88
2026.08.03	09:03:04.896			179415	5.00000000	88
2026.08.03	09:03:04.900			179405	1.00000000	88
2026.08.03	09:03:04.901			179415	1.00000000	88
2026.08.03	09:03:04.902			179415	1.00000000	88
2026.08.03	09:03:04.903			179410	1.00000000	88
2026.08.03	09:03:04.905			179415	1.00000000	88
2026.08.03	09:03:04.906			179415	10.00000000	88
2026.08.03	09:03:04.907			179420	1.00000000	88
2026.08.03	09:03:04.907			179425	1.00000000	88
2026.08.03	09:03:04.910			179425	6.00000000	88
2026.08.03	09:03:04.910			179415	4.00000000	88
2026.08.03	09:03:04.912			179415	2.00000000	88
2026.08.03	09:03:04.912			179410	7.00000000	88
2026.08.03	09:03:04.914			179405	1.00000000	88
2026.08.03	09:03:04.915			179410	2.00000000	88
2026.08.03	09:03:04.915			179405	1.00000000	88
2026.08.03	09:03:04.916			179410	1.00000000	88
2026.08.03	09:03:04.916			179405	1.00000000	88
2026.08.03	09:03:04.916			179410	1.00000000	88
2026.08.03	09:03:04.917			179415	1.00000000	88
2026.08.03	09:03:04.917			179425	1.00000000	88
2026.08.03	09:03:04.918			179410	4.00000000	88
2026.08.03	09:03:04.927			179420	2.00000000	88
2026.08.03	09:03:04.927			179425	32.00000000	88
2026.08.03	09:03:04.927			179430	25.00000000	120
2026.08.03	09:03:04.927			179435	16.00000000	56
2026.08.03	09:03:04.927			179440	18.00000000	56
2026.08.03	09:03:04.927			179445	7.00000000	56
2026.08.03	09:03:04.928			179415	1.00000000	88
2026.08.03	09:03:04.928			179420	1.00000000	88
2026.08.03	09:03:04.928			179415	2.00000000	88
2026.08.03	09:03:04.928			179440	10.00000000	56
2026.08.03	09:03:04.928			179430	1.00000000	120
2026.08.03	09:03:04.932			179425	4.00000000	88
2026.08.03	09:03:04.932			179435	4.00000000	56
2026.08.03	09:03:04.934			179440	9.00000000	56
2026.08.03	09:03:04.934			179445	1.00000000	56
2026.08.03	09:03:04.934			179430	1.00000000	120
2026.08.03	09:03:04.934			179425	2.00000000	88
2026.08.03	09:03:04.934			179445	10.00000000	56
2026.08.03	09:03:04.934			179440	2.00000000	56
2026.08.03	09:03:04.935			179435	3.00000000	56
2026.08.03	09:03:04.936			179430	14.00000000	120
2026.08.03	09:03:04.936			179425	24.00000000	88
2026.08.03	09:03:04.936			179420	12.00000000	88
2026.08.03	09:03:04.936			179415	5.00000000	88
2026.08.03	09:03:04.936			179440	1.00000000	56
2026.08.03	09:03:04.937			179430	1.00000000	120
2026.08.03	09:03:04.937			179435	3.00000000	56
2026.08.03	09:03:04.938			179440	2.00000000	56
2026.08.03	09:03:04.938			179445	2.00000000	56
2026.08.03	09:03:04.938			179450	4.00000000	56
2026.08.03	09:03:04.940			179435	1.00000000	56
2026.08.03	09:03:04.941			179440	2.00000000	56
2026.08.03	09:03:04.942			179445	11.00000000	56
2026.08.03	09:03:04.942			179440	1.00000000	56
2026.08.03	09:03:04.943			179450	2.00000000	56
2026.08.03	09:03:04.945			179445	1.00000000	56
2026.08.03	09:03:04.945			179440	1.00000000	56
2026.08.03	09:03:04.946			179450	10.00000000	56
2026.08.03	09:03:04.946			179445	2.00000000	56
2026.08.03	09:03:04.948			179440	10.00000000	56
2026.08.03	09:03:04.949			179435	1.00000000	56
2026.08.03	09:03:04.949			179445	2.00000000	56
2026.08.03	09:03:04.949			179450	9.00000000	56
2026.08.03	09:03:04.950			179440	3.00000000	56
2026.08.03	09:03:04.950			179435	2.00000000	56
2026.08.03	09:03:04.950			179440	3.00000000	56
2026.08.03	09:03:04.950			179445	1.00000000	56
2026.08.03	09:03:04.951			179440	2.00000000	56
2026.08.03	09:03:04.951			179435	1.00000000	56
2026.08.03	09:03:04.951			179440	1.00000000	56
2026.08.03	09:03:04.952			179445	18.00000000	56
2026.08.03	09:03:04.952			179450	1.00000000	56
2026.08.03	09:03:04.952			179455	15.00000000	56
2026.08.03	09:03:04.952			179460	62.00000000	56
2026.08.03	09:03:04.952			179465	8.00000000	56
2026.08.03	09:03:04.952			179445	1.00000000	56
2026.08.03	09:03:04.952			179460	5.00000000	56
2026.08.03	09:03:04.953			179450	1.00000000	56
2026.08.03	09:03:04.953			179460	9.00000000	56
2026.08.03	09:03:04.953			179445	2.00000000	56
2026.08.03	09:03:04.953			179450	1.00000000	56
2026.08.03	09:03:04.954			179445	4.00000000	56
2026.08.03	09:03:04.955			179440	17.00000000	56
2026.08.03	09:03:04.955			179435	5.00000000	56
2026.08.03	09:03:04.955			179445	1.00000000	56
2026.08.03	09:03:04.955			179440	2.00000000	56
2026.08.03	09:03:04.956			179450	5.00000000	56
2026.08.03	09:03:04.956			179440	2.00000000	56
2026.08.03	09:03:04.957			179445	1.00000000	56
2026.08.03	09:03:04.957			179440	4.00000000	56
2026.08.03	09:03:04.957			179445	1.00000000	56
2026.08.03	09:03:04.958			179440	18.00000000	56
2026.08.03	09:03:04.959			179435	14.00000000	56
2026.08.03	09:03:04.959			179440	11.00000000	56
2026.08.03	09:03:04.961			179435	5.00000000	56
2026.08.03	09:03:04.962			179440	11.00000000	56
2026.08.03	09:03:04.962			179435	4.00000000	56
2026.08.03	09:03:04.962			179430	19.00000000	120
2026.08.03	09:03:04.966			179425	1.00000000	88
2026.08.03	09:03:04.966			179420	6.00000000	88
2026.08.03	09:03:04.969			179430	3.00000000	120
2026.08.03	09:03:04.969			179425	2.00000000	88
2026.08.03	09:03:04.970			179420	2.00000000	88
2026.08.03	09:03:04.972			179430	2.00000000	120
2026.08.03	09:03:04.972			179425	3.00000000	88
2026.08.03	09:03:04.973			179420	1.00000000	88
2026.08.03	09:03:04.974			179430	2.00000000	120
2026.08.03	09:03:04.974			179425	15.00000000	88
2026.08.03	09:03:04.974			179420	2.00000000	88
2026.08.03	09:03:04.974			179430	1.00000000	120
2026.08.03	09:03:04.975			179425	2.00000000	88
2026.08.03	09:03:04.976			179425	20.00000000	88
2026.08.03	09:03:04.976			179420	17.00000000	88
2026.08.03	09:03:04.976			179415	2.00000000	88
2026.08.03	09:03:04.977			179415	6.00000000	88
2026.08.03	09:03:04.977			179410	4.00000000	88
2026.08.03	09:03:04.978			179405	2.00000000	88
2026.08.03	09:03:04.978			179400	4.00000000	88
2026.08.03	09:03:04.978			179405	4.00000000	88
2026.08.03	09:03:04.978			179400	3.00000000	88
2026.08.03	09:03:04.978			179395	13.00000000	88
2026.08.03	09:03:04.978			179390	16.00000000	88
2026.08.03	09:03:04.980			179390	41.00000000	88
2026.08.03	09:03:04.980			179390	76.00000000	88
2026.08.03	09:03:04.980			179395	1.00000000	88
2026.08.03	09:03:04.980			179400	2.00000000	88
2026.08.03	09:03:04.980			179390	6.00000000	88
2026.08.03	09:03:04.980			179385	14.00000000	88
2026.08.03	09:03:04.980			179395	2.00000000	88
2026.08.03	09:03:04.980			179390	2.00000000	88
2026.08.03	09:03:04.981			179385	12.00000000	88
2026.08.03	09:03:04.981			179380	8.00000000	88
2026.08.03	09:03:04.981			179390	2.00000000	88
2026.08.03	09:03:04.981			179380	2.00000000	88
2026.08.03	09:03:04.982			179385	3.00000000	88
2026.08.03	09:03:04.982			179380	8.00000000	88
2026.08.03	09:03:04.982			179375	13.00000000	88
2026.08.03	09:03:04.983			179380	11.00000000	88
2026.08.03	09:03:04.985			179375	1.00000000	88
2026.08.03	09:03:04.988			179385	1.00000000	88
2026.08.03	09:03:04.988			179385	6.00000000	88
2026.08.03	09:03:04.989			179380	2.00000000	88
2026.08.03	09:03:04.989			179375	1.00000000	88
2026.08.03	09:03:04.989			179380	2.00000000	88
2026.08.03	09:03:04.989			179375	2.00000000	88
2026.08.03	09:03:04.989			179370	6.00000000	88
2026.08.03	09:03:04.990			179375	2.00000000	88
2026.08.03	09:03:04.990			179370	5.00000000	88
2026.08.03	09:03:04.991			179375	2.00000000	88
2026.08.03	09:03:04.991			179375	1.00000000	88
2026.08.03	09:03:04.991			179370	14.00000000	88
2026.08.03	09:03:04.991			179385	1.00000000	88
2026.08.03	09:03:04.991			179390	1.00000000	88
2026.08.03	09:03:04.992			179385	1.00000000	88
2026.08.03	09:03:04.992			179380	2.00000000	88
2026.08.03	09:03:04.992			179375	8.00000000	88
2026.08.03	09:03:04.993			179370	1.00000000	88
2026.08.03	09:03:04.993			179365	35.00000000	88
2026.08.03	09:03:04.995			179360	91.00000000	88
2026.08.03	09:03:04.996			179355	5.00000000	88
2026.08.03	09:03:04.997			179360	2.00000000	88
2026.08.03	09:03:04.997			179355	7.00000000	88
2026.08.03	09:03:04.997			179350	20.00000000	88
2026.08.03	09:03:04.997			179360	10.00000000	88
2026.08.03	09:03:04.997			179350	15.00000000	88
2026.08.03	09:03:04.998			179355	2.00000000	88
2026.08.03	09:03:04.998			179360	3.00000000	88
2026.08.03	09:03:04.998			179365	2.00000000	88
2026.08.03	09:03:04.998			179355	2.00000000	88
2026.08.03	09:03:04.998			179350	13.00000000	88
2026.08.03	09:03:04.998			179355	2.00000000	88
2026.08.03	09:03:04.998			179350	8.00000000	88
2026.08.03	09:03:04.999			179355	10.00000000	88
2026.08.03	09:03:05.001			179350	1.00000000	88
2026.08.03	09:03:05.002			179355	1.00000000	88
2026.08.03	09:03:05.002			179360	2.00000000	88
2026.08.03	09:03:05.003			179355	1.00000000	88
2026.08.03	09:03:05.003			179360	1.00000000	88
2026.08.03	09:03:05.004			179365	2.00000000	88
2026.08.03	09:03:05.004			179370	4.00000000	88
2026.08.03	09:03:05.004			179375	11.00000000	88
2026.08.03	09:03:05.004			179375	3.00000000	88
2026.08.03	09:03:05.005			179365	15.00000000	88
2026.08.03	09:03:05.005			179375	64.00000000	88
2026.08.03	09:03:05.006			179380	6.00000000	88
2026.08.03	09:03:05.006			179370	38.00000000	88
2026.08.03	09:03:05.007			179375	1.00000000	88
2026.08.03	09:03:05.007			179375	2.00000000	88
2026.08.03	09:03:05.007			179385	1.00000000	88
2026.08.03	09:03:05.008			179380	1.00000000	88
2026.08.03	09:03:05.008			179390	2.00000000	88
2026.08.03	09:03:05.008			179375	8.00000000	88
2026.08.03	09:03:05.008			179370	2.00000000	88
2026.08.03	09:03:05.008			179370	3.00000000	88
2026.08.03	09:03:05.008			179385	7.00000000	88
2026.08.03	09:03:05.009			179380	12.00000000	88
2026.08.03	09:03:05.009			179385	11.00000000	88
2026.08.03	09:03:05.010			179380	8.00000000	88
2026.08.03	09:03:05.010			179375	1.00000000	88
2026.08.03	09:03:05.010			179370	19.00000000	88
2026.08.03	09:03:05.010			179390	3.00000000	88
2026.08.03	09:03:05.011			179385	2.00000000	88
2026.08.03	09:03:05.011			179370	1.00000000	88
2026.08.03	09:03:05.011			179385	2.00000000	88
2026.08.03	09:03:05.011			179380	1.00000000	88
2026.08.03	09:03:05.011			179385	1.00000000	88
2026.08.03	09:03:05.011			179390	2.00000000	88
2026.08.03	09:03:05.012			179375	8.00000000	88
2026.08.03	09:03:05.012			179380	1.00000000	88
2026.08.03	09:03:05.013			179375	1.00000000	88
2026.08.03	09:03:05.013			179370	2.00000000	88
2026.08.03	09:03:05.014			179365	3.00000000	88
2026.08.03	09:03:05.016			179375	1.00000000	88
2026.08.03	09:03:05.017			179370	3.00000000	88
2026.08.03	09:03:05.017			179365	1.00000000	88
2026.08.03	09:03:05.017			179370	2.00000000	88
2026.08.03	09:03:05.017			179365	4.00000000	88
2026.08.03	09:03:05.019			179370	3.00000000	88
2026.08.03	09:03:05.021			179375	1.00000000	88
2026.08.03	09:03:05.025			179370	14.00000000	88
2026.08.03	09:03:05.025			179365	5.00000000	88
2026.08.03	09:03:05.027			179360	2.00000000	88
2026.08.03	09:03:05.029			179350	2.00000000	88
2026.08.03	09:03:05.030			179355	1.00000000	88
2026.08.03	09:03:05.030			179360	1.00000000	88
2026.08.03	09:03:05.031			179365	1.00000000	88
2026.08.03	09:03:05.031			179360	2.00000000	88
2026.08.03	09:03:05.032			179370	1.00000000	88
2026.08.03	09:03:05.032			179365	3.00000000	88
2026.08.03	09:03:05.032			179370	4.00000000	88
2026.08.03	09:03:05.034			179365	3.00000000	88
2026.08.03	09:03:05.034			179360	2.00000000	88
2026.08.03	09:03:05.035			179355	1.00000000	88
2026.08.03	09:03:05.036			179350	70.00000000	88
2026.08.03	09:03:05.036			179350	35.00000000	88
2026.08.03	09:03:05.037			179345	50.00000000	88
2026.08.03	09:03:05.038			179340	26.00000000	88
2026.08.03	09:03:05.039			179340	40.00000000	88
2026.08.03	09:03:05.039			179345	1.00000000	88
2026.08.03	09:03:05.039			179340	11.00000000	88
2026.08.03	09:03:05.039			179345	2.00000000	88
2026.08.03	09:03:05.039			179340	64.00000000	88
2026.08.03	09:03:05.040			179345	5.00000000	88
2026.08.03	09:03:05.040			179340	3.00000000	88
2026.08.03	09:03:05.040			179335	17.00000000	88
2026.08.03	09:03:05.040			179340	13.00000000	88
2026.08.03	09:03:05.041			179350	3.00000000	88
2026.08.03	09:03:05.041			179355	1.00000000	88
2026.08.03	09:03:05.042			179345	1.00000000	88
2026.08.03	09:03:05.042			179350	1.00000000	88
2026.08.03	09:03:05.042			179355	2.00000000	88
2026.08.03	09:03:05.043			179355	1.00000000	88
2026.08.03	09:03:05.043			179360	4.00000000	88
2026.08.03	09:03:05.043			179365	9.00000000	88
2026.08.03	09:03:05.043			179355	4.00000000	88
2026.08.03	09:03:05.044			179360	7.00000000	88
2026.08.03	09:03:05.045			179355	2.00000000	88
2026.08.03	09:03:05.046			179350	1.00000000	88
2026.08.03	09:03:05.051			179345	1.00000000	88
2026.08.03	09:03:05.051			179340	1.00000000	88
2026.08.03	09:03:05.052			179350	3.00000000	88
2026.08.03	09:03:05.052			179355	6.00000000	88
2026.08.03	09:03:05.052			179350	3.00000000	88
2026.08.03	09:03:05.052			179345	3.00000000	88
2026.08.03	09:03:05.052			179365	10.00000000	88
2026.08.03	09:03:05.053			179355	2.00000000	88
2026.08.03	09:03:05.053			179360	3.00000000	88
2026.08.03	09:03:05.054			179345	1.00000000	88
2026.08.03	09:03:05.055			179350	2.00000000	88
2026.08.03	09:03:05.057			179355	2.00000000	88
2026.08.03	09:03:05.057			179360	14.00000000	88
2026.08.03	09:03:05.059			179365	1.00000000	88
2026.08.03	09:03:05.059			179355	3.00000000	88
2026.08.03	09:03:05.059			179355	7.00000000	88
2026.08.03	09:03:05.059			179360	2.00000000	88
2026.08.03	09:03:05.060			179350	7.00000000	88
2026.08.03	09:03:05.061			179340	2.00000000	88
2026.08.03	09:03:05.061			179345	2.00000000	88
2026.08.03	09:03:05.062			179340	1.00000000	88
2026.08.03	09:03:05.062			179345	1.00000000	88
2026.08.03	09:03:05.062			179350	2.00000000	88
2026.08.03	09:03:05.063			179345	1.00000000	88
2026.08.03	09:03:05.064			179355	1.00000000	88
2026.08.03	09:03:05.064			179355	2.00000000	88
2026.08.03	09:03:05.065			179345	2.00000000	88
2026.08.03	09:03:05.065			179340	8.00000000	88
2026.08.03	09:03:05.066			179350	1.00000000	88
2026.08.03	09:03:05.066			179345	2.00000000	88
2026.08.03	09:03:05.067			179340	1.00000000	88
2026.08.03	09:03:05.067			179350	1.00000000	88
2026.08.03	09:03:05.067			179355	2.00000000	88
2026.08.03	09:03:05.067			179340	1.00000000	88
2026.08.03	09:03:05.068			179350	3.00000000	88
2026.08.03	09:03:05.075			179350	2.00000000	88
2026.08.03	09:03:05.079			179345	1.00000000	88
2026.08.03	09:03:05.082			179345	1.00000000	88
2026.08.03	09:03:05.082			179345	2.00000000	88
2026.08.03	09:03:05.086			179345	1.00000000	88
2026.08.03	09:03:05.086			179350	2.00000000	88
2026.08.03	09:03:05.087			179345	10.00000000	88
2026.08.03	09:03:05.087			179355	1.00000000	88
2026.08.03	09:03:05.088			179345	4.00000000	88
2026.08.03	09:03:05.088			179345	11.00000000	88
2026.08.03	09:03:05.090			179340	5.00000000	88
2026.08.03	09:03:05.091			179335	4.00000000	88
2026.08.03	09:03:05.091			179330	16.00000000	88
2026.08.03	09:03:05.091			179335	1.00000000	88
2026.08.03	09:03:05.091			179340	2.00000000	88
2026.08.03	09:03:05.094			179335	7.00000000	88
2026.08.03	09:03:05.095			179335	1.00000000	88
2026.08.03	09:03:05.095			179340	1.00000000	88
2026.08.03	09:03:05.095			179335	2.00000000	88
2026.08.03	09:03:05.095			179330	7.00000000	88
2026.08.03	09:03:05.096			179340	1.00000000	88
2026.08.03	09:03:05.096			179330	8.00000000	88
2026.08.03	09:03:05.097			179335	1.00000000	88
2026.08.03	09:03:05.097			179330	4.00000000	88
2026.08.03	09:03:05.097			179325	15.00000000	88
2026.08.03	09:03:05.097			179325	22.00000000	88
2026.08.03	09:03:05.098			179320	11.00000000	88
2026.08.03	09:03:05.098			179325	35.00000000	88
2026.08.03	09:03:05.098			179320	15.00000000	88
2026.08.03	09:03:05.099			179315	46.00000000	88
2026.08.03	09:03:05.099			179325	1.00000000	88
2026.08.03	09:03:05.099			179315	1.00000000	88
2026.08.03	09:03:05.100			179315	1.00000000	88
2026.08.03	09:03:05.100			179320	2.00000000	88
2026.08.03	09:03:05.103			179315	3.00000000	88
2026.08.03	09:03:05.108			179320	1.00000000	88
2026.08.03	09:03:05.109			179320	1.00000000	88
2026.08.03	09:03:05.109			179325	5.00000000	88
2026.08.03	09:03:05.109			179330	3.00000000	88
2026.08.03	09:03:05.110			179325	10.00000000	88
2026.08.03	09:03:05.110			179330	3.00000000	88
2026.08.03	09:03:05.111			179325	2.00000000	88
2026.08.03	09:03:05.111			179330	2.00000000	88
2026.08.03	09:03:05.111			179335	7.00000000	88
2026.08.03	09:03:05.111			179335	2.00000000	88
2026.08.03	09:03:05.111			179325	6.00000000	88
2026.08.03	09:03:05.113			179330	1.00000000	88
2026.08.03	09:03:05.115			179320	2.00000000	88
2026.08.03	09:03:05.116			179320	25.00000000	88
2026.08.03	09:03:05.120			179320	1.00000000	88
2026.08.03	09:03:05.120			179325	2.00000000	88
2026.08.03	09:03:05.122			179325	2.00000000	88
2026.08.03	09:03:05.123	179320				2
2026.08.03	09:03:05.123		179330			4
2026.08.03	09:03:05.125			179320	1.00000000	88
2026.08.03	09:03:05.127			179330	4.00000000	56
2026.08.03	09:03:05.127			179335	13.00000000	56
2026.08.03	09:03:05.128			179335	4.00000000	56
2026.08.03	09:03:05.129			179330	10.00000000	56
2026.08.03	09:03:05.129			179335	2.00000000	56
2026.08.03	09:03:05.129			179340	3.00000000	56
2026.08.03	09:03:05.129			179325	1.00000000	120
2026.08.03	09:03:05.130			179340	6.00000000	56
2026.08.03	09:03:05.130			179330	3.00000000	56
2026.08.03	09:03:05.130			179325	6.00000000	120
2026.08.03	09:03:05.132			179335	1.00000000	56
2026.08.03	09:03:05.135			179330	3.00000000	56
2026.08.03	09:03:05.136			179335	1.00000000	56
2026.08.03	09:03:05.138			179335	1.00000000	56
2026.08.03	09:03:05.142			179340	3.00000000	56
2026.08.03	09:03:05.146			179340	3.00000000	56
2026.08.03	09:03:05.146			179335	1.00000000	56
2026.08.03	09:03:05.146			179340	1.00000000	56
2026.08.03	09:03:05.150			179345	3.00000000	56
2026.08.03	09:03:05.150			179350	2.00000000	56
2026.08.03	09:03:05.150			179350	18.00000000	56
2026.08.03	09:03:05.159			179355	6.00000000	56
2026.08.03	09:03:05.159			179360	4.00000000	56
2026.08.03	09:03:05.160			179365	2.00000000	56
2026.08.03	09:03:05.161			179370	24.00000000	56
2026.08.03	09:03:05.161			179375	70.00000000	56
2026.08.03	09:03:05.161			179370	2.00000000	56
2026.08.03	09:03:05.162			179375	1.00000000	56
2026.08.03	09:03:05.162			179380	1.00000000	56
2026.08.03	09:03:05.162			179375	1.00000000	56
2026.08.03	09:03:05.162			179370	2.00000000	56
2026.08.03	09:03:05.162			179375	1.00000000	56
2026.08.03	09:03:05.162			179380	1.00000000	56
2026.08.03	09:03:05.162			179375	3.00000000	56
2026.08.03	09:03:05.165			179370	14.00000000	56
2026.08.03	09:03:05.169			179375	4.00000000	56
2026.08.03	09:03:05.169			179380	2.00000000	56
2026.08.03	09:03:05.169			179385	4.00000000	56
2026.08.03	09:03:05.169			179380	1.00000000	56
2026.08.03	09:03:05.170			179375	4.00000000	56
2026.08.03	09:03:05.170			179370	7.00000000	56
2026.08.03	09:03:05.170			179365	4.00000000	56
2026.08.03	09:03:05.171			179370	1.00000000	56
2026.08.03	09:03:05.171			179365	2.00000000	56
2026.08.03	09:03:05.172			179360	3.00000000	56
2026.08.03	09:03:05.172			179365	4.00000000	56
2026.08.03	09:03:05.172			179365	8.00000000	56
2026.08.03	09:03:05.173			179360	4.00000000	56
2026.08.03	09:03:05.173			179365	1.00000000	56
2026.08.03	09:03:05.174			179370	3.00000000	56
2026.08.03	09:03:05.174			179375	1.00000000	56
2026.08.03	09:03:05.174			179365	1.00000000	56
2026.08.03	09:03:05.174			179370	1.00000000	56
2026.08.03	09:03:05.174			179360	6.00000000	56
2026.08.03	09:03:05.175			179370	1.00000000	56
2026.08.03	09:03:05.175			179360	12.00000000	56
2026.08.03	09:03:05.180			179355	6.00000000	56
2026.08.03	09:03:05.180			179350	1.00000000	56
2026.08.03	09:03:05.180			179350	17.00000000	56
2026.08.03	09:03:05.180			179345	4.00000000	56
2026.08.03	09:03:05.182			179350	2.00000000	56
2026.08.03	09:03:05.192			179350	3.00000000	56
2026.08.03	09:03:05.193			179345	2.00000000	56
2026.08.03	09:03:05.194			179340	7.00000000	56
2026.08.03	09:03:05.194			179335	2.00000000	56
2026.08.03	09:03:05.195			179340	10.00000000	56
2026.08.03	09:03:05.197			179350	37.00000000	56
2026.08.03	09:03:05.198			179355	3.00000000	56
2026.08.03	09:03:05.198			179360	7.00000000	56
2026.08.03	09:03:05.201			179350	2.00000000	56
2026.08.03	09:03:05.202			179360	1.00000000	56
2026.08.03	09:03:05.202			179350	10.00000000	56
2026.08.03	09:03:05.203			179340	1.00000000	56
2026.08.03	09:03:05.210			179350	3.00000000	56
2026.08.03	09:03:05.211			179355	1.00000000	56
2026.08.03	09:03:05.211			179355	3.00000000	56
2026.08.03	09:03:05.211			179360	3.00000000	56
2026.08.03	09:03:05.211			179365	3.00000000	56
2026.08.03	09:03:05.212			179360	1.00000000	56
2026.08.03	09:03:05.212			179355	1.00000000	56
2026.08.03	09:03:05.213			179360	1.00000000	56
2026.08.03	09:03:05.214			179360	10.00000000	56
2026.08.03	09:03:05.217			179355	1.00000000	56
2026.08.03	09:03:05.221			179355	2.00000000	56
2026.08.03	09:03:05.221			179350	3.00000000	56
2026.08.03	09:03:05.225			179345	3.00000000	56
2026.08.03	09:03:05.225			179340	12.00000000	56
2026.08.03	09:03:05.227			179345	1.00000000	56
2026.08.03	09:03:05.233			179345	8.00000000	56
2026.08.03	09:03:05.234			179350	1.00000000	56
2026.08.03	09:03:05.234			179355	49.00000000	56
2026.08.03	09:03:05.238			179345	1.00000000	56
2026.08.03	09:03:05.239			179355	5.00000000	56
2026.08.03	09:03:05.240			179350	1.00000000	56
2026.08.03	09:03:05.240			179345	2.00000000	56
2026.08.03	09:03:05.242			179350	1.00000000	56
2026.08.03	09:03:05.242			179345	2.00000000	56
2026.08.03	09:03:05.245			179355	5.00000000	56
2026.08.03	09:03:05.245			179360	8.00000000	56
2026.08.03	09:03:05.247			179345	5.00000000	56
2026.08.03	09:03:05.247			179365	3.00000000	56
2026.08.03	09:03:05.248			179360	5.00000000	56
2026.08.03	09:03:05.249			179345	1.00000000	56
2026.08.03	09:03:05.250			179350	4.00000000	56
2026.08.03	09:03:05.262			179355	1.00000000	56
2026.08.03	09:03:05.264			179350	8.00000000	56
2026.08.03	09:03:05.265			179345	1.00000000	56
2026.08.03	09:03:05.267			179355	2.00000000	56
2026.08.03	09:03:05.267			179350	3.00000000	56
2026.08.03	09:03:05.267			179355	11.00000000	56
2026.08.03	09:03:05.267			179350	9.00000000	56
2026.08.03	09:03:05.267			179345	13.00000000	56
2026.08.03	09:03:05.268			179340	5.00000000	56
2026.08.03	09:03:05.268			179345	2.00000000	56
2026.08.03	09:03:05.268			179340	3.00000000	56
2026.08.03	09:03:05.269			179345	12.00000000	56
2026.08.03	09:03:05.269			179340	1.00000000	56
2026.08.03	09:03:05.269			179340	3.00000000	56
2026.08.03	09:03:05.274			179340	1.00000000	56
2026.08.03	09:03:05.275			179350	1.00000000	56
2026.08.03	09:03:05.275			179340	2.00000000	56
2026.08.03	09:03:05.276			179345	2.00000000	56
2026.08.03	09:03:05.276			179340	8.00000000	56
2026.08.03	09:03:05.278			179350	3.00000000	56
2026.08.03	09:03:05.278			179345	2.00000000	56
2026.08.03	09:03:05.278			179340	1.00000000	56
2026.08.03	09:03:05.281			179350	1.00000000	56
2026.08.03	09:03:05.283			179345	26.00000000	56
2026.08.03	09:03:05.286			179345	2.00000000	56
2026.08.03	09:03:05.289			179345	5.00000000	56
2026.08.03	09:03:05.290			179355	2.00000000	56
2026.08.03	09:03:05.291			179350	2.00000000	56
2026.08.03	09:03:05.292			179345	6.00000000	56
2026.08.03	09:03:05.292			179345	4.00000000	56
2026.08.03	09:03:05.292			179340	6.00000000	56
2026.08.03	09:03:05.292			179335	13.00000000	56
2026.08.03	09:03:05.292			179330	24.00000000	56
2026.08.03	09:03:05.294			179345	5.00000000	56
2026.08.03	09:03:05.294			179330	1.00000000	56
2026.08.03	09:03:05.295			179345	2.00000000	56
2026.08.03	09:03:05.295			179330	1.00000000	56
2026.08.03	09:03:05.298			179345	1.00000000	56
2026.08.03	09:03:05.303			179350	9.00000000	56
2026.08.03	09:03:05.303			179355	11.00000000	56
2026.08.03	09:03:05.317			179360	2.00000000	56
2026.08.03	09:03:05.317			179365	11.00000000	56
2026.08.03	09:03:05.320			179365	2.00000000	56
2026.08.03	09:03:05.320			179365	4.00000000	56
2026.08.03	09:03:05.321			179370	6.00000000	56
2026.08.03	09:03:05.321			179365	3.00000000	56
2026.08.03	09:03:05.322			179370	8.00000000	56
2026.08.03	09:03:05.322			179375	6.00000000	56
2026.08.03	09:03:05.323			179380	10.00000000	56
2026.08.03	09:03:05.323			179385	3.00000000	56
2026.08.03	09:03:05.327			179385	1.00000000	56
2026.08.03	09:03:05.331			179390	4.00000000	56
2026.08.03	09:03:05.331			179395	4.00000000	56
2026.08.03	09:03:05.331			179400	3.00000000	56
2026.08.03	09:03:05.335			179395	13.00000000	56
2026.08.03	09:03:05.336			179400	9.00000000	56
2026.08.03	09:03:05.337			179405	12.00000000	56
2026.08.03	09:03:05.342			179410	1.00000000	56
2026.08.03	09:03:05.343			179405	1.00000000	56
2026.08.03	09:03:05.348			179410	4.00000000	56
2026.08.03	09:03:05.353			179405	16.00000000	56
2026.08.03	09:03:05.353			179400	9.00000000	56
2026.08.03	09:03:05.353			179395	8.00000000	56
2026.08.03	09:03:05.353			179395	17.00000000	56
2026.08.03	09:03:05.354			179400	1.00000000	56
2026.08.03	09:03:05.358			179400	5.00000000	56
2026.08.03	09:03:05.360			179405	2.00000000	56
2026.08.03	09:03:05.360			179400	1.00000000	56
2026.08.03	09:03:05.368			179405	3.00000000	56
2026.08.03	09:03:05.368			179410	1.00000000	56
2026.08.03	09:03:05.369			179405	4.00000000	56
2026.08.03	09:03:05.369			179400	1.00000000	56
2026.08.03	09:03:05.369			179405	1.00000000	56
2026.08.03	09:03:05.369			179415	9.00000000	56
2026.08.03	09:03:05.369			179420	2.00000000	56
2026.08.03	09:03:05.369			179405	3.00000000	56
2026.08.03	09:03:05.370			179420	2.00000000	56
2026.08.03	09:03:05.370			179410	6.00000000	56
2026.08.03	09:03:05.371			179415	1.00000000	56
2026.08.03	09:03:05.371			179415	1.00000000	56
2026.08.03	09:03:05.371			179410	20.00000000	56
2026.08.03	09:03:05.371			179405	4.00000000	56
2026.08.03	09:03:05.371			179425	6.00000000	56
2026.08.03	09:03:05.371			179415	6.00000000	56
2026.08.03	09:03:05.373			179410	1.00000000	56
2026.08.03	09:03:05.373			179415	2.00000000	56
2026.08.03	09:03:05.373			179420	3.00000000	56
2026.08.03	09:03:05.374			179415	7.00000000	56
2026.08.03	09:03:05.379			179410	1.00000000	56
2026.08.03	09:03:05.381			179405	19.00000000	56
2026.08.03	09:03:05.383			179400	4.00000000	56
2026.08.03	09:03:05.384			179405	14.00000000	56
2026.08.03	09:03:05.390			179400	5.00000000	56
2026.08.03	09:03:05.395			179405	1.00000000	56
2026.08.03	09:03:05.395			179400	1.00000000	56
2026.08.03	09:03:05.397			179405	1.00000000	56
2026.08.03	09:03:05.397			179410	5.00000000	56
2026.08.03	09:03:05.399			179405	1.00000000	56
2026.08.03	09:03:05.408			179405	1.00000000	56
2026.08.03	09:03:05.411			179405	1.00000000	56
2026.08.03	09:03:05.411			179400	1.00000000	56
2026.08.03	09:03:05.416			179410	1.00000000	56
2026.08.03	09:03:05.417			179405	1.00000000	56
2026.08.03	09:03:05.417			179400	4.00000000	56
2026.08.03	09:03:05.420			179405	1.00000000	56
2026.08.03	09:03:05.425			179405	3.00000000	56
2026.08.03	09:03:05.428			179400	1.00000000	56
2026.08.03	09:03:05.428			179410	1.00000000	56
2026.08.03	09:03:05.434			179405	1.00000000	56
2026.08.03	09:03:05.440			179405	2.00000000	56
2026.08.03	09:03:05.441			179410	1.00000000	56
2026.08.03	09:03:05.441			179410	1.00000000	56
2026.08.03	09:03:05.443			179405	1.00000000	56
2026.08.03	09:03:05.443			179400	20.00000000	56
2026.08.03	09:03:05.445			179395	6.00000000	56
2026.08.03	09:03:05.445			179390	6.00000000	56
2026.08.03	09:03:05.445			179400	1.00000000	56
2026.08.03	09:03:05.445			179405	1.00000000	56
2026.08.03	09:03:05.454			179395	3.00000000	56
2026.08.03	09:03:05.454			179390	24.00000000	56
2026.08.03	09:03:05.454			179385	17.00000000	56
2026.08.03	09:03:05.461			179390	16.00000000	56
2026.08.03	09:03:05.461			179395	2.00000000	56
2026.08.03	09:03:05.462			179390	1.00000000	56
2026.08.03	09:03:05.463			179395	2.00000000	56
2026.08.03	09:03:05.463			179400	1.00000000	56
2026.08.03	09:03:05.463			179405	8.00000000	56
2026.08.03	09:03:05.463			179400	2.00000000	56
2026.08.03	09:03:05.463			179395	16.00000000	56
2026.08.03	09:03:05.473	179395				2
2026.08.03	09:03:05.473			179395	10.00000000	56
2026.08.03	09:03:05.473		179400			4
2026.08.03	09:03:05.474			179395	1.00000000	88
2026.08.03	09:03:05.476			179400	1.00000000	56
2026.08.03	09:03:05.479			179400	2.00000000	56
2026.08.03	09:03:05.481			179405	1.00000000	56
2026.08.03	09:03:05.481			179410	1.00000000	56
2026.08.03	09:03:05.481			179405	13.00000000	56
2026.08.03	09:03:05.490			179405	1.00000000	56
2026.08.03	09:03:05.490			179410	7.00000000	56
2026.08.03	09:03:05.492			179415	6.00000000	56
2026.08.03	09:03:05.496			179415	8.00000000	56
2026.08.03	09:03:05.496			179420	8.00000000	56
2026.08.03	09:03:05.497			179415	11.00000000	56
2026.08.03	09:03:05.497			179410	1.00000000	56
2026.08.03	09:03:05.508			179410	2.00000000	56
2026.08.03	09:03:05.508			179415	1.00000000	56
2026.08.03	09:03:05.508			179410	12.00000000	56
2026.08.03	09:03:05.509			179415	7.00000000	56
2026.08.03	09:03:05.509			179410	5.00000000	56
2026.08.03	09:03:05.510			179410	1.00000000	56
2026.08.03	09:03:05.510			179405	6.00000000	56
2026.08.03	09:03:05.511			179400	4.00000000	56
2026.08.03	09:03:05.511			179395	14.00000000	88
2026.08.03	09:03:05.512			179390	37.00000000	88
2026.08.03	09:03:05.514			179395	6.00000000	88
2026.08.03	09:03:05.515			179400	3.00000000	56
2026.08.03	09:03:05.515			179405	5.00000000	56
2026.08.03	09:03:05.522			179400	1.00000000	56
2026.08.03	09:03:05.522			179405	5.00000000	56
2026.08.03	09:03:05.524			179400	2.00000000	56
2026.08.03	09:03:05.524			179405	25.00000000	56
2026.08.03	09:03:05.525			179400	13.00000000	56
2026.08.03	09:03:05.525			179405	2.00000000	56
2026.08.03	09:03:05.525			179400	2.00000000	56
2026.08.03	09:03:05.526			179405	1.00000000	56
2026.08.03	09:03:05.527			179395	9.00000000	88
2026.08.03	09:03:05.528			179390	6.00000000	88
2026.08.03	09:03:05.528			179385	9.00000000	88
2026.08.03	09:03:05.530			179390	2.00000000	88
2026.08.03	09:03:05.537			179385	4.00000000	88
2026.08.03	09:03:05.537			179390	1.00000000	88
2026.08.03	09:03:05.538			179385	24.00000000	88
2026.08.03	09:03:05.542			179390	9.00000000	88
2026.08.03	09:03:05.543			179395	3.00000000	88
2026.08.03	09:03:05.543			179390	1.00000000	88
2026.08.03	09:03:05.543			179400	32.00000000	56
2026.08.03	09:03:05.546			179395	18.00000000	88
2026.08.03	09:03:05.547			179390	1.00000000	88
2026.08.03	09:03:05.547			179385	25.00000000	88
2026.08.03	09:03:05.549			179390	1.00000000	88
2026.08.03	09:03:05.550			179385	13.00000000	88
2026.08.03	09:03:05.557			179380	1.00000000	88
2026.08.03	09:03:05.558			179385	2.00000000	88
2026.08.03	09:03:05.562			179390	1.00000000	88
2026.08.03	09:03:05.564			179385	2.00000000	88
2026.08.03	09:03:05.564			179380	3.00000000	88
2026.08.03	09:03:05.571			179385	7.00000000	88
2026.08.03	09:03:05.571			179380	22.00000000	88
2026.08.03	09:03:05.571			179380	6.00000000	88
2026.08.03	09:03:05.572			179385	13.00000000	88
2026.08.03	09:03:05.574			179390	1.00000000	88
2026.08.03	09:03:05.575			179385	8.00000000	88
2026.08.03	09:03:05.575			179380	27.00000000	88
2026.08.03	09:03:05.575			179380	4.00000000	88
2026.08.03	09:03:05.575			179375	41.00000000	88
2026.08.03	09:03:05.576			179385	7.00000000	88
2026.08.03	09:03:05.581			179385	7.00000000	88
2026.08.03	09:03:05.584			179385	1.00000000	88
2026.08.03	09:03:05.585			179390	11.00000000	88
2026.08.03	09:03:05.587			179390	6.00000000	88
2026.08.03	09:03:05.587			179385	2.00000000	88
2026.08.03	09:03:05.587			179385	22.00000000	88
2026.08.03	09:03:05.587			179380	6.00000000	88
2026.08.03	09:03:05.588			179390	1.00000000	88
2026.08.03	09:03:05.588			179395	1.00000000	88
2026.08.03	09:03:05.589			179390	3.00000000	88
2026.08.03	09:03:05.590			179395	18.00000000	88
2026.08.03	09:03:05.593			179400	1.00000000	56
2026.08.03	09:03:05.593			179395	1.00000000	88
2026.08.03	09:03:05.594			179400	1.00000000	56
2026.08.03	09:03:05.600			179395	5.00000000	88
2026.08.03	09:03:05.600			179390	16.00000000	88
2026.08.03	09:03:05.602			179385	6.00000000	88
2026.08.03	09:03:05.602			179390	8.00000000	88
2026.08.03	09:03:05.605			179400	8.00000000	56
2026.08.03	09:03:05.605			179390	1.00000000	88
2026.08.03	09:03:05.606			179395	6.00000000	88
2026.08.03	09:03:05.607			179390	38.00000000	88
2026.08.03	09:03:05.609			179400	5.00000000	56
2026.08.03	09:03:05.611			179390	4.00000000	88
2026.08.03	09:03:05.615			179400	1.00000000	56
2026.08.03	09:03:05.619			179395	1.00000000	88
2026.08.03	09:03:05.624			179400	1.00000000	56
2026.08.03	09:03:05.625			179390	2.00000000	88
2026.08.03	09:03:05.633			179400	12.00000000	56
2026.08.03	09:03:05.637			179395	7.00000000	88
2026.08.03	09:03:05.637			179390	10.00000000	88
2026.08.03	09:03:05.638			179385	20.00000000	88
2026.08.03	09:03:05.638			179390	6.00000000	88
2026.08.03	09:03:05.638			179385	23.00000000	88
2026.08.03	09:03:05.640			179380	1.00000000	88
2026.08.03	09:03:05.640			179385	5.00000000	88
2026.08.03	09:03:05.644			179395	2.00000000	88
2026.08.03	09:03:05.648			179390	2.00000000	88
2026.08.03	09:03:05.648			179385	2.00000000	88
2026.08.03	09:03:05.649			179395	5.00000000	88
2026.08.03	09:03:05.650			179385	6.00000000	88
2026.08.03	09:03:05.654			179395	9.00000000	88
2026.08.03	09:03:05.654			179400	3.00000000	56
2026.08.03	09:03:05.656			179390	2.00000000	88
2026.08.03	09:03:05.656			179385	25.00000000	88
2026.08.03	09:03:05.656			179380	17.00000000	88
2026.08.03	09:03:05.656			179375	49.00000000	88
2026.08.03	09:03:05.656			179370	5.00000000	88
2026.08.03	09:03:05.656			179370	54.00000000	88
2026.08.03	09:03:05.656			179365	36.00000000	88
2026.08.03	09:03:05.657			179390	9.00000000	88
2026.08.03	09:03:05.659			179375	1.00000000	88
2026.08.03	09:03:05.660			179385	1.00000000	88
2026.08.03	09:03:05.660			179395	19.00000000	88
2026.08.03	09:03:05.661			179390	5.00000000	88
2026.08.03	09:03:05.661			179385	1.00000000	88
2026.08.03	09:03:05.661			179390	2.00000000	88
2026.08.03	09:03:05.662			179385	6.00000000	88
2026.08.03	09:03:05.663			179390	13.00000000	88
2026.08.03	09:03:05.668			179385	2.00000000	88
2026.08.03	09:03:05.672			179390	2.00000000	88
2026.08.03	09:03:05.672			179390	5.00000000	88
2026.08.03	09:03:05.675			179390	6.00000000	88
2026.08.03	09:03:05.678			179385	2.00000000	88
2026.08.03	09:03:05.680			179390	1.00000000	88
2026.08.03	09:03:05.681			179385	6.00000000	88
2026.08.03	09:03:05.681			179390	1.00000000	88
2026.08.03	09:03:05.683			179385	8.00000000	88
2026.08.03	09:03:05.685			179385	13.00000000	88
2026.08.03	09:03:05.690			179390	5.00000000	88
2026.08.03	09:03:05.692			179385	2.00000000	88
2026.08.03	09:03:05.692			179390	5.00000000	88
2026.08.03	09:03:05.692			179385	7.00000000	88
2026.08.03	09:03:05.696			179390	12.00000000	88
2026.08.03	09:03:05.696			179395	34.00000000	88
2026.08.03	09:03:05.696			179400	34.00000000	56
2026.08.03	09:03:05.697			179395	10.00000000	88
2026.08.03	09:03:05.697			179400	3.00000000	56
2026.08.03	09:03:05.698			179405	19.00000000	56
2026.08.03	09:03:05.698			179410	1.00000000	56
2026.08.03	09:03:05.702			179405	4.00000000	56
2026.08.03	09:03:05.702			179410	20.00000000	56
2026.08.03	09:03:05.702			179405	14.00000000	56
2026.08.03	09:03:05.702			179400	14.00000000	56
2026.08.03	09:03:05.703			179405	2.00000000	56
2026.08.03	09:03:05.705			179395	3.00000000	88
2026.08.03	09:03:05.705			179395	3.00000000	88
2026.08.03	09:03:05.707			179405	1.00000000	56
2026.08.03	09:03:05.707			179395	10.00000000	88
2026.08.03	09:03:05.708			179400	4.00000000	56
2026.08.03	09:03:05.708			179395	1.00000000	88
2026.08.03	09:03:05.709			179400	5.00000000	56
2026.08.03	09:03:05.711			179405	1.00000000	56
2026.08.03	09:03:05.711			179400	1.00000000	56
2026.08.03	09:03:05.711			179405	1.00000000	56
2026.08.03	09:03:05.711			179400	10.00000000	56
2026.08.03	09:03:05.714			179395	4.00000000	88
2026.08.03	09:03:05.714			179400	2.00000000	56
2026.08.03	09:03:05.714			179395	16.00000000	88
2026.08.03	09:03:05.717			179390	2.00000000	88
2026.08.03	09:03:05.718			179385	5.00000000	88
2026.08.03	09:03:05.720			179390	3.00000000	88
2026.08.03	09:03:05.727			179385	2.00000000	88
2026.08.03	09:03:05.742			179385	9.00000000	88
2026.08.03	09:03:05.742			179380	31.00000000	88
2026.08.03	09:03:05.742			179385	4.00000000	88
2026.08.03	09:03:05.742			179390	1.00000000	88
2026.08.03	09:03:05.743			179385	2.00000000	88
2026.08.03	09:03:05.743			179390	7.00000000	88
2026.08.03	09:03:05.743			179385	1.00000000	88
2026.08.03	09:03:05.748			179390	1.00000000	88
2026.08.03	09:03:05.749			179385	10.00000000	88
2026.08.03	09:03:05.753			179390	1.00000000	88
2026.08.03	09:03:05.753			179385	1.00000000	88
2026.08.03	09:03:05.753			179380	1.00000000	88
2026.08.03	09:03:05.753			179390	9.00000000	88
2026.08.03	09:03:05.755			179395	7.00000000	88
2026.08.03	09:03:05.756			179400	3.00000000	56
2026.08.03	09:03:05.768			179405	5.00000000	56
2026.08.03	09:03:05.772			179400	1.00000000	56
2026.08.03	09:03:05.775			179405	2.00000000	56
2026.08.03	09:03:05.780			179400	9.00000000	56
2026.08.03	09:03:05.780			179395	6.00000000	88
2026.08.03	09:03:05.781			179405	2.00000000	56
2026.08.03	09:03:05.782			179410	2.00000000	56
2026.08.03	09:03:05.785			179410	1.00000000	56
2026.08.03	09:03:05.793			179400	5.00000000	56
2026.08.03	09:03:05.795			179405	2.00000000	56
2026.08.03	09:03:05.797			179400	7.00000000	56
2026.08.03	09:03:05.797			179395	15.00000000	88
2026.08.03	09:03:05.797			179390	28.00000000	88
2026.08.03	09:03:05.797			179405	2.00000000	56
2026.08.03	09:03:05.797			179400	4.00000000	56
2026.08.03	09:03:05.800			179405	7.00000000	56
2026.08.03	09:03:05.800			179410	1.00000000	56
2026.08.03	09:03:05.802			179405	1.00000000	56
2026.08.03	09:03:05.802			179400	5.00000000	56
2026.08.03	09:03:05.802			179395	2.00000000	88
2026.08.03	09:03:05.805			179405	11.00000000	56
2026.08.03	09:03:05.815			179410	2.00000000	56
2026.08.03	09:03:05.819			179400	13.00000000	56
2026.08.03	09:03:05.820			179400	2.00000000	56
2026.08.03	09:03:05.821	179400				2
2026.08.03	09:03:05.821		179410			4
2026.08.03	09:03:05.827			179405	10.00000000	120
2026.08.03	09:03:05.827			179410	18.00000000	56
2026.08.03	09:03:05.827			179415	49.00000000	56
2026.08.03	09:03:05.827			179420	20.00000000	56
2026.08.03	09:03:05.827			179425	4.00000000	56
2026.08.03	09:03:05.828			179415	2.00000000	56
2026.08.03	09:03:05.829			179420	22.00000000	56
2026.08.03	09:03:05.829			179425	42.00000000	56
2026.08.03	09:03:05.830			179430	22.00000000	56
2026.08.03	09:03:05.830			179435	41.00000000	56
2026.08.03	09:03:05.830			179440	5.00000000	56
2026.08.03	09:03:05.830			179440	10.00000000	56
2026.08.03	09:03:05.830			179435	1.00000000	56
2026.08.03	09:03:05.832			179430	1.00000000	56
2026.08.03	09:03:05.833			179440	6.00000000	56
2026.08.03	09:03:05.833			179435	1.00000000	56
2026.08.03	09:03:05.833			179440	2.00000000	56
2026.08.03	09:03:05.833			179435	2.00000000	56
2026.08.03	09:03:05.833			179440	4.00000000	56
2026.08.03	09:03:05.834			179445	11.00000000	56
2026.08.03	09:03:05.834			179440	5.00000000	56
2026.08.03	09:03:05.836			179445	1.00000000	56
2026.08.03	09:03:05.837			179440	3.00000000	56
2026.08.03	09:03:05.840			179435	16.00000000	56
2026.08.03	09:03:05.840			179430	14.00000000	56
2026.08.03	09:03:05.841			179425	17.00000000	56
2026.08.03	09:03:05.843			179420	49.00000000	56
2026.08.03	09:03:05.848			179425	16.00000000	56
2026.08.03	09:03:05.853			179425	13.00000000	56
2026.08.03	09:03:05.854			179430	21.00000000	56
2026.08.03	09:03:05.858			179435	1.00000000	56
2026.08.03	09:03:05.862			179435	4.00000000	56
2026.08.03	09:03:05.862			179440	8.00000000	56
2026.08.03	09:03:05.862			179445	3.00000000	56
2026.08.03	09:03:05.862			179435	4.00000000	56
2026.08.03	09:03:05.864			179430	7.00000000	56
2026.08.03	09:03:05.865			179425	3.00000000	56
2026.08.03	09:03:05.874			179435	2.00000000	56
2026.08.03	09:03:05.881			179430	5.00000000	56
2026.08.03	09:03:05.882			179435	3.00000000	56
2026.08.03	09:03:05.882			179430	3.00000000	56
2026.08.03	09:03:05.882			179435	2.00000000	56
2026.08.03	09:03:05.882			179430	4.00000000	56
2026.08.03	09:03:05.882			179435	4.00000000	56
2026.08.03	09:03:05.882			179430	7.00000000	56
2026.08.03	09:03:05.883			179425	18.00000000	56
2026.08.03	09:03:05.883			179430	2.00000000	56
2026.08.03	09:03:05.883			179425	22.00000000	56
2026.08.03	09:03:05.890			179420	101.00000000	56
2026.08.03	09:03:05.891			179415	3.00000000	56
2026.08.03	09:03:05.891			179410	3.00000000	56
2026.08.03	09:03:05.892			179405	9.00000000	120
2026.08.03	09:03:05.893			179410	12.00000000	56
2026.08.03	09:03:05.893			179415	19.00000000	56
2026.08.03	09:03:05.895			179410	15.00000000	56
2026.08.03	09:03:05.898			179405	4.00000000	120
2026.08.03	09:03:05.899			179410	3.00000000	56
2026.08.03	09:03:05.900			179405	2.00000000	120
2026.08.03	09:03:05.900			179400	6.00000000	88
2026.08.03	09:03:05.901			179395	5.00000000	88
2026.08.03	09:03:05.907			179400	16.00000000	88
2026.08.03	09:03:05.908			179390	6.00000000	88
2026.08.03	09:03:05.911			179395	1.00000000	88
2026.08.03	09:03:05.912			179390	3.00000000	88
2026.08.03	09:03:05.933			179395	7.00000000	88
2026.08.03	09:03:05.937			179390	11.00000000	88
2026.08.03	09:03:05.940			179395	1.00000000	88
2026.08.03	09:03:05.940			179400	2.00000000	88
2026.08.03	09:03:05.941			179395	1.00000000	88
2026.08.03	09:03:05.943			179390	10.00000000	88
2026.08.03	09:03:05.966			179395	2.00000000	88
2026.08.03	09:03:05.966			179400	1.00000000	88
2026.08.03	09:03:05.970			179395	1.00000000	88
2026.08.03	09:03:05.971			179400	2.00000000	88
2026.08.03	09:03:05.984			179395	6.00000000	88
2026.08.03	09:03:05.984			179405	15.00000000	120
2026.08.03	09:03:05.985			179400	10.00000000	88
2026.08.03	09:03:05.985			179405	1.00000000	120
2026.08.03	09:03:05.985			179410	2.00000000	56
2026.08.03	09:03:05.986			179400	11.00000000	88
2026.08.03	09:03:05.987			179395	15.00000000	88
2026.08.03	09:03:05.987			179390	3.00000000	88
2026.08.03	09:03:05.987			179395	8.00000000	88
2026.08.03	09:03:05.990			179400	1.00000000	88
2026.08.03	09:03:05.990			179395	4.00000000	88
2026.08.03	09:03:05.993			179390	1.00000000	88
2026.08.03	09:03:05.994			179385	7.00000000	88
2026.08.03	09:03:05.995			179380	3.00000000	88
2026.08.03	09:03:06.001			179385	3.00000000	88
2026.08.03	09:03:06.004			179385	2.00000000	88
2026.08.03	09:03:06.004			179380	4.00000000	88
2026.08.03	09:03:06.004			179385	2.00000000	88
2026.08.03	09:03:06.005			179390	12.00000000	88
2026.08.03	09:03:06.007			179390	3.00000000	88
2026.08.03	09:03:06.009			179390	3.00000000	88
2026.08.03	09:03:06.011			179395	2.00000000	88
2026.08.03	09:03:06.013			179390	13.00000000	88
2026.08.03	09:03:06.017			179385	39.00000000	88
2026.08.03	09:03:06.018			179390	2.00000000	88
2026.08.03	09:03:06.019			179385	3.00000000	88
2026.08.03	09:03:06.019			179380	10.00000000	88
2026.08.03	09:03:06.023			179375	1.00000000	88
2026.08.03	09:03:06.024			179380	1.00000000	88
2026.08.03	09:03:06.024			179375	2.00000000	88
2026.08.03	09:03:06.024			179370	10.00000000	88
2026.08.03	09:03:06.037			179365	1.00000000	88
2026.08.03	09:03:06.037			179370	2.00000000	88
2026.08.03	09:03:06.037			179365	1.00000000	88
2026.08.03	09:03:06.042			179375	1.00000000	88
2026.08.03	09:03:06.044			179365	1.00000000	88
2026.08.03	09:03:06.047			179375	4.00000000	88
2026.08.03	09:03:06.049			179370	3.00000000	88
2026.08.03	09:03:06.050			179375	1.00000000	88
2026.08.03	09:03:06.050			179365	3.00000000	88
2026.08.03	09:03:06.054			179375	17.00000000	88
2026.08.03	09:03:06.055			179380	8.00000000	88
2026.08.03	09:03:06.055			179385	4.00000000	88
2026.08.03	09:03:06.055			179385	8.00000000	88
2026.08.03	09:03:06.055			179380	1.00000000	88
2026.08.03	09:03:06.055			179385	3.00000000	88
2026.08.03	09:03:06.055			179390	23.00000000	88
2026.08.03	09:03:06.057			179395	26.00000000	88
2026.08.03	09:03:06.057			179400	8.00000000	88
2026.08.03	09:03:06.058			179395	5.00000000	88
2026.08.03	09:03:06.058			179400	1.00000000	88
2026.08.03	09:03:06.064			179395	2.00000000	88
2026.08.03	09:03:06.065			179400	6.00000000	88
2026.08.03	09:03:06.069			179395	2.00000000	88
2026.08.03	09:03:06.071			179400	5.00000000	88
2026.08.03	09:03:06.071			179405	46.00000000	120
2026.08.03	09:03:06.071			179400	10.00000000	88
2026.08.03	09:03:06.081			179395	2.00000000	88
2026.08.03	09:03:06.082			179400	11.00000000	88
2026.08.03	09:03:06.082			179405	1.00000000	120
2026.08.03	09:03:06.083			179405	2.00000000	120
2026.08.03	09:03:06.083			179410	6.00000000	56
2026.08.03	09:03:06.084			179415	12.00000000	56
2026.08.03	09:03:06.084			179420	3.00000000	56
2026.08.03	09:03:06.084			179415	1.00000000	56
2026.08.03	09:03:06.086			179420	17.00000000	56
2026.08.03	09:03:06.091			179415	22.00000000	56
2026.08.03	09:03:06.092			179410	6.00000000	56
2026.08.03	09:03:06.097			179410	10.00000000	56
2026.08.03	09:03:06.106			179410	1.00000000	56
2026.08.03	09:03:06.106			179415	1.00000000	56
2026.08.03	09:03:06.107			179410	2.00000000	56
2026.08.03	09:03:06.113			179415	14.00000000	56
2026.08.03	09:03:06.117			179410	12.00000000	56
2026.08.03	09:03:06.124			179405	17.00000000	120
2026.08.03	09:03:06.129			179410	13.00000000	56
2026.08.03	09:03:06.137			179410	7.00000000	56
2026.08.03	09:03:06.137			179405	3.00000000	120
2026.08.03	09:03:06.138			179410	1.00000000	56
2026.08.03	09:03:06.138			179415	2.00000000	56
2026.08.03	09:03:06.144			179410	5.00000000	56
2026.08.03	09:03:06.145			179410	20.00000000	56
2026.08.03	09:03:06.168			179410	3.00000000	56
2026.08.03	09:03:06.169	179410				2
2026.08.03	09:03:06.169		179415			4
2026.08.03	09:03:06.181			179415	1.00000000	56
2026.08.03	09:03:06.189			179410	6.00000000	88
2026.08.03	09:03:06.192			179415	3.00000000	56
2026.08.03	09:03:06.202			179410	12.00000000	88
2026.08.03	09:03:06.209			179415	4.00000000	56
2026.08.03	09:03:06.212			179410	2.00000000	88
2026.08.03	09:03:06.217			179415	1.00000000	56
2026.08.03	09:03:06.217			179410	11.00000000	88
2026.08.03	09:03:06.217			179405	48.00000000	88
2026.08.03	09:03:06.217			179400	94.00000000	88
2026.08.03	09:03:06.219			179395	5.00000000	88
2026.08.03	09:03:06.219			179400	1.00000000	88
2026.08.03	09:03:06.219			179395	5.00000000	88
2026.08.03	09:03:06.219			179400	1.00000000	88
2026.08.03	09:03:06.219			179390	13.00000000	88
2026.08.03	09:03:06.220			179395	1.00000000	88
2026.08.03	09:03:06.220			179390	14.00000000	88
2026.08.03	09:03:06.220			179395	36.00000000	88
2026.08.03	09:03:06.221			179390	2.00000000	88
2026.08.03	09:03:06.221			179385	6.00000000	88
2026.08.03	09:03:06.221			179390	44.00000000	88
2026.08.03	09:03:06.226			179395	16.00000000	88
2026.08.03	09:03:06.226			179395	23.00000000	88
2026.08.03	09:03:06.227			179400	12.00000000	88
2026.08.03	09:03:06.228			179395	4.00000000	88
2026.08.03	09:03:06.233			179390	4.00000000	88
2026.08.03	09:03:06.238			179385	4.00000000	88
2026.08.03	09:03:06.238			179380	6.00000000	88
2026.08.03	09:03:06.238			179385	9.00000000	88
2026.08.03	09:03:06.253			179385	4.00000000	88
2026.08.03	09:03:06.253			179390	1.00000000	88
2026.08.03	09:03:06.257			179385	3.00000000	88
2026.08.03	09:03:06.257			179380	3.00000000	88
2026.08.03	09:03:06.258			179375	48.00000000	88
2026.08.03	09:03:06.278			179370	27.00000000	88
2026.08.03	09:03:06.279			179365	12.00000000	88
2026.08.03	09:03:06.279			179370	1.00000000	88
2026.08.03	09:03:06.279			179365	5.00000000	88
2026.08.03	09:03:06.279			179370	41.00000000	88
2026.08.03	09:03:06.280			179365	3.00000000	88
2026.08.03	09:03:06.280			179370	5.00000000	88
2026.08.03	09:03:06.280			179375	3.00000000	88
2026.08.03	09:03:06.281			179365	6.00000000	88
2026.08.03	09:03:06.290			179360	12.00000000	88
2026.08.03	09:03:06.293			179365	118.00000000	88
2026.08.03	09:03:06.297			179370	13.00000000	88
2026.08.03	09:03:06.298			179375	6.00000000	88
2026.08.03	09:03:06.303			179370	45.00000000	88
2026.08.03	09:03:06.306			179375	1.00000000	88
2026.08.03	09:03:06.310			179380	2.00000000	88
2026.08.03	09:03:06.311			179375	2.00000000	88
2026.08.03	09:03:06.319			179380	1.00000000	88
2026.08.03	09:03:06.331			179375	1.00000000	88
2026.08.03	09:03:06.331			179380	7.00000000	88
2026.08.03	09:03:06.331			179385	11.00000000	88
2026.08.03	09:03:06.332			179390	4.00000000	88
2026.08.03	09:03:06.337			179395	11.00000000	88
2026.08.03	09:03:06.341			179400	6.00000000	88
2026.08.03	09:03:06.341			179395	3.00000000	88
2026.08.03	09:03:06.341			179400	12.00000000	88
2026.08.03	09:03:06.343			179395	1.00000000	88
2026.08.03	09:03:06.343			179400	1.00000000	88
2026.08.03	09:03:06.344			179395	9.00000000	88
2026.08.03	09:03:06.348			179400	1.00000000	88
2026.08.03	09:03:06.348			179395	6.00000000	88
2026.08.03	09:03:06.348			179390	15.00000000	88
2026.08.03	09:03:06.349			179395	11.00000000	88
2026.08.03	09:03:06.352			179390	3.00000000	88
2026.08.03	09:03:06.352			179385	17.00000000	88
2026.08.03	09:03:06.353			179385	20.00000000	88
2026.08.03	09:03:06.353			179380	17.00000000	88
2026.08.03	09:03:06.353			179375	2.00000000	88
2026.08.03	09:03:06.359			179380	8.00000000	88
2026.08.03	09:03:06.360			179375	1.00000000	88
2026.08.03	09:03:06.361			179385	2.00000000	88
2026.08.03	09:03:06.363			179380	4.00000000	88
2026.08.03	09:03:06.368			179380	2.00000000	88
2026.08.03	09:03:06.370			179385	3.00000000	88
2026.08.03	09:03:06.378			179380	2.00000000	88
2026.08.03	09:03:06.378			179375	2.00000000	88
2026.08.03	09:03:06.378			179385	2.00000000	88
2026.08.03	09:03:06.380			179390	1.00000000	88
2026.08.03	09:03:06.381			179385	1.00000000	88
2026.08.03	09:03:06.382			179390	5.00000000	88
2026.08.03	09:03:06.383			179385	3.00000000	88
2026.08.03	09:03:06.400			179390	1.00000000	88
2026.08.03	09:03:06.405			179390	4.00000000	88
2026.08.03	09:03:06.405			179395	2.00000000	88
2026.08.03	09:03:06.409			179385	1.00000000	88
2026.08.03	09:03:06.409			179380	5.00000000	88
2026.08.03	09:03:06.413			179385	4.00000000	88
2026.08.03	09:03:06.417			179380	2.00000000	88
2026.08.03	09:03:06.417			179375	1.00000000	88
2026.08.03	09:03:06.418			179380	1.00000000	88
2026.08.03	09:03:06.418			179385	1.00000000	88
2026.08.03	09:03:06.421			179380	6.00000000	88
2026.08.03	09:03:06.421			179375	4.00000000	88
2026.08.03	09:03:06.429			179380	2.00000000	88
2026.08.03	09:03:06.429			179375	8.00000000	88
2026.08.03	09:03:06.429			179385	2.00000000	88
2026.08.03	09:03:06.431			179375	2.00000000	88
2026.08.03	09:03:06.432			179380	3.00000000	88
2026.08.03	09:03:06.435			179380	6.00000000	88
2026.08.03	09:03:06.436			179385	2.00000000	88
2026.08.03	09:03:06.444			179380	3.00000000	88
2026.08.03	09:03:06.444			179375	17.00000000	88
2026.08.03	09:03:06.446			179380	2.00000000	88
2026.08.03	09:03:06.446			179375	3.00000000	88
2026.08.03	09:03:06.446			179370	15.00000000	88
2026.08.03	09:03:06.448			179380	5.00000000	88
2026.08.03	09:03:06.455			179380	7.00000000	88
2026.08.03	09:03:06.461			179375	1.00000000	88
2026.08.03	09:03:06.463			179375	1.00000000	88
2026.08.03	09:03:06.473			179380	10.00000000	88
2026.08.03	09:03:06.475			179380	10.00000000	88
2026.08.03	09:03:06.477			179375	1.00000000	88
2026.08.03	09:03:06.486			179375	6.00000000	88
2026.08.03	09:03:06.487			179380	1.00000000	88
2026.08.03	09:03:06.490			179375	4.00000000	88
2026.08.03	09:03:06.496			179375	4.00000000	88
2026.08.03	09:03:06.497			179370	1.00000000	88
2026.08.03	09:03:06.509			179375	1.00000000	88
2026.08.03	09:03:06.512			179375	1.00000000	88
2026.08.03	09:03:06.522			179380	7.00000000	88
2026.08.03	09:03:06.522			179385	5.00000000	88
2026.08.03	09:03:06.522			179380	8.00000000	88
2026.08.03	09:03:06.523	179375				2
2026.08.03	09:03:06.523		179380			4
2026.08.03	09:03:06.525			179375	20.00000000	88
2026.08.03	09:03:06.528			179375	5.00000000	88
2026.08.03	09:03:06.529			179380	3.00000000	56
2026.08.03	09:03:06.529			179385	7.00000000	56
2026.08.03	09:03:06.534			179380	1.00000000	56
2026.08.03	09:03:06.542			179380	5.00000000	56
2026.08.03	09:03:06.542			179375	2.00000000	88
2026.08.03	09:03:06.543			179385	2.00000000	56
2026.08.03	09:03:06.543			179390	16.00000000	56
2026.08.03	09:03:06.543			179395	5.00000000	56
2026.08.03	09:03:06.546			179400	4.00000000	56
2026.08.03	09:03:06.547			179395	5.00000000	56
2026.08.03	09:03:06.550			179400	2.00000000	56
2026.08.03	09:03:06.554			179390	19.00000000	56
2026.08.03	09:03:06.557			179385	2.00000000	56
2026.08.03	09:03:06.558			179395	8.00000000	56
2026.08.03	09:03:06.572			179390	1.00000000	56
2026.08.03	09:03:06.575			179395	6.00000000	56
2026.08.03	09:03:06.576			179400	6.00000000	56
2026.08.03	09:03:06.581			179395	1.00000000	56
2026.08.03	09:03:06.581			179405	15.00000000	56
2026.08.03	09:03:06.587			179405	1.00000000	56
2026.08.03	09:03:06.589			179400	6.00000000	56
2026.08.03	09:03:06.614			179405	24.00000000	56
2026.08.03	09:03:06.615			179410	11.00000000	56
2026.08.03	09:03:06.616			179410	1.00000000	56
2026.08.03	09:03:06.616			179415	14.00000000	56
2026.08.03	09:03:06.617			179415	8.00000000	56
2026.08.03	09:03:06.620			179410	1.00000000	56
2026.08.03	09:03:06.620			179415	1.00000000	56
2026.08.03	09:03:06.623			179415	1.00000000	56
2026.08.03	09:03:06.626			179410	24.00000000	56
2026.08.03	09:03:06.629			179405	20.00000000	56
2026.08.03	09:03:06.630			179400	2.00000000	56
2026.08.03	09:03:06.631			179395	8.00000000	56
2026.08.03	09:03:06.632			179390	2.00000000	56
2026.08.03	09:03:06.632			179385	17.00000000	56
2026.08.03	09:03:06.637			179390	1.00000000	56
2026.08.03	09:03:06.637			179385	3.00000000	56
2026.08.03	09:03:06.638			179380	1.00000000	56
2026.08.03	09:03:06.638			179385	1.00000000	56
2026.08.03	09:03:06.638			179380	1.00000000	56
2026.08.03	09:03:06.639			179375	1.00000000	88
2026.08.03	09:03:06.639			179370	2.00000000	88
2026.08.03	09:03:06.640			179365	18.00000000	88
2026.08.03	09:03:06.641			179370	13.00000000	88
2026.08.03	09:03:06.641			179365	2.00000000	88
2026.08.03	09:03:06.642			179370	3.00000000	88
2026.08.03	09:03:06.642			179365	1.00000000	88
2026.08.03	09:03:06.643			179360	10.00000000	88
2026.08.03	09:03:06.644			179360	10.00000000	88
2026.08.03	09:03:06.648			179355	37.00000000	88
2026.08.03	09:03:06.648			179350	17.00000000	88
2026.08.03	09:03:06.648			179355	6.00000000	88
2026.08.03	09:03:06.656			179350	1.00000000	88
2026.08.03	09:03:06.658			179350	35.00000000	88
2026.08.03	09:03:06.659			179345	7.00000000	88
2026.08.03	09:03:06.661			179345	13.00000000	88
2026.08.03	09:03:06.663			179350	2.00000000	88
2026.08.03	09:03:06.671			179345	3.00000000	88
2026.08.03	09:03:06.678			179350	1.00000000	88
2026.08.03	09:03:06.684			179345	1.00000000	88
2026.08.03	09:03:06.691			179350	6.00000000	88
2026.08.03	09:03:06.698			179350	6.00000000	88
2026.08.03	09:03:06.698			179355	4.00000000	88
2026.08.03	09:03:06.698			179350	12.00000000	88
2026.08.03	09:03:06.698			179355	7.00000000	88
2026.08.03	09:03:06.698			179355	11.00000000	88
2026.08.03	09:03:06.707			179350	1.00000000	88
2026.08.03	09:03:06.711			179345	4.00000000	88
2026.08.03	09:03:06.714			179350	18.00000000	88
2026.08.03	09:03:06.714			179355	33.00000000	88
2026.08.03	09:03:06.729			179350	3.00000000	88
2026.08.03	09:03:06.734			179350	1.00000000	88
2026.08.03	09:03:06.739			179350	1.00000000	88
2026.08.03	09:03:06.740			179355	3.00000000	88
2026.08.03	09:03:06.744			179355	6.00000000	88
2026.08.03	09:03:06.755			179355	5.00000000	88
2026.08.03	09:03:06.759			179350	2.00000000	88
2026.08.03	09:03:06.761			179345	4.00000000	88
2026.08.03	09:03:06.761			179340	6.00000000	88
2026.08.03	09:03:06.762			179345	1.00000000	88
2026.08.03	09:03:06.762			179340	14.00000000	88
2026.08.03	09:03:06.762			179345	19.00000000	88
2026.08.03	09:03:06.763			179340	1.00000000	88
2026.08.03	09:03:06.763			179345	10.00000000	88
2026.08.03	09:03:06.766			179345	6.00000000	88
2026.08.03	09:03:06.769			179350	22.00000000	88
2026.08.03	09:03:06.769			179345	1.00000000	88
2026.08.03	09:03:06.770			179350	16.00000000	88
2026.08.03	09:03:06.773			179345	3.00000000	88
2026.08.03	09:03:06.779			179350	2.00000000	88
2026.08.03	09:03:06.780			179345	16.00000000	88
2026.08.03	09:03:06.792			179350	14.00000000	88
2026.08.03	09:03:06.792			179355	38.00000000	88
2026.08.03	09:03:06.795			179355	1.00000000	88
2026.08.03	09:03:06.800			179355	1.00000000	88
2026.08.03	09:03:06.805			179360	12.00000000	88
2026.08.03	09:03:06.809			179355	1.00000000	88
2026.08.03	09:03:06.812			179360	4.00000000	88
2026.08.03	09:03:06.812			179365	1.00000000	88
2026.08.03	09:03:06.813			179360	10.00000000	88
2026.08.03	09:03:06.813			179355	4.00000000	88
2026.08.03	09:03:06.813			179365	1.00000000	88
2026.08.03	09:03:06.815			179360	9.00000000	88
2026.08.03	09:03:06.818			179360	1.00000000	88
2026.08.03	09:03:06.821			179360	3.00000000	88
2026.08.03	09:03:06.822			179360	1.00000000	88
2026.08.03	09:03:06.822			179355	13.00000000	88
2026.08.03	09:03:06.823			179350	2.00000000	88
2026.08.03	09:03:06.833			179345	1.00000000	88
2026.08.03	09:03:06.833			179345	12.00000000	88
2026.08.03	09:03:06.834			179340	8.00000000	88
2026.08.03	09:03:06.834			179335	2.00000000	88
2026.08.03	09:03:06.834			179340	12.00000000	88
2026.08.03	09:03:06.834			179335	18.00000000	88
2026.08.03	09:03:06.835			179340	2.00000000	88
2026.08.03	09:03:06.836			179345	4.00000000	88
2026.08.03	09:03:06.839			179340	10.00000000	88
2026.08.03	09:03:06.841			179340	1.00000000	88
2026.08.03	09:03:06.844			179340	10.00000000	88
2026.08.03	09:03:06.851			179345	7.00000000	88
2026.08.03	09:03:06.851			179350	6.00000000	88
2026.08.03	09:03:06.851			179340	14.00000000	88
2026.08.03	09:03:06.851			179335	3.00000000	88
2026.08.03	09:03:06.851			179330	33.00000000	88
2026.08.03	09:03:06.851			179345	1.00000000	88
2026.08.03	09:03:06.852			179340	2.00000000	88
2026.08.03	09:03:06.858			179335	3.00000000	88
2026.08.03	09:03:06.858			179330	7.00000000	88
2026.08.03	09:03:06.860			179340	30.00000000	88
2026.08.03	09:03:06.860			179335	2.00000000	88
2026.08.03	09:03:06.861			179340	2.00000000	88
2026.08.03	09:03:06.864			179345	2.00000000	88
2026.08.03	09:03:06.865			179340	1.00000000	88
2026.08.03	09:03:06.867			179345	1.00000000	88
2026.08.03	09:03:06.868			179340	5.00000000	88
2026.08.03	09:03:06.868			179335	2.00000000	88
2026.08.03	09:03:06.868			179340	5.00000000	88
2026.08.03	09:03:06.869			179335	21.00000000	88
2026.08.03	09:03:06.873			179340	10.00000000	88
2026.08.03	09:03:06.873			179335	7.00000000	88
2026.08.03	09:03:06.873			179330	14.00000000	88
2026.08.03	09:03:06.873	179335				2
2026.08.03	09:03:06.873		179340			4
2026.08.03	09:03:06.873			179330	19.00000000	88
2026.08.03	09:03:06.875			179335	5.00000000	88
2026.08.03	09:03:06.875			179330	1.00000000	88
2026.08.03	09:03:06.876			179330	10.00000000	88
2026.08.03	09:03:06.876			179335	1.00000000	88
2026.08.03	09:03:06.876			179330	2.00000000	88
2026.08.03	09:03:06.883			179330	3.00000000	88
2026.08.03	09:03:06.883			179325	42.00000000	88
2026.08.03	09:03:06.883			179330	12.00000000	88
2026.08.03	09:03:06.883			179325	24.00000000	88
2026.08.03	09:03:06.891			179320	53.00000000	88
2026.08.03	09:03:06.891			179325	4.00000000	88
2026.08.03	09:03:06.892			179320	1.00000000	88
2026.08.03	09:03:06.894			179325	1.00000000	88
2026.08.03	09:03:06.903			179320	9.00000000	88
2026.08.03	09:03:06.912			179315	24.00000000	88
2026.08.03	09:03:06.912			179320	1.00000000	88
2026.08.03	09:03:06.912			179320	1.00000000	88
2026.08.03	09:03:06.912			179315	3.00000000	88
2026.08.03	09:03:06.912			179320	23.00000000	88
2026.08.03	09:03:06.915			179315	4.00000000	88
2026.08.03	09:03:06.917			179320	2.00000000	88
2026.08.03	09:03:06.919			179315	81.00000000	88
2026.08.03	09:03:06.924			179310	58.00000000	88
2026.08.03	09:03:06.924			179305	10.00000000	88
2026.08.03	09:03:06.926			179305	1.00000000	88
2026.08.03	09:03:06.926			179310	4.00000000	88
2026.08.03	09:03:06.926			179305	14.00000000	88
2026.08.03	09:03:06.927			179300	2.00000000	88
2026.08.03	09:03:06.927			179300	16.00000000	88
2026.08.03	09:03:06.928			179300	14.00000000	88
2026.08.03	09:03:06.943			179300	44.00000000	88
2026.08.03	09:03:06.943			179295	56.00000000	88
2026.08.03	09:03:06.943			179300	1.00000000	88
2026.08.03	09:03:06.943			179295	5.00000000	88
2026.08.03	09:03:06.946			179300	31.00000000	88
2026.08.03	09:03:06.947			179295	13.00000000	88
2026.08.03	09:03:06.947			179290	109.00000000	88
2026.08.03	09:03:06.948			179295	3.00000000	88
2026.08.03	09:03:06.948			179290	36.00000000	88
2026.08.03	09:03:06.948			179290	105.00000000	88
2026.08.03	09:03:06.949			179295	77.00000000	88
2026.08.03	09:03:06.949			179290	3.00000000	88
2026.08.03	09:03:06.949			179295	2.00000000	88
2026.08.03	09:03:06.950			179285	18.00000000	88
2026.08.03	09:03:06.950			179290	11.00000000	88
2026.08.03	09:03:06.951			179295	1.00000000	88
2026.08.03	09:03:06.951			179300	32.00000000	88
2026.08.03	09:03:06.951			179295	2.00000000	88
2026.08.03	09:03:06.951			179290	4.00000000	88
2026.08.03	09:03:06.952			179295	3.00000000	88
2026.08.03	09:03:06.952			179290	2.00000000	88
2026.08.03	09:03:06.952			179295	16.00000000	88
2026.08.03	09:03:06.953			179290	17.00000000	88
2026.08.03	09:03:06.953			179295	7.00000000	88
2026.08.03	09:03:06.953			179290	5.00000000	88
2026.08.03	09:03:06.954			179285	8.00000000	88
2026.08.03	09:03:06.955			179280	30.00000000	88
2026.08.03	09:03:06.956			179285	26.00000000	88
2026.08.03	09:03:06.956			179290	8.00000000	88
2026.08.03	09:03:06.957			179295	11.00000000	88
2026.08.03	09:03:06.957			179290	2.00000000	88
2026.08.03	09:03:06.957			179295	10.00000000	88
2026.08.03	09:03:06.958			179300	2.00000000	88
2026.08.03	09:03:06.958			179305	1.00000000	88
2026.08.03	09:03:06.962			179295	20.00000000	88
2026.08.03	09:03:06.962			179290	10.00000000	88
2026.08.03	09:03:06.962			179290	14.00000000	88
2026.08.03	09:03:06.962			179285	6.00000000	88
2026.08.03	09:03:06.963			179295	4.00000000	88
2026.08.03	09:03:06.967			179285	1.00000000	88
2026.08.03	09:03:06.971			179290	26.00000000	88
2026.08.03	09:03:06.974			179295	1.00000000	88
2026.08.03	09:03:06.974			179285	7.00000000	88
2026.08.03	09:03:06.977			179285	4.00000000	88
2026.08.03	09:03:06.981			179285	1.00000000	88
2026.08.03	09:03:06.985			179285	16.00000000	88
2026.08.03	09:03:06.986			179290	2.00000000	88
2026.08.03	09:03:06.986			179295	2.00000000	88
2026.08.03	09:03:06.987			179300	2.00000000	88
2026.08.03	09:03:06.987			179305	19.00000000	88
2026.08.03	09:03:06.988			179310	8.00000000	88
2026.08.03	09:03:06.998			179315	7.00000000	88
2026.08.03	09:03:06.999			179320	35.00000000	88
2026.08.03	09:03:07.005			179315	7.00000000	88
2026.08.03	09:03:07.007			179310	2.00000000	88
2026.08.03	09:03:07.007			179305	4.00000000	88
2026.08.03	09:03:07.008			179310	5.00000000	88
2026.08.03	09:03:07.008			179300	9.00000000	88
2026.08.03	09:03:07.009			179295	13.00000000	88
2026.08.03	09:03:07.011			179295	1.00000000	88
2026.08.03	09:03:07.011			179295	1.00000000	88
2026.08.03	09:03:07.011			179290	7.00000000	88
2026.08.03	09:03:07.013			179295	4.00000000	88
2026.08.03	09:03:07.014			179290	1.00000000	88
2026.08.03	09:03:07.018			179295	1.00000000	88
2026.08.03	09:03:07.020			179290	7.00000000	88
2026.08.03	09:03:07.022			179290	1.00000000	88
2026.08.03	09:03:07.022			179285	9.00000000	88
2026.08.03	09:03:07.024			179280	1.00000000	88
2026.08.03	09:03:07.024			179285	14.00000000	88
2026.08.03	09:03:07.024			179290	12.00000000	88
2026.08.03	09:03:07.032			179285	12.00000000	88
2026.08.03	09:03:07.033			179290	12.00000000	88
2026.08.03	09:03:07.033			179295	23.00000000	88
2026.08.03	09:03:07.034			179300	3.00000000	88
2026.08.03	09:03:07.035			179295	7.00000000	88
2026.08.03	09:03:07.039			179300	14.00000000	88
2026.08.03	09:03:07.039			179295	4.00000000	88
2026.08.03	09:03:07.040			179300	12.00000000	88
2026.08.03	09:03:07.046			179295	2.00000000	88
2026.08.03	09:03:07.047			179300	11.00000000	88
2026.08.03	09:03:07.051			179295	5.00000000	88
2026.08.03	09:03:07.058			179295	5.00000000	88
2026.08.03	09:03:07.061			179295	28.00000000	88
2026.08.03	09:03:07.061			179290	74.00000000	88
2026.08.03	09:03:07.062			179290	18.00000000	88
2026.08.03	09:03:07.068			179295	5.00000000	88
2026.08.03	09:03:07.073			179290	2.00000000	88
2026.08.03	09:03:07.074			179290	1.00000000	88
2026.08.03	09:03:07.077			179295	1.00000000	88
2026.08.03	09:03:07.078			179290	1.00000000	88
2026.08.03	09:03:07.081			179290	1.00000000	88
2026.08.03	09:03:07.082			179290	6.00000000	88
2026.08.03	09:03:07.084			179290	1.00000000	88
2026.08.03	09:03:07.084			179295	1.00000000	88
2026.08.03	09:03:07.085			179290	1.00000000	88
2026.08.03	09:03:07.088			179290	1.00000000	88
2026.08.03	09:03:07.089			179290	1.00000000	88
2026.08.03	09:03:07.089			179285	8.00000000	88
2026.08.03	09:03:07.090			179285	12.00000000	88
2026.08.03	09:03:07.092			179285	8.00000000	88
2026.08.03	09:03:07.095			179280	48.00000000	88
2026.08.03	09:03:07.096			179285	12.00000000	88
2026.08.03	09:03:07.096			179290	15.00000000	88
2026.08.03	09:03:07.102			179295	3.00000000	88
2026.08.03	09:03:07.103			179300	1.00000000	88
2026.08.03	09:03:07.104			179295	1.00000000	88
2026.08.03	09:03:07.105			179300	11.00000000	88
2026.08.03	09:03:07.106			179305	22.00000000	88
2026.08.03	09:03:07.107			179310	4.00000000	88
2026.08.03	09:03:07.108			179305	1.00000000	88
2026.08.03	09:03:07.108			179300	1.00000000	88
2026.08.03	09:03:07.110			179295	19.00000000	88
2026.08.03	09:03:07.112			179290	7.00000000	88
2026.08.03	09:03:07.113			179285	10.00000000	88
2026.08.03	09:03:07.118			179285	5.00000000	88
2026.08.03	09:03:07.120			179290	5.00000000	88
2026.08.03	09:03:07.121			179285	2.00000000	88
2026.08.03	09:03:07.123			179285	8.00000000	88
2026.08.03	09:03:07.124			179280	1.00000000	88
2026.08.03	09:03:07.124			179280	7.00000000	88
2026.08.03	09:03:07.125			179280	6.00000000	88
2026.08.03	09:03:07.126			179280	15.00000000	88
2026.08.03	09:03:07.127			179275	14.00000000	88
2026.08.03	09:03:07.127			179280	2.00000000	88
2026.08.03	09:03:07.127			179275	5.00000000	88
2026.08.03	09:03:07.127			179280	1.00000000	88
2026.08.03	09:03:07.127			179275	12.00000000	88
2026.08.03	09:03:07.128			179270	6.00000000	88
2026.08.03	09:03:07.130			179270	14.00000000	88
2026.08.03	09:03:07.132			179270	2.00000000	88
2026.08.03	09:03:07.132			179275	27.00000000	88
2026.08.03	09:03:07.133			179280	22.00000000	88
2026.08.03	09:03:07.133			179275	4.00000000	88
2026.08.03	09:03:07.133			179280	11.00000000	88
2026.08.03	09:03:07.135			179275	13.00000000	88
2026.08.03	09:03:07.135			179275	11.00000000	88
2026.08.03	09:03:07.135			179270	8.00000000	88
2026.08.03	09:03:07.136			179275	1.00000000	88
2026.08.03	09:03:07.136			179270	19.00000000	88
2026.08.03	09:03:07.136			179270	1.00000000	88
2026.08.03	09:03:07.136			179275	1.00000000	88
2026.08.03	09:03:07.136			179270	11.00000000	88
2026.08.03	09:03:07.136			179265	4.00000000	88
2026.08.03	09:03:07.137			179270	1.00000000	88
2026.08.03	09:03:07.137			179275	24.00000000	88
2026.08.03	09:03:07.137			179275	23.00000000	88
2026.08.03	09:03:07.138			179270	1.00000000	88
2026.08.03	09:03:07.138			179275	3.00000000	88
2026.08.03	09:03:07.138			179280	18.00000000	88
2026.08.03	09:03:07.138			179270	1.00000000	88
2026.08.03	09:03:07.138			179270	1.00000000	88
2026.08.03	09:03:07.138			179275	10.00000000	88
2026.08.03	09:03:07.139			179280	16.00000000	88
2026.08.03	09:03:07.140			179285	1.00000000	88
2026.08.03	09:03:07.140			179285	12.00000000	88
2026.08.03	09:03:07.140			179280	20.00000000	88
2026.08.03	09:03:07.140			179285	1.00000000	88
2026.08.03	09:03:07.141			179285	8.00000000	88
2026.08.03	09:03:07.141			179280	10.00000000	88
2026.08.03	09:03:07.143			179285	1.00000000	88
2026.08.03	09:03:07.143			179280	4.00000000	88
2026.08.03	09:03:07.145			179280	8.00000000	88
2026.08.03	09:03:07.152			179280	5.00000000	88
2026.08.03	09:03:07.153			179285	1.00000000	88
2026.08.03	09:03:07.154			179280	2.00000000	88
2026.08.03	09:03:07.157			179280	11.00000000	88
2026.08.03	09:03:07.160			179280	1.00000000	88
2026.08.03	09:03:07.160			179285	1.00000000	88
2026.08.03	09:03:07.162			179285	2.00000000	88
2026.08.03	09:03:07.162			179280	1.00000000	88
2026.08.03	09:03:07.162			179285	1.00000000	88
2026.08.03	09:03:07.163			179280	10.00000000	88
2026.08.03	09:03:07.163			179285	1.00000000	88
2026.08.03	09:03:07.164			179280	2.00000000	88
2026.08.03	09:03:07.164			179275	1.00000000	88
2026.08.03	09:03:07.164			179280	2.00000000	88
2026.08.03	09:03:07.164			179285	1.00000000	88
2026.08.03	09:03:07.164			179280	2.00000000	88
2026.08.03	09:03:07.165			179275	20.00000000	88
2026.08.03	09:03:07.166			179280	1.00000000	88
2026.08.03	09:03:07.166			179270	12.00000000	88
2026.08.03	09:03:07.173			179275	1.00000000	88
2026.08.03	09:03:07.177			179270	5.00000000	88
2026.08.03	09:03:07.178			179275	3.00000000	88
2026.08.03	09:03:07.178			179270	18.00000000	88
2026.08.03	09:03:07.178			179265	3.00000000	88
2026.08.03	09:03:07.179			179270	2.00000000	88
2026.08.03	09:03:07.179			179265	8.00000000	88
2026.08.03	09:03:07.180			179270	2.00000000	88
2026.08.03	09:03:07.180			179265	4.00000000	88
2026.08.03	09:03:07.181			179270	3.00000000	88
2026.08.03	09:03:07.184			179265	2.00000000	88
2026.08.03	09:03:07.185			179270	1.00000000	88
2026.08.03	09:03:07.186			179265	7.00000000	88
2026.08.03	09:03:07.193			179265	1.00000000	88
2026.08.03	09:03:07.194			179275	10.00000000	88
2026.08.03	09:03:07.195			179270	2.00000000	88
2026.08.03	09:03:07.195			179265	2.00000000	88
2026.08.03	09:03:07.198			179270	1.00000000	88
2026.08.03	09:03:07.198			179275	1.00000000	88
2026.08.03	09:03:07.198			179270	6.00000000	88
2026.08.03	09:03:07.199			179265	10.00000000	88
2026.08.03	09:03:07.199			179270	2.00000000	88
2026.08.03	09:03:07.201			179275	1.00000000	88
2026.08.03	09:03:07.202			179270	2.00000000	88
2026.08.03	09:03:07.203			179275	1.00000000	88
2026.08.03	09:03:07.204			179270	3.00000000	88
2026.08.03	09:03:07.204			179275	8.00000000	88
2026.08.03	09:03:07.204			179270	3.00000000	88
2026.08.03	09:03:07.206			179275	2.00000000	88
2026.08.03	09:03:07.206			179270	6.00000000	88
2026.08.03	09:03:07.208			179270	1.00000000	88
2026.08.03	09:03:07.209			179275	2.00000000	88
2026.08.03	09:03:07.209			179270	11.00000000	88
2026.08.03	09:03:07.209			179270	5.00000000	88
2026.08.03	09:03:07.209			179265	4.00000000	88
2026.08.03	09:03:07.209			179275	6.00000000	88
2026.08.03	09:03:07.210			179265	3.00000000	88
2026.08.03	09:03:07.211			179270	3.00000000	88
2026.08.03	09:03:07.212			179270	3.00000000	88
2026.08.03	09:03:07.214			179265	3.00000000	88
2026.08.03	09:03:07.216			179265	3.00000000	88
2026.08.03	09:03:07.216			179270	7.00000000	88
2026.08.03	09:03:07.216			179275	11.00000000	88
2026.08.03	09:03:07.217			179265	2.00000000	88
2026.08.03	09:03:07.218			179265	1.00000000	88
2026.08.03	09:03:07.219			179265	2.00000000	88
2026.08.03	09:03:07.220			179275	21.00000000	88
2026.08.03	09:03:07.220			179280	18.00000000	88
2026.08.03	09:03:07.221			179280	31.00000000	88
2026.08.03	09:03:07.221			179285	26.00000000	88
2026.08.03	09:03:07.222			179290	8.00000000	88
2026.08.03	09:03:07.222	179285				2
2026.08.03	09:03:07.222		179295			4
2026.08.03	09:03:07.222			179290	3.00000000	120
2026.08.03	09:03:07.223			179295	22.00000000	56
2026.08.03	09:03:07.224			179295	10.00000000	56
2026.08.03	09:03:07.224			179290	9.00000000	120
2026.08.03	09:03:07.225			179285	59.00000000	88
2026.08.03	09:03:07.227			179280	1.00000000	88
2026.08.03	09:03:07.227			179280	6.00000000	88
2026.08.03	09:03:07.233			179285	5.00000000	88
2026.08.03	09:03:07.233			179285	17.00000000	88
2026.08.03	09:03:07.233			179280	7.00000000	88
2026.08.03	09:03:07.234			179285	11.00000000	88
2026.08.03	09:03:07.235			179280	23.00000000	88
2026.08.03	09:03:07.235			179280	4.00000000	88
2026.08.03	09:03:07.237			179275	1.00000000	88
2026.08.03	09:03:07.237			179280	12.00000000	88
2026.08.03	09:03:07.238			179275	3.00000000	88
2026.08.03	09:03:07.241			179275	3.00000000	88
2026.08.03	09:03:07.244			179275	4.00000000	88
2026.08.03	09:03:07.250			179280	2.00000000	88
2026.08.03	09:03:07.253			179275	8.00000000	88
2026.08.03	09:03:07.256			179280	1.00000000	88
2026.08.03	09:03:07.257			179275	9.00000000	88
2026.08.03	09:03:07.260			179280	2.00000000	88
2026.08.03	09:03:07.260			179275	8.00000000	88
2026.08.03	09:03:07.262			179270	12.00000000	88
2026.08.03	09:03:07.263			179265	4.00000000	88
2026.08.03	09:03:07.264			179270	12.00000000	88
2026.08.03	09:03:07.266			179265	1.00000000	88
2026.08.03	09:03:07.266			179270	4.00000000	88
2026.08.03	09:03:07.266			179265	3.00000000	88
2026.08.03	09:03:07.268			179265	6.00000000	88
2026.08.03	09:03:07.270			179260	22.00000000	88
2026.08.03	09:03:07.271			179265	2.00000000	88
2026.08.03	09:03:07.272			179260	15.00000000	88
2026.08.03	09:03:07.274			179265	8.00000000	88
2026.08.03	09:03:07.274			179260	21.00000000	88
2026.08.03	09:03:07.278			179270	1.00000000	88
2026.08.03	09:03:07.278			179260	2.00000000	88
2026.08.03	09:03:07.282			179265	2.00000000	88
2026.08.03	09:03:07.283			179260	179.00000000	88
2026.08.03	09:03:07.292			179255	48.00000000	88
2026.08.03	09:03:07.293			179250	10.00000000	88
2026.08.03	09:03:07.293			179255	13.00000000	88
2026.08.03	09:03:07.293			179250	6.00000000	88
2026.08.03	09:03:07.294			179255	1.00000000	88
2026.08.03	09:03:07.296			179250	3.00000000	88
2026.08.03	09:03:07.301			179250	25.00000000	88
2026.08.03	09:03:07.303			179245	12.00000000	88
2026.08.03	09:03:07.303			179245	4.00000000	88
2026.08.03	09:03:07.304			179250	4.00000000	88
2026.08.03	09:03:07.304			179245	3.00000000	88
2026.08.03	09:03:07.305			179250	25.00000000	88
2026.08.03	09:03:07.308			179255	29.00000000	88
2026.08.03	09:03:07.309			179260	20.00000000	88
2026.08.03	09:03:07.309			179260	11.00000000	88
2026.08.03	09:03:07.309			179265	42.00000000	88
2026.08.03	09:03:07.311			179270	2.00000000	88
2026.08.03	09:03:07.311			179265	18.00000000	88
2026.08.03	09:03:07.313			179260	27.00000000	88
2026.08.03	09:03:07.320			179260	6.00000000	88
2026.08.03	09:03:07.322			179265	10.00000000	88
2026.08.03	09:03:07.322			179270	5.00000000	88
2026.08.03	09:03:07.322			179260	1.00000000	88
2026.08.03	09:03:07.323			179265	2.00000000	88
2026.08.03	09:03:07.324			179260	6.00000000	88
2026.08.03	09:03:07.326			179260	1.00000000	88
2026.08.03	09:03:07.327			179270	1.00000000	88
2026.08.03	09:03:07.328			179260	14.00000000	88
2026.08.03	09:03:07.329			179255	40.00000000	88
2026.08.03	09:03:07.329			179260	12.00000000	88
2026.08.03	09:03:07.330			179255	2.00000000	88
2026.08.03	09:03:07.330			179255	108.00000000	88
2026.08.03	09:03:07.331			179250	2.00000000	88
2026.08.03	09:03:07.332			179245	10.00000000	88
2026.08.03	09:03:07.333			179240	51.00000000	88
2026.08.03	09:03:07.333			179235	5.00000000	88
2026.08.03	09:03:07.333			179240	2.00000000	88
2026.08.03	09:03:07.333			179235	11.00000000	88
2026.08.03	09:03:07.334			179240	14.00000000	88
2026.08.03	09:03:07.335			179235	3.00000000	88
2026.08.03	09:03:07.335			179240	15.00000000	88
2026.08.03	09:03:07.335			179235	11.00000000	88
2026.08.03	09:03:07.335			179240	2.00000000	88
2026.08.03	09:03:07.335			179235	78.00000000	88
2026.08.03	09:03:07.337			179235	66.00000000	88
2026.08.03	09:03:07.338			179230	23.00000000	88
2026.08.03	09:03:07.338			179225	41.00000000	88
2026.08.03	09:03:07.339			179225	1.00000000	88
2026.08.03	09:03:07.340			179230	1.00000000	88
2026.08.03	09:03:07.340			179235	1.00000000	88
2026.08.03	09:03:07.340			179230	4.00000000	88
2026.08.03	09:03:07.346			179225	3.00000000	88
2026.08.03	09:03:07.349			179220	35.00000000	88
2026.08.03	09:03:07.358			179215	7.00000000	88
2026.08.03	09:03:07.358			179225	20.00000000	88
2026.08.03	09:03:07.359			179230	16.00000000	88
2026.08.03	09:03:07.366			179230	2.00000000	88
2026.08.03	09:03:07.367			179225	1.00000000	88
2026.08.03	09:03:07.368			179225	10.00000000	88
2026.08.03	09:03:07.369			179225	3.00000000	88
2026.08.03	09:03:07.371			179225	3.00000000	88
2026.08.03	09:03:07.371			179220	47.00000000	88
2026.08.03	09:03:07.371			179215	45.00000000	88
2026.08.03	09:03:07.371			179210	16.00000000	88
2026.08.03	09:03:07.372			179225	1.00000000	88
2026.08.03	09:03:07.372			179220	1.00000000	88
2026.08.03	09:03:07.373			179225	4.00000000	88
2026.08.03	09:03:07.373			179220	1.00000000	88
2026.08.03	09:03:07.374			179225	27.00000000	88
2026.08.03	09:03:07.377			179220	3.00000000	88
2026.08.03	09:03:07.378			179225	2.00000000	88
2026.08.03	09:03:07.380			179220	10.00000000	88
2026.08.03	09:03:07.380			179225	5.00000000	88
2026.08.03	09:03:07.383			179220	6.00000000	88
2026.08.03	09:03:07.383			179230	24.00000000	88
2026.08.03	09:03:07.384			179220	1.00000000	88
2026.08.03	09:03:07.384			179230	1.00000000	88
2026.08.03	09:03:07.385			179220	7.00000000	88
2026.08.03	09:03:07.387			179230	2.00000000	88
2026.08.03	09:03:07.389			179225	8.00000000	88
2026.08.03	09:03:07.398			179230	1.00000000	88
2026.08.03	09:03:07.401			179225	1.00000000	88
2026.08.03	09:03:07.406			179225	2.00000000	88
2026.08.03	09:03:07.413			179220	10.00000000	88
2026.08.03	09:03:07.414			179225	1.00000000	88
2026.08.03	09:03:07.415			179225	2.00000000	88
2026.08.03	09:03:07.416			179220	2.00000000	88
2026.08.03	09:03:07.417			179220	1.00000000	88
2026.08.03	09:03:07.418			179225	1.00000000	88
2026.08.03	09:03:07.420			179225	1.00000000	88
2026.08.03	09:03:07.420			179220	2.00000000	88
2026.08.03	09:03:07.421			179230	2.00000000	88
2026.08.03	09:03:07.421			179235	6.00000000	88
2026.08.03	09:03:07.421			179235	7.00000000	88
2026.08.03	09:03:07.421			179225	7.00000000	88
2026.08.03	09:03:07.423			179220	4.00000000	88
2026.08.03	09:03:07.423			179225	3.00000000	88
2026.08.03	09:03:07.425			179225	2.00000000	88
2026.08.03	09:03:07.426			179220	19.00000000	88
2026.08.03	09:03:07.428			179215	6.00000000	88
2026.08.03	09:03:07.428			179215	45.00000000	88
2026.08.03	09:03:07.428			179210	10.00000000	88
2026.08.03	09:03:07.429			179220	1.00000000	88
2026.08.03	09:03:07.429			179225	5.00000000	88
2026.08.03	09:03:07.430			179230	1.00000000	88
2026.08.03	09:03:07.434			179220	1.00000000	88
2026.08.03	09:03:07.434			179215	2.00000000	88
2026.08.03	09:03:07.434			179225	1.00000000	88
2026.08.03	09:03:07.439			179215	3.00000000	88
2026.08.03	09:03:07.439			179210	34.00000000	88
2026.08.03	09:03:07.439			179205	152.00000000	88
2026.08.03	09:03:07.439			179205	54.00000000	88
2026.08.03	09:03:07.439			179200	109.00000000	88
2026.08.03	09:03:07.439			179200	39.00000000	88
2026.08.03	09:03:07.439			179200	22.00000000	88
2026.08.03	09:03:07.440			179205	18.00000000	88
2026.08.03	09:03:07.441			179200	4.00000000	88
2026.08.03	09:03:07.442			179200	18.00000000	88
2026.08.03	09:03:07.443			179195	16.00000000	88
2026.08.03	09:03:07.444			179195	3.00000000	88
2026.08.03	09:03:07.444			179190	52.00000000	88
2026.08.03	09:03:07.444			179195	2.00000000	88
2026.08.03	09:03:07.444			179200	16.00000000	88
2026.08.03	09:03:07.445			179190	23.00000000	88
2026.08.03	09:03:07.446			179190	2.00000000	88
2026.08.03	09:03:07.446			179195	21.00000000	88
2026.08.03	09:03:07.446			179190	4.00000000	88
2026.08.03	09:03:07.447			179190	1.00000000	88
2026.08.03	09:03:07.447			179195	12.00000000	88
2026.08.03	09:03:07.449			179200	5.00000000	88
2026.08.03	09:03:07.449			179205	1.00000000	88
2026.08.03	09:03:07.449			179190	1.00000000	88
2026.08.03	09:03:07.450			179195	5.00000000	88
2026.08.03	09:03:07.450			179190	3.00000000	88
2026.08.03	09:03:07.450			179195	5.00000000	88
2026.08.03	09:03:07.451			179200	21.00000000	88
2026.08.03	09:03:07.451			179195	5.00000000	88
2026.08.03	09:03:07.452			179195	1.00000000	88
2026.08.03	09:03:07.452			179190	3.00000000	88
2026.08.03	09:03:07.453			179200	2.00000000	88
2026.08.03	09:03:07.457			179190	5.00000000	88
2026.08.03	09:03:07.457			179200	4.00000000	88
2026.08.03	09:03:07.457			179205	3.00000000	88
2026.08.03	09:03:07.458			179190	7.00000000	88
2026.08.03	09:03:07.458			179185	5.00000000	88
2026.08.03	09:03:07.458			179190	1.00000000	88
2026.08.03	09:03:07.458			179185	7.00000000	88
2026.08.03	09:03:07.458			179195	1.00000000	88
2026.08.03	09:03:07.458			179190	1.00000000	88
2026.08.03	09:03:07.458			179195	1.00000000	88
2026.08.03	09:03:07.458			179190	4.00000000	88
2026.08.03	09:03:07.462			179195	2.00000000	88
2026.08.03	09:03:07.462			179190	2.00000000	88
2026.08.03	09:03:07.463			179195	1.00000000	88
2026.08.03	09:03:07.464			179190	4.00000000	88
2026.08.03	09:03:07.468			179195	2.00000000	88
2026.08.03	09:03:07.468			179190	1.00000000	88
2026.08.03	09:03:07.469			179185	1.00000000	88
2026.08.03	09:03:07.469			179190	5.00000000	88
2026.08.03	09:03:07.469			179185	4.00000000	88
2026.08.03	09:03:07.470			179190	8.00000000	88
2026.08.03	09:03:07.472			179185	1.00000000	88
2026.08.03	09:03:07.472			179195	12.00000000	88
2026.08.03	09:03:07.473			179185	5.00000000	88
2026.08.03	09:03:07.481			179190	1.00000000	88
2026.08.03	09:03:07.481			179185	1.00000000	88
2026.08.03	09:03:07.481			179195	2.00000000	88
2026.08.03	09:03:07.481			179185	15.00000000	88
2026.08.03	09:03:07.486			179195	3.00000000	88
2026.08.03	09:03:07.486			179200	1.00000000	88
2026.08.03	09:03:07.487			179185	2.00000000	88
2026.08.03	09:03:07.490			179185	4.00000000	88
2026.08.03	09:03:07.492			179185	12.00000000	88
2026.08.03	09:03:07.492			179190	3.00000000	88
2026.08.03	09:03:07.494			179185	1.00000000	88
2026.08.03	09:03:07.495			179195	3.00000000	88
2026.08.03	09:03:07.498			179185	2.00000000	88
2026.08.03	09:03:07.499			179180	5.00000000	88
2026.08.03	09:03:07.500			179190	2.00000000	88
2026.08.03	09:03:07.500			179180	1.00000000	88
2026.08.03	09:03:07.500			179190	7.00000000	88
2026.08.03	09:03:07.500			179195	10.00000000	88
2026.08.03	09:03:07.503			179185	3.00000000	88
2026.08.03	09:03:07.503			179195	2.00000000	88
2026.08.03	09:03:07.508			179200	1.00000000	88
2026.08.03	09:03:07.508			179185	1.00000000	88
2026.08.03	09:03:07.509			179190	1.00000000	88
2026.08.03	09:03:07.509			179185	3.00000000	88
2026.08.03	09:03:07.509			179195	1.00000000	88
2026.08.03	09:03:07.509			179190	2.00000000	88
2026.08.03	09:03:07.509			179185	13.00000000	88
2026.08.03	09:03:07.512			179195	6.00000000	88
2026.08.03	09:03:07.513			179190	1.00000000	88
2026.08.03	09:03:07.513			179185	6.00000000	88
2026.08.03	09:03:07.513			179180	43.00000000	88
2026.08.03	09:03:07.515			179185	3.00000000	88
2026.08.03	09:03:07.515			179180	18.00000000	88
2026.08.03	09:03:07.516			179180	3.00000000	88
2026.08.03	09:03:07.518			179185	1.00000000	88
2026.08.03	09:03:07.519			179180	1.00000000	88
2026.08.03	09:03:07.519			179175	18.00000000	88
2026.08.03	09:03:07.520			179185	10.00000000	88
2026.08.03	09:03:07.520			179175	8.00000000	88
2026.08.03	09:03:07.526			179185	1.00000000	88
2026.08.03	09:03:07.529			179175	4.00000000	88
2026.08.03	09:03:07.531			179185	5.00000000	88
2026.08.03	09:03:07.533			179175	21.00000000	88
2026.08.03	09:03:07.537			179170	11.00000000	88
2026.08.03	09:03:07.537			179175	2.00000000	88
2026.08.03	09:03:07.539			179170	3.00000000	88
2026.08.03	09:03:07.539			179175	10.00000000	88
2026.08.03	09:03:07.541			179180	6.00000000	88
2026.08.03	09:03:07.544			179185	13.00000000	88
2026.08.03	09:03:07.545			179190	14.00000000	88
2026.08.03	09:03:07.547			179185	4.00000000	88
2026.08.03	09:03:07.552			179190	2.00000000	88
2026.08.03	09:03:07.553			179185	4.00000000	88
2026.08.03	09:03:07.553			179180	4.00000000	88
2026.08.03	09:03:07.553			179175	6.00000000	88
2026.08.03	09:03:07.553			179170	6.00000000	88
2026.08.03	09:03:07.553			179180	7.00000000	88
2026.08.03	09:03:07.553			179175	7.00000000	88
2026.08.03	09:03:07.555			179180	2.00000000	88
2026.08.03	09:03:07.556			179175	3.00000000	88
2026.08.03	09:03:07.557			179180	4.00000000	88
2026.08.03	09:03:07.557			179175	2.00000000	88
2026.08.03	09:03:07.560			179180	1.00000000	88
2026.08.03	09:03:07.562			179175	4.00000000	88
2026.08.03	09:03:07.564			179175	2.00000000	88
2026.08.03	09:03:07.568			179175	2.00000000	88
2026.08.03	09:03:07.568			179180	5.00000000	88
2026.08.03	09:03:07.569			179185	1.00000000	88
2026.08.03	09:03:07.571			179180	2.00000000	88
2026.08.03	09:03:07.573	179180				2
2026.08.03	09:03:07.573		179185			4
2026.08.03	09:03:07.573			179185	6.00000000	56
2026.08.03	09:03:07.573			179180	1.00000000	88
2026.08.03	09:03:07.574			179185	21.00000000	56
2026.08.03	09:03:07.574			179190	30.00000000	56
2026.08.03	09:03:07.574			179195	19.00000000	56
2026.08.03	09:03:07.575			179185	4.00000000	56
2026.08.03	09:03:07.575			179180	11.00000000	88
2026.08.03	09:03:07.576			179185	1.00000000	56
2026.08.03	09:03:07.576			179180	3.00000000	88
2026.08.03	09:03:07.578			179175	2.00000000	88
2026.08.03	09:03:07.579			179180	1.00000000	88
2026.08.03	09:03:07.579			179175	4.00000000	88
2026.08.03	09:03:07.581			179180	7.00000000	88
2026.08.03	09:03:07.581			179185	8.00000000	56
2026.08.03	09:03:07.582			179175	9.00000000	88
2026.08.03	09:03:07.584			179170	3.00000000	88
2026.08.03	09:03:07.584			179175	8.00000000	88
2026.08.03	09:03:07.584			179170	1.00000000	88
2026.08.03	09:03:07.585			179180	2.00000000	88
2026.08.03	09:03:07.587			179170	8.00000000	88
2026.08.03	09:03:07.594			179175	2.00000000	88
2026.08.03	09:03:07.594			179180	8.00000000	88
2026.08.03	09:03:07.594			179175	11.00000000	88
2026.08.03	09:03:07.595			179180	1.00000000	88
2026.08.03	09:03:07.595			179185	6.00000000	56
2026.08.03	09:03:07.596			179190	1.00000000	56
2026.08.03	09:03:07.596			179185	3.00000000	56
2026.08.03	09:03:07.596			179180	10.00000000	88
2026.08.03	09:03:07.597			179190	1.00000000	56
2026.08.03	09:03:07.597			179180	1.00000000	88
2026.08.03	09:03:07.597			179190	1.00000000	56
2026.08.03	09:03:07.598			179180	2.00000000	88
2026.08.03	09:03:07.599			179175	4.00000000	88
2026.08.03	09:03:07.599			179185	1.00000000	56
2026.08.03	09:03:07.599			179185	2.00000000	56
2026.08.03	09:03:07.599			179190	4.00000000	56
2026.08.03	09:03:07.600			179185	1.00000000	56
2026.08.03	09:03:07.601			179180	5.00000000	88
2026.08.03	09:03:07.601			179185	8.00000000	56
2026.08.03	09:03:07.602			179180	8.00000000	88
2026.08.03	09:03:07.603			179175	8.00000000	88
2026.08.03	09:03:07.604			179175	1.00000000	88
2026.08.03	09:03:07.604			179180	1.00000000	88
2026.08.03	09:03:07.604			179175	1.00000000	88
2026.08.03	09:03:07.605			179185	2.00000000	56
2026.08.03	09:03:07.606			179175	1.00000000	88
2026.08.03	09:03:07.607			179175	2.00000000	88
2026.08.03	09:03:07.607			179185	1.00000000	56
2026.08.03	09:03:07.607			179175	1.00000000	88
2026.08.03	09:03:07.608			179185	2.00000000	56
2026.08.03	09:03:07.608			179180	2.00000000	88
2026.08.03	09:03:07.608			179175	8.00000000	88
2026.08.03	09:03:07.609			179180	12.00000000	88
2026.08.03	09:03:07.610			179175	6.00000000	88
2026.08.03	09:03:07.611			179175	3.00000000	88
2026.08.03	09:03:07.612			179180	4.00000000	88
2026.08.03	09:03:07.612			179175	5.00000000	88
2026.08.03	09:03:07.613			179180	2.00000000	88
2026.08.03	09:03:07.613			179175	1.00000000	88
2026.08.03	09:03:07.613			179170	9.00000000	88
2026.08.03	09:03:07.614			179180	1.00000000	88
2026.08.03	09:03:07.614			179175	10.00000000	88
2026.08.03	09:03:07.615			179185	4.00000000	56
2026.08.03	09:03:07.615			179190	4.00000000	56
2026.08.03	09:03:07.615			179195	13.00000000	56
2026.08.03	09:03:07.616			179180	3.00000000	88
2026.08.03	09:03:07.616			179175	3.00000000	88
2026.08.03	09:03:07.616			179170	6.00000000	88
2026.08.03	09:03:07.616			179190	1.00000000	56
2026.08.03	09:03:07.617			179175	1.00000000	88
2026.08.03	09:03:07.617			179170	2.00000000	88
2026.08.03	09:03:07.617			179175	2.00000000	88
2026.08.03	09:03:07.617			179170	21.00000000	88
2026.08.03	09:03:07.617			179180	1.00000000	88
2026.08.03	09:03:07.617			179170	1.00000000	88
2026.08.03	09:03:07.618			179180	1.00000000	88
2026.08.03	09:03:07.619			179170	1.00000000	88
2026.08.03	09:03:07.619			179180	1.00000000	88
2026.08.03	09:03:07.619			179170	5.00000000	88
2026.08.03	09:03:07.623			179175	5.00000000	88
2026.08.03	09:03:07.625			179170	7.00000000	88
2026.08.03	09:03:07.629			179180	2.00000000	88
2026.08.03	09:03:07.631			179170	2.00000000	88
2026.08.03	09:03:07.631			179165	1.00000000	88
2026.08.03	09:03:07.631			179165	5.00000000	88
2026.08.03	09:03:07.632			179175	25.00000000	88
2026.08.03	09:03:07.636			179165	16.00000000	88
2026.08.03	09:03:07.639			179165	2.00000000	88
2026.08.03	09:03:07.640			179170	1.00000000	88
2026.08.03	09:03:07.641			179175	27.00000000	88
2026.08.03	09:03:07.641			179180	4.00000000	88
2026.08.03	09:03:07.643			179175	1.00000000	88
2026.08.03	09:03:07.644			179185	1.00000000	56
2026.08.03	09:03:07.644			179175	1.00000000	88
2026.08.03	09:03:07.645			179175	4.00000000	88
2026.08.03	09:03:07.649			179175	3.00000000	88
2026.08.03	09:03:07.650			179175	1.00000000	88
2026.08.03	09:03:07.651			179185	4.00000000	56
2026.08.03	09:03:07.651			179190	26.00000000	56
2026.08.03	09:03:07.652			179195	4.00000000	56
2026.08.03	09:03:07.652			179195	1.00000000	56
2026.08.03	09:03:07.652			179200	11.00000000	56
2026.08.03	09:03:07.652			179195	7.00000000	56
2026.08.03	09:03:07.652			179200	12.00000000	56
2026.08.03	09:03:07.653			179195	2.00000000	56
2026.08.03	09:03:07.653			179195	2.00000000	56
2026.08.03	09:03:07.653			179200	4.00000000	56
2026.08.03	09:03:07.653			179205	15.00000000	56
2026.08.03	09:03:07.653			179195	14.00000000	56
2026.08.03	09:03:07.654			179195	2.00000000	56
2026.08.03	09:03:07.660			179190	1.00000000	56
2026.08.03	09:03:07.661			179190	25.00000000	56
2026.08.03	09:03:07.663			179190	2.00000000	56
2026.08.03	09:03:07.663			179195	2.00000000	56
2026.08.03	09:03:07.665			179190	1.00000000	56
2026.08.03	09:03:07.665			179200	6.00000000	56
2026.08.03	09:03:07.667			179190	13.00000000	56
2026.08.03	09:03:07.670			179185	6.00000000	56
2026.08.03	09:03:07.671			179180	3.00000000	88
2026.08.03	09:03:07.671			179175	12.00000000	88
2026.08.03	09:03:07.675			179180	3.00000000	88
2026.08.03	09:03:07.675			179185	14.00000000	56
2026.08.03	09:03:07.675			179190	13.00000000	56
2026.08.03	09:03:07.677			179180	5.00000000	88
2026.08.03	09:03:07.681			179175	1.00000000	88
2026.08.03	09:03:07.684			179180	1.00000000	88
2026.08.03	09:03:07.685			179190	2.00000000	56
2026.08.03	09:03:07.686			179195	1.00000000	56
2026.08.03	09:03:07.692			179190	2.00000000	56
2026.08.03	09:03:07.695			179185	1.00000000	56
2026.08.03	09:03:07.696			179185	1.00000000	56
2026.08.03	09:03:07.703			179185	1.00000000	56
2026.08.03	09:03:07.703			179195	5.00000000	56
2026.08.03	09:03:07.703			179200	21.00000000	56
2026.08.03	09:03:07.704			179205	7.00000000	56
2026.08.03	09:03:07.704			179210	1.00000000	56
2026.08.03	09:03:07.704			179200	1.00000000	56
2026.08.03	09:03:07.705			179195	6.00000000	56
2026.08.03	09:03:07.705			179190	16.00000000	56
2026.08.03	09:03:07.711			179185	8.00000000	56
2026.08.03	09:03:07.711			179180	4.00000000	88
2026.08.03	09:03:07.711			179175	9.00000000	88
2026.08.03	09:03:07.711			179170	1.00000000	88
2026.08.03	09:03:07.712			179180	1.00000000	88
2026.08.03	09:03:07.712			179170	1.00000000	88
2026.08.03	09:03:07.712			179175	3.00000000	88
2026.08.03	09:03:07.712			179170	1.00000000	88
2026.08.03	09:03:07.712			179175	4.00000000	88
2026.08.03	09:03:07.717			179170	2.00000000	88
2026.08.03	09:03:07.719			179180	20.00000000	88
2026.08.03	09:03:07.719			179170	1.00000000	88
2026.08.03	09:03:07.720			179175	2.00000000	88
2026.08.03	09:03:07.720			179170	5.00000000	88
2026.08.03	09:03:07.720			179165	35.00000000	88
2026.08.03	09:03:07.721			179170	6.00000000	88
2026.08.03	09:03:07.723			179165	2.00000000	88
2026.08.03	09:03:07.728			179175	2.00000000	88
2026.08.03	09:03:07.728			179165	22.00000000	88
2026.08.03	09:03:07.733			179160	13.00000000	88
2026.08.03	09:03:07.738			179165	5.00000000	88
2026.08.03	09:03:07.741			179165	4.00000000	88
2026.08.03	09:03:07.741			179160	12.00000000	88
2026.08.03	09:03:07.742			179155	1.00000000	88
2026.08.03	09:03:07.742			179155	22.00000000	88
2026.08.03	09:03:07.742			179150	12.00000000	88
2026.08.03	09:03:07.743			179160	4.00000000	88
2026.08.03	09:03:07.743			179165	9.00000000	88
2026.08.03	09:03:07.752			179170	3.00000000	88
2026.08.03	09:03:07.752			179175	22.00000000	88
2026.08.03	09:03:07.752			179180	9.00000000	88
2026.08.03	09:03:07.752			179185	2.00000000	56
2026.08.03	09:03:07.752			179165	5.00000000	88
2026.08.03	09:03:07.754			179160	4.00000000	88
2026.08.03	09:03:07.754			179155	12.00000000	88
2026.08.03	09:03:07.757			179160	12.00000000	88
2026.08.03	09:03:07.757			179165	6.00000000	88
2026.08.03	09:03:07.757			179170	14.00000000	88
2026.08.03	09:03:07.757			179175	9.00000000	88
2026.08.03	09:03:07.759			179160	1.00000000	88
2026.08.03	09:03:07.759			179155	1.00000000	88
2026.08.03	09:03:07.759			179170	1.00000000	88
2026.08.03	09:03:07.760			179165	2.00000000	88
2026.08.03	09:03:07.762			179170	6.00000000	88
2026.08.03	09:03:07.769			179165	2.00000000	88
2026.08.03	09:03:07.770			179160	1.00000000	88
2026.08.03	09:03:07.770			179160	1.00000000	88
2026.08.03	09:03:07.772			179155	15.00000000	88
2026.08.03	09:03:07.773			179160	4.00000000	88
2026.08.03	09:03:07.773			179165	1.00000000	88
2026.08.03	09:03:07.774			179155	3.00000000	88
2026.08.03	09:03:07.774			179155	7.00000000	88
2026.08.03	09:03:07.774			179160	1.00000000	88
2026.08.03	09:03:07.780			179160	1.00000000	88
2026.08.03	09:03:07.781			179155	1.00000000	88
2026.08.03	09:03:07.782			179160	1.00000000	88
2026.08.03	09:03:07.782			179155	2.00000000	88
2026.08.03	09:03:07.782			179165	1.00000000	88
2026.08.03	09:03:07.782			179160	1.00000000	88
2026.08.03	09:03:07.783			179155	1.00000000	88
2026.08.03	09:03:07.788			179155	3.00000000	88
2026.08.03	09:03:07.796			179160	3.00000000	88
2026.08.03	09:03:07.798			179165	3.00000000	88
2026.08.03	09:03:07.798			179160	3.00000000	88
2026.08.03	09:03:07.800			179165	13.00000000	88
2026.08.03	09:03:07.804			179170	2.00000000	88
2026.08.03	09:03:07.805			179165	1.00000000	88
2026.08.03	09:03:07.806			179170	3.00000000	88
2026.08.03	09:03:07.808			179165	3.00000000	88
2026.08.03	09:03:07.808			179170	7.00000000	88
2026.08.03	09:03:07.808			179175	5.00000000	88
2026.08.03	09:03:07.809			179180	8.00000000	88
2026.08.03	09:03:07.811			179175	13.00000000	88
2026.08.03	09:03:07.813			179170	6.00000000	88
2026.08.03	09:03:07.815			179165	2.00000000	88
2026.08.03	09:03:07.815			179170	5.00000000	88
2026.08.03	09:03:07.816			179165	5.00000000	88
2026.08.03	09:03:07.816			179160	4.00000000	88
2026.08.03	09:03:07.825			179165	4.00000000	88
2026.08.03	09:03:07.825			179170	4.00000000	88
2026.08.03	09:03:07.825			179175	1.00000000	88
2026.08.03	09:03:07.826			179185	2.00000000	56
2026.08.03	09:03:07.826			179190	16.00000000	56
2026.08.03	09:03:07.830			179185	2.00000000	56
2026.08.03	09:03:07.830			179195	1.00000000	56
2026.08.03	09:03:07.832			179190	12.00000000	56
2026.08.03	09:03:07.832			179185	13.00000000	56
2026.08.03	09:03:07.832			179180	17.00000000	88
2026.08.03	09:03:07.832			179175	8.00000000	88
2026.08.03	09:03:07.833			179190	1.00000000	56
2026.08.03	09:03:07.833			179185	5.00000000	56
2026.08.03	09:03:07.834			179190	2.00000000	56
2026.08.03	09:03:07.836			179195	1.00000000	56
2026.08.03	09:03:07.836			179190	2.00000000	56
2026.08.03	09:03:07.836			179195	1.00000000	56
2026.08.03	09:03:07.836			179190	10.00000000	56
2026.08.03	09:03:07.836			179195	10.00000000	56
2026.08.03	09:03:07.844			179190	1.00000000	56
2026.08.03	09:03:07.846			179195	1.00000000	56
2026.08.03	09:03:07.846			179190	10.00000000	56
2026.08.03	09:03:07.850			179185	3.00000000	56
2026.08.03	09:03:07.850			179180	2.00000000	88
2026.08.03	09:03:07.855			179185	10.00000000	56
2026.08.03	09:03:07.860			179190	4.00000000	56
2026.08.03	09:03:07.860			179195	6.00000000	56
2026.08.03	09:03:07.861			179190	10.00000000	56
2026.08.03	09:03:07.861			179185	4.00000000	56
2026.08.03	09:03:07.864			179190	1.00000000	56
2026.08.03	09:03:07.864			179200	4.00000000	56
2026.08.03	09:03:07.865			179205	3.00000000	56
2026.08.03	09:03:07.865			179200	8.00000000	56
2026.08.03	09:03:07.868			179195	2.00000000	56
2026.08.03	09:03:07.869			179205	17.00000000	56
2026.08.03	09:03:07.870			179200	6.00000000	56
2026.08.03	09:03:07.870			179195	8.00000000	56
2026.08.03	09:03:07.871			179205	3.00000000	56
2026.08.03	09:03:07.872			179200	2.00000000	56
2026.08.03	09:03:07.872			179210	2.00000000	56
2026.08.03	09:03:07.873			179205	15.00000000	56
2026.08.03	09:03:07.874			179200	10.00000000	56
2026.08.03	09:03:07.874			179195	4.00000000	56
2026.08.03	09:03:07.877			179205	1.00000000	56
2026.08.03	09:03:07.878			179200	2.00000000	56
2026.08.03	09:03:07.881			179195	10.00000000	56
2026.08.03	09:03:07.882			179200	9.00000000	56
2026.08.03	09:03:07.882			179195	3.00000000	56
2026.08.03	09:03:07.882			179200	1.00000000	56
2026.08.03	09:03:07.882			179195	2.00000000	56
2026.08.03	09:03:07.883			179200	1.00000000	56
2026.08.03	09:03:07.885			179195	13.00000000	56
2026.08.03	09:03:07.893			179195	3.00000000	56
2026.08.03	09:03:07.893			179190	10.00000000	56
2026.08.03	09:03:07.897			179195	1.00000000	56
2026.08.03	09:03:07.898			179190	3.00000000	56
2026.08.03	09:03:07.898			179185	12.00000000	56
2026.08.03	09:03:07.901			179185	2.00000000	56
2026.08.03	09:03:07.904			179190	1.00000000	88
2026.08.03	09:03:07.908			179195	2.00000000	88
2026.08.03	09:03:07.909			179190	2.00000000	88
2026.08.03	09:03:07.909			179195	1.00000000	88
2026.08.03	09:03:07.910			179190	2.00000000	88
2026.08.03	09:03:07.910			179185	4.00000000	88
2026.08.03	09:03:07.910			179180	4.00000000	88
2026.08.03	09:03:07.911			179185	10.00000000	88
2026.08.03	09:03:07.911			179180	2.00000000	88
2026.08.03	09:03:07.912			179185	5.00000000	88
2026.08.03	09:03:07.912			179190	3.00000000	88
2026.08.03	09:03:07.915			179195	3.00000000	88
2026.08.03	09:03:07.916			179190	1.00000000	88
2026.08.03	09:03:07.919			179195	2.00000000	88
2026.08.03	09:03:07.920			179200	4.00000000	88
2026.08.03	09:03:07.920			179205	6.00000000	88
2026.08.03	09:03:07.924	179210				2
2026.08.03	09:03:07.924		179215			4
2026.08.03	09:03:07.924			179215	1.00000000	56
2026.08.03	09:03:07.925			179220	8.00000000	56
2026.08.03	09:03:07.925			179225	88.00000000	56
2026.08.03	09:03:07.925			179230	18.00000000	56
2026.08.03	09:03:07.925			179225	2.00000000	56
2026.08.03	09:03:07.925			179230	3.00000000	56
2026.08.03	09:03:07.925			179225	11.00000000	56
2026.08.03	09:03:07.925			179225	1.00000000	56
2026.08.03	09:03:07.926			179230	9.00000000	56
2026.08.03	09:03:07.926			179225	56.00000000	56
2026.08.03	09:03:07.926			179230	7.00000000	56
2026.08.03	09:03:07.926			179235	6.00000000	56
2026.08.03	09:03:07.927			179230	12.00000000	56
2026.08.03	09:03:07.929			179225	4.00000000	56
2026.08.03	09:03:07.930			179225	2.00000000	56
2026.08.03	09:03:07.930			179220	1.00000000	56
2026.08.03	09:03:07.930			179215	14.00000000	56
2026.08.03	09:03:07.931			179225	4.00000000	56
2026.08.03	09:03:07.933			179220	1.00000000	56
2026.08.03	09:03:07.935			179225	3.00000000	56
2026.08.03	09:03:07.937			179230	10.00000000	56
2026.08.03	09:03:07.938			179230	6.00000000	56
2026.08.03	09:03:07.941			179235	4.00000000	56
2026.08.03	09:03:07.944			179230	1.00000000	56
2026.08.03	09:03:07.944			179230	1.00000000	56
2026.08.03	09:03:07.944			179225	5.00000000	56
2026.08.03	09:03:07.944			179230	5.00000000	56
2026.08.03	09:03:07.946			179235	11.00000000	56
2026.08.03	09:03:07.948			179230	6.00000000	56
2026.08.03	09:03:07.950			179230	1.00000000	56
2026.08.03	09:03:07.950			179240	3.00000000	56
2026.08.03	09:03:07.950			179230	2.00000000	56
2026.08.03	09:03:07.951			179240	49.00000000	56
2026.08.03	09:03:07.955			179245	11.00000000	56
2026.08.03	09:03:07.955			179245	5.00000000	56
2026.08.03	09:03:07.956			179240	1.00000000	56
2026.08.03	09:03:07.956			179235	5.00000000	56
2026.08.03	09:03:07.956			179240	2.00000000	56
2026.08.03	09:03:07.957			179235	2.00000000	56
2026.08.03	09:03:07.958			179240	5.00000000	56
2026.08.03	09:03:07.958			179245	4.00000000	56
2026.08.03	09:03:07.960			179235	4.00000000	56
2026.08.03	09:03:07.960			179240	2.00000000	56
2026.08.03	09:03:07.960			179245	2.00000000	56
2026.08.03	09:03:07.961			179235	1.00000000	56
2026.08.03	09:03:07.962			179240	13.00000000	56
2026.08.03	09:03:07.964			179245	9.00000000	56
2026.08.03	09:03:07.964			179250	55.00000000	56
2026.08.03	09:03:07.964			179255	5.00000000	56
2026.08.03	09:03:07.964			179255	16.00000000	56
2026.08.03	09:03:07.964			179250	2.00000000	56
2026.08.03	09:03:07.965			179255	53.00000000	56
2026.08.03	09:03:07.965			179260	28.00000000	56
2026.08.03	09:03:07.965			179260	6.00000000	56
2026.08.03	09:03:07.966			179255	12.00000000	56
2026.08.03	09:03:07.967			179260	14.00000000	56
2026.08.03	09:03:07.967			179255	24.00000000	56
2026.08.03	09:03:07.968			179260	2.00000000	56
2026.08.03	09:03:07.968			179260	1.00000000	56
2026.08.03	09:03:07.968			179250	25.00000000	56
2026.08.03	09:03:07.970			179245	1.00000000	56
2026.08.03	09:03:07.970			179240	2.00000000	56
2026.08.03	09:03:07.971			179245	3.00000000	56
2026.08.03	09:03:07.972			179250	10.00000000	56
2026.08.03	09:03:07.972			179245	1.00000000	56
2026.08.03	09:03:07.972			179255	3.00000000	56
2026.08.03	09:03:07.973			179250	1.00000000	56
2026.08.03	09:03:07.974			179245	4.00000000	56
2026.08.03	09:03:07.975			179240	1.00000000	56
2026.08.03	09:03:07.975			179245	5.00000000	56
2026.08.03	09:03:07.975			179240	2.00000000	56
2026.08.03	09:03:07.975			179245	1.00000000	56
2026.08.03	09:03:07.981			179240	1.00000000	56
2026.08.03	09:03:07.981			179250	14.00000000	56
2026.08.03	09:03:07.982			179255	19.00000000	56
2026.08.03	09:03:07.982			179260	5.00000000	56
2026.08.03	09:03:07.982			179250	2.00000000	56
2026.08.03	09:03:07.984			179255	1.00000000	56
2026.08.03	09:03:07.984			179250	1.00000000	56
2026.08.03	09:03:07.985			179255	2.00000000	56
2026.08.03	09:03:07.985			179260	6.00000000	56
2026.08.03	09:03:07.986			179250	1.00000000	56
2026.08.03	09:03:07.986			179245	1.00000000	56
2026.08.03	09:03:07.987			179260	8.00000000	56
2026.08.03	09:03:07.989			179265	24.00000000	56
2026.08.03	09:03:07.989			179260	2.00000000	56
2026.08.03	09:03:07.990			179265	1.00000000	56
2026.08.03	09:03:07.991			179260	3.00000000	56
2026.08.03	09:03:07.992			179270	2.00000000	56
2026.08.03	09:03:07.992			179270	53.00000000	56
2026.08.03	09:03:07.992			179275	8.00000000	56
2026.08.03	09:03:07.993			179275	8.00000000	56
2026.08.03	09:03:07.993			179270	3.00000000	56
2026.08.03	09:03:07.994			179265	12.00000000	56
2026.08.03	09:03:07.995			179260	10.00000000	56
2026.08.03	09:03:07.995			179255	15.00000000	56
2026.08.03	09:03:07.995			179260	7.00000000	56
2026.08.03	09:03:07.995			179255	11.00000000	56
2026.08.03	09:03:07.995			179250	13.00000000	56
2026.08.03	09:03:07.995			179260	10.00000000	56
2026.08.03	09:03:07.996			179255	21.00000000	56
2026.08.03	09:03:07.997			179255	11.00000000	56
2026.08.03	09:03:07.997			179260	1.00000000	56
2026.08.03	09:03:07.998			179255	5.00000000	56
2026.08.03	09:03:08.001			179250	9.00000000	56
2026.08.03	09:03:08.001			179260	1.00000000	56
2026.08.03	09:03:08.002			179245	1.00000000	56
2026.08.03	09:03:08.003			179250	1.00000000	56
2026.08.03	09:03:08.003			179240	12.00000000	56
2026.08.03	09:03:08.005			179245	1.00000000	56
2026.08.03	09:03:08.005			179235	2.00000000	56
2026.08.03	09:03:08.005			179240	1.00000000	56
2026.08.03	09:03:08.008			179235	1.00000000	56
2026.08.03	09:03:08.009			179240	3.00000000	56
2026.08.03	09:03:08.010			179245	2.00000000	56
2026.08.03	09:03:08.014			179245	2.00000000	56
2026.08.03	09:03:08.014			179235	3.00000000	56
2026.08.03	09:03:08.019			179245	1.00000000	56
2026.08.03	09:03:08.019			179240	6.00000000	56
2026.08.03	09:03:08.020			179235	1.00000000	56
2026.08.03	09:03:08.023			179245	13.00000000	56
2026.08.03	09:03:08.024			179235	1.00000000	56
2026.08.03	09:03:08.024			179245	6.00000000	56
2026.08.03	09:03:08.024			179250	6.00000000	56
2026.08.03	09:03:08.025			179255	2.00000000	56
2026.08.03	09:03:08.025			179250	3.00000000	56
2026.08.03	09:03:08.025			179260	1.00000000	56
2026.08.03	09:03:08.027			179255	22.00000000	56
2026.08.03	09:03:08.027			179250	57.00000000	56
2026.08.03	09:03:08.027			179245	90.00000000	56
2026.08.03	09:03:08.027			179240	1.00000000	56
2026.08.03	09:03:08.027			179240	30.00000000	56
2026.08.03	09:03:08.027			179255	3.00000000	56
2026.08.03	09:03:08.028			179250	1.00000000	56
2026.08.03	09:03:08.028			179245	13.00000000	56
2026.08.03	09:03:08.028			179240	2.00000000	56
2026.08.03	09:03:08.028			179235	3.00000000	56
2026.08.03	09:03:08.029			179240	2.00000000	56
2026.08.03	09:03:08.029			179235	7.00000000	56
2026.08.03	09:03:08.030			179230	3.00000000	56
2026.08.03	09:03:08.030			179225	19.00000000	56
2026.08.03	09:03:08.032			179220	4.00000000	56
2026.08.03	09:03:08.032			179220	26.00000000	56
2026.08.03	09:03:08.032			179215	14.00000000	56
2026.08.03	09:03:08.032			179220	2.00000000	56
2026.08.03	09:03:08.033			179225	4.00000000	56
2026.08.03	09:03:08.033			179225	16.00000000	56
2026.08.03	09:03:08.033			179220	6.00000000	56
2026.08.03	09:03:08.033			179225	15.00000000	56
2026.08.03	09:03:08.034			179220	9.00000000	56
2026.08.03	09:03:08.034			179225	2.00000000	56
2026.08.03	09:03:08.037			179215	1.00000000	56
2026.08.03	09:03:08.037			179220	13.00000000	56
2026.08.03	09:03:08.038			179215	3.00000000	56
2026.08.03	09:03:08.038			179220	4.00000000	56
2026.08.03	09:03:08.039			179225	9.00000000	56
2026.08.03	09:03:08.039			179230	8.00000000	56
2026.08.03	09:03:08.039			179235	46.00000000	56
2026.08.03	09:03:08.039			179225	2.00000000	56
2026.08.03	09:03:08.040			179235	7.00000000	56
2026.08.03	09:03:08.042			179240	1.00000000	56
2026.08.03	09:03:08.043			179235	1.00000000	56
2026.08.03	09:03:08.044			179240	1.00000000	56
2026.08.03	09:03:08.044			179235	4.00000000	56
2026.08.03	09:03:08.049			179240	1.00000000	56
2026.08.03	09:03:08.049			179235	5.00000000	56
2026.08.03	09:03:08.050			179240	4.00000000	56
2026.08.03	09:03:08.050			179235	9.00000000	56
2026.08.03	09:03:08.051			179230	1.00000000	56
2026.08.03	09:03:08.052			179230	9.00000000	56
2026.08.03	09:03:08.053			179225	10.00000000	56
2026.08.03	09:03:08.054			179230	3.00000000	56
2026.08.03	09:03:08.055			179225	5.00000000	56
2026.08.03	09:03:08.057			179230	3.00000000	56
2026.08.03	09:03:08.061			179225	5.00000000	56
2026.08.03	09:03:08.062			179220	6.00000000	56
2026.08.03	09:03:08.062			179225	4.00000000	56
2026.08.03	09:03:08.064			179220	5.00000000	56
2026.08.03	09:03:08.065			179225	6.00000000	56
2026.08.03	09:03:08.066			179220	3.00000000	56
2026.08.03	09:03:08.066			179225	20.00000000	56
2026.08.03	09:03:08.066			179220	8.00000000	56
2026.08.03	09:03:08.066			179225	7.00000000	56
2026.08.03	09:03:08.067			179230	13.00000000	56
2026.08.03	09:03:08.068			179235	11.00000000	56
2026.08.03	09:03:08.068			179240	3.00000000	56
2026.08.03	09:03:08.074			179235	22.00000000	56
2026.08.03	09:03:08.079			179230	2.00000000	56
2026.08.03	09:03:08.079			179235	1.00000000	56
2026.08.03	09:03:08.080			179230	19.00000000	56
2026.08.03	09:03:08.084			179225	31.00000000	56
2026.08.03	09:03:08.088			179230	34.00000000	56
2026.08.03	09:03:08.090			179225	5.00000000	56
2026.08.03	09:03:08.091			179230	1.00000000	56
2026.08.03	09:03:08.093			179225	1.00000000	56
2026.08.03	09:03:08.095			179230	3.00000000	56
2026.08.03	09:03:08.096			179225	1.00000000	56
2026.08.03	09:03:08.096			179225	1.00000000	56
2026.08.03	09:03:08.102			179230	1.00000000	56
2026.08.03	09:03:08.104			179225	11.00000000	56
2026.08.03	09:03:08.110			179230	3.00000000	56
2026.08.03	09:03:08.111			179225	18.00000000	56
2026.08.03	09:03:08.113			179225	5.00000000	56
2026.08.03	09:03:08.114			179230	1.00000000	56
2026.08.03	09:03:08.115			179225	10.00000000	56
2026.08.03	09:03:08.115			179230	1.00000000	56
2026.08.03	09:03:08.115			179225	42.00000000	56
2026.08.03	09:03:08.118			179220	5.00000000	56
2026.08.03	09:03:08.118			179225	30.00000000	56
2026.08.03	09:03:08.122			179230	15.00000000	56
2026.08.03	09:03:08.126			179225	9.00000000	56
2026.08.03	09:03:08.133			179220	4.00000000	56
2026.08.03	09:03:08.134			179225	4.00000000	56
2026.08.03	09:03:08.136			179215	67.00000000	56
2026.08.03	09:03:08.136			179210	13.00000000	88
2026.08.03	09:03:08.136			179220	12.00000000	56
2026.08.03	09:03:08.136			179225	1.00000000	56
2026.08.03	09:03:08.137			179220	18.00000000	56
2026.08.03	09:03:08.137			179225	4.00000000	56
2026.08.03	09:03:08.137			179225	16.00000000	56
2026.08.03	09:03:08.141			179225	1.00000000	56
2026.08.03	09:03:08.141			179220	3.00000000	56
2026.08.03	09:03:08.141			179225	10.00000000	56
2026.08.03	09:03:08.142			179220	11.00000000	56
2026.08.03	09:03:08.143			179220	6.00000000	56
2026.08.03	09:03:08.144			179215	3.00000000	56
2026.08.03	09:03:08.144			179220	5.00000000	56
2026.08.03	09:03:08.145			179215	7.00000000	56
2026.08.03	09:03:08.145			179215	3.00000000	56
2026.08.03	09:03:08.147			179220	11.00000000	56
2026.08.03	09:03:08.147			179220	20.00000000	56
2026.08.03	09:03:08.148			179215	10.00000000	56
2026.08.03	09:03:08.148			179220	1.00000000	56
2026.08.03	09:03:08.148			179215	2.00000000	56
2026.08.03	09:03:08.149			179220	26.00000000	56
2026.08.03	09:03:08.149			179220	11.00000000	56
2026.08.03	09:03:08.151			179225	30.00000000	56
2026.08.03	09:03:08.152			179230	1.00000000	56
2026.08.03	09:03:08.153			179225	7.00000000	56
2026.08.03	09:03:08.155			179230	10.00000000	56
2026.08.03	09:03:08.157			179225	27.00000000	56
2026.08.03	09:03:08.164			179225	7.00000000	56
2026.08.03	09:03:08.167			179230	1.00000000	56
2026.08.03	09:03:08.167			179225	3.00000000	56
2026.08.03	09:03:08.170			179230	2.00000000	56
2026.08.03	09:03:08.170			179225	7.00000000	56
2026.08.03	09:03:08.170			179230	4.00000000	56
2026.08.03	09:03:08.170			179220	1.00000000	56
2026.08.03	09:03:08.170			179225	14.00000000	56
2026.08.03	09:03:08.171			179230	1.00000000	56
2026.08.03	09:03:08.171			179225	14.00000000	56
2026.08.03	09:03:08.173			179220	10.00000000	56
2026.08.03	09:03:08.173			179225	1.00000000	56
2026.08.03	09:03:08.173			179220	33.00000000	56
2026.08.03	09:03:08.176			179215	3.00000000	56
2026.08.03	09:03:08.177			179220	2.00000000	56
2026.08.03	09:03:08.183			179215	10.00000000	56
2026.08.03	09:03:08.185			179220	35.00000000	56
2026.08.03	09:03:08.190			179220	2.00000000	56
2026.08.03	09:03:08.190			179215	7.00000000	56
2026.08.03	09:03:08.197			179215	1.00000000	56
2026.08.03	09:03:08.201			179210	4.00000000	88
2026.08.03	09:03:08.204			179205	9.00000000	88
2026.08.03	09:03:08.208			179210	1.00000000	88
2026.08.03	09:03:08.208			179205	4.00000000	88
2026.08.03	09:03:08.208			179210	20.00000000	88
2026.08.03	09:03:08.209			179215	19.00000000	56
2026.08.03	09:03:08.209			179220	26.00000000	56
2026.08.03	09:03:08.211			179215	2.00000000	56
2026.08.03	09:03:08.211			179220	2.00000000	56
2026.08.03	09:03:08.213			179215	4.00000000	56
2026.08.03	09:03:08.213			179210	1.00000000	88
2026.08.03	09:03:08.215			179215	1.00000000	56
2026.08.03	09:03:08.215			179220	1.00000000	56
2026.08.03	09:03:08.218			179215	1.00000000	56
2026.08.03	09:03:08.219			179220	20.00000000	56
2026.08.03	09:03:08.224			179215	2.00000000	56
2026.08.03	09:03:08.225			179220	3.00000000	56
2026.08.03	09:03:08.235			179225	18.00000000	56
2026.08.03	09:03:08.235			179220	1.00000000	56
2026.08.03	09:03:08.236			179225	3.00000000	56
2026.08.03	09:03:08.237			179230	1.00000000	56
2026.08.03	09:03:08.237			179235	1.00000000	56
2026.08.03	09:03:08.237			179230	3.00000000	56
2026.08.03	09:03:08.238			179225	10.00000000	56
2026.08.03	09:03:08.241			179230	20.00000000	56
2026.08.03	09:03:08.243			179235	20.00000000	56
2026.08.03	09:03:08.245			179240	6.00000000	56
2026.08.03	09:03:08.245			179235	1.00000000	56
2026.08.03	09:03:08.245			179240	15.00000000	56
2026.08.03	09:03:08.246			179245	1.00000000	56
2026.08.03	09:03:08.246			179250	11.00000000	56
2026.08.03	09:03:08.246			179245	1.00000000	56
2026.08.03	09:03:08.246			179250	10.00000000	56
2026.08.03	09:03:08.246			179255	67.00000000	56
2026.08.03	09:03:08.253			179250	27.00000000	56
2026.08.03	09:03:08.261			179255	1.00000000	56
2026.08.03	09:03:08.261			179250	8.00000000	56
2026.08.03	09:03:08.261			179245	20.00000000	56
2026.08.03	09:03:08.261			179240	22.00000000	56
2026.08.03	09:03:08.262			179250	1.00000000	56
2026.08.03	09:03:08.264			179250	5.00000000	56
2026.08.03	09:03:08.268			179245	3.00000000	56
2026.08.03	09:03:08.270			179250	4.00000000	56
2026.08.03	09:03:08.270			179245	1.00000000	56
2026.08.03	09:03:08.272			179255	30.00000000	56
2026.08.03	09:03:08.273			179255	16.00000000	56
2026.08.03	09:03:08.273	179255				2
2026.08.03	09:03:08.273		179260			4
2026.08.03	09:03:08.273			179260	25.00000000	56
2026.08.03	09:03:08.274			179265	42.00000000	56
2026.08.03	09:03:08.277			179260	5.00000000	56
2026.08.03	09:03:08.279			179265	13.00000000	56
2026.08.03	09:03:08.280			179260	2.00000000	56
2026.08.03	09:03:08.283			179260	13.00000000	56
2026.08.03	09:03:08.289			179255	4.00000000	88
2026.08.03	09:03:08.289			179260	17.00000000	56
2026.08.03	09:03:08.292			179255	25.00000000	88
2026.08.03	09:03:08.292			179250	15.00000000	88
2026.08.03	09:03:08.303			179245	6.00000000	88
2026.08.03	09:03:08.304			179250	3.00000000	88
2026.08.03	09:03:08.314			179250	7.00000000	88
2026.08.03	09:03:08.315			179250	6.00000000	88
2026.08.03	09:03:08.318			179250	3.00000000	88
2026.08.03	09:03:08.322			179250	1.00000000	88
2026.08.03	09:03:08.323			179255	3.00000000	88
2026.08.03	09:03:08.324			179260	7.00000000	56
2026.08.03	09:03:08.325			179260	6.00000000	56
2026.08.03	09:03:08.326			179255	5.00000000	88
2026.08.03	09:03:08.332			179250	6.00000000	88
2026.08.03	09:03:08.337			179255	1.00000000	88
2026.08.03	09:03:08.337			179260	5.00000000	56
2026.08.03	09:03:08.337			179265	4.00000000	56
2026.08.03	09:03:08.337			179260	4.00000000	56
2026.08.03	09:03:08.338			179255	6.00000000	88
2026.08.03	09:03:08.338			179250	6.00000000	88
2026.08.03	09:03:08.340			179260	1.00000000	56
2026.08.03	09:03:08.340			179250	5.00000000	88
2026.08.03	09:03:08.348			179255	3.00000000	88
2026.08.03	09:03:08.350			179250	4.00000000	88
2026.08.03	09:03:08.352			179260	3.00000000	56
2026.08.03	09:03:08.353			179255	25.00000000	88
2026.08.03	09:03:08.353			179260	5.00000000	56
2026.08.03	09:03:08.353			179255	1.00000000	88
2026.08.03	09:03:08.359			179255	1.00000000	88
2026.08.03	09:03:08.363			179260	2.00000000	56
2026.08.03	09:03:08.364			179255	1.00000000	88
2026.08.03	09:03:08.367			179260	2.00000000	56
2026.08.03	09:03:08.368			179255	7.00000000	88
2026.08.03	09:03:08.368			179260	2.00000000	56
2026.08.03	09:03:08.370			179260	1.00000000	56
2026.08.03	09:03:08.371			179255	7.00000000	88
2026.08.03	09:03:08.376			179260	7.00000000	56
2026.08.03	09:03:08.376			179265	36.00000000	56
2026.08.03	09:03:08.376			179270	5.00000000	56
2026.08.03	09:03:08.378			179265	12.00000000	56
2026.08.03	09:03:08.382			179270	3.00000000	56
2026.08.03	09:03:08.386			179265	15.00000000	56
2026.08.03	09:03:08.392			179270	1.00000000	56
2026.08.03	09:03:08.392			179265	2.00000000	56
2026.08.03	09:03:08.393			179260	9.00000000	56
2026.08.03	09:03:08.396			179255	7.00000000	88
2026.08.03	09:03:08.400			179255	2.00000000	88
2026.08.03	09:03:08.400			179250	3.00000000	88
2026.08.03	09:03:08.400			179255	1.00000000	88
2026.08.03	09:03:08.400			179260	8.00000000	56
2026.08.03	09:03:08.402			179265	2.00000000	56
2026.08.03	09:03:08.407			179255	1.00000000	88
2026.08.03	09:03:08.408			179265	1.00000000	56
2026.08.03	09:03:08.409			179255	6.00000000	88
2026.08.03	09:03:08.411			179260	1.00000000	56
2026.08.03	09:03:08.412			179265	2.00000000	56
2026.08.03	09:03:08.415			179260	4.00000000	56
2026.08.03	09:03:08.417			179255	2.00000000	88
2026.08.03	09:03:08.417			179260	2.00000000	56
2026.08.03	09:03:08.418			179255	6.00000000	88
2026.08.03	09:03:08.422			179265	4.00000000	56
2026.08.03	09:03:08.425			179260	1.00000000	56
2026.08.03	09:03:08.426			179265	2.00000000	56
2026.08.03	09:03:08.428			179260	3.00000000	56
2026.08.03	09:03:08.429			179255	1.00000000	88
2026.08.03	09:03:08.431			179265	11.00000000	56
2026.08.03	09:03:08.431			179265	4.00000000	56
2026.08.03	09:03:08.432			179270	2.00000000	56
2026.08.03	09:03:08.434			179265	2.00000000	56
2026.08.03	09:03:08.438			179260	1.00000000	56
2026.08.03	09:03:08.439			179265	1.00000000	56
2026.08.03	09:03:08.442			179260	2.00000000	56
2026.08.03	09:03:08.445			179265	1.00000000	56
2026.08.03	09:03:08.445			179260	1.00000000	56
2026.08.03	09:03:08.451			179255	4.00000000	88
2026.08.03	09:03:08.462			179255	22.00000000	88
2026.08.03	09:03:08.463			179255	13.00000000	88
2026.08.03	09:03:08.466			179255	4.00000000	88
2026.08.03	09:03:08.466			179250	2.00000000	88
2026.08.03	09:03:08.466			179245	55.00000000	88
2026.08.03	09:03:08.468			179250	20.00000000	88
2026.08.03	09:03:08.468			179245	9.00000000	88
2026.08.03	09:03:08.469			179240	5.00000000	88
2026.08.03	09:03:08.470			179235	14.00000000	88
2026.08.03	09:03:08.471			179230	4.00000000	88
2026.08.03	09:03:08.472			179225	10.00000000	88
2026.08.03	09:03:08.472			179220	2.00000000	88
2026.08.03	09:03:08.473			179215	3.00000000	88
2026.08.03	09:03:08.473			179220	24.00000000	88
2026.08.03	09:03:08.474			179225	5.00000000	88
2026.08.03	09:03:08.475			179235	2.00000000	88
2026.08.03	09:03:08.476			179230	2.00000000	88
2026.08.03	09:03:08.476			179225	6.00000000	88
2026.08.03	09:03:08.482			179230	7.00000000	88
2026.08.03	09:03:08.483			179235	1.00000000	88
2026.08.03	09:03:08.485			179230	2.00000000	88
2026.08.03	09:03:08.485			179225	5.00000000	88
2026.08.03	09:03:08.495			179230	4.00000000	88
2026.08.03	09:03:08.495			179230	58.00000000	88
2026.08.03	09:03:08.495			179230	110.00000000	88
2026.08.03	09:03:08.495			179235	50.00000000	88
2026.08.03	09:03:08.495			179240	23.00000000	88
2026.08.03	09:03:08.495			179240	5.00000000	88
2026.08.03	09:03:08.498			179230	3.00000000	88
2026.08.03	09:03:08.501			179225	2.00000000	88
2026.08.03	09:03:08.504			179235	8.00000000	88
2026.08.03	09:03:08.506			179225	13.00000000	88
2026.08.03	09:03:08.507			179220	1.00000000	88
2026.08.03	09:03:08.507			179225	1.00000000	88
2026.08.03	09:03:08.507			179230	4.00000000	88
2026.08.03	09:03:08.507			179225	3.00000000	88
2026.08.03	09:03:08.507			179230	18.00000000	88
2026.08.03	09:03:08.509			179225	1.00000000	88
2026.08.03	09:03:08.509			179235	10.00000000	88
2026.08.03	09:03:08.519			179225	14.00000000	88
2026.08.03	09:03:08.530			179220	5.00000000	88
2026.08.03	09:03:08.531			179225	1.00000000	88
2026.08.03	09:03:08.532			179220	4.00000000	88
2026.08.03	09:03:08.532			179215	16.00000000	88
2026.08.03	09:03:08.532			179215	1.00000000	88
2026.08.03	09:03:08.537			179220	2.00000000	88
2026.08.03	09:03:08.540			179220	1.00000000	88
2026.08.03	09:03:08.540			179225	1.00000000	88
2026.08.03	09:03:08.540			179220	4.00000000	88
2026.08.03	09:03:08.541			179225	2.00000000	88
2026.08.03	09:03:08.541			179220	1.00000000	88
2026.08.03	09:03:08.541			179225	4.00000000	88
2026.08.03	09:03:08.541			179230	3.00000000	88
2026.08.03	09:03:08.541			179230	5.00000000	88
2026.08.03	09:03:08.541			179220	1.00000000	88
2026.08.03	09:03:08.541			179215	3.00000000	88
2026.08.03	09:03:08.543			179220	2.00000000	88
2026.08.03	09:03:08.551			179215	1.00000000	88
2026.08.03	09:03:08.551			179225	30.00000000	88
2026.08.03	09:03:08.551			179220	1.00000000	88
2026.08.03	09:03:08.553			179215	4.00000000	88
2026.08.03	09:03:08.557			179220	11.00000000	88
2026.08.03	09:03:08.557			179225	13.00000000	88
2026.08.03	09:03:08.557			179230	40.00000000	88
2026.08.03	09:03:08.557			179235	36.00000000	88
2026.08.03	09:03:08.557			179210	2.00000000	88
2026.08.03	09:03:08.557			179225	1.00000000	88
2026.08.03	09:03:08.558			179215	22.00000000	88
2026.08.03	09:03:08.558			179220	1.00000000	88
2026.08.03	09:03:08.558			179215	6.00000000	88
2026.08.03	09:03:08.560			179210	1.00000000	88
2026.08.03	09:03:08.561			179215	2.00000000	88
2026.08.03	09:03:08.567			179210	1.00000000	88
2026.08.03	09:03:08.567			179215	1.00000000	88
2026.08.03	09:03:08.567			179220	1.00000000	88
2026.08.03	09:03:08.571			179210	3.00000000	88
2026.08.03	09:03:08.581			179215	2.00000000	88
2026.08.03	09:03:08.581			179220	1.00000000	88
2026.08.03	09:03:08.584			179215	2.00000000	88
2026.08.03	09:03:08.585			179210	5.00000000	88
2026.08.03	09:03:08.589			179220	1.00000000	88
2026.08.03	09:03:08.592			179210	1.00000000	88
2026.08.03	09:03:08.594			179220	5.00000000	88
2026.08.03	09:03:08.594			179225	17.00000000	88
2026.08.03	09:03:08.594			179230	3.00000000	88
2026.08.03	09:03:08.595			179225	2.00000000	88
2026.08.03	09:03:08.596			179220	2.00000000	88
2026.08.03	09:03:08.599			179230	1.00000000	88
2026.08.03	09:03:08.599			179225	3.00000000	88
2026.08.03	09:03:08.600			179225	1.00000000	88
2026.08.03	09:03:08.601			179220	10.00000000	88
2026.08.03	09:03:08.603			179220	3.00000000	120
2026.08.03	09:03:08.603			179225	1.00000000	120
2026.08.03	09:03:08.603			179220	11.00000000	120
2026.08.03	09:03:08.603			179215	5.00000000	120
2026.08.03	09:03:08.605			179225	8.00000000	120
2026.08.03	09:03:08.605			179220	11.00000000	120
2026.08.03	09:03:08.609			179215	9.00000000	120
2026.08.03	09:03:08.611			179220	7.00000000	120
2026.08.03	09:03:08.613			179215	3.00000000	120
2026.08.03	09:03:08.613			179210	2.00000000	88
2026.08.03	09:03:08.619			179215	1.00000000	120
2026.08.03	09:03:08.619			179210	20.00000000	88
2026.08.03	09:03:08.619			179205	11.00000000	88
2026.08.03	09:03:08.621			179210	5.00000000	88
2026.08.03	09:03:08.623	179210				2
2026.08.03	09:03:08.623			179215	4.00000000	120
2026.08.03	09:03:08.623			179220	6.00000000	120
2026.08.03	09:03:08.624		179215			4
2026.08.03	09:03:08.626			179210	6.00000000	88
2026.08.03	09:03:08.635			179205	9.00000000	88
2026.08.03	09:03:08.643			179210	11.00000000	88
2026.08.03	09:03:08.646			179215	12.00000000	56
2026.08.03	09:03:08.648			179220	2.00000000	56
2026.08.03	09:03:08.648			179215	1.00000000	56
2026.08.03	09:03:08.650			179220	3.00000000	56
2026.08.03	09:03:08.650			179225	7.00000000	56
2026.08.03	09:03:08.651			179215	4.00000000	56
2026.08.03	09:03:08.657			179225	30.00000000	56
2026.08.03	09:03:08.658			179215	5.00000000	56
2026.08.03	09:03:08.663			179220	6.00000000	56
2026.08.03	09:03:08.665			179225	3.00000000	56
2026.08.03	09:03:08.666			179215	1.00000000	56
2026.08.03	09:03:08.666			179220	3.00000000	56
2026.08.03	09:03:08.667			179220	3.00000000	56
2026.08.03	09:03:08.668			179225	3.00000000	56
2026.08.03	09:03:08.669			179220	1.00000000	56
2026.08.03	09:03:08.669			179225	5.00000000	56
2026.08.03	09:03:08.669			179230	5.00000000	56
2026.08.03	09:03:08.670			179220	1.00000000	56
2026.08.03	09:03:08.670			179225	11.00000000	56
2026.08.03	09:03:08.670			179230	1.00000000	56
2026.08.03	09:03:08.673			179220	1.00000000	56
2026.08.03	09:03:08.674			179225	11.00000000	56
2026.08.03	09:03:08.675			179230	2.00000000	56
2026.08.03	09:03:08.680			179225	3.00000000	56
2026.08.03	09:03:08.683			179230	1.00000000	56
2026.08.03	09:03:08.684			179225	6.00000000	56
2026.08.03	09:03:08.688			179220	1.00000000	56
2026.08.03	09:03:08.691			179230	1.00000000	56
2026.08.03	09:03:08.693			179225	2.00000000	56
2026.08.03	09:03:08.698			179230	14.00000000	56
2026.08.03	09:03:08.698			179235	49.00000000	56
2026.08.03	09:03:08.702			179230	9.00000000	56
2026.08.03	09:03:08.703			179225	13.00000000	56
2026.08.03	09:03:08.705			179220	2.00000000	56
2026.08.03	09:03:08.705			179225	4.00000000	56
2026.08.03	09:03:08.713			179230	1.00000000	56
2026.08.03	09:03:08.714			179225	9.00000000	56
2026.08.03	09:03:08.714			179220	6.00000000	56
2026.08.03	09:03:08.714			179215	18.00000000	56
2026.08.03	09:03:08.714			179210	17.00000000	88
2026.08.03	09:03:08.714			179225	7.00000000	56
2026.08.03	09:03:08.715			179230	12.00000000	56
2026.08.03	09:03:08.718			179230	3.00000000	56
2026.08.03	09:03:08.718			179235	2.00000000	56
2026.08.03	09:03:08.720			179230	1.00000000	56
2026.08.03	09:03:08.730			179230	3.00000000	56
2026.08.03	09:03:08.733			179225	8.00000000	56
2026.08.03	09:03:08.733			179220	17.00000000	56
2026.08.03	09:03:08.737			179225	8.00000000	56
2026.08.03	09:03:08.744			179220	5.00000000	56
2026.08.03	09:03:08.744			179225	2.00000000	56
2026.08.03	09:03:08.744			179220	2.00000000	56
2026.08.03	09:03:08.745			179225	10.00000000	56
2026.08.03	09:03:08.746			179220	1.00000000	56
2026.08.03	09:03:08.747			179225	2.00000000	56
2026.08.03	09:03:08.749			179220	1.00000000	56
2026.08.03	09:03:08.756			179220	4.00000000	56
2026.08.03	09:03:08.757			179225	6.00000000	56
2026.08.03	09:03:08.759			179230	18.00000000	56
2026.08.03	09:03:08.760			179225	1.00000000	56
2026.08.03	09:03:08.760			179230	1.00000000	56
2026.08.03	09:03:08.761			179230	1.00000000	56
2026.08.03	09:03:08.762			179235	1.00000000	56
2026.08.03	09:03:08.762			179225	3.00000000	56
2026.08.03	09:03:08.765			179225	1.00000000	56
2026.08.03	09:03:08.768			179225	7.00000000	56
2026.08.03	09:03:08.771			179235	2.00000000	56
2026.08.03	09:03:08.775			179230	2.00000000	56
2026.08.03	09:03:08.775			179225	3.00000000	56
2026.08.03	09:03:08.776			179235	1.00000000	56
2026.08.03	09:03:08.776			179240	11.00000000	56
2026.08.03	09:03:08.777			179240	1.00000000	56
2026.08.03	09:03:08.777			179235	2.00000000	56
2026.08.03	09:03:08.777			179230	10.00000000	56
2026.08.03	09:03:08.778			179225	11.00000000	56
2026.08.03	09:03:08.780			179220	2.00000000	56
2026.08.03	09:03:08.782			179220	3.00000000	56
2026.08.03	09:03:08.784			179225	5.00000000	56
2026.08.03	09:03:08.788			179220	3.00000000	56
2026.08.03	09:03:08.788			179215	22.00000000	56
2026.08.03	09:03:08.791			179220	6.00000000	56
2026.08.03	09:03:08.792			179215	26.00000000	56
2026.08.03	09:03:08.793			179215	3.00000000	56
2026.08.03	09:03:08.798			179210	11.00000000	88
2026.08.03	09:03:08.811			179215	1.00000000	56
2026.08.03	09:03:08.814			179210	16.00000000	88
2026.08.03	09:03:08.814			179205	11.00000000	88
2026.08.03	09:03:08.817			179210	3.00000000	88
2026.08.03	09:03:08.823			179205	14.00000000	88
2026.08.03	09:03:08.826			179205	1.00000000	88
2026.08.03	09:03:08.830			179200	14.00000000	88
2026.08.03	09:03:08.850			179205	2.00000000	88
2026.08.03	09:03:08.855			179200	6.00000000	88
2026.08.03	09:03:08.861			179205	1.00000000	88
2026.08.03	09:03:08.864			179205	18.00000000	88
2026.08.03	09:03:08.864			179210	9.00000000	88
2026.08.03	09:03:08.864			179210	8.00000000	88
2026.08.03	09:03:08.866			179200	21.00000000	88
2026.08.03	09:03:08.866			179195	19.00000000	88
2026.08.03	09:03:08.866			179200	1.00000000	88
2026.08.03	09:03:08.866			179195	1.00000000	88
2026.08.03	09:03:08.867			179200	3.00000000	88
2026.08.03	09:03:08.867			179195	11.00000000	88
2026.08.03	09:03:08.868			179190	6.00000000	88
2026.08.03	09:03:08.868			179190	2.00000000	88
2026.08.03	09:03:08.869			179185	36.00000000	88
2026.08.03	09:03:08.869			179180	28.00000000	88
2026.08.03	09:03:08.869			179185	3.00000000	88
2026.08.03	09:03:08.870			179185	5.00000000	88
2026.08.03	09:03:08.870			179180	1.00000000	88
2026.08.03	09:03:08.870			179185	2.00000000	88
2026.08.03	09:03:08.871			179190	2.00000000	88
2026.08.03	09:03:08.871			179185	7.00000000	88
2026.08.03	09:03:08.871			179190	15.00000000	88
2026.08.03	09:03:08.872			179185	6.00000000	88
2026.08.03	09:03:08.873			179180	1.00000000	88
2026.08.03	09:03:08.878			179190	18.00000000	88
2026.08.03	09:03:08.878			179195	7.00000000	88
2026.08.03	09:03:08.879			179190	1.00000000	88
2026.08.03	09:03:08.881			179185	2.00000000	88
2026.08.03	09:03:08.882			179180	5.00000000	88
2026.08.03	09:03:08.885			179185	2.00000000	88
2026.08.03	09:03:08.885			179190	14.00000000	88
2026.08.03	09:03:08.888			179185	10.00000000	88
2026.08.03	09:03:08.896			179180	1.00000000	88
2026.08.03	09:03:08.897			179190	8.00000000	88
2026.08.03	09:03:08.897			179195	5.00000000	88
2026.08.03	09:03:08.898			179200	3.00000000	88
2026.08.03	09:03:08.899			179205	1.00000000	88
2026.08.03	09:03:08.902			179200	14.00000000	88
2026.08.03	09:03:08.906			179195	1.00000000	88
2026.08.03	09:03:08.906			179200	1.00000000	88
2026.08.03	09:03:08.907			179195	1.00000000	88
2026.08.03	09:03:08.907			179195	3.00000000	88
2026.08.03	09:03:08.927			179200	20.00000000	88
2026.08.03	09:03:08.933			179205	1.00000000	88
2026.08.03	09:03:08.936			179200	1.00000000	88
2026.08.03	09:03:08.937			179205	4.00000000	88
2026.08.03	09:03:08.937			179210	2.00000000	88
2026.08.03	09:03:08.940			179205	2.00000000	88
2026.08.03	09:03:08.940			179205	5.00000000	88
2026.08.03	09:03:08.941			179210	1.00000000	88
2026.08.03	09:03:08.941			179205	3.00000000	88
2026.08.03	09:03:08.943			179200	6.00000000	88
2026.08.03	09:03:08.956			179205	2.00000000	88
2026.08.03	09:03:08.959			179200	1.00000000	88
2026.08.03	09:03:08.959			179205	3.00000000	88
2026.08.03	09:03:08.964			179210	3.00000000	88
2026.08.03	09:03:08.968			179200	3.00000000	88
2026.08.03	09:03:08.968			179195	2.00000000	88
2026.08.03	09:03:08.972			179200	2.00000000	88
2026.08.03	09:03:08.972	179200				2
2026.08.03	09:03:08.972		179205			4
2026.08.03	09:03:08.977			179205	3.00000000	56
2026.08.03	09:03:08.978			179200	2.00000000	88
2026.08.03	09:03:08.979			179205	2.00000000	56
2026.08.03	09:03:08.980			179200	9.00000000	88
2026.08.03	09:03:08.981			179205	1.00000000	56
2026.08.03	09:03:08.981			179210	6.00000000	56
2026.08.03	09:03:08.981			179205	2.00000000	56
2026.08.03	09:03:08.983			179215	5.00000000	56
2026.08.03	09:03:08.983			179210	12.00000000	56
2026.08.03	09:03:08.983			179215	16.00000000	56
2026.08.03	09:03:08.983			179220	2.00000000	56
2026.08.03	09:03:08.984			179215	1.00000000	56
2026.08.03	09:03:08.984			179210	1.00000000	56
2026.08.03	09:03:08.984			179215	10.00000000	56
2026.08.03	09:03:08.984			179215	1.00000000	56
2026.08.03	09:03:08.984			179210	3.00000000	56
2026.08.03	09:03:08.987			179220	4.00000000	56
2026.08.03	09:03:08.988			179215	1.00000000	56
2026.08.03	09:03:08.989			179220	4.00000000	56
2026.08.03	09:03:08.990			179215	13.00000000	56
2026.08.03	09:03:08.994			179210	3.00000000	56
2026.08.03	09:03:08.999			179215	1.00000000	56
2026.08.03	09:03:09.000			179220	1.00000000	56
2026.08.03	09:03:09.003			179215	1.00000000	56
2026.08.03	09:03:09.005			179220	1.00000000	56
2026.08.03	09:03:09.008			179215	3.00000000	56
2026.08.03	09:03:09.012			179210	11.00000000	56
2026.08.03	09:03:09.013			179205	3.00000000	56
2026.08.03	09:03:09.013			179200	11.00000000	88
2026.08.03	09:03:09.014			179195	4.00000000	88
2026.08.03	09:03:09.014			179190	1.00000000	88
2026.08.03	09:03:09.014			179195	11.00000000	88
2026.08.03	09:03:09.016			179190	2.00000000	88
2026.08.03	09:03:09.017			179185	9.00000000	88
2026.08.03	09:03:09.018			179180	1.00000000	88
2026.08.03	09:03:09.020			179180	2.00000000	88
2026.08.03	09:03:09.024			179180	1.00000000	88
2026.08.03	09:03:09.025			179175	4.00000000	88
2026.08.03	09:03:09.030			179180	25.00000000	88
2026.08.03	09:03:09.031			179185	8.00000000	88
2026.08.03	09:03:09.037			179180	1.00000000	88
2026.08.03	09:03:09.038			179185	3.00000000	88
2026.08.03	09:03:09.039			179180	8.00000000	88
2026.08.03	09:03:09.041			179175	4.00000000	88
2026.08.03	09:03:09.043			179180	1.00000000	88
2026.08.03	09:03:09.044			179175	1.00000000	88
2026.08.03	09:03:09.044			179180	3.00000000	88
2026.08.03	09:03:09.050			179175	1.00000000	88
2026.08.03	09:03:09.050			179180	2.00000000	88
2026.08.03	09:03:09.051			179175	14.00000000	88
2026.08.03	09:03:09.052			179170	23.00000000	88
2026.08.03	09:03:09.057			179170	1.00000000	88
2026.08.03	09:03:09.058			179170	12.00000000	88
2026.08.03	09:03:09.060			179165	13.00000000	88
2026.08.03	09:03:09.063			179165	3.00000000	88
2026.08.03	09:03:09.065			179165	7.00000000	88
2026.08.03	09:03:09.074			179170	1.00000000	88
2026.08.03	09:03:09.075			179165	1.00000000	88
2026.08.03	09:03:09.075			179170	25.00000000	88
2026.08.03	09:03:09.076			179175	5.00000000	88
2026.08.03	09:03:09.077			179170	1.00000000	88
2026.08.03	09:03:09.077			179165	13.00000000	88
2026.08.03	09:03:09.078			179170	2.00000000	88
2026.08.03	09:03:09.084			179165	18.00000000	88
2026.08.03	09:03:09.094			179165	2.00000000	88
2026.08.03	09:03:09.094			179170	3.00000000	88
2026.08.03	09:03:09.097			179165	2.00000000	88
2026.08.03	09:03:09.099			179170	15.00000000	88
2026.08.03	09:03:09.101			179175	2.00000000	88
2026.08.03	09:03:09.101			179175	10.00000000	88
2026.08.03	09:03:09.102			179180	12.00000000	88
2026.08.03	09:03:09.105			179185	10.00000000	88
2026.08.03	09:03:09.107			179180	11.00000000	88
2026.08.03	09:03:09.108			179185	1.00000000	88
2026.08.03	09:03:09.108			179175	14.00000000	88
2026.08.03	09:03:09.109			179180	15.00000000	88
2026.08.03	09:03:09.109			179180	10.00000000	88
2026.08.03	09:03:09.109			179175	6.00000000	88
2026.08.03	09:03:09.112			179180	4.00000000	88
2026.08.03	09:03:09.118			179175	4.00000000	88
2026.08.03	09:03:09.121			179170	2.00000000	88
2026.08.03	09:03:09.122			179175	12.00000000	88
2026.08.03	09:03:09.127			179170	2.00000000	88
2026.08.03	09:03:09.129			179175	6.00000000	88
2026.08.03	09:03:09.134			179170	2.00000000	88
2026.08.03	09:03:09.137			179175	1.00000000	88
2026.08.03	09:03:09.139			179170	1.00000000	88
2026.08.03	09:03:09.141			179175	17.00000000	88
2026.08.03	09:03:09.142			179175	5.00000000	88
2026.08.03	09:03:09.142			179180	14.00000000	88
2026.08.03	09:03:09.146			179185	3.00000000	88
2026.08.03	09:03:09.150			179190	8.00000000	88
2026.08.03	09:03:09.150			179195	30.00000000	88
2026.08.03	09:03:09.178			179195	1.00000000	88
2026.08.03	09:03:09.179			179200	4.00000000	88
2026.08.03	09:03:09.180			179200	1.00000000	88
2026.08.03	09:03:09.180			179205	4.00000000	56
2026.08.03	09:03:09.180			179200	3.00000000	88
2026.08.03	09:03:09.180			179205	8.00000000	56
2026.08.03	09:03:09.185			179205	3.00000000	56
2026.08.03	09:03:09.192			179210	3.00000000	56
2026.08.03	09:03:09.195			179205	27.00000000	56
2026.08.03	09:03:09.201			179200	15.00000000	88
2026.08.03	09:03:09.202			179195	13.00000000	88
2026.08.03	09:03:09.202			179190	12.00000000	88
2026.08.03	09:03:09.204			179185	6.00000000	88
2026.08.03	09:03:09.205			179180	5.00000000	88
2026.08.03	09:03:09.206			179175	15.00000000	88
2026.08.03	09:03:09.209			179170	2.00000000	88
2026.08.03	09:03:09.213			179175	31.00000000	88
2026.08.03	09:03:09.224			179175	5.00000000	88
2026.08.03	09:03:09.230			179180	34.00000000	88
2026.08.03	09:03:09.247			179185	17.00000000	88
2026.08.03	09:03:09.248			179180	3.00000000	88
2026.08.03	09:03:09.248			179185	23.00000000	88
2026.08.03	09:03:09.250			179180	11.00000000	88
2026.08.03	09:03:09.252			179175	1.00000000	88
2026.08.03	09:03:09.255			179170	2.00000000	88
2026.08.03	09:03:09.257			179175	8.00000000	88
2026.08.03	09:03:09.259			179170	2.00000000	88
2026.08.03	09:03:09.261			179175	16.00000000	88
2026.08.03	09:03:09.261			179180	1.00000000	88
2026.08.03	09:03:09.265			179170	10.00000000	88
2026.08.03	09:03:09.265			179175	5.00000000	88
2026.08.03	09:03:09.267			179170	4.00000000	88
2026.08.03	09:03:09.277			179175	16.00000000	88
2026.08.03	09:03:09.278			179180	16.00000000	88
2026.08.03	09:03:09.285			179175	4.00000000	88
2026.08.03	09:03:09.285			179180	1.00000000	88
2026.08.03	09:03:09.286			179175	2.00000000	88
2026.08.03	09:03:09.286			179180	8.00000000	88
2026.08.03	09:03:09.289			179175	2.00000000	88
2026.08.03	09:03:09.293			179180	17.00000000	88
2026.08.03	09:03:09.295			179180	5.00000000	88
2026.08.03	09:03:09.295			179185	33.00000000	88
2026.08.03	09:03:09.296			179180	12.00000000	88
2026.08.03	09:03:09.298			179185	9.00000000	88
2026.08.03	09:03:09.299			179185	2.00000000	88
2026.08.03	09:03:09.299			179180	12.00000000	88
2026.08.03	09:03:09.299			179190	2.00000000	88
2026.08.03	09:03:09.301			179185	2.00000000	88
2026.08.03	09:03:09.302			179190	1.00000000	88
2026.08.03	09:03:09.303			179185	8.00000000	88
2026.08.03	09:03:09.305			179190	6.00000000	88
2026.08.03	09:03:09.316			179185	8.00000000	88
2026.08.03	09:03:09.319			179190	2.00000000	88
2026.08.03	09:03:09.321			179195	6.00000000	88
2026.08.03	09:03:09.321	179190				2
2026.08.03	09:03:09.321		179195			4
2026.08.03	09:03:09.329			179190	2.00000000	88
2026.08.03	09:03:09.331			179195	16.00000000	88
2026.08.03	09:03:09.333			179200	8.00000000	56
2026.08.03	09:03:09.333			179205	2.00000000	56
2026.08.03	09:03:09.334			179200	5.00000000	56
2026.08.03	09:03:09.334			179205	25.00000000	56
2026.08.03	09:03:09.334			179200	18.00000000	56
2026.08.03	09:03:09.336			179205	12.00000000	56
2026.08.03	09:03:09.338			179210	6.00000000	56
2026.08.03	09:03:09.338			179210	51.00000000	56
2026.08.03	09:03:09.341			179210	1.00000000	56
2026.08.03	09:03:09.346			179205	6.00000000	56
2026.08.03	09:03:09.351			179200	25.00000000	56
2026.08.03	09:03:09.355			179205	1.00000000	56
2026.08.03	09:03:09.355			179200	2.00000000	56
2026.08.03	09:03:09.356			179205	13.00000000	56
2026.08.03	09:03:09.356			179210	7.00000000	56
2026.08.03	09:03:09.356			179205	1.00000000	56
2026.08.03	09:03:09.364			179200	3.00000000	56
2026.08.03	09:03:09.365			179205	11.00000000	56
2026.08.03	09:03:09.366			179210	2.00000000	56
2026.08.03	09:03:09.366			179215	2.00000000	56
2026.08.03	09:03:09.368			179210	15.00000000	56
2026.08.03	09:03:09.368			179205	35.00000000	56
2026.08.03	09:03:09.368			179210	12.00000000	56
2026.08.03	09:03:09.369			179205	1.00000000	56
2026.08.03	09:03:09.374			179200	1.00000000	56
2026.08.03	09:03:09.377			179210	2.00000000	56
2026.08.03	09:03:09.380			179205	5.00000000	56
2026.08.03	09:03:09.380			179205	6.00000000	56
2026.08.03	09:03:09.384			179205	1.00000000	56
2026.08.03	09:03:09.387			179205	2.00000000	56
2026.08.03	09:03:09.387			179205	8.00000000	56
2026.08.03	09:03:09.387			179200	40.00000000	56
2026.08.03	09:03:09.389			179205	1.00000000	56
2026.08.03	09:03:09.391			179210	4.00000000	56
2026.08.03	09:03:09.392			179205	5.00000000	56
2026.08.03	09:03:09.392			179210	4.00000000	56
2026.08.03	09:03:09.397			179215	1.00000000	56
2026.08.03	09:03:09.397			179210	4.00000000	56
2026.08.03	09:03:09.397			179210	2.00000000	56
2026.08.03	09:03:09.401			179210	1.00000000	56
2026.08.03	09:03:09.402			179215	3.00000000	56
2026.08.03	09:03:09.409			179210	3.00000000	56
2026.08.03	09:03:09.411			179215	1.00000000	56
2026.08.03	09:03:09.411			179210	3.00000000	56
2026.08.03	09:03:09.412			179215	2.00000000	56
2026.08.03	09:03:09.416			179210	11.00000000	56
2026.08.03	09:03:09.435			179215	1.00000000	56
2026.08.03	09:03:09.435			179210	1.00000000	56
2026.08.03	09:03:09.435			179215	9.00000000	56
2026.08.03	09:03:09.440			179220	14.00000000	56
2026.08.03	09:03:09.440			179220	12.00000000	56
2026.08.03	09:03:09.443			179225	3.00000000	56
2026.08.03	09:03:09.443			179225	13.00000000	56
2026.08.03	09:03:09.445			179220	25.00000000	56
2026.08.03	09:03:09.446			179215	14.00000000	56
2026.08.03	09:03:09.447			179210	12.00000000	56
2026.08.03	09:03:09.455			179205	18.00000000	56
2026.08.03	09:03:09.455			179200	1.00000000	56
2026.08.03	09:03:09.456			179210	8.00000000	56
2026.08.03	09:03:09.457			179205	1.00000000	56
2026.08.03	09:03:09.457			179215	5.00000000	56
2026.08.03	09:03:09.457			179210	4.00000000	56
2026.08.03	09:03:09.460			179205	4.00000000	56
2026.08.03	09:03:09.461			179210	14.00000000	56
2026.08.03	09:03:09.464			179215	1.00000000	56
2026.08.03	09:03:09.464			179210	5.00000000	56
2026.08.03	09:03:09.467			179215	1.00000000	56
2026.08.03	09:03:09.473			179215	1.00000000	56
2026.08.03	09:03:09.474			179210	7.00000000	56
2026.08.03	09:03:09.479			179215	2.00000000	56
2026.08.03	09:03:09.480			179220	4.00000000	56
2026.08.03	09:03:09.484			179225	1.00000000	56
2026.08.03	09:03:09.485			179220	20.00000000	56
2026.08.03	09:03:09.488			179215	13.00000000	56
2026.08.03	09:03:09.489			179220	2.00000000	56
2026.08.03	09:03:09.490			179225	1.00000000	56
2026.08.03	09:03:09.491			179215	15.00000000	56
2026.08.03	09:03:09.492			179220	1.00000000	56
2026.08.03	09:03:09.493			179215	28.00000000	56
2026.08.03	09:03:09.495			179220	1.00000000	56
2026.08.03	09:03:09.495			179215	5.00000000	56
2026.08.03	09:03:09.502			179215	6.00000000	56
2026.08.03	09:03:09.504			179220	1.00000000	56
2026.08.03	09:03:09.504			179225	3.00000000	56
2026.08.03	09:03:09.504			179220	1.00000000	56
2026.08.03	09:03:09.504			179215	3.00000000	56
2026.08.03	09:03:09.505			179220	9.00000000	56
2026.08.03	09:03:09.505			179215	3.00000000	56
2026.08.03	09:03:09.505			179220	5.00000000	56
2026.08.03	09:03:09.508			179215	2.00000000	56
2026.08.03	09:03:09.510			179225	1.00000000	56
2026.08.03	09:03:09.511			179220	19.00000000	56
2026.08.03	09:03:09.511			179215	1.00000000	56
2026.08.03	09:03:09.511			179220	2.00000000	56
2026.08.03	09:03:09.513			179225	1.00000000	56
2026.08.03	09:03:09.519			179220	1.00000000	56
2026.08.03	09:03:09.521			179225	2.00000000	56
2026.08.03	09:03:09.522			179220	11.00000000	56
2026.08.03	09:03:09.533			179220	2.00000000	56
2026.08.03	09:03:09.540			179220	7.00000000	56
2026.08.03	09:03:09.542			179225	4.00000000	56
2026.08.03	09:03:09.542			179230	16.00000000	56
2026.08.03	09:03:09.542			179220	9.00000000	56
2026.08.03	09:03:09.543			179225	12.00000000	56
2026.08.03	09:03:09.544			179230	5.00000000	56
2026.08.03	09:03:09.546			179235	4.00000000	56
2026.08.03	09:03:09.547			179230	5.00000000	56
2026.08.03	09:03:09.550			179230	4.00000000	56
2026.08.03	09:03:09.550			179230	7.00000000	56
2026.08.03	09:03:09.554			179230	7.00000000	56
2026.08.03	09:03:09.563			179235	1.00000000	56
2026.08.03	09:03:09.567			179230	2.00000000	56
2026.08.03	09:03:09.570			179235	41.00000000	56
2026.08.03	09:03:09.571			179240	61.00000000	56
2026.08.03	09:03:09.572			179235	52.00000000	56
2026.08.03	09:03:09.572			179230	19.00000000	56
2026.08.03	09:03:09.572			179240	3.00000000	56
2026.08.03	09:03:09.572			179245	5.00000000	56
2026.08.03	09:03:09.573			179235	1.00000000	56
2026.08.03	09:03:09.573			179230	1.00000000	56
2026.08.03	09:03:09.573			179235	3.00000000	56
2026.08.03	09:03:09.573			179230	25.00000000	56
2026.08.03	09:03:09.575			179225	8.00000000	56
2026.08.03	09:03:09.575			179225	16.00000000	56
2026.08.03	09:03:09.575			179220	28.00000000	56
2026.08.03	09:03:09.575			179215	26.00000000	56
2026.08.03	09:03:09.575			179210	40.00000000	56
2026.08.03	09:03:09.575			179210	4.00000000	56
2026.08.03	09:03:09.576			179215	1.00000000	56
2026.08.03	09:03:09.577			179220	4.00000000	56
2026.08.03	09:03:09.580			179215	5.00000000	56
2026.08.03	09:03:09.582			179220	5.00000000	56
2026.08.03	09:03:09.582			179225	17.00000000	56
2026.08.03	09:03:09.583			179230	31.00000000	56
2026.08.03	09:03:09.590			179235	20.00000000	56
2026.08.03	09:03:09.590			179240	3.00000000	56
2026.08.03	09:03:09.591			179235	1.00000000	56
2026.08.03	09:03:09.597			179245	25.00000000	56
2026.08.03	09:03:09.597			179240	24.00000000	56
2026.08.03	09:03:09.607			179245	3.00000000	56
2026.08.03	09:03:09.613			179240	8.00000000	56
2026.08.03	09:03:09.617			179240	1.00000000	56
2026.08.03	09:03:09.619			179240	23.00000000	56
2026.08.03	09:03:09.619			179235	2.00000000	56
2026.08.03	09:03:09.620			179235	1.00000000	56
2026.08.03	09:03:09.622			179235	14.00000000	56
2026.08.03	09:03:09.623			179230	2.00000000	56
2026.08.03	09:03:09.623			179235	2.00000000	56
2026.08.03	09:03:09.624			179235	1.00000000	56
2026.08.03	09:03:09.625			179230	42.00000000	56
2026.08.03	09:03:09.626			179225	5.00000000	56
2026.08.03	09:03:09.626			179225	4.00000000	56
2026.08.03	09:03:09.627			179220	2.00000000	56
2026.08.03	09:03:09.627			179225	2.00000000	56
2026.08.03	09:03:09.627			179220	45.00000000	56
2026.08.03	09:03:09.627			179225	5.00000000	56
2026.08.03	09:03:09.627			179225	1.00000000	56
2026.08.03	09:03:09.629			179220	1.00000000	56
2026.08.03	09:03:09.629			179225	9.00000000	56
2026.08.03	09:03:09.630			179225	2.00000000	56
2026.08.03	09:03:09.630			179230	11.00000000	56
2026.08.03	09:03:09.631			179225	10.00000000	56
2026.08.03	09:03:09.632			179230	2.00000000	56
2026.08.03	09:03:09.632			179225	1.00000000	56
2026.08.03	09:03:09.632			179230	1.00000000	56
2026.08.03	09:03:09.634			179225	5.00000000	56
2026.08.03	09:03:09.635			179230	1.00000000	56
2026.08.03	09:03:09.636			179225	1.00000000	56
2026.08.03	09:03:09.637			179230	10.00000000	56
2026.08.03	09:03:09.637			179225	5.00000000	56
2026.08.03	09:03:09.637			179225	5.00000000	56
2026.08.03	09:03:09.639			179230	10.00000000	56
2026.08.03	09:03:09.640			179235	29.00000000	56
2026.08.03	09:03:09.640			179240	1.00000000	56
2026.08.03	09:03:09.641			179230	4.00000000	56
2026.08.03	09:03:09.643			179230	15.00000000	56
2026.08.03	09:03:09.652			179230	5.00000000	56
2026.08.03	09:03:09.654			179235	5.00000000	56
2026.08.03	09:03:09.654			179240	2.00000000	56
2026.08.03	09:03:09.654			179235	1.00000000	56
2026.08.03	09:03:09.656			179235	2.00000000	56
2026.08.03	09:03:09.660			179230	4.00000000	56
2026.08.03	09:03:09.663			179230	16.00000000	88
2026.08.03	09:03:09.663			179225	9.00000000	88
2026.08.03	09:03:09.663			179230	1.00000000	88
2026.08.03	09:03:09.666			179235	2.00000000	56
2026.08.03	09:03:09.669			179230	3.00000000	88
2026.08.03	09:03:09.671			179235	1.00000000	56
2026.08.03	09:03:09.672			179230	31.00000000	88
2026.08.03	09:03:09.673	179230				2
2026.08.03	09:03:09.673		179235			4
2026.08.03	09:03:09.692			179225	10.00000000	88
2026.08.03	09:03:09.692			179220	29.00000000	88
2026.08.03	09:03:09.692			179220	46.00000000	88
2026.08.03	09:03:09.693			179215	11.00000000	88
2026.08.03	09:03:09.695			179220	1.00000000	88
2026.08.03	09:03:09.695			179215	6.00000000	88
2026.08.03	09:03:09.696			179210	9.00000000	88
2026.08.03	09:03:09.696			179220	1.00000000	88
2026.08.03	09:03:09.701			179210	9.00000000	88
2026.08.03	09:03:09.702			179210	5.00000000	88
2026.08.03	09:03:09.702			179205	19.00000000	88
2026.08.03	09:03:09.703			179200	15.00000000	88
2026.08.03	09:03:09.703			179205	13.00000000	88
2026.08.03	09:03:09.711			179200	1.00000000	88
2026.08.03	09:03:09.713			179205	1.00000000	88
2026.08.03	09:03:09.716			179200	3.00000000	88
2026.08.03	09:03:09.718			179205	1.00000000	88
2026.08.03	09:03:09.720			179200	10.00000000	88
2026.08.03	09:03:09.732			179205	7.00000000	88
2026.08.03	09:03:09.733			179210	7.00000000	88
2026.08.03	09:03:09.733			179215	13.00000000	88
2026.08.03	09:03:09.734			179220	5.00000000	88
2026.08.03	09:03:09.735			179225	4.00000000	88
2026.08.03	09:03:09.735			179225	2.00000000	88
2026.08.03	09:03:09.736			179230	6.00000000	88
2026.08.03	09:03:09.745			179230	1.00000000	88
2026.08.03	09:03:09.747			179230	2.00000000	88
2026.08.03	09:03:09.747			179225	10.00000000	88
2026.08.03	09:03:09.748			179230	2.00000000	88
2026.08.03	09:03:09.748			179225	7.00000000	88
2026.08.03	09:03:09.749			179220	17.00000000	88
2026.08.03	09:03:09.751			179215	5.00000000	88
2026.08.03	09:03:09.755			179215	9.00000000	88
2026.08.03	09:03:09.760			179220	1.00000000	88
2026.08.03	09:03:09.761			179220	5.00000000	88
2026.08.03	09:03:09.761			179215	2.00000000	88
2026.08.03	09:03:09.765			179220	1.00000000	88
2026.08.03	09:03:09.765			179225	1.00000000	88
2026.08.03	09:03:09.767			179220	10.00000000	88
2026.08.03	09:03:09.769			179220	3.00000000	88
2026.08.03	09:03:09.774			179225	1.00000000	88
2026.08.03	09:03:09.775			179220	5.00000000	88
2026.08.03	09:03:09.783			179220	1.00000000	88
2026.08.03	09:03:09.787			179220	1.00000000	88
2026.08.03	09:03:09.791			179220	3.00000000	88
2026.08.03	09:03:09.791			179215	7.00000000	88
2026.08.03	09:03:09.795			179220	5.00000000	88
2026.08.03	09:03:09.796			179225	3.00000000	88
2026.08.03	09:03:09.796			179230	2.00000000	88
2026.08.03	09:03:09.796			179230	2.00000000	88
2026.08.03	09:03:09.802			179230	1.00000000	88
2026.08.03	09:03:09.804			179230	5.00000000	88
2026.08.03	09:03:09.807			179230	1.00000000	88
2026.08.03	09:03:09.811			179235	6.00000000	56
2026.08.03	09:03:09.813			179240	52.00000000	56
2026.08.03	09:03:09.814			179235	23.00000000	56
2026.08.03	09:03:09.814			179230	14.00000000	88
2026.08.03	09:03:09.819			179235	2.00000000	56
2026.08.03	09:03:09.824			179225	15.00000000	88
2026.08.03	09:03:09.830			179235	5.00000000	56
2026.08.03	09:03:09.830			179225	5.00000000	88
2026.08.03	09:03:09.842			179235	1.00000000	56
2026.08.03	09:03:09.846			179230	3.00000000	88
2026.08.03	09:03:09.847			179235	2.00000000	56
2026.08.03	09:03:09.848			179240	5.00000000	56
2026.08.03	09:03:09.848			179240	5.00000000	56
2026.08.03	09:03:09.858			179240	1.00000000	56
2026.08.03	09:03:09.863			179245	10.00000000	56
2026.08.03	09:03:09.863			179250	58.00000000	56
2026.08.03	09:03:09.863			179255	17.00000000	56
2026.08.03	09:03:09.863			179250	3.00000000	56
2026.08.03	09:03:09.863			179255	2.00000000	56
2026.08.03	09:03:09.863			179240	5.00000000	56
2026.08.03	09:03:09.863			179245	20.00000000	56
2026.08.03	09:03:09.864			179250	2.00000000	56
2026.08.03	09:03:09.865			179245	3.00000000	56
2026.08.03	09:03:09.866			179240	1.00000000	56
2026.08.03	09:03:09.868			179250	1.00000000	56
2026.08.03	09:03:09.872			179240	24.00000000	56
2026.08.03	09:03:09.874			179235	11.00000000	56
2026.08.03	09:03:09.875			179230	25.00000000	88
2026.08.03	09:03:09.880			179230	2.00000000	88
2026.08.03	09:03:09.881			179225	1.00000000	88
2026.08.03	09:03:09.884			179230	10.00000000	88
2026.08.03	09:03:09.885			179225	3.00000000	88
2026.08.03	09:03:09.891			179235	2.00000000	56
2026.08.03	09:03:09.891			179230	4.00000000	88
2026.08.03	09:03:09.892			179235	12.00000000	56
2026.08.03	09:03:09.892			179240	8.00000000	56
2026.08.03	09:03:09.892			179230	2.00000000	88
2026.08.03	09:03:09.896			179230	1.00000000	88
2026.08.03	09:03:09.902			179240	2.00000000	56
2026.08.03	09:03:09.905			179245	2.00000000	56
2026.08.03	09:03:09.906			179250	5.00000000	56
2026.08.03	09:03:09.907			179255	3.00000000	56
2026.08.03	09:03:09.909			179260	24.00000000	56
2026.08.03	09:03:09.913			179260	11.00000000	56
2026.08.03	09:03:09.917			179260	2.00000000	56
2026.08.03	09:03:09.917			179260	13.00000000	56
2026.08.03	09:03:09.924			179255	4.00000000	56
2026.08.03	09:03:09.927			179260	11.00000000	56
2026.08.03	09:03:09.930			179260	5.00000000	56
2026.08.03	09:03:09.931			179255	1.00000000	56
2026.08.03	09:03:09.931			179260	19.00000000	56
2026.08.03	09:03:09.942			179255	20.00000000	56
2026.08.03	09:03:09.943			179250	13.00000000	56
2026.08.03	09:03:09.944			179245	33.00000000	56
2026.08.03	09:03:09.944			179240	2.00000000	56
2026.08.03	09:03:09.944			179250	1.00000000	56
2026.08.03	09:03:09.944			179245	3.00000000	56
2026.08.03	09:03:09.945			179250	6.00000000	56
2026.08.03	09:03:09.946			179255	23.00000000	56
2026.08.03	09:03:09.946			179260	1.00000000	56
2026.08.03	09:03:09.947			179255	3.00000000	56
2026.08.03	09:03:09.951			179250	5.00000000	56
2026.08.03	09:03:09.956			179255	5.00000000	56
2026.08.03	09:03:09.957			179250	5.00000000	56
2026.08.03	09:03:09.959			179250	9.00000000	56
2026.08.03	09:03:09.959			179245	21.00000000	56
2026.08.03	09:03:09.963			179255	6.00000000	56
2026.08.03	09:03:09.966			179255	2.00000000	56
2026.08.03	09:03:09.969			179250	5.00000000	56
2026.08.03	09:03:09.969			179245	8.00000000	56
2026.08.03	09:03:09.974			179245	1.00000000	56
2026.08.03	09:03:09.977			179250	1.00000000	56
2026.08.03	09:03:09.979			179255	1.00000000	56
2026.08.03	09:03:09.980			179250	5.00000000	56
2026.08.03	09:03:09.985			179255	4.00000000	56
2026.08.03	09:03:09.985			179255	3.00000000	56
2026.08.03	09:03:09.986			179260	1.00000000	56
2026.08.03	09:03:09.986			179265	10.00000000	56
2026.08.03	09:03:09.988			179265	4.00000000	56
2026.08.03	09:03:09.988			179270	12.00000000	56
2026.08.03	09:03:09.988			179265	2.00000000	56
2026.08.03	09:03:09.992			179265	1.00000000	56
2026.08.03	09:03:10.004			179260	3.00000000	56
2026.08.03	09:03:10.012			179260	4.00000000	56
2026.08.03	09:03:10.016			179265	3.00000000	56
2026.08.03	09:03:10.016			179260	1.00000000	56
2026.08.03	09:03:10.018			179265	1.00000000	56
2026.08.03	09:03:10.023			179265	9.00000000	56
2026.08.03	09:03:10.023			179270	16.00000000	56
2026.08.03	09:03:10.023			179265	2.00000000	56
2026.08.03	09:03:10.023	179260				2
2026.08.03	09:03:10.023		179270			4
2026.08.03	09:03:10.024			179265	1.00000000	56
2026.08.03	09:03:10.027			179265	2.00000000	120
2026.08.03	09:03:10.033			179260	6.00000000	88
2026.08.03	09:03:10.033			179255	9.00000000	88
2026.08.03	09:03:10.034			179250	2.00000000	88
2026.08.03	09:03:10.034			179255	1.00000000	88
2026.08.03	09:03:10.035			179250	1.00000000	88
2026.08.03	09:03:10.035			179245	2.00000000	88
2026.08.03	09:03:10.035			179250	1.00000000	88
2026.08.03	09:03:10.037			179245	2.00000000	88
2026.08.03	09:03:10.039			179250	4.00000000	88
2026.08.03	09:03:10.046			179255	4.00000000	88
2026.08.03	09:03:10.056			179260	47.00000000	88
2026.08.03	09:03:10.064			179265	3.00000000	120
2026.08.03	09:03:10.066			179260	1.00000000	88
2026.08.03	09:03:10.067			179265	3.00000000	120
2026.08.03	09:03:10.067			179260	17.00000000	88
2026.08.03	09:03:10.071			179265	11.00000000	120
2026.08.03	09:03:10.074			179260	2.00000000	88
2026.08.03	09:03:10.077			179255	2.00000000	88
2026.08.03	09:03:10.083			179265	2.00000000	120
2026.08.03	09:03:10.085			179255	5.00000000	88
2026.08.03	09:03:10.090			179265	1.00000000	120
2026.08.03	09:03:10.091			179260	2.00000000	88
2026.08.03	09:03:10.093			179265	3.00000000	120
2026.08.03	09:03:10.095			179260	1.00000000	88
2026.08.03	09:03:10.096			179265	12.00000000	120
2026.08.03	09:03:10.097			179260	16.00000000	88
2026.08.03	09:03:10.097			179270	30.00000000	56
2026.08.03	09:03:10.098			179275	38.00000000	56
2026.08.03	09:03:10.099			179275	5.00000000	56
2026.08.03	09:03:10.099			179270	16.00000000	56
2026.08.03	09:03:10.099			179265	15.00000000	120
2026.08.03	09:03:10.100			179275	34.00000000	56
2026.08.03	09:03:10.102			179280	40.00000000	56
2026.08.03	09:03:10.103			179285	55.00000000	56
2026.08.03	09:03:10.104			179280	28.00000000	56
2026.08.03	09:03:10.104			179285	30.00000000	56
2026.08.03	09:03:10.104			179285	51.00000000	56
2026.08.03	09:03:10.106			179280	51.00000000	56
2026.08.03	09:03:10.106			179285	2.00000000	56
2026.08.03	09:03:10.106			179290	28.00000000	56
2026.08.03	09:03:10.107			179285	1.00000000	56
2026.08.03	09:03:10.107			179290	135.00000000	56
2026.08.03	09:03:10.109			179285	27.00000000	56
2026.08.03	09:03:10.110			179290	8.00000000	56
2026.08.03	09:03:10.110			179295	168.00000000	56
2026.08.03	09:03:10.110			179300	12.00000000	56
2026.08.03	09:03:10.110			179300	10.00000000	56
2026.08.03	09:03:10.110			179295	2.00000000	56
2026.08.03	09:03:10.110			179300	12.00000000	56
2026.08.03	09:03:10.110			179295	1.00000000	56
2026.08.03	09:03:10.110			179300	1.00000000	56
2026.08.03	09:03:10.111			179290	5.00000000	56
2026.08.03	09:03:10.111			179295	14.00000000	56
2026.08.03	09:03:10.112			179290	17.00000000	56
2026.08.03	09:03:10.112			179285	2.00000000	56
2026.08.03	09:03:10.112			179290	8.00000000	56
2026.08.03	09:03:10.113			179300	20.00000000	56
2026.08.03	09:03:10.113			179305	81.00000000	56
2026.08.03	09:03:10.114			179300	15.00000000	56
2026.08.03	09:03:10.115			179295	13.00000000	56
2026.08.03	09:03:10.115			179290	7.00000000	56
2026.08.03	09:03:10.116			179295	5.00000000	56
2026.08.03	09:03:10.116			179300	2.00000000	56
2026.08.03	09:03:10.116			179300	5.00000000	56
2026.08.03	09:03:10.116			179305	41.00000000	56
2026.08.03	09:03:10.117			179310	114.00000000	56
2026.08.03	09:03:10.118			179305	3.00000000	56
2026.08.03	09:03:10.119			179300	14.00000000	56
2026.08.03	09:03:10.120			179305	14.00000000	56
2026.08.03	09:03:10.120			179300	12.00000000	56
2026.08.03	09:03:10.120			179295	34.00000000	56
2026.08.03	09:03:10.120			179290	15.00000000	56
2026.08.03	09:03:10.120			179310	10.00000000	56
2026.08.03	09:03:10.122			179305	5.00000000	56
2026.08.03	09:03:10.122			179300	7.00000000	56
2026.08.03	09:03:10.122			179305	2.00000000	56
2026.08.03	09:03:10.122			179310	14.00000000	56
2026.08.03	09:03:10.123			179305	7.00000000	56
2026.08.03	09:03:10.124			179310	9.00000000	56
2026.08.03	09:03:10.124			179310	2.00000000	56
2026.08.03	09:03:10.124			179305	4.00000000	56
2026.08.03	09:03:10.125			179310	3.00000000	56
2026.08.03	09:03:10.125			179315	50.00000000	56
2026.08.03	09:03:10.126			179320	13.00000000	56
2026.08.03	09:03:10.126			179315	13.00000000	56
2026.08.03	09:03:10.126			179320	19.00000000	56
2026.08.03	09:03:10.126			179320	8.00000000	56
2026.08.03	09:03:10.127			179315	1.00000000	56
2026.08.03	09:03:10.127			179320	23.00000000	56
2026.08.03	09:03:10.127			179315	1.00000000	56
2026.08.03	09:03:10.127			179320	43.00000000	56
2026.08.03	09:03:10.127			179320	20.00000000	56
2026.08.03	09:03:10.127			179325	17.00000000	56
2026.08.03	09:03:10.127			179320	2.00000000	56
2026.08.03	09:03:10.127			179325	3.00000000	56
2026.08.03	09:03:10.128			179320	4.00000000	56
2026.08.03	09:03:10.128			179325	2.00000000	56
2026.08.03	09:03:10.128			179320	9.00000000	56
2026.08.03	09:03:10.128			179325	26.00000000	56
2026.08.03	09:03:10.128			179320	5.00000000	56
2026.08.03	09:03:10.128			179325	23.00000000	56
2026.08.03	09:03:10.128			179315	2.00000000	56
2026.08.03	09:03:10.128			179310	2.00000000	56
2026.08.03	09:03:10.128			179325	1.00000000	56
2026.08.03	09:03:10.129			179315	5.00000000	56
2026.08.03	09:03:10.130			179320	1.00000000	56
2026.08.03	09:03:10.130			179315	7.00000000	56
2026.08.03	09:03:10.130			179320	21.00000000	56
2026.08.03	09:03:10.130			179325	54.00000000	56
2026.08.03	09:03:10.131			179325	3.00000000	56
2026.08.03	09:03:10.131			179330	59.00000000	56
2026.08.03	09:03:10.132			179335	10.00000000	56
2026.08.03	09:03:10.132			179330	3.00000000	56
2026.08.03	09:03:10.132			179335	2.00000000	56
2026.08.03	09:03:10.132			179330	12.00000000	56
2026.08.03	09:03:10.132			179335	4.00000000	56
2026.08.03	09:03:10.132			179330	1.00000000	56
2026.08.03	09:03:10.132			179335	6.00000000	56
2026.08.03	09:03:10.132			179330	11.00000000	56
2026.08.03	09:03:10.132			179335	5.00000000	56
2026.08.03	09:03:10.132			179330	8.00000000	56
2026.08.03	09:03:10.134			179325	2.00000000	56
2026.08.03	09:03:10.134			179320	1.00000000	56
2026.08.03	09:03:10.135			179335	32.00000000	56
2026.08.03	09:03:10.136			179330	1.00000000	56
2026.08.03	09:03:10.136			179335	2.00000000	56
2026.08.03	09:03:10.137			179335	14.00000000	56
2026.08.03	09:03:10.138			179340	17.00000000	56
2026.08.03	09:03:10.138			179345	1.00000000	56
2026.08.03	09:03:10.138			179340	2.00000000	56
2026.08.03	09:03:10.138			179345	14.00000000	56
2026.08.03	09:03:10.138			179345	2.00000000	56
2026.08.03	09:03:10.138			179350	66.00000000	56
2026.08.03	09:03:10.138			179345	6.00000000	56
2026.08.03	09:03:10.139			179350	12.00000000	56
2026.08.03	09:03:10.139			179345	4.00000000	56
2026.08.03	09:03:10.139			179350	4.00000000	56
2026.08.03	09:03:10.139			179345	2.00000000	56
2026.08.03	09:03:10.139			179350	2.00000000	56
2026.08.03	09:03:10.139			179345	1.00000000	56
2026.08.03	09:03:10.139			179350	7.00000000	56
2026.08.03	09:03:10.139			179335	1.00000000	56
2026.08.03	09:03:10.139			179350	1.00000000	56
2026.08.03	09:03:10.139			179335	6.00000000	56
2026.08.03	09:03:10.141			179340	14.00000000	56
2026.08.03	09:03:10.141			179345	1.00000000	56
2026.08.03	09:03:10.142			179340	12.00000000	56
2026.08.03	09:03:10.144			179335	31.00000000	56
2026.08.03	09:03:10.144			179330	21.00000000	56
2026.08.03	09:03:10.145			179325	15.00000000	56
2026.08.03	09:03:10.147			179320	19.00000000	56
2026.08.03	09:03:10.150			179320	3.00000000	56
2026.08.03	09:03:10.150			179315	33.00000000	56
2026.08.03	09:03:10.162			179320	5.00000000	56
2026.08.03	09:03:10.173			179325	11.00000000	56
2026.08.03	09:03:10.173			179325	43.00000000	56
2026.08.03	09:03:10.175			179320	6.00000000	56
2026.08.03	09:03:10.182			179315	1.00000000	56
2026.08.03	09:03:10.183			179320	11.00000000	56
2026.08.03	09:03:10.190			179315	117.00000000	56
2026.08.03	09:03:10.191			179310	6.00000000	56
2026.08.03	09:03:10.191			179320	3.00000000	56
2026.08.03	09:03:10.192			179310	13.00000000	56
2026.08.03	09:03:10.194			179315	2.00000000	56
2026.08.03	09:03:10.196			179320	1.00000000	56
2026.08.03	09:03:10.196			179315	2.00000000	56
2026.08.03	09:03:10.201			179315	3.00000000	56
2026.08.03	09:03:10.204			179310	5.00000000	56
2026.08.03	09:03:10.204			179310	12.00000000	56
2026.08.03	09:03:10.204			179305	21.00000000	56
2026.08.03	09:03:10.204			179305	12.00000000	56
2026.08.03	09:03:10.206			179300	11.00000000	56
2026.08.03	09:03:10.206			179295	2.00000000	56
2026.08.03	09:03:10.206			179300	1.00000000	56
2026.08.03	09:03:10.207			179295	12.00000000	56
2026.08.03	09:03:10.207			179300	1.00000000	56
2026.08.03	09:03:10.207			179295	2.00000000	56
2026.08.03	09:03:10.209			179290	1.00000000	56
2026.08.03	09:03:10.209			179295	1.00000000	56
2026.08.03	09:03:10.209			179290	11.00000000	56
2026.08.03	09:03:10.215			179295	15.00000000	56
2026.08.03	09:03:10.223			179300	1.00000000	56
2026.08.03	09:03:10.224			179295	1.00000000	56
2026.08.03	09:03:10.224			179290	5.00000000	56
2026.08.03	09:03:10.237			179285	17.00000000	56
2026.08.03	09:03:10.237			179290	1.00000000	56
2026.08.03	09:03:10.238			179285	6.00000000	56
2026.08.03	09:03:10.240			179290	2.00000000	56
2026.08.03	09:03:10.241			179280	2.00000000	56
2026.08.03	09:03:10.246			179285	1.00000000	56
2026.08.03	09:03:10.249			179285	1.00000000	56
2026.08.03	09:03:10.249			179280	10.00000000	56
2026.08.03	09:03:10.251			179275	7.00000000	56
2026.08.03	09:03:10.254			179275	1.00000000	56
2026.08.03	09:03:10.254			179270	1.00000000	56
2026.08.03	09:03:10.256			179275	4.00000000	56
2026.08.03	09:03:10.262			179270	10.00000000	56
2026.08.03	09:03:10.262			179265	1.00000000	120
2026.08.03	09:03:10.266			179270	2.00000000	56
2026.08.03	09:03:10.266			179265	29.00000000	120
2026.08.03	09:03:10.268			179270	24.00000000	56
2026.08.03	09:03:10.269			179265	13.00000000	120
2026.08.03	09:03:10.270			179270	6.00000000	56
2026.08.03	09:03:10.270			179275	7.00000000	56
2026.08.03	09:03:10.271			179280	5.00000000	56
2026.08.03	09:03:10.275			179285	2.00000000	56
2026.08.03	09:03:10.276			179275	2.00000000	56
2026.08.03	09:03:10.277			179280	1.00000000	56
2026.08.03	09:03:10.277			179285	7.00000000	56
2026.08.03	09:03:10.283			179285	2.00000000	56
2026.08.03	09:03:10.286			179280	7.00000000	56
2026.08.03	09:03:10.290			179275	2.00000000	56
2026.08.03	09:03:10.291			179285	5.00000000	56
2026.08.03	09:03:10.291			179275	1.00000000	56
2026.08.03	09:03:10.291			179285	1.00000000	56
2026.08.03	09:03:10.291			179290	4.00000000	56
2026.08.03	09:03:10.291			179285	11.00000000	56
2026.08.03	09:03:10.296			179280	1.00000000	56
2026.08.03	09:03:10.296			179285	5.00000000	56
2026.08.03	09:03:10.296			179275	1.00000000	56
2026.08.03	09:03:10.296			179280	7.00000000	56
2026.08.03	09:03:10.299			179280	7.00000000	56
2026.08.03	09:03:10.299			179285	4.00000000	56
2026.08.03	09:03:10.302			179285	5.00000000	56
2026.08.03	09:03:10.303			179280	15.00000000	56
2026.08.03	09:03:10.309			179280	2.00000000	56
2026.08.03	09:03:10.311			179275	1.00000000	56
2026.08.03	09:03:10.311			179280	3.00000000	56
2026.08.03	09:03:10.311			179285	7.00000000	56
2026.08.03	09:03:10.312			179275	1.00000000	56
2026.08.03	09:03:10.312			179285	1.00000000	56
2026.08.03	09:03:10.312			179280	10.00000000	56
2026.08.03	09:03:10.316			179275	2.00000000	56
2026.08.03	09:03:10.318			179280	4.00000000	56
2026.08.03	09:03:10.319			179275	3.00000000	56
2026.08.03	09:03:10.319			179280	3.00000000	56
2026.08.03	09:03:10.320			179275	1.00000000	56
2026.08.03	09:03:10.328			179285	5.00000000	56
2026.08.03	09:03:10.332			179275	2.00000000	56
2026.08.03	09:03:10.332			179285	3.00000000	56
2026.08.03	09:03:10.335			179285	4.00000000	56
2026.08.03	09:03:10.335			179290	6.00000000	56
2026.08.03	09:03:10.335			179280	1.00000000	56
2026.08.03	09:03:10.335			179285	6.00000000	56
2026.08.03	09:03:10.336			179280	3.00000000	56
2026.08.03	09:03:10.337			179285	7.00000000	56
2026.08.03	09:03:10.338			179290	7.00000000	56
2026.08.03	09:03:10.338			179295	4.00000000	56
2026.08.03	09:03:10.343			179300	2.00000000	56
2026.08.03	09:03:10.345			179295	19.00000000	56
2026.08.03	09:03:10.345			179290	28.00000000	56
2026.08.03	09:03:10.346			179285	19.00000000	56
2026.08.03	09:03:10.347			179290	3.00000000	56
2026.08.03	09:03:10.347			179295	1.00000000	56
2026.08.03	09:03:10.347			179285	7.00000000	56
2026.08.03	09:03:10.347			179295	1.00000000	56
2026.08.03	09:03:10.347			179290	4.00000000	56
2026.08.03	09:03:10.348			179295	1.00000000	56
2026.08.03	09:03:10.349			179290	2.00000000	56
2026.08.03	09:03:10.351			179295	10.00000000	56
2026.08.03	09:03:10.352			179300	7.00000000	56
2026.08.03	09:03:10.353			179295	9.00000000	56
2026.08.03	09:03:10.353			179290	6.00000000	56
2026.08.03	09:03:10.358			179290	5.00000000	56
2026.08.03	09:03:10.361			179285	5.00000000	56
2026.08.03	09:03:10.363			179285	1.00000000	56
2026.08.03	09:03:10.363			179290	6.00000000	56
2026.08.03	09:03:10.368			179285	2.00000000	56
2026.08.03	09:03:10.368			179295	3.00000000	56
2026.08.03	09:03:10.368			179290	1.00000000	56
2026.08.03	09:03:10.369			179295	2.00000000	56
2026.08.03	09:03:10.371			179290	2.00000000	56
2026.08.03	09:03:10.372			179290	3.00000000	56
2026.08.03	09:03:10.373	179290				2
2026.08.03	09:03:10.373		179295			4
2026.08.03	09:03:10.375			179295	8.00000000	56
2026.08.03	09:03:10.376			179300	1.00000000	56
2026.08.03	09:03:10.376			179295	2.00000000	56
2026.08.03	09:03:10.380			179300	4.00000000	56
2026.08.03	09:03:10.380			179295	8.00000000	56
2026.08.03	09:03:10.382			179290	2.00000000	56
2026.08.03	09:03:10.383			179285	2.00000000	56
2026.08.03	09:03:10.384			179290	5.00000000	56
2026.08.03	09:03:10.384			179285	1.00000000	56
2026.08.03	09:03:10.386			179290	2.00000000	56
2026.08.03	09:03:10.390			179295	3.00000000	56
2026.08.03	09:03:10.397			179290	4.00000000	56
2026.08.03	09:03:10.403			179290	4.00000000	88
2026.08.03	09:03:10.404			179295	3.00000000	56
2026.08.03	09:03:10.405			179290	1.00000000	88
2026.08.03	09:03:10.405			179295	2.00000000	56
2026.08.03	09:03:10.407			179290	2.00000000	88
2026.08.03	09:03:10.408			179295	4.00000000	56
2026.08.03	09:03:10.408			179300	6.00000000	56
2026.08.03	09:03:10.409			179290	1.00000000	88
2026.08.03	09:03:10.409			179295	5.00000000	56
2026.08.03	09:03:10.410			179290	4.00000000	88
2026.08.03	09:03:10.411			179295	3.00000000	56
2026.08.03	09:03:10.411			179290	5.00000000	88
2026.08.03	09:03:10.412			179295	1.00000000	56
2026.08.03	09:03:10.417			179290	1.00000000	88
2026.08.03	09:03:10.417			179295	9.00000000	56
2026.08.03	09:03:10.420			179290	7.00000000	88
2026.08.03	09:03:10.420			179295	16.00000000	56
2026.08.03	09:03:10.433			179300	6.00000000	56
2026.08.03	09:03:10.440			179295	6.00000000	56
2026.08.03	09:03:10.443			179300	4.00000000	56
2026.08.03	09:03:10.444			179295	2.00000000	56
2026.08.03	09:03:10.444			179300	3.00000000	56
2026.08.03	09:03:10.444			179305	2.00000000	56
2026.08.03	09:03:10.446			179295	1.00000000	56
2026.08.03	09:03:10.449			179305	20.00000000	56
2026.08.03	09:03:10.453			179295	3.00000000	56
2026.08.03	09:03:10.455			179305	15.00000000	56
2026.08.03	09:03:10.456			179300	1.00000000	56
2026.08.03	09:03:10.460			179295	1.00000000	56
2026.08.03	09:03:10.461			179300	12.00000000	56
2026.08.03	09:03:10.461			179305	18.00000000	56
2026.08.03	09:03:10.463			179295	1.00000000	56
2026.08.03	09:03:10.464			179295	1.00000000	56
2026.08.03	09:03:10.464			179305	2.00000000	56
2026.08.03	09:03:10.464			179295	4.00000000	56
2026.08.03	09:03:10.466			179300	6.00000000	56
2026.08.03	09:03:10.472			179305	1.00000000	56
2026.08.03	09:03:10.472			179300	1.00000000	56
2026.08.03	09:03:10.478			179305	3.00000000	56
2026.08.03	09:03:10.480			179300	3.00000000	56
2026.08.03	09:03:10.481			179295	1.00000000	56
2026.08.03	09:03:10.481			179305	3.00000000	56
2026.08.03	09:03:10.483			179300	2.00000000	56
2026.08.03	09:03:10.483			179295	1.00000000	56
2026.08.03	09:03:10.491			179305	21.00000000	56
2026.08.03	09:03:10.494			179305	1.00000000	56
2026.08.03	09:03:10.495			179310	8.00000000	56
2026.08.03	09:03:10.496			179315	1.00000000	56
2026.08.03	09:03:10.497			179310	1.00000000	56
2026.08.03	09:03:10.497			179315	2.00000000	56
2026.08.03	09:03:10.499			179310	2.00000000	56
2026.08.03	09:03:10.502			179310	3.00000000	56
2026.08.03	09:03:10.503			179305	1.00000000	56
2026.08.03	09:03:10.504			179305	9.00000000	56
2026.08.03	09:03:10.504			179300	3.00000000	56
2026.08.03	09:03:10.504			179295	1.00000000	56
2026.08.03	09:03:10.505			179300	1.00000000	56
2026.08.03	09:03:10.505			179295	9.00000000	56
2026.08.03	09:03:10.505			179290	1.00000000	88
2026.08.03	09:03:10.505			179295	8.00000000	56
2026.08.03	09:03:10.505			179290	1.00000000	88
2026.08.03	09:03:10.507			179300	3.00000000	56
2026.08.03	09:03:10.511			179290	1.00000000	88
2026.08.03	09:03:10.512			179300	5.00000000	56
2026.08.03	09:03:10.517			179295	1.00000000	56
2026.08.03	09:03:10.518			179300	1.00000000	56
2026.08.03	09:03:10.524			179295	2.00000000	56
2026.08.03	09:03:10.524			179290	43.00000000	88
2026.08.03	09:03:10.527			179295	4.00000000	56
2026.08.03	09:03:10.530			179290	1.00000000	88
2026.08.03	09:03:10.532			179295	3.00000000	56
2026.08.03	09:03:10.533			179300	9.00000000	56
2026.08.03	09:03:10.535			179295	11.00000000	56
2026.08.03	09:03:10.537			179290	1.00000000	88
2026.08.03	09:03:10.538			179295	1.00000000	56
2026.08.03	09:03:10.538			179295	2.00000000	56
2026.08.03	09:03:10.538			179300	28.00000000	56
2026.08.03	09:03:10.538			179305	19.00000000	56
2026.08.03	09:03:10.538			179295	1.00000000	56
2026.08.03	09:03:10.542			179295	3.00000000	56
2026.08.03	09:03:10.542			179290	2.00000000	88
2026.08.03	09:03:10.544			179290	2.00000000	88
2026.08.03	09:03:10.546			179285	10.00000000	88
2026.08.03	09:03:10.546			179280	42.00000000	88
2026.08.03	09:03:10.547			179285	2.00000000	88
2026.08.03	09:03:10.547			179290	2.00000000	88
2026.08.03	09:03:10.547			179285	12.00000000	88
2026.08.03	09:03:10.549			179280	2.00000000	88
2026.08.03	09:03:10.553			179285	9.00000000	88
2026.08.03	09:03:10.560			179285	1.00000000	88
2026.08.03	09:03:10.560			179280	7.00000000	88
2026.08.03	09:03:10.562			179285	2.00000000	88
2026.08.03	09:03:10.563			179280	8.00000000	88
2026.08.03	09:03:10.563			179285	6.00000000	88
2026.08.03	09:03:10.565			179280	2.00000000	88
2026.08.03	09:03:10.566			179290	2.00000000	88
2026.08.03	09:03:10.566			179280	3.00000000	88
2026.08.03	09:03:10.569			179285	12.00000000	88
2026.08.03	09:03:10.569			179290	31.00000000	88
2026.08.03	09:03:10.569			179295	37.00000000	56
2026.08.03	09:03:10.570			179290	12.00000000	88
2026.08.03	09:03:10.571			179285	3.00000000	88
2026.08.03	09:03:10.572			179290	5.00000000	88
2026.08.03	09:03:10.572			179285	1.00000000	88
2026.08.03	09:03:10.572			179280	4.00000000	88
2026.08.03	09:03:10.574			179285	2.00000000	88
2026.08.03	09:03:10.576			179290	1.00000000	88
2026.08.03	09:03:10.582			179280	3.00000000	88
2026.08.03	09:03:10.582			179285	2.00000000	88
2026.08.03	09:03:10.583			179290	2.00000000	88
2026.08.03	09:03:10.587			179290	9.00000000	88
2026.08.03	09:03:10.594			179285	18.00000000	88
2026.08.03	09:03:10.594			179280	12.00000000	88
2026.08.03	09:03:10.597			179285	1.00000000	88
2026.08.03	09:03:10.600			179290	4.00000000	88
2026.08.03	09:03:10.604			179295	1.00000000	56
2026.08.03	09:03:10.608			179290	2.00000000	88
2026.08.03	09:03:10.611			179285	3.00000000	88
2026.08.03	09:03:10.611			179290	2.00000000	88
2026.08.03	09:03:10.614			179285	3.00000000	88
2026.08.03	09:03:10.621			179290	11.00000000	88
2026.08.03	09:03:10.621			179295	9.00000000	56
2026.08.03	09:03:10.625			179285	1.00000000	88
2026.08.03	09:03:10.626			179290	101.00000000	88
2026.08.03	09:03:10.627			179290	5.00000000	88
2026.08.03	09:03:10.629			179285	2.00000000	88
2026.08.03	09:03:10.631			179290	5.00000000	88
2026.08.03	09:03:10.642			179285	9.00000000	88
2026.08.03	09:03:10.648			179275	5.00000000	88
2026.08.03	09:03:10.650			179280	6.00000000	88
2026.08.03	09:03:10.651			179285	5.00000000	88
2026.08.03	09:03:10.651			179290	10.00000000	88
2026.08.03	09:03:10.652			179285	11.00000000	88
2026.08.03	09:03:10.653			179290	9.00000000	88
2026.08.03	09:03:10.654			179285	2.00000000	88
2026.08.03	09:03:10.654			179290	4.00000000	88
2026.08.03	09:03:10.655			179295	7.00000000	56
2026.08.03	09:03:10.655			179300	18.00000000	56
2026.08.03	09:03:10.659			179295	11.00000000	56
2026.08.03	09:03:10.660			179300	1.00000000	56
2026.08.03	09:03:10.662			179305	9.00000000	56
2026.08.03	09:03:10.665			179300	4.00000000	56
2026.08.03	09:03:10.666			179295	5.00000000	56
2026.08.03	09:03:10.667			179290	10.00000000	88
2026.08.03	09:03:10.670			179295	5.00000000	56
2026.08.03	09:03:10.671			179300	1.00000000	56
2026.08.03	09:03:10.671			179305	2.00000000	56
2026.08.03	09:03:10.671			179300	2.00000000	56
2026.08.03	09:03:10.673			179305	1.00000000	56
2026.08.03	09:03:10.673			179295	2.00000000	56
2026.08.03	09:03:10.674			179305	1.00000000	56
2026.08.03	09:03:10.675			179295	1.00000000	56
2026.08.03	09:03:10.677			179305	8.00000000	56
2026.08.03	09:03:10.679			179300	1.00000000	56
2026.08.03	09:03:10.680			179295	2.00000000	56
2026.08.03	09:03:10.683			179300	3.00000000	56
2026.08.03	09:03:10.684			179305	4.00000000	56
2026.08.03	09:03:10.684			179305	1.00000000	56
2026.08.03	09:03:10.685			179295	2.00000000	56
2026.08.03	09:03:10.687			179305	11.00000000	56
2026.08.03	09:03:10.688			179310	4.00000000	56
2026.08.03	09:03:10.688			179310	1.00000000	56
2026.08.03	09:03:10.689			179305	11.00000000	56
2026.08.03	09:03:10.689			179310	2.00000000	56
2026.08.03	09:03:10.690			179305	2.00000000	56
2026.08.03	09:03:10.690			179300	3.00000000	56
2026.08.03	09:03:10.691			179310	3.00000000	56
2026.08.03	09:03:10.692			179315	25.00000000	56
2026.08.03	09:03:10.693			179310	3.00000000	56
2026.08.03	09:03:10.697			179305	3.00000000	56
2026.08.03	09:03:10.702			179315	32.00000000	56
2026.08.03	09:03:10.702			179320	47.00000000	56
2026.08.03	09:03:10.702			179325	29.00000000	56
2026.08.03	09:03:10.702			179330	80.00000000	56
2026.08.03	09:03:10.702			179335	11.00000000	56
2026.08.03	09:03:10.702			179335	4.00000000	56
2026.08.03	09:03:10.702			179330	2.00000000	56
2026.08.03	09:03:10.702			179335	20.00000000	56
2026.08.03	09:03:10.702			179305	8.00000000	56
2026.08.03	09:03:10.702			179300	2.00000000	56
2026.08.03	09:03:10.704			179315	1.00000000	56
2026.08.03	09:03:10.704			179325	1.00000000	56
2026.08.03	09:03:10.705			179315	6.00000000	56
2026.08.03	09:03:10.712			179310	11.00000000	56
2026.08.03	09:03:10.712			179305	5.00000000	56
2026.08.03	09:03:10.712			179300	9.00000000	56
2026.08.03	09:03:10.715			179305	1.00000000	56
2026.08.03	09:03:10.717			179310	12.00000000	56
2026.08.03	09:03:10.717			179305	17.00000000	56
2026.08.03	09:03:10.719			179310	10.00000000	56
2026.08.03	09:03:10.720			179315	2.00000000	56
2026.08.03	09:03:10.723	179305				2
2026.08.03	09:03:10.723			179315	2.00000000	56
2026.08.03	09:03:10.723		179315			4
2026.08.03	09:03:10.729			179305	1.00000000	88
2026.08.03	09:03:10.729			179315	2.00000000	56
2026.08.03	09:03:10.736			179310	1.00000000	120
2026.08.03	09:03:10.736			179305	3.00000000	88
2026.08.03	09:03:10.741			179315	1.00000000	56
2026.08.03	09:03:10.743			179305	10.00000000	88
2026.08.03	09:03:10.745			179305	17.00000000	88
2026.08.03	09:03:10.747			179315	10.00000000	56
2026.08.03	09:03:10.749			179310	3.00000000	120
2026.08.03	09:03:10.749			179305	3.00000000	88
2026.08.03	09:03:10.749			179305	9.00000000	88
2026.08.03	09:03:10.756			179315	10.00000000	56
2026.08.03	09:03:10.756			179320	9.00000000	56
2026.08.03	09:03:10.756			179325	14.00000000	56
2026.08.03	09:03:10.757			179325	5.00000000	56
2026.08.03	09:03:10.757			179320	15.00000000	56
2026.08.03	09:03:10.757			179325	1.00000000	56
2026.08.03	09:03:10.758			179320	1.00000000	56
2026.08.03	09:03:10.759			179315	15.00000000	56
2026.08.03	09:03:10.763			179320	3.00000000	56
2026.08.03	09:03:10.763			179325	3.00000000	56
2026.08.03	09:03:10.763			179320	2.00000000	56
2026.08.03	09:03:10.765			179315	1.00000000	56
2026.08.03	09:03:10.765			179320	1.00000000	56
2026.08.03	09:03:10.766			179320	22.00000000	56
2026.08.03	09:03:10.766			179325	1.00000000	56
2026.08.03	09:03:10.776			179320	2.00000000	56
2026.08.03	09:03:10.777			179310	7.00000000	120
2026.08.03	09:03:10.780			179305	3.00000000	88
2026.08.03	09:03:10.780			179300	2.00000000	88
2026.08.03	09:03:10.782			179305	1.00000000	88
2026.08.03	09:03:10.782			179310	1.00000000	120
2026.08.03	09:03:10.784			179300	10.00000000	88
2026.08.03	09:03:10.785			179310	3.00000000	120
2026.08.03	09:03:10.789			179300	2.00000000	88
2026.08.03	09:03:10.789			179295	6.00000000	88
2026.08.03	09:03:10.789			179305	4.00000000	88
2026.08.03	09:03:10.789			179310	20.00000000	120
2026.08.03	09:03:10.789			179315	6.00000000	56
2026.08.03	09:03:10.790			179305	18.00000000	88
2026.08.03	09:03:10.791			179300	7.00000000	88
2026.08.03	09:03:10.791			179305	11.00000000	88
2026.08.03	09:03:10.792			179310	9.00000000	120
2026.08.03	09:03:10.796			179300	16.00000000	88
2026.08.03	09:03:10.797			179305	6.00000000	88
2026.08.03	09:03:10.802			179300	3.00000000	88
2026.08.03	09:03:10.802			179295	2.00000000	88
2026.08.03	09:03:10.806			179300	17.00000000	88
2026.08.03	09:03:10.829			179295	2.00000000	88
2026.08.03	09:03:10.833			179300	1.00000000	88
2026.08.03	09:03:10.837			179300	2.00000000	88
2026.08.03	09:03:10.846			179295	3.00000000	88
2026.08.03	09:03:10.846			179290	4.00000000	88
2026.08.03	09:03:10.846			179290	28.00000000	88
2026.08.03	09:03:10.846			179285	43.00000000	88
2026.08.03	09:03:10.846			179280	2.00000000	88
2026.08.03	09:03:10.846			179285	6.00000000	88
2026.08.03	09:03:10.847			179295	7.00000000	88
2026.08.03	09:03:10.852			179300	11.00000000	88
2026.08.03	09:03:10.853			179295	3.00000000	88
2026.08.03	09:03:10.855			179290	1.00000000	88
2026.08.03	09:03:10.855			179285	6.00000000	88
2026.08.03	09:03:10.855			179290	5.00000000	88
2026.08.03	09:03:10.856			179295	3.00000000	88
2026.08.03	09:03:10.862			179290	1.00000000	88
2026.08.03	09:03:10.862			179295	9.00000000	88
2026.08.03	09:03:10.862			179300	1.00000000	88
2026.08.03	09:03:10.865			179290	10.00000000	88
2026.08.03	09:03:10.871			179290	1.00000000	88
2026.08.03	09:03:10.872			179295	10.00000000	88
2026.08.03	09:03:10.876			179290	5.00000000	88
2026.08.03	09:03:10.876			179285	14.00000000	88
2026.08.03	09:03:10.876			179285	8.00000000	88
2026.08.03	09:03:10.876			179280	48.00000000	88
2026.08.03	09:03:10.876			179290	6.00000000	88
2026.08.03	09:03:10.877			179295	13.00000000	88
2026.08.03	09:03:10.880			179295	1.00000000	88
2026.08.03	09:03:10.881			179290	3.00000000	88
2026.08.03	09:03:10.885			179295	2.00000000	88
2026.08.03	09:03:10.885			179300	3.00000000	88
2026.08.03	09:03:10.889			179295	2.00000000	88
2026.08.03	09:03:10.889			179300	1.00000000	88
2026.08.03	09:03:10.890			179295	17.00000000	88
2026.08.03	09:03:10.890			179300	19.00000000	88
2026.08.03	09:03:10.891			179295	11.00000000	88
2026.08.03	09:03:10.893			179300	1.00000000	88
2026.08.03	09:03:10.895			179295	1.00000000	88
2026.08.03	09:03:10.895			179300	6.00000000	88
2026.08.03	09:03:10.903			179305	15.00000000	88
2026.08.03	09:03:10.903			179295	3.00000000	88
2026.08.03	09:03:10.904			179290	7.00000000	88
2026.08.03	09:03:10.911			179295	11.00000000	88
2026.08.03	09:03:10.911			179300	14.00000000	88
2026.08.03	09:03:10.914			179290	2.00000000	88
2026.08.03	09:03:10.914			179285	1.00000000	88
2026.08.03	09:03:10.915			179290	10.00000000	88
2026.08.03	09:03:10.915			179285	9.00000000	88
2026.08.03	09:03:10.915			179280	11.00000000	88
2026.08.03	09:03:10.915			179290	1.00000000	88
2026.08.03	09:03:10.915			179295	8.00000000	88
2026.08.03	09:03:10.921			179290	16.00000000	88
2026.08.03	09:03:10.921			179285	9.00000000	88
2026.08.03	09:03:10.921			179290	4.00000000	88
2026.08.03	09:03:10.924			179295	6.00000000	88
2026.08.03	09:03:10.928			179290	1.00000000	88
2026.08.03	09:03:10.930			179295	1.00000000	88
2026.08.03	09:03:10.935			179295	6.00000000	88
2026.08.03	09:03:10.935			179300	4.00000000	88
2026.08.03	09:03:10.935			179305	2.00000000	88
2026.08.03	09:03:10.946			179295	1.00000000	88
2026.08.03	09:03:10.956			179300	5.00000000	88
2026.08.03	09:03:10.972			179305	6.00000000	88
2026.08.03	09:03:10.975			179300	10.00000000	88
2026.08.03	09:03:10.983			179295	1.00000000	88
2026.08.03	09:03:10.986			179295	5.00000000	88
2026.08.03	09:03:10.986			179290	5.00000000	88
2026.08.03	09:03:10.986			179300	6.00000000	88
2026.08.03	09:03:10.987			179305	6.00000000	88
2026.08.03	09:03:10.987			179310	5.00000000	120
2026.08.03	09:03:10.987			179315	1.00000000	56
2026.08.03	09:03:10.989			179310	9.00000000	120
2026.08.03	09:03:10.994			179310	5.00000000	120
2026.08.03	09:03:11.005			179315	6.00000000	56
2026.08.03	09:03:11.014			179320	5.00000000	56
2026.08.03	09:03:11.016			179315	2.00000000	56
2026.08.03	09:03:11.016			179310	7.00000000	120
2026.08.03	09:03:11.020			179305	10.00000000	88
2026.08.03	09:03:11.021			179300	3.00000000	88
2026.08.03	09:03:11.022			179305	3.00000000	88
2026.08.03	09:03:11.022			179310	8.00000000	120
2026.08.03	09:03:11.023			179305	10.00000000	88
2026.08.03	09:03:11.023			179305	6.00000000	88
2026.08.03	09:03:11.026			179310	7.00000000	120
2026.08.03	09:03:11.026			179305	17.00000000	88
2026.08.03	09:03:11.044			179300	1.00000000	88
2026.08.03	09:03:11.049			179305	8.00000000	88
2026.08.03	09:03:11.050			179310	46.00000000	120
2026.08.03	09:03:11.065			179310	3.00000000	120
2026.08.03	09:03:11.066			179315	5.00000000	56
2026.08.03	09:03:11.067			179315	1.00000000	56
2026.08.03	09:03:11.067			179310	2.00000000	120
2026.08.03	09:03:11.067			179315	2.00000000	56
2026.08.03	09:03:11.068			179315	2.00000000	56
2026.08.03	09:03:11.069			179310	3.00000000	120
2026.08.03	09:03:11.071			179310	5.00000000	120
2026.08.03	09:03:11.072	179310				2
2026.08.03	09:03:11.074			179315	2.00000000	56
2026.08.03	09:03:11.076			179310	4.00000000	88
2026.08.03	09:03:11.087			179315	4.00000000	56
2026.08.03	09:03:11.088			179320	12.00000000	56
2026.08.03	09:03:11.089			179325	13.00000000	56
2026.08.03	09:03:11.090			179320	26.00000000	56
2026.08.03	09:03:11.091			179315	2.00000000	56
2026.08.03	09:03:11.091			179320	3.00000000	56
2026.08.03	09:03:11.095			179315	1.00000000	56
2026.08.03	09:03:11.095			179310	13.00000000	88
2026.08.03	09:03:11.095			179305	18.00000000	88
2026.08.03	09:03:11.095			179320	1.00000000	56
2026.08.03	09:03:11.096			179305	3.00000000	88
2026.08.03	09:03:11.096			179310	1.00000000	88
2026.08.03	09:03:11.096			179305	29.00000000	88
2026.08.03	09:03:11.104			179310	26.00000000	88
2026.08.03	09:03:11.105			179305	4.00000000	88
2026.08.03	09:03:11.106			179300	18.00000000	88
2026.08.03	09:03:11.106			179295	1.00000000	88
2026.08.03	09:03:11.106			179295	5.00000000	88
2026.08.03	09:03:11.106			179290	27.00000000	88
2026.08.03	09:03:11.107			179295	1.00000000	88
2026.08.03	09:03:11.107			179290	3.00000000	88
2026.08.03	09:03:11.107			179285	37.00000000	88
2026.08.03	09:03:11.113			179285	1.00000000	88
2026.08.03	09:03:11.115			179280	4.00000000	88
2026.08.03	09:03:11.116			179280	4.00000000	88
2026.08.03	09:03:11.116			179285	3.00000000	88
2026.08.03	09:03:11.117			179290	12.00000000	88
2026.08.03	09:03:11.118			179295	14.00000000	88
2026.08.03	09:03:11.123			179290	2.00000000	88
2026.08.03	09:03:11.125			179295	5.00000000	88
2026.08.03	09:03:11.126			179290	27.00000000	88
2026.08.03	09:03:11.131			179295	3.00000000	88
2026.08.03	09:03:11.141			179285	2.00000000	88
2026.08.03	09:03:11.142			179295	4.00000000	88
2026.08.03	09:03:11.145			179285	6.00000000	88
2026.08.03	09:03:11.155			179295	1.00000000	88
2026.08.03	09:03:11.157			179285	1.00000000	88
2026.08.03	09:03:11.160			179295	5.00000000	88
2026.08.03	09:03:11.162			179285	10.00000000	88
2026.08.03	09:03:11.163			179280	23.00000000	88
2026.08.03	09:03:11.167			179285	1.00000000	88
2026.08.03	09:03:11.179			179280	1.00000000	88
2026.08.03	09:03:11.179			179275	2.00000000	88
2026.08.03	09:03:11.180			179280	2.00000000	88
2026.08.03	09:03:11.180			179285	28.00000000	88
2026.08.03	09:03:11.192			179290	5.00000000	88
2026.08.03	09:03:11.196			179285	2.00000000	88
2026.08.03	09:03:11.201			179290	1.00000000	88
2026.08.03	09:03:11.204			179290	2.00000000	88
2026.08.03	09:03:11.207			179285	33.00000000	88
2026.08.03	09:03:11.212			179290	2.00000000	88
2026.08.03	09:03:11.213			179285	2.00000000	88
2026.08.03	09:03:11.217			179290	8.00000000	88
2026.08.03	09:03:11.226			179285	2.00000000	88
2026.08.03	09:03:11.246			179290	1.00000000	88
2026.08.03	09:03:11.247			179285	2.00000000	88
2026.08.03	09:03:11.248			179280	8.00000000	88
2026.08.03	09:03:11.252			179275	78.00000000	88
2026.08.03	09:03:11.254			179270	29.00000000	88
2026.08.03	09:03:11.255			179265	13.00000000	88
2026.08.03	09:03:11.256			179270	60.00000000	88
2026.08.03	09:03:11.256			179265	10.00000000	88
2026.08.03	09:03:11.257			179260	4.00000000	88
2026.08.03	09:03:11.257			179265	11.00000000	88
2026.08.03	09:03:11.258			179270	26.00000000	88
2026.08.03	09:03:11.259			179275	2.00000000	88
2026.08.03	09:03:11.264			179270	2.00000000	88
2026.08.03	09:03:11.268			179275	2.00000000	88
2026.08.03	09:03:11.268			179270	2.00000000	88
2026.08.03	09:03:11.276			179275	2.00000000	88
2026.08.03	09:03:11.276			179280	48.00000000	88
2026.08.03	09:03:11.284			179285	1.00000000	88
2026.08.03	09:03:11.286			179275	2.00000000	88
2026.08.03	09:03:11.288			179270	2.00000000	88
2026.08.03	09:03:11.291			179275	1.00000000	88
2026.08.03	09:03:11.292			179270	13.00000000	88
2026.08.03	09:03:11.295			179265	2.00000000	88
2026.08.03	09:03:11.296			179270	1.00000000	88
2026.08.03	09:03:11.308			179270	1.00000000	88
2026.08.03	09:03:11.317			179270	2.00000000	88
2026.08.03	09:03:11.322			179265	1.00000000	88
2026.08.03	09:03:11.322			179270	11.00000000	88
2026.08.03	09:03:11.333			179265	5.00000000	88
2026.08.03	09:03:11.336			179270	1.00000000	88
2026.08.03	09:03:11.349			179270	5.00000000	88
2026.08.03	09:03:11.351			179265	1.00000000	88
2026.08.03	09:03:11.355			179265	6.00000000	88
2026.08.03	09:03:11.367			179260	3.00000000	88
2026.08.03	09:03:11.367			179265	12.00000000	88
2026.08.03	09:03:11.383			179260	3.00000000	88
2026.08.03	09:03:11.387			179260	1.00000000	88
2026.08.03	09:03:11.388			179265	5.00000000	88
2026.08.03	09:03:11.392			179260	1.00000000	88
2026.08.03	09:03:11.393			179265	1.00000000	88
2026.08.03	09:03:11.398			179265	1.00000000	88
2026.08.03	09:03:11.399			179265	2.00000000	88
2026.08.03	09:03:11.408			179260	4.00000000	88
2026.08.03	09:03:11.409			179265	9.00000000	88
2026.08.03	09:03:11.409			179265	4.00000000	88
2026.08.03	09:03:11.410			179270	3.00000000	88
2026.08.03	09:03:11.412			179270	1.00000000	56
2026.08.03	09:03:11.413			179260	2.00000000	88
2026.08.03	09:03:11.417			179270	38.00000000	56
2026.08.03	09:03:11.423	179260				2
2026.08.03	09:03:11.423		179270			4
2026.08.03	09:03:11.423			179260	2.00000000	88
2026.08.03	09:03:11.430			179270	7.00000000	56
2026.08.03	09:03:11.432			179260	4.00000000	88
2026.08.03	09:03:11.434			179265	10.00000000	120
2026.08.03	09:03:11.437			179270	1.00000000	56
2026.08.03	09:03:11.446			179260	8.00000000	88
2026.08.03	09:03:11.451			179270	2.00000000	56
2026.08.03	09:03:11.465			179260	3.00000000	88
2026.08.03	09:03:11.468			179265	5.00000000	120
2026.08.03	09:03:11.476			179265	10.00000000	120
2026.08.03	09:03:11.481			179260	1.00000000	88
2026.08.03	09:03:11.481			179255	3.00000000	88
2026.08.03	09:03:11.481			179260	1.00000000	88
2026.08.03	09:03:11.488			179265	1.00000000	120
2026.08.03	09:03:11.491			179260	1.00000000	88
2026.08.03	09:03:11.494			179265	7.00000000	120
2026.08.03	09:03:11.497			179270	15.00000000	56
2026.08.03	09:03:11.505			179265	4.00000000	120
2026.08.03	09:03:11.505			179270	3.00000000	56
2026.08.03	09:03:11.511			179265	5.00000000	120
2026.08.03	09:03:11.511			179270	3.00000000	56
2026.08.03	09:03:11.514			179265	2.00000000	120
2026.08.03	09:03:11.516			179270	1.00000000	56
2026.08.03	09:03:11.517			179265	7.00000000	120
2026.08.03	09:03:11.519			179260	4.00000000	88
2026.08.03	09:03:11.521			179265	1.00000000	120
2026.08.03	09:03:11.521			179270	4.00000000	56
2026.08.03	09:03:11.525			179260	1.00000000	88
2026.08.03	09:03:11.526			179265	1.00000000	120
2026.08.03	09:03:11.527			179260	1.00000000	88
2026.08.03	09:03:11.554			179265	1.00000000	120
2026.08.03	09:03:11.554			179270	4.00000000	56
2026.08.03	09:03:11.554			179260	1.00000000	88
2026.08.03	09:03:11.556			179265	4.00000000	120
2026.08.03	09:03:11.561			179265	6.00000000	120
2026.08.03	09:03:11.564			179265	10.00000000	120
2026.08.03	09:03:11.566			179260	5.00000000	88
2026.08.03	09:03:11.568			179265	10.00000000	120
2026.08.03	09:03:11.569			179260	5.00000000	88
2026.08.03	09:03:11.588			179265	4.00000000	120
2026.08.03	09:03:11.589			179270	7.00000000	56
2026.08.03	09:03:11.589			179260	3.00000000	88
2026.08.03	09:03:11.601			179265	1.00000000	120
2026.08.03	09:03:11.603			179260	1.00000000	88
2026.08.03	09:03:11.604			179265	16.00000000	120
2026.08.03	09:03:11.604			179265	15.00000000	120
2026.08.03	09:03:11.604			179270	5.00000000	56
2026.08.03	09:03:11.606			179260	1.00000000	88
2026.08.03	09:03:11.606			179265	1.00000000	120
2026.08.03	09:03:11.608			179260	1.00000000	88
2026.08.03	09:03:11.613			179265	3.00000000	120
2026.08.03	09:03:11.613			179270	3.00000000	56
2026.08.03	09:03:11.615			179265	15.00000000	120
2026.08.03	09:03:11.618			179270	25.00000000	56
2026.08.03	09:03:11.618			179275	32.00000000	56
2026.08.03	09:03:11.619			179270	2.00000000	56
2026.08.03	09:03:11.619			179275	1.00000000	56
2026.08.03	09:03:11.619			179280	35.00000000	56
2026.08.03	09:03:11.620			179275	4.00000000	56
2026.08.03	09:03:11.621			179280	2.00000000	56
2026.08.03	09:03:11.621			179275	2.00000000	56
2026.08.03	09:03:11.621			179280	9.00000000	56
2026.08.03	09:03:11.621			179285	1.00000000	56
2026.08.03	09:03:11.621			179280	3.00000000	56
2026.08.03	09:03:11.621			179275	20.00000000	56
2026.08.03	09:03:11.621			179275	19.00000000	56
2026.08.03	09:03:11.643			179275	20.00000000	56
2026.08.03	09:03:11.652			179280	3.00000000	56
2026.08.03	09:03:11.653			179275	4.00000000	56
2026.08.03	09:03:11.655			179280	7.00000000	56
2026.08.03	09:03:11.659			179275	1.00000000	56
2026.08.03	09:03:11.661			179275	2.00000000	56
2026.08.03	09:03:11.668			179270	6.00000000	56
2026.08.03	09:03:11.675			179265	9.00000000	120
2026.08.03	09:03:11.678			179270	2.00000000	56
2026.08.03	09:03:11.679			179275	10.00000000	56
2026.08.03	09:03:11.691			179270	2.00000000	56
2026.08.03	09:03:11.695			179275	7.00000000	56
2026.08.03	09:03:11.704			179275	6.00000000	56
2026.08.03	09:03:11.707			179270	3.00000000	56
2026.08.03	09:03:11.714			179275	1.00000000	56
2026.08.03	09:03:11.719			179270	10.00000000	56
2026.08.03	09:03:11.720			179270	4.00000000	56
2026.08.03	09:03:11.724			179275	1.00000000	56
2026.08.03	09:03:11.730			179270	1.00000000	56
2026.08.03	09:03:11.733			179275	8.00000000	56
2026.08.03	09:03:11.746			179270	1.00000000	56
2026.08.03	09:03:11.746			179275	1.00000000	56
2026.08.03	09:03:11.747			179270	4.00000000	56
2026.08.03	09:03:11.749			179265	30.00000000	120
2026.08.03	09:03:11.755			179270	11.00000000	56
2026.08.03	09:03:11.758			179275	3.00000000	56
2026.08.03	09:03:11.764			179275	1.00000000	56
2026.08.03	09:03:11.765			179270	10.00000000	56
2026.08.03	09:03:11.765			179265	18.00000000	120
2026.08.03	09:03:11.766			179275	1.00000000	56
2026.08.03	09:03:11.769			179270	6.00000000	56
2026.08.03	09:03:11.769	179270				2
2026.08.03	09:03:11.772		179275			4
2026.08.03	09:03:11.776			179270	2.00000000	56
2026.08.03	09:03:11.777			179270	1.00000000	88
2026.08.03	09:03:11.780			179270	5.00000000	88
2026.08.03	09:03:11.784			179270	1.00000000	88
2026.08.03	09:03:11.784			179275	1.00000000	56
2026.08.03	09:03:11.785			179270	10.00000000	88
2026.08.03	09:03:11.794			179265	1.00000000	88
2026.08.03	09:03:11.795			179270	2.00000000	88
2026.08.03	09:03:11.798			179265	2.00000000	88
2026.08.03	09:03:11.803			179270	2.00000000	88
2026.08.03	09:03:11.808			179265	1.00000000	88
2026.08.03	09:03:11.810			179270	10.00000000	88
2026.08.03	09:03:11.817			179270	3.00000000	88
2026.08.03	09:03:11.818			179275	3.00000000	56
2026.08.03	09:03:11.818			179270	1.00000000	88
2026.08.03	09:03:11.825			179270	2.00000000	88
2026.08.03	09:03:11.827			179265	1.00000000	88
2026.08.03	09:03:11.829			179270	2.00000000	88
2026.08.03	09:03:11.829			179265	3.00000000	88
2026.08.03	09:03:11.833			179270	10.00000000	88
2026.08.03	09:03:11.833			179265	5.00000000	88
2026.08.03	09:03:11.845			179275	17.00000000	56
2026.08.03	09:03:11.854			179270	7.00000000	88
2026.08.03	09:03:11.854			179265	13.00000000	88
2026.08.03	09:03:11.857			179275	3.00000000	56
2026.08.03	09:03:11.862			179270	5.00000000	88
2026.08.03	09:03:11.867			179275	1.00000000	56
2026.08.03	09:03:11.872			179275	1.00000000	56
2026.08.03	09:03:11.878			179270	18.00000000	88
2026.08.03	09:03:11.884			179270	1.00000000	88
2026.08.03	09:03:11.888			179270	24.00000000	88
2026.08.03	09:03:11.896			179265	51.00000000	88
2026.08.03	09:03:11.896			179260	14.00000000	88
2026.08.03	09:03:11.896			179270	2.00000000	88
2026.08.03	09:03:11.896			179265	1.00000000	88
2026.08.03	09:03:11.896			179270	1.00000000	88
2026.08.03	09:03:11.897			179265	8.00000000	88
2026.08.03	09:03:11.924			179265	5.00000000	88
2026.08.03	09:03:11.925			179260	18.00000000	88
2026.08.03	09:03:11.925			179255	34.00000000	88
2026.08.03	09:03:11.926			179255	33.00000000	88
2026.08.03	09:03:11.926			179250	49.00000000	88
2026.08.03	09:03:11.927			179250	37.00000000	88
2026.08.03	09:03:11.927			179255	18.00000000	88
2026.08.03	09:03:11.928			179250	9.00000000	88
2026.08.03	09:03:11.929			179255	2.00000000	88
2026.08.03	09:03:11.929			179250	1.00000000	88
2026.08.03	09:03:11.930			179245	3.00000000	88
2026.08.03	09:03:11.930			179245	14.00000000	88
2026.08.03	09:03:11.931			179240	17.00000000	88
2026.08.03	09:03:11.931			179235	52.00000000	88
2026.08.03	09:03:11.934			179230	34.00000000	88
2026.08.03	09:03:11.935			179230	28.00000000	88
2026.08.03	09:03:11.942			179235	10.00000000	88
2026.08.03	09:03:11.944			179230	2.00000000	88
2026.08.03	09:03:11.946			179235	32.00000000	88
2026.08.03	09:03:11.946			179235	3.00000000	88
2026.08.03	09:03:11.947			179230	1.00000000	88
2026.08.03	09:03:11.947			179235	1.00000000	88
2026.08.03	09:03:11.956			179230	16.00000000	88
2026.08.03	09:03:11.957			179235	1.00000000	88
2026.08.03	09:03:11.958			179225	5.00000000	88
2026.08.03	09:03:11.958			179230	20.00000000	88
2026.08.03	09:03:11.958			179225	5.00000000	88
2026.08.03	09:03:11.959			179230	3.00000000	88
2026.08.03	09:03:11.960			179225	2.00000000	88
2026.08.03	09:03:11.973			179225	31.00000000	88
2026.08.03	09:03:11.988			179220	12.00000000	88
2026.08.03	09:03:11.991			179225	1.00000000	88
2026.08.03	09:03:11.997			179220	6.00000000	88
2026.08.03	09:03:11.999			179225	6.00000000	88
2026.08.03	09:03:12.000			179220	3.00000000	88
2026.08.03	09:03:12.003			179225	3.00000000	88
2026.08.03	09:03:12.003			179230	2.00000000	88
2026.08.03	09:03:12.003			179220	1.00000000	88
2026.08.03	09:03:12.003			179225	1.00000000	88
2026.08.03	09:03:12.004			179220	8.00000000	88
2026.08.03	09:03:12.007			179220	2.00000000	88
2026.08.03	09:03:12.009			179220	1.00000000	88
2026.08.03	09:03:12.012			179220	14.00000000	88
2026.08.03	09:03:12.014			179220	2.00000000	88
2026.08.03	09:03:12.015			179225	1.00000000	88
2026.08.03	09:03:12.016			179220	4.00000000	88
2026.08.03	09:03:12.018			179225	8.00000000	88
2026.08.03	09:03:12.019			179220	5.00000000	88
2026.08.03	09:03:12.020			179225	3.00000000	88
2026.08.03	09:03:12.024			179220	12.00000000	88
2026.08.03	09:03:12.024			179215	51.00000000	88
2026.08.03	09:03:12.032			179225	5.00000000	88
2026.08.03	09:03:12.036			179230	1.00000000	88
2026.08.03	09:03:12.038			179225	1.00000000	88
2026.08.03	09:03:12.038			179220	2.00000000	88
2026.08.03	09:03:12.039			179225	1.00000000	88
2026.08.03	09:03:12.039			179230	2.00000000	88
2026.08.03	09:03:12.043			179230	4.00000000	88
2026.08.03	09:03:12.043			179225	4.00000000	88
2026.08.03	09:03:12.045			179230	12.00000000	88
2026.08.03	09:03:12.046			179235	8.00000000	88
2026.08.03	09:03:12.046			179240	4.00000000	88
2026.08.03	09:03:12.047			179235	7.00000000	88
2026.08.03	09:03:12.050			179240	4.00000000	88
2026.08.03	09:03:12.053			179245	12.00000000	88
2026.08.03	09:03:12.053			179250	38.00000000	88
2026.08.03	09:03:12.053			179240	1.00000000	88
2026.08.03	09:03:12.053			179245	7.00000000	88
2026.08.03	09:03:12.054			179240	5.00000000	88
2026.08.03	09:03:12.056			179245	1.00000000	88
2026.08.03	09:03:12.056			179250	1.00000000	88
2026.08.03	09:03:12.057			179245	12.00000000	88
2026.08.03	09:03:12.073			179250	2.00000000	88
2026.08.03	09:03:12.076			179245	1.00000000	88
2026.08.03	09:03:12.078			179245	8.00000000	88
2026.08.03	09:03:12.079			179250	3.00000000	88
2026.08.03	09:03:12.082			179250	1.00000000	88
2026.08.03	09:03:12.082			179245	4.00000000	88
2026.08.03	09:03:12.083			179250	40.00000000	88
2026.08.03	09:03:12.084			179245	44.00000000	88
2026.08.03	09:03:12.084			179250	16.00000000	88
2026.08.03	09:03:12.088			179255	1.00000000	88
2026.08.03	09:03:12.089			179250	11.00000000	88
2026.08.03	09:03:12.098			179255	1.00000000	88
2026.08.03	09:03:12.098			179250	21.00000000	88
2026.08.03	09:03:12.098			179245	5.00000000	88
2026.08.03	09:03:12.102			179255	4.00000000	88
2026.08.03	09:03:12.108			179250	25.00000000	88
2026.08.03	09:03:12.114			179255	3.00000000	88
2026.08.03	09:03:12.120			179250	4.00000000	88
2026.08.03	09:03:12.123			179255	1.00000000	88
2026.08.03	09:03:12.123	179250				2
2026.08.03	09:03:12.123		179255			4
2026.08.03	09:03:12.127			179250	4.00000000	88
2026.08.03	09:03:12.128			179255	30.00000000	56
2026.08.03	09:03:12.128			179260	21.00000000	56
2026.08.03	09:03:12.129			179255	13.00000000	56
2026.08.03	09:03:12.130			179250	13.00000000	88
2026.08.03	09:03:12.131			179250	17.00000000	88
2026.08.03	09:03:12.139			179255	26.00000000	56
2026.08.03	09:03:12.139			179260	24.00000000	56
2026.08.03	09:03:12.141			179250	19.00000000	88
2026.08.03	09:03:12.159			179255	3.00000000	56
2026.08.03	09:03:12.159			179250	11.00000000	88
2026.08.03	09:03:12.159			179255	11.00000000	56
2026.08.03	09:03:12.160			179260	1.00000000	56
2026.08.03	09:03:12.160			179265	2.00000000	56
2026.08.03	09:03:12.160			179260	4.00000000	56
2026.08.03	09:03:12.162			179260	8.00000000	56
2026.08.03	09:03:12.163			179255	3.00000000	56
2026.08.03	09:03:12.166			179260	2.00000000	56
2026.08.03	09:03:12.168			179255	6.00000000	56
2026.08.03	09:03:12.169			179260	1.00000000	56
2026.08.03	09:03:12.176			179255	1.00000000	56
2026.08.03	09:03:12.176			179260	5.00000000	56
2026.08.03	09:03:12.177			179255	3.00000000	56
2026.08.03	09:03:12.186			179260	5.00000000	56
2026.08.03	09:03:12.186			179255	6.00000000	56
2026.08.03	09:03:12.192			179260	4.00000000	56
2026.08.03	09:03:12.197			179265	2.00000000	56
2026.08.03	09:03:12.199			179260	1.00000000	56
2026.08.03	09:03:12.201			179260	2.00000000	56
2026.08.03	09:03:12.202			179260	10.00000000	56
2026.08.03	09:03:12.209			179260	15.00000000	56
2026.08.03	09:03:12.209			179255	10.00000000	56
2026.08.03	09:03:12.209			179260	4.00000000	56
2026.08.03	09:03:12.217			179265	1.00000000	56
2026.08.03	09:03:12.217			179260	2.00000000	56
2026.08.03	09:03:12.219			179265	1.00000000	56
2026.08.03	09:03:12.226			179260	8.00000000	56
2026.08.03	09:03:12.226			179255	7.00000000	56
2026.08.03	09:03:12.229			179260	3.00000000	56
2026.08.03	09:03:12.233			179265	3.00000000	56
2026.08.03	09:03:12.236			179260	1.00000000	56
2026.08.03	09:03:12.238			179260	2.00000000	56
2026.08.03	09:03:12.240			179260	2.00000000	56
2026.08.03	09:03:12.243			179260	1.00000000	56
2026.08.03	09:03:12.244			179265	2.00000000	56
2026.08.03	09:03:12.245			179260	5.00000000	56
2026.08.03	09:03:12.252			179265	1.00000000	56
2026.08.03	09:03:12.254			179260	1.00000000	56
2026.08.03	09:03:12.265			179265	19.00000000	56
2026.08.03	09:03:12.277			179270	3.00000000	56
2026.08.03	09:03:12.279			179265	4.00000000	56
2026.08.03	09:03:12.282			179265	29.00000000	56
2026.08.03	09:03:12.289			179260	5.00000000	56
2026.08.03	09:03:12.295			179255	2.00000000	56
2026.08.03	09:03:12.295			179260	4.00000000	56
2026.08.03	09:03:12.296			179255	10.00000000	56
2026.08.03	09:03:12.296			179260	2.00000000	56
2026.08.03	09:03:12.301			179255	4.00000000	56
2026.08.03	09:03:12.306			179260	1.00000000	56
2026.08.03	09:03:12.307			179255	1.00000000	56
2026.08.03	09:03:12.312			179260	1.00000000	56
2026.08.03	09:03:12.317			179255	2.00000000	56
2026.08.03	09:03:12.317			179260	1.00000000	56
2026.08.03	09:03:12.318			179255	2.00000000	56
2026.08.03	09:03:12.320			179255	1.00000000	56
2026.08.03	09:03:12.337			179260	5.00000000	56
2026.08.03	09:03:12.343			179265	13.00000000	56
2026.08.03	09:03:12.355			179260	3.00000000	56
2026.08.03	09:03:12.361			179265	4.00000000	56
2026.08.03	09:03:12.363			179265	5.00000000	56
2026.08.03	09:03:12.367			179260	1.00000000	56
2026.08.03	09:03:12.380			179265	4.00000000	56
2026.08.03	09:03:12.390			179265	2.00000000	56
2026.08.03	09:03:12.395			179260	2.00000000	56
2026.08.03	09:03:12.406			179260	8.00000000	56
2026.08.03	09:03:12.406			179265	2.00000000	56
2026.08.03	09:03:12.410			179265	7.00000000	56
2026.08.03	09:03:12.411			179260	1.00000000	56
2026.08.03	09:03:12.421			179260	3.00000000	56
2026.08.03	09:03:12.421			179265	1.00000000	56
2026.08.03	09:03:12.428			179260	33.00000000	56
2026.08.03	09:03:12.443			179255	1.00000000	56
2026.08.03	09:03:12.443			179260	3.00000000	56
2026.08.03	09:03:12.449			179265	2.00000000	56
2026.08.03	09:03:12.449			179260	1.00000000	56
2026.08.03	09:03:12.450			179265	11.00000000	56
2026.08.03	09:03:12.450			179265	3.00000000	56
2026.08.03	09:03:12.453			179265	1.00000000	56
2026.08.03	09:03:12.455			179265	7.00000000	56
2026.08.03	09:03:12.462			179260	8.00000000	56
2026.08.03	09:03:12.465			179265	2.00000000	56
2026.08.03	09:03:12.472			179260	2.00000000	56
2026.08.03	09:03:12.472	179260				2
2026.08.03	09:03:12.472		179265			4
2026.08.03	09:03:12.476			179265	5.00000000	56
2026.08.03	09:03:12.477			179260	5.00000000	56
2026.08.03	09:03:12.480			179265	8.00000000	56
2026.08.03	09:03:12.486			179260	6.00000000	56
2026.08.03	09:03:12.495			179265	5.00000000	56
2026.08.03	09:03:12.495			179270	1.00000000	56
2026.08.03	09:03:12.497			179270	3.00000000	56
2026.08.03	09:03:12.498			179265	2.00000000	56
2026.08.03	09:03:12.502			179265	42.00000000	56
2026.08.03	09:03:12.504			179270	3.00000000	56
2026.08.03	09:03:12.508			179265	2.00000000	56
2026.08.03	09:03:12.508			179270	1.00000000	56
2026.08.03	09:03:12.509			179265	8.00000000	56
2026.08.03	09:03:12.511			179260	36.00000000	88
2026.08.03	09:03:12.511			179255	18.00000000	88
2026.08.03	09:03:12.516			179260	1.00000000	88
2026.08.03	09:03:12.518			179265	1.00000000	56
2026.08.03	09:03:12.518			179260	1.00000000	88
2026.08.03	09:03:12.522			179260	39.00000000	88
2026.08.03	09:03:12.523			179260	2.00000000	88
2026.08.03	09:03:12.527			179260	1.00000000	88
2026.08.03	09:03:12.530			179265	1.00000000	56
2026.08.03	09:03:12.538			179260	2.00000000	88
2026.08.03	09:03:12.540			179265	17.00000000	56
2026.08.03	09:03:12.552			179260	2.00000000	88
2026.08.03	09:03:12.557			179265	1.00000000	56
2026.08.03	09:03:12.560			179260	1.00000000	88
2026.08.03	09:03:12.562			179265	6.00000000	56
2026.08.03	09:03:12.566			179270	34.00000000	56
2026.08.03	09:03:12.566			179275	102.00000000	56
2026.08.03	09:03:12.566			179280	102.00000000	56
2026.08.03	09:03:12.566			179285	35.00000000	56
2026.08.03	09:03:12.566			179280	1.00000000	56
2026.08.03	09:03:12.567			179275	13.00000000	56
2026.08.03	09:03:12.578			179270	6.00000000	56
2026.08.03	09:03:12.579			179270	15.00000000	56
2026.08.03	09:03:12.593			179265	4.00000000	56
2026.08.03	09:03:12.597			179265	2.00000000	56
2026.08.03	09:03:12.602			179270	1.00000000	56
2026.08.03	09:03:12.604			179265	12.00000000	56
2026.08.03	09:03:12.622			179270	2.00000000	56
2026.08.03	09:03:12.622			179265	14.00000000	56
2026.08.03	09:03:12.631			179270	2.00000000	56
2026.08.03	09:03:12.634			179265	4.00000000	56
2026.08.03	09:03:12.639			179265	6.00000000	56
2026.08.03	09:03:12.643			179270	33.00000000	56
2026.08.03	09:03:12.655			179265	20.00000000	56
2026.08.03	09:03:12.656			179260	1.00000000	88
2026.08.03	09:03:12.660			179270	1.00000000	56
2026.08.03	09:03:12.660			179265	5.00000000	56
2026.08.03	09:03:12.661			179270	10.00000000	56
2026.08.03	09:03:12.663			179265	2.00000000	56
2026.08.03	09:03:12.663			179270	4.00000000	56
2026.08.03	09:03:12.673			179265	1.00000000	56
2026.08.03	09:03:12.678			179270	1.00000000	56
2026.08.03	09:03:12.683			179265	3.00000000	56
2026.08.03	09:03:12.683			179270	4.00000000	56
2026.08.03	09:03:12.687			179265	1.00000000	56
2026.08.03	09:03:12.689			179270	1.00000000	56
2026.08.03	09:03:12.700			179265	1.00000000	56
2026.08.03	09:03:12.702			179265	1.00000000	56
2026.08.03	09:03:12.703			179270	1.00000000	56
2026.08.03	09:03:12.703			179270	3.00000000	56
2026.08.03	09:03:12.716			179265	16.00000000	56
2026.08.03	09:03:12.716			179260	86.00000000	88
2026.08.03	09:03:12.717			179265	2.00000000	56
2026.08.03	09:03:12.719			179260	5.00000000	88
2026.08.03	09:03:12.726			179265	11.00000000	56
2026.08.03	09:03:12.734			179270	13.00000000	56
2026.08.03	09:03:12.743			179270	20.00000000	56
2026.08.03	09:03:12.746			179265	1.00000000	56
2026.08.03	09:03:12.749			179265	2.00000000	56
2026.08.03	09:03:12.751			179270	2.00000000	56
2026.08.03	09:03:12.753			179265	22.00000000	56
2026.08.03	09:03:12.753			179260	50.00000000	88
2026.08.03	09:03:12.753			179255	28.00000000	88
2026.08.03	09:03:12.753			179260	2.00000000	88
2026.08.03	09:03:12.753			179265	4.00000000	56
2026.08.03	09:03:12.754			179270	112.00000000	56
2026.08.03	09:03:12.755			179275	29.00000000	56
2026.08.03	09:03:12.755			179270	2.00000000	56
2026.08.03	09:03:12.755			179275	5.00000000	56
2026.08.03	09:03:12.757			179280	25.00000000	56
2026.08.03	09:03:12.758			179285	6.00000000	56
2026.08.03	09:03:12.758			179285	7.00000000	56
2026.08.03	09:03:12.759			179290	34.00000000	56
2026.08.03	09:03:12.760			179295	12.00000000	56
2026.08.03	09:03:12.760			179300	11.00000000	56
2026.08.03	09:03:12.760			179295	12.00000000	56
2026.08.03	09:03:12.761			179300	17.00000000	56
2026.08.03	09:03:12.761			179295	32.00000000	56
2026.08.03	09:03:12.765			179290	19.00000000	56
2026.08.03	09:03:12.771			179285	10.00000000	56
2026.08.03	09:03:12.784			179280	2.00000000	56
2026.08.03	09:03:12.786			179275	6.00000000	56
2026.08.03	09:03:12.787			179270	2.00000000	56
2026.08.03	09:03:12.787			179265	7.00000000	56
2026.08.03	09:03:12.791			179260	11.00000000	88
2026.08.03	09:03:12.799			179255	12.00000000	88
2026.08.03	09:03:12.806			179250	26.00000000	88
2026.08.03	09:03:12.807			179245	10.00000000	88
2026.08.03	09:03:12.808			179240	15.00000000	88
2026.08.03	09:03:12.816			179240	10.00000000	88
2026.08.03	09:03:12.816			179245	8.00000000	88
2026.08.03	09:03:12.818			179240	3.00000000	88
2026.08.03	09:03:12.819			179240	2.00000000	88
2026.08.03	09:03:12.819			179235	3.00000000	88
2026.08.03	09:03:12.819	179235				2
2026.08.03	09:03:12.820		179240			4
2026.08.03	09:03:12.824			179240	8.00000000	56
2026.08.03	09:03:12.824			179245	12.00000000	56
2026.08.03	09:03:12.831			179240	1.00000000	56
2026.08.03	09:03:12.836			179245	2.00000000	56
2026.08.03	09:03:12.836			179235	2.00000000	88
2026.08.03	09:03:12.842			179240	2.00000000	56
2026.08.03	09:03:12.843			179245	1.00000000	56
2026.08.03	09:03:12.845			179235	2.00000000	88
2026.08.03	09:03:12.845			179245	1.00000000	56
2026.08.03	09:03:12.846			179235	3.00000000	88
2026.08.03	09:03:12.846			179240	2.00000000	56
2026.08.03	09:03:12.847			179245	15.00000000	56
2026.08.03	09:03:12.847			179250	10.00000000	56
2026.08.03	09:03:12.848			179255	9.00000000	56
2026.08.03	09:03:12.849			179260	1.00000000	56
2026.08.03	09:03:12.867			179260	5.00000000	56
2026.08.03	09:03:12.868			179255	9.00000000	56
2026.08.03	09:03:12.887			179260	1.00000000	56
2026.08.03	09:03:12.889			179255	3.00000000	56
2026.08.03	09:03:12.907			179260	5.00000000	56
2026.08.03	09:03:12.918			179255	1.00000000	56
2026.08.03	09:03:12.920			179260	1.00000000	56
2026.08.03	09:03:12.924			179255	2.00000000	56
2026.08.03	09:03:12.927			179260	1.00000000	56
2026.08.03	09:03:12.931			179255	8.00000000	56
2026.08.03	09:03:12.950			179255	3.00000000	56
2026.08.03	09:03:12.951			179250	1.00000000	56
2026.08.03	09:03:12.960			179255	2.00000000	56
2026.08.03	09:03:12.965			179250	2.00000000	56
2026.08.03	09:03:12.966			179255	2.00000000	56
2026.08.03	09:03:12.969			179250	3.00000000	56
2026.08.03	09:03:12.973			179255	1.00000000	56
2026.08.03	09:03:12.973			179250	4.00000000	56
2026.08.03	09:03:12.983			179255	1.00000000	56
2026.08.03	09:03:12.988			179250	5.00000000	56
2026.08.03	09:03:12.988			179245	18.00000000	56
2026.08.03	09:03:12.988			179240	27.00000000	56
2026.08.03	09:03:12.989			179250	1.00000000	56
2026.08.03	09:03:12.989			179255	5.00000000	56
2026.08.03	09:03:12.995			179260	1.00000000	56
2026.08.03	09:03:12.995			179260	4.00000000	56
2026.08.03	09:03:13.000			179255	4.00000000	56
2026.08.03	09:03:13.001			179260	2.00000000	56
2026.08.03	09:03:13.004			179255	2.00000000	56
2026.08.03	09:03:13.005			179260	1.00000000	56
2026.08.03	09:03:13.006			179255	5.00000000	56
2026.08.03	09:03:13.007			179260	1.00000000	56
2026.08.03	09:03:13.017			179255	2.00000000	56
2026.08.03	09:03:13.035			179260	1.00000000	56
2026.08.03	09:03:13.037			179255	3.00000000	56
2026.08.03	09:03:13.045			179255	1.00000000	56
2026.08.03	09:03:13.049			179260	2.00000000	56
2026.08.03	09:03:13.049			179265	3.00000000	56
2026.08.03	09:03:13.049			179260	6.00000000	56
2026.08.03	09:03:13.070			179255	3.00000000	56
2026.08.03	09:03:13.071			179260	13.00000000	56
2026.08.03	09:03:13.104			179260	5.00000000	56
2026.08.03	09:03:13.106			179265	4.00000000	56
2026.08.03	09:03:13.110			179260	5.00000000	56
2026.08.03	09:03:13.138			179260	10.00000000	56
2026.08.03	09:03:13.142			179265	10.00000000	56
2026.08.03	09:03:13.142			179260	2.00000000	56
2026.08.03	09:03:13.144			179260	1.00000000	56
2026.08.03	09:03:13.157			179260	2.00000000	88
2026.08.03	09:03:13.163			179265	9.00000000	56
2026.08.03	09:03:13.165			179260	18.00000000	88
2026.08.03	09:03:13.166			179255	1.00000000	88
2026.08.03	09:03:13.173			179260	2.00000000	88
2026.08.03	09:03:13.173			179255	1.00000000	88
2026.08.03	09:03:13.174	179260				2
2026.08.03	09:03:13.174		179265			4
2026.08.03	09:03:13.174			179265	19.00000000	56
2026.08.03	09:03:13.179			179260	6.00000000	88
2026.08.03	09:03:13.179			179255	9.00000000	88
2026.08.03	09:03:13.201			179260	12.00000000	88
2026.08.03	09:03:13.205			179265	11.00000000	56
2026.08.03	09:03:13.206			179270	10.00000000	56
2026.08.03	09:03:13.215			179270	3.00000000	56
2026.08.03	09:03:13.220			179265	1.00000000	56
2026.08.03	09:03:13.229			179265	16.00000000	56
2026.08.03	09:03:13.255			179270	4.00000000	56
2026.08.03	09:03:13.259			179270	1.00000000	56
2026.08.03	09:03:13.259			179275	2.00000000	56
2026.08.03	09:03:13.259			179270	1.00000000	56
2026.08.03	09:03:13.264			179270	1.00000000	56
2026.08.03	09:03:13.284			179270	2.00000000	56
2026.08.03	09:03:13.285			179265	9.00000000	56
2026.08.03	09:03:13.289			179260	2.00000000	88
2026.08.03	09:03:13.294			179265	2.00000000	56
2026.08.03	09:03:13.294			179260	50.00000000	88
2026.08.03	09:03:13.301			179255	99.00000000	88
2026.08.03	09:03:13.301			179250	41.00000000	88
2026.08.03	09:03:13.303			179245	30.00000000	88
2026.08.03	09:03:13.304			179240	67.00000000	88
2026.08.03	09:03:13.306			179235	5.00000000	88
2026.08.03	09:03:13.306			179235	68.00000000	88
2026.08.03	09:03:13.307			179230	48.00000000	88
2026.08.03	09:03:13.307			179225	4.00000000	88
2026.08.03	09:03:13.308			179235	6.00000000	88
2026.08.03	09:03:13.308			179230	15.00000000	88
2026.08.03	09:03:13.309			179225	12.00000000	88
2026.08.03	09:03:13.309			179230	2.00000000	88
2026.08.03	09:03:13.309			179225	89.00000000	88
2026.08.03	09:03:13.311			179230	10.00000000	88
2026.08.03	09:03:13.311			179225	5.00000000	88
2026.08.03	09:03:13.311			179220	57.00000000	88
2026.08.03	09:03:13.311			179225	8.00000000	88
2026.08.03	09:03:13.312			179220	9.00000000	88
2026.08.03	09:03:13.312			179215	2.00000000	88
2026.08.03	09:03:13.312			179220	2.00000000	88
2026.08.03	09:03:13.317			179220	9.00000000	88
2026.08.03	09:03:13.318			179225	36.00000000	88
2026.08.03	09:03:13.328			179230	1.00000000	88
2026.08.03	09:03:13.328			179225	6.00000000	88
2026.08.03	09:03:13.333			179220	1.00000000	88
2026.08.03	09:03:13.333			179225	5.00000000	88
2026.08.03	09:03:13.337			179220	1.00000000	88
2026.08.03	09:03:13.340			179225	5.00000000	88
2026.08.03	09:03:13.341			179230	1.00000000	88
2026.08.03	09:03:13.353			179225	1.00000000	88
2026.08.03	09:03:13.353			179220	1.00000000	88
2026.08.03	09:03:13.354			179225	1.00000000	88
2026.08.03	09:03:13.354			179220	1.00000000	88
2026.08.03	09:03:13.355			179225	5.00000000	88
2026.08.03	09:03:13.356			179225	6.00000000	88
2026.08.03	09:03:13.358			179225	4.00000000	88
2026.08.03	09:03:13.359			179220	1.00000000	88
2026.08.03	09:03:13.360			179225	10.00000000	88
2026.08.03	09:03:13.370			179220	9.00000000	88
2026.08.03	09:03:13.382			179225	8.00000000	88
2026.08.03	09:03:13.402			179220	1.00000000	88
2026.08.03	09:03:13.402			179225	14.00000000	88
2026.08.03	09:03:13.408			179220	1.00000000	88
2026.08.03	09:03:13.408			179225	4.00000000	88
2026.08.03	09:03:13.409			179220	1.00000000	88
2026.08.03	09:03:13.418			179225	13.00000000	88
2026.08.03	09:03:13.422			179220	3.00000000	88
2026.08.03	09:03:13.427			179215	1.00000000	88
2026.08.03	09:03:13.428			179220	9.00000000	88
2026.08.03	09:03:13.430			179225	1.00000000	88
2026.08.03	09:03:13.433			179225	1.00000000	88
2026.08.03	09:03:13.435			179220	1.00000000	88
2026.08.03	09:03:13.443			179225	1.00000000	88
2026.08.03	09:03:13.445			179220	5.00000000	88
2026.08.03	09:03:13.446			179215	3.00000000	88
2026.08.03	09:03:13.449			179220	1.00000000	88
2026.08.03	09:03:13.466			179215	1.00000000	88
2026.08.03	09:03:13.467			179220	5.00000000	88
2026.08.03	09:03:13.469			179215	4.00000000	88
2026.08.03	09:03:13.474			179215	129.00000000	88
2026.08.03	09:03:13.486			179210	21.00000000	88
2026.08.03	09:03:13.487			179215	17.00000000	88
2026.08.03	09:03:13.488			179215	11.00000000	88
2026.08.03	09:03:13.491			179220	10.00000000	88
2026.08.03	09:03:13.491			179225	11.00000000	88
2026.08.03	09:03:13.503			179215	1.00000000	88
2026.08.03	09:03:13.513			179220	5.00000000	88
2026.08.03	09:03:13.516			179215	5.00000000	88
2026.08.03	09:03:13.520	179215				2
2026.08.03	09:03:13.524		179220			4
2026.08.03	09:03:13.530			179220	5.00000000	56
2026.08.03	09:03:13.536			179215	5.00000000	88
2026.08.03	09:03:13.536			179210	4.00000000	88
2026.08.03	09:03:13.537			179215	10.00000000	88
2026.08.03	09:03:13.537			179210	1.00000000	88
2026.08.03	09:03:13.542			179215	10.00000000	88
2026.08.03	09:03:13.542			179220	10.00000000	56
2026.08.03	09:03:13.543			179215	2.00000000	88
2026.08.03	09:03:13.547			179210	18.00000000	88
2026.08.03	09:03:13.550			179205	1.00000000	88
2026.08.03	09:03:13.551			179205	54.00000000	88
2026.08.03	09:03:13.551			179200	83.00000000	88
2026.08.03	09:03:13.551			179205	5.00000000	88
2026.08.03	09:03:13.551			179200	12.00000000	88
2026.08.03	09:03:13.551			179205	6.00000000	88
2026.08.03	09:03:13.551			179205	2.00000000	88
2026.08.03	09:03:13.552			179210	20.00000000	88
2026.08.03	09:03:13.555			179215	6.00000000	88
2026.08.03	09:03:13.555			179210	12.00000000	88
2026.08.03	09:03:13.556			179205	1.00000000	88
2026.08.03	09:03:13.558			179210	1.00000000	88
2026.08.03	09:03:13.559			179205	10.00000000	88
2026.08.03	09:03:13.563			179210	4.00000000	88
2026.08.03	09:03:13.564			179210	2.00000000	88
2026.08.03	09:03:13.567			179215	16.00000000	88
2026.08.03	09:03:13.569			179220	6.00000000	56
2026.08.03	09:03:13.570			179215	3.00000000	88
2026.08.03	09:03:13.570			179220	12.00000000	56
2026.08.03	09:03:13.574			179225	1.00000000	56
2026.08.03	09:03:13.584			179225	2.00000000	56
2026.08.03	09:03:13.585			179220	3.00000000	56
2026.08.03	09:03:13.589			179225	9.00000000	56
2026.08.03	09:03:13.607			179230	4.00000000	56
2026.08.03	09:03:13.610			179225	5.00000000	56
2026.08.03	09:03:13.613			179230	1.00000000	56
2026.08.03	09:03:13.615			179225	11.00000000	56
2026.08.03	09:03:13.622			179220	49.00000000	56
2026.08.03	09:03:13.623			179225	13.00000000	56
2026.08.03	09:03:13.633			179230	24.00000000	56
2026.08.03	09:03:13.633			179235	116.00000000	56
2026.08.03	09:03:13.633			179240	95.00000000	56
2026.08.03	09:03:13.633			179245	18.00000000	56
2026.08.03	09:03:13.633			179245	47.00000000	56
2026.08.03	09:03:13.633			179235	1.00000000	56
2026.08.03	09:03:13.635			179225	1.00000000	56
2026.08.03	09:03:13.635			179230	1.00000000	56
2026.08.03	09:03:13.635			179225	9.00000000	56
2026.08.03	09:03:13.650			179230	1.00000000	56
2026.08.03	09:03:13.660			179225	2.00000000	56
2026.08.03	09:03:13.661			179220	1.00000000	56
2026.08.03	09:03:13.661			179225	1.00000000	56
2026.08.03	09:03:13.668			179225	5.00000000	56
2026.08.03	09:03:13.672			179230	1.00000000	56
2026.08.03	09:03:13.673			179230	1.00000000	56
2026.08.03	09:03:13.674			179225	1.00000000	56
2026.08.03	09:03:13.675			179230	2.00000000	56
2026.08.03	09:03:13.683			179230	10.00000000	56
2026.08.03	09:03:13.683			179235	10.00000000	56
2026.08.03	09:03:13.691			179225	1.00000000	56
2026.08.03	09:03:13.705			179230	10.00000000	56
2026.08.03	09:03:13.709			179235	5.00000000	56
2026.08.03	09:03:13.718			179235	6.00000000	56
2026.08.03	09:03:13.725			179235	1.00000000	56
2026.08.03	09:03:13.726			179235	4.00000000	56
2026.08.03	09:03:13.735			179230	1.00000000	56
2026.08.03	09:03:13.761			179230	2.00000000	56
2026.08.03	09:03:13.767			179235	1.00000000	56
2026.08.03	09:03:13.772			179230	1.00000000	56
2026.08.03	09:03:13.775			179230	9.00000000	56
2026.08.03	09:03:13.812			179230	3.00000000	56
2026.08.03	09:03:13.818			179225	10.00000000	56
2026.08.03	09:03:13.819			179235	6.00000000	56
2026.08.03	09:03:13.830			179230	6.00000000	56
2026.08.03	09:03:13.835			179230	11.00000000	56
2026.08.03	09:03:13.838			179225	7.00000000	56
2026.08.03	09:03:13.851			179230	4.00000000	56
2026.08.03	09:03:13.856			179235	1.00000000	56
2026.08.03	09:03:13.856			179225	8.00000000	56
2026.08.03	09:03:13.856			179230	1.00000000	56
2026.08.03	09:03:13.863			179225	1.00000000	56
2026.08.03	09:03:13.865			179225	2.00000000	56
2026.08.03	09:03:13.870	179225				2
2026.08.03	09:03:13.870		179230			4
2026.08.03	09:03:13.877			179225	3.00000000	88
2026.08.03	09:03:13.885			179230	12.00000000	56
2026.08.03	09:03:13.885			179235	18.00000000	56
2026.08.03	09:03:13.898			179225	3.00000000	88
2026.08.03	09:03:13.904			179225	40.00000000	88
2026.08.03	09:03:13.922			179220	14.00000000	88
2026.08.03	09:03:13.928			179230	2.00000000	56
2026.08.03	09:03:13.928			179235	13.00000000	56
2026.08.03	09:03:13.928			179225	2.00000000	88
2026.08.03	09:03:13.937			179225	1.00000000	88
2026.08.03	09:03:13.937			179230	1.00000000	56
2026.08.03	09:03:13.938			179220	2.00000000	88
2026.08.03	09:03:13.938			179230	13.00000000	56
2026.08.03	09:03:13.938			179235	2.00000000	56
2026.08.03	09:03:13.939			179240	5.00000000	56
2026.08.03	09:03:13.940			179235	2.00000000	56
2026.08.03	09:03:13.941			179240	2.00000000	56
2026.08.03	09:03:13.942			179245	16.00000000	56
2026.08.03	09:03:13.943			179240	8.00000000	56
2026.08.03	09:03:13.954			179245	1.00000000	56
2026.08.03	09:03:13.956			179240	2.00000000	56
2026.08.03	09:03:13.958			179235	1.00000000	56
2026.08.03	09:03:13.962			179240	2.00000000	56
2026.08.03	09:03:13.962			179235	3.00000000	56
2026.08.03	09:03:13.970			179240	23.00000000	56
2026.08.03	09:03:13.989			179245	3.00000000	56
2026.08.03	09:03:13.990			179240	6.00000000	56
2026.08.03	09:03:13.994			179245	1.00000000	56
2026.08.03	09:03:13.998			179245	1.00000000	56
2026.08.03	09:03:14.003			179240	2.00000000	56
2026.08.03	09:03:14.014			179245	2.00000000	56
2026.08.03	09:03:14.017			179240	10.00000000	56
2026.08.03	09:03:14.018			179245	1.00000000	56
2026.08.03	09:03:14.019			179240	6.00000000	56
2026.08.03	09:03:14.023			179245	4.00000000	56
2026.08.03	09:03:14.037			179240	18.00000000	56
2026.08.03	09:03:14.041			179240	3.00000000	56
2026.08.03	09:03:14.043			179240	2.00000000	56
2026.08.03	09:03:14.043			179235	3.00000000	56
2026.08.03	09:03:14.044			179240	10.00000000	56
2026.08.03	09:03:14.052			179235	7.00000000	56
2026.08.03	09:03:14.057			179240	1.00000000	56
2026.08.03	09:03:14.062			179245	2.00000000	56
2026.08.03	09:03:14.063			179240	5.00000000	56
2026.08.03	09:03:14.064			179235	1.00000000	56
2026.08.03	09:03:14.076			179245	19.00000000	56
2026.08.03	09:03:14.076			179250	1.00000000	56
2026.08.03	09:03:14.076			179250	85.00000000	56
2026.08.03	09:03:14.078			179240	3.00000000	56
2026.08.03	09:03:14.078			179235	14.00000000	56
2026.08.03	09:03:14.083			179240	3.00000000	56
2026.08.03	09:03:14.086			179240	12.00000000	56
2026.08.03	09:03:14.086			179235	4.00000000	56
2026.08.03	09:03:14.086			179230	9.00000000	56
2026.08.03	09:03:14.089			179240	2.00000000	56
2026.08.03	09:03:14.096			179240	10.00000000	56
2026.08.03	09:03:14.113			179235	13.00000000	56
2026.08.03	09:03:14.123			179240	1.00000000	56
2026.08.03	09:03:14.124			179235	2.00000000	56
2026.08.03	09:03:14.124			179230	8.00000000	56
2026.08.03	09:03:14.125			179235	3.00000000	56
2026.08.03	09:03:14.136			179235	1.00000000	56
2026.08.03	09:03:14.141			179240	3.00000000	56
2026.08.03	09:03:14.159			179235	3.00000000	56
2026.08.03	09:03:14.161			179235	3.00000000	56
2026.08.03	09:03:14.162			179230	6.00000000	56
2026.08.03	09:03:14.164			179225	6.00000000	88
2026.08.03	09:03:14.178			179225	15.00000000	88
2026.08.03	09:03:14.190			179220	8.00000000	88
2026.08.03	09:03:14.190			179215	51.00000000	88
2026.08.03	09:03:14.190			179210	27.00000000	88
2026.08.03	09:03:14.191			179215	1.00000000	88
2026.08.03	09:03:14.191			179220	16.00000000	88
2026.08.03	09:03:14.192			179225	5.00000000	88
2026.08.03	09:03:14.194			179220	1.00000000	88
2026.08.03	09:03:14.195			179215	5.00000000	88
2026.08.03	09:03:14.200			179210	1.00000000	88
2026.08.03	09:03:14.210			179215	27.00000000	88
2026.08.03	09:03:14.210			179220	3.00000000	56
2026.08.03	09:03:14.213			179210	5.00000000	88
2026.08.03	09:03:14.213			179215	1.00000000	56
2026.08.03	09:03:14.213			179210	1.00000000	88
2026.08.03	09:03:14.218			179215	1.00000000	56
2026.08.03	09:03:14.218			179210	3.00000000	88
2026.08.03	09:03:14.219			179215	5.00000000	56
2026.08.03	09:03:14.220			179210	3.00000000	88
2026.08.03	09:03:14.220			179215	5.00000000	56
2026.08.03	09:03:14.220			179210	1.00000000	88
2026.08.03	09:03:14.221	179210				2
2026.08.03	09:03:14.221		179215			4
2026.08.03	09:03:14.221			179215	1.00000000	56
2026.08.03	09:03:14.224			179210	7.00000000	88
2026.08.03	09:03:14.228			179205	17.00000000	88
2026.08.03	09:03:14.228			179210	1.00000000	88
2026.08.03	09:03:14.236			179215	5.00000000	56
2026.08.03	09:03:14.242			179220	1.00000000	56
2026.08.03	09:03:14.242			179215	1.00000000	56
2026.08.03	09:03:14.248			179210	4.00000000	88
2026.08.03	09:03:14.251			179205	1.00000000	88
2026.08.03	09:03:14.253			179210	14.00000000	88
2026.08.03	09:03:14.253			179215	29.00000000	56
2026.08.03	09:03:14.253			179220	7.00000000	56
2026.08.03	09:03:14.259			179210	2.00000000	88
2026.08.03	09:03:14.262			179205	4.00000000	88
2026.08.03	09:03:14.262			179210	1.00000000	88
2026.08.03	09:03:14.264			179205	2.00000000	88
2026.08.03	09:03:14.264			179200	1.00000000	88
2026.08.03	09:03:14.264			179205	1.00000000	88
2026.08.03	09:03:14.264			179210	15.00000000	88
2026.08.03	09:03:14.266			179215	2.00000000	56
2026.08.03	09:03:14.283			179210	4.00000000	88
2026.08.03	09:03:14.289			179215	2.00000000	56
2026.08.03	09:03:14.293			179210	2.00000000	88
2026.08.03	09:03:14.298			179205	4.00000000	88
2026.08.03	09:03:14.304			179210	1.00000000	88
2026.08.03	09:03:14.307			179205	1.00000000	88
2026.08.03	09:03:14.310			179210	3.00000000	88
2026.08.03	09:03:14.315			179210	3.00000000	88
2026.08.03	09:03:14.315			179215	2.00000000	56
2026.08.03	09:03:14.315			179210	2.00000000	88
2026.08.03	09:03:14.319			179205	2.00000000	88
2026.08.03	09:03:14.319			179210	10.00000000	88
2026.08.03	09:03:14.322			179215	28.00000000	56
2026.08.03	09:03:14.322			179220	16.00000000	56
2026.08.03	09:03:14.323			179210	7.00000000	88
2026.08.03	09:03:14.324			179205	5.00000000	88
2026.08.03	09:03:14.333			179210	10.00000000	88
2026.08.03	09:03:14.341			179215	1.00000000	56
2026.08.03	09:03:14.353			179210	2.00000000	88
2026.08.03	09:03:14.359			179205	6.00000000	88
2026.08.03	09:03:14.361			179205	4.00000000	88
2026.08.03	09:03:14.372			179205	8.00000000	88
2026.08.03	09:03:14.375			179210	2.00000000	88
2026.08.03	09:03:14.379			179210	4.00000000	88
2026.08.03	09:03:14.380			179215	1.00000000	56
2026.08.03	09:03:14.380			179210	1.00000000	88
2026.08.03	09:03:14.386			179205	5.00000000	88
2026.08.03	09:03:14.391			179210	1.00000000	88
2026.08.03	09:03:14.392			179205	1.00000000	88
2026.08.03	09:03:14.394			179210	1.00000000	88
2026.08.03	09:03:14.399			179215	5.00000000	56
2026.08.03	09:03:14.413			179210	2.00000000	88
2026.08.03	09:03:14.421			179205	10.00000000	88
2026.08.03	09:03:14.421			179215	1.00000000	56
2026.08.03	09:03:14.426			179205	6.00000000	88
2026.08.03	09:03:14.438			179205	2.00000000	88
2026.08.03	09:03:14.448			179215	1.00000000	56
2026.08.03	09:03:14.454			179205	13.00000000	88
2026.08.03	09:03:14.460			179200	44.00000000	88
2026.08.03	09:03:14.464			179195	20.00000000	88
2026.08.03	09:03:14.465			179200	20.00000000	88
2026.08.03	09:03:14.465			179195	23.00000000	88
2026.08.03	09:03:14.477			179200	1.00000000	88
2026.08.03	09:03:14.482			179195	1.00000000	88
2026.08.03	09:03:14.490			179200	12.00000000	88
2026.08.03	09:03:14.490			179200	11.00000000	88
2026.08.03	09:03:14.490			179205	7.00000000	88
2026.08.03	09:03:14.492			179200	4.00000000	88
2026.08.03	09:03:14.495			179195	1.00000000	88
2026.08.03	09:03:14.499			179200	15.00000000	88
2026.08.03	09:03:14.503			179195	9.00000000	88
2026.08.03	09:03:14.514			179200	15.00000000	88
2026.08.03	09:03:14.518			179195	4.00000000	88
2026.08.03	09:03:14.529			179200	4.00000000	88
2026.08.03	09:03:14.529			179200	1.00000000	88
2026.08.03	09:03:14.531			179195	6.00000000	88
2026.08.03	09:03:14.532			179195	1.00000000	88
2026.08.03	09:03:14.534			179195	3.00000000	88
2026.08.03	09:03:14.536			179200	1.00000000	88
2026.08.03	09:03:14.538			179195	2.00000000	88
2026.08.03	09:03:14.548			179195	1.00000000	88
2026.08.03	09:03:14.548			179200	13.00000000	88
2026.08.03	09:03:14.549			179205	9.00000000	88
2026.08.03	09:03:14.550			179200	1.00000000	88
2026.08.03	09:03:14.550			179195	11.00000000	88
2026.08.03	09:03:14.569			179200	5.00000000	88
2026.08.03	09:03:14.571			179195	1.00000000	88
2026.08.03	09:03:14.571			179200	1.00000000	88
2026.08.03	09:03:14.571	179195				2
2026.08.03	09:03:14.571		179200			4
2026.08.03	09:03:14.578			179200	11.00000000	56
2026.08.03	09:03:14.578			179205	9.00000000	56
2026.08.03	09:03:14.579			179195	1.00000000	88
2026.08.03	09:03:14.583			179195	35.00000000	88
2026.08.03	09:03:14.586			179195	2.00000000	88
2026.08.03	09:03:14.587			179200	2.00000000	56
2026.08.03	09:03:14.590			179195	39.00000000	88
2026.08.03	09:03:14.596			179190	52.00000000	88
2026.08.03	09:03:14.597			179185	48.00000000	88
2026.08.03	09:03:14.598			179190	12.00000000	88
2026.08.03	09:03:14.599			179190	8.00000000	88
2026.08.03	09:03:14.600			179195	14.00000000	88
2026.08.03	09:03:14.601			179200	12.00000000	56
2026.08.03	09:03:14.608			179195	3.00000000	88
2026.08.03	09:03:14.617			179200	1.00000000	56
2026.08.03	09:03:14.618			179195	3.00000000	88
2026.08.03	09:03:14.622			179200	3.00000000	56
2026.08.03	09:03:14.623			179195	3.00000000	88
2026.08.03	09:03:14.633			179200	6.00000000	56
2026.08.03	09:03:14.636			179195	3.00000000	88
2026.08.03	09:03:14.640			179200	1.00000000	56
2026.08.03	09:03:14.642			179195	1.00000000	88
2026.08.03	09:03:14.649			179195	7.00000000	88
2026.08.03	09:03:14.652			179195	18.00000000	88
2026.08.03	09:03:14.656			179190	13.00000000	88
2026.08.03	09:03:14.658			179185	2.00000000	88
2026.08.03	09:03:14.659			179180	16.00000000	88
2026.08.03	09:03:14.659			179185	1.00000000	88
2026.08.03	09:03:14.659			179180	3.00000000	88
2026.08.03	09:03:14.659			179185	1.00000000	88
2026.08.03	09:03:14.664			179180	8.00000000	88
2026.08.03	09:03:14.674			179185	8.00000000	88
2026.08.03	09:03:14.675			179180	2.00000000	88
2026.08.03	09:03:14.683			179180	1.00000000	88
2026.08.03	09:03:14.695			179185	1.00000000	88
2026.08.03	09:03:14.696			179180	59.00000000	88
2026.08.03	09:03:14.704			179175	12.00000000	88
2026.08.03	09:03:14.704			179180	19.00000000	88
2026.08.03	09:03:14.704			179175	6.00000000	88
2026.08.03	09:03:14.704			179180	23.00000000	88
2026.08.03	09:03:14.715			179185	2.00000000	88
2026.08.03	09:03:14.715			179180	5.00000000	88
2026.08.03	09:03:14.719			179185	16.00000000	88
2026.08.03	09:03:14.719			179190	12.00000000	88
2026.08.03	09:03:14.723			179190	4.00000000	88
2026.08.03	09:03:14.724			179195	2.00000000	88
2026.08.03	09:03:14.724			179190	2.00000000	88
2026.08.03	09:03:14.725			179185	4.00000000	88
2026.08.03	09:03:14.732			179190	1.00000000	88
2026.08.03	09:03:14.733			179185	1.00000000	88
2026.08.03	09:03:14.733			179180	1.00000000	88
2026.08.03	09:03:14.734			179190	1.00000000	88
2026.08.03	09:03:14.735			179185	2.00000000	88
2026.08.03	09:03:14.736			179190	1.00000000	88
2026.08.03	09:03:14.740			179185	18.00000000	88
2026.08.03	09:03:14.749			179185	1.00000000	88
2026.08.03	09:03:14.749			179180	4.00000000	88
2026.08.03	09:03:14.788			179190	9.00000000	88
2026.08.03	09:03:14.788			179195	50.00000000	88
2026.08.03	09:03:14.788			179200	73.00000000	56
2026.08.03	09:03:14.788			179205	9.00000000	56
2026.08.03	09:03:14.788			179205	59.00000000	56
2026.08.03	09:03:14.789			179190	2.00000000	88
2026.08.03	09:03:14.791			179185	5.00000000	88
2026.08.03	09:03:14.798			179185	11.00000000	88
2026.08.03	09:03:14.804			179180	1.00000000	88
2026.08.03	09:03:14.810			179185	9.00000000	88
2026.08.03	09:03:14.812			179190	11.00000000	88
2026.08.03	09:03:14.812			179190	17.00000000	88
2026.08.03	09:03:14.812			179195	24.00000000	88
2026.08.03	09:03:14.812			179185	1.00000000	88
2026.08.03	09:03:14.813			179190	4.00000000	88
2026.08.03	09:03:14.814			179185	1.00000000	88
2026.08.03	09:03:14.819			179185	1.00000000	88
2026.08.03	09:03:14.819			179180	1.00000000	88
2026.08.03	09:03:14.819			179185	4.00000000	88
2026.08.03	09:03:14.821			179185	1.00000000	88
2026.08.03	09:03:14.821			179180	2.00000000	88
2026.08.03	09:03:14.824			179185	2.00000000	88
2026.08.03	09:03:14.826			179185	10.00000000	88
2026.08.03	09:03:14.830			179190	5.00000000	88
2026.08.03	09:03:14.837			179185	1.00000000	88
2026.08.03	09:03:14.838			179190	8.00000000	88
2026.08.03	09:03:14.840			179195	4.00000000	88
2026.08.03	09:03:14.843			179190	50.00000000	88
2026.08.03	09:03:14.843			179185	3.00000000	88
2026.08.03	09:03:14.844			179200	10.00000000	56
2026.08.03	09:03:14.844			179195	14.00000000	88
2026.08.03	09:03:14.844			179190	6.00000000	88
2026.08.03	09:03:14.845			179195	5.00000000	88
2026.08.03	09:03:14.850			179200	12.00000000	56
2026.08.03	09:03:14.855			179195	1.00000000	88
2026.08.03	09:03:14.862			179195	2.00000000	88
2026.08.03	09:03:14.867			179195	1.00000000	88
2026.08.03	09:03:14.870			179200	3.00000000	56
2026.08.03	09:03:14.878			179195	2.00000000	88
2026.08.03	09:03:14.884			179200	1.00000000	56
2026.08.03	09:03:14.885			179195	6.00000000	88
2026.08.03	09:03:14.885			179190	54.00000000	88
2026.08.03	09:03:14.887			179195	1.00000000	88
2026.08.03	09:03:14.888			179190	5.00000000	88
2026.08.03	09:03:14.891			179185	8.00000000	88
2026.08.03	09:03:14.907			179185	6.00000000	88
2026.08.03	09:03:14.907			179185	12.00000000	88
2026.08.03	09:03:14.907			179190	12.00000000	88
2026.08.03	09:03:14.917			179180	3.00000000	88
2026.08.03	09:03:14.917			179180	2.00000000	88
2026.08.03	09:03:14.917	179180				2
2026.08.03	09:03:14.917		179185			4
2026.08.03	09:03:14.928			179185	3.00000000	56
2026.08.03	09:03:14.931			179180	1.00000000	88
2026.08.03	09:03:14.933			179180	13.00000000	88
2026.08.03	09:03:14.938			179175	2.00000000	88
2026.08.03	09:03:14.942			179185	9.00000000	56
2026.08.03	09:03:14.942			179190	2.00000000	56
2026.08.03	09:03:14.943			179195	2.00000000	56
2026.08.03	09:03:14.946			179190	2.00000000	56
2026.08.03	09:03:14.947			179185	1.00000000	56
2026.08.03	09:03:14.951			179195	10.00000000	56
2026.08.03	09:03:14.955			179190	15.00000000	56
2026.08.03	09:03:14.964			179195	2.00000000	56
2026.08.03	09:03:14.965			179190	4.00000000	56
2026.08.03	09:03:14.972			179185	2.00000000	56
2026.08.03	09:03:14.979			179190	1.00000000	56
2026.08.03	09:03:14.982			179195	1.00000000	56
2026.08.03	09:03:14.987			179185	7.00000000	56
2026.08.03	09:03:14.988			179195	1.00000000	56
2026.08.03	09:03:14.994			179185	3.00000000	56
2026.08.03	09:03:14.999			179185	2.00000000	56
2026.08.03	09:03:15.002			179185	1.00000000	56
2026.08.03	09:03:15.007			179190	1.00000000	56
2026.08.03	09:03:15.007			179185	4.00000000	56
2026.08.03	09:03:15.009			179190	5.00000000	56
2026.08.03	09:03:15.019			179185	7.00000000	56
2026.08.03	09:03:15.030			179190	15.00000000	56
2026.08.03	09:03:15.039			179190	4.00000000	56
2026.08.03	09:03:15.039			179185	21.00000000	56
2026.08.03	09:03:15.049			179190	1.00000000	56
2026.08.03	09:03:15.050			179190	17.00000000	56
2026.08.03	09:03:15.083			179190	1.00000000	56
2026.08.03	09:03:15.087			179190	1.00000000	56
2026.08.03	09:03:15.088			179185	15.00000000	56
2026.08.03	09:03:15.090			179190	2.00000000	56
2026.08.03	09:03:15.099			179190	15.00000000	56
2026.08.03	09:03:15.103			179190	2.00000000	56
2026.08.03	09:03:15.103			179195	45.00000000	56
2026.08.03	09:03:15.110			179190	5.00000000	56
2026.08.03	09:03:15.111			179195	1.00000000	56
2026.08.03	09:03:15.113			179190	5.00000000	56
2026.08.03	09:03:15.113			179185	12.00000000	56
2026.08.03	09:03:15.114			179180	2.00000000	88
2026.08.03	09:03:15.115			179175	2.00000000	88
2026.08.03	09:03:15.118			179180	4.00000000	88
2026.08.03	09:03:15.126			179175	24.00000000	88
2026.08.03	09:03:15.134			179180	2.00000000	88
2026.08.03	09:03:15.135			179185	17.00000000	56
2026.08.03	09:03:15.136			179180	6.00000000	88
2026.08.03	09:03:15.140			179185	2.00000000	56
2026.08.03	09:03:15.141			179180	1.00000000	88
2026.08.03	09:03:15.143			179185	6.00000000	56
2026.08.03	09:03:15.150			179190	20.00000000	56
2026.08.03	09:03:15.152			179185	9.00000000	56
2026.08.03	09:03:15.157			179190	22.00000000	56
2026.08.03	09:03:15.160			179185	17.00000000	56
2026.08.03	09:03:15.161			179180	15.00000000	88
2026.08.03	09:03:15.161			179185	1.00000000	56
2026.08.03	09:03:15.169			179190	5.00000000	56
2026.08.03	09:03:15.169			179185	1.00000000	56
2026.08.03	09:03:15.173			179190	2.00000000	56
2026.08.03	09:03:15.174			179185	2.00000000	56
2026.08.03	09:03:15.174			179190	3.00000000	56
2026.08.03	09:03:15.174			179190	3.00000000	56
2026.08.03	09:03:15.174			179195	2.00000000	56
2026.08.03	09:03:15.174			179185	1.00000000	56
2026.08.03	09:03:15.175			179190	1.00000000	56
2026.08.03	09:03:15.181			179185	5.00000000	56
2026.08.03	09:03:15.183			179185	1.00000000	56
2026.08.03	09:03:15.186			179185	4.00000000	56
2026.08.03	09:03:15.191			179185	3.00000000	56
2026.08.03	09:03:15.191			179185	5.00000000	56
2026.08.03	09:03:15.191			179190	1.00000000	56
2026.08.03	09:03:15.202			179185	25.00000000	56
2026.08.03	09:03:15.211			179180	2.00000000	88
2026.08.03	09:03:15.212			179185	15.00000000	56
2026.08.03	09:03:15.212			179180	2.00000000	88
2026.08.03	09:03:15.220			179185	5.00000000	56
2026.08.03	09:03:15.221			179180	1.00000000	88
2026.08.03	09:03:15.232			179180	6.00000000	88
2026.08.03	09:03:15.237			179185	2.00000000	56
2026.08.03	09:03:15.239			179180	12.00000000	88
2026.08.03	09:03:15.242			179175	1.00000000	88
2026.08.03	09:03:15.242			179180	34.00000000	88
2026.08.03	09:03:15.248			179185	1.00000000	56
2026.08.03	09:03:15.248			179180	3.00000000	88
2026.08.03	09:03:15.254			179180	1.00000000	88
2026.08.03	09:03:15.257			179180	2.00000000	88
2026.08.03	09:03:15.265			179180	32.00000000	88
2026.08.03	09:03:15.289			179175	2.00000000	88
2026.08.03	09:03:15.290			179185	1.00000000	56
2026.08.03	09:03:15.293			179185	11.00000000	56
2026.08.03	09:03:15.298			179180	3.00000000	88
2026.08.03	09:03:15.299			179185	9.00000000	56
2026.08.03	09:03:15.303			179190	1.00000000	56
2026.08.03	09:03:15.304			179185	3.00000000	56
2026.08.03	09:03:15.310			179180	5.00000000	88
2026.08.03	09:03:15.317			179185	1.00000000	56
2026.08.03	09:03:15.317			179190	4.00000000	56
2026.08.03	09:03:15.317			179185	1.00000000	56
2026.08.03	09:03:15.321			179180	1.00000000	88
2026.08.03	09:03:15.321			179185	5.00000000	56
2026.08.03	09:03:15.324			179180	2.00000000	88
2026.08.03	09:03:15.325			179185	11.00000000	56
2026.08.03	09:03:15.330			179190	1.00000000	56
2026.08.03	09:03:15.331			179185	7.00000000	56
2026.08.03	09:03:15.340			179190	30.00000000	56
2026.08.03	09:03:15.340			179180	2.00000000	88
2026.08.03	09:03:15.340			179185	3.00000000	56
2026.08.03	09:03:15.341			179190	2.00000000	56
2026.08.03	09:03:15.341			179185	3.00000000	56
2026.08.03	09:03:15.342			179180	3.00000000	88
2026.08.03	09:03:15.345			179185	11.00000000	56
2026.08.03	09:03:15.347			179190	2.00000000	56
2026.08.03	09:03:15.351			179185	12.00000000	56
2026.08.03	09:03:15.351			179180	91.00000000	88
2026.08.03	09:03:15.351			179175	90.00000000	88
2026.08.03	09:03:15.351			179175	7.00000000	88
2026.08.03	09:03:15.352			179180	3.00000000	88
2026.08.03	09:03:15.353			179185	3.00000000	56
2026.08.03	09:03:15.354			179190	1.00000000	56
2026.08.03	09:03:15.354			179185	3.00000000	56
2026.08.03	09:03:15.354			179185	2.00000000	56
2026.08.03	09:03:15.359			179185	1.00000000	56
2026.08.03	09:03:15.361			179190	1.00000000	56
2026.08.03	09:03:15.363			179190	1.00000000	56
2026.08.03	09:03:15.369			179185	2.00000000	56
2026.08.03	09:03:15.374			179185	8.00000000	56
2026.08.03	09:03:15.376			179190	1.00000000	56
2026.08.03	09:03:15.377			179190	2.00000000	56
2026.08.03	09:03:15.378			179190	1.00000000	56
2026.08.03	09:03:15.383			179195	4.00000000	56
2026.08.03	09:03:15.393			179190	2.00000000	56
2026.08.03	09:03:15.398			179190	1.00000000	56
2026.08.03	09:03:15.402			179190	1.00000000	56
2026.08.03	09:03:15.406			179190	3.00000000	56
2026.08.03	09:03:15.410			179195	18.00000000	56
2026.08.03	09:03:15.410			179195	13.00000000	56
2026.08.03	09:03:15.414			179200	18.00000000	56
2026.08.03	09:03:15.415			179200	10.00000000	56
2026.08.03	09:03:15.417			179195	1.00000000	56
2026.08.03	09:03:15.419			179200	1.00000000	56
2026.08.03	09:03:15.420			179195	2.00000000	56
2026.08.03	09:03:15.425			179195	1.00000000	56
2026.08.03	09:03:15.426			179200	5.00000000	56
2026.08.03	09:03:15.435			179200	2.00000000	56
2026.08.03	09:03:15.436			179205	4.00000000	56
2026.08.03	09:03:15.445			179205	1.00000000	56
2026.08.03	09:03:15.445			179200	8.00000000	56
2026.08.03	09:03:15.446			179195	4.00000000	56
2026.08.03	09:03:15.446			179200	3.00000000	56
2026.08.03	09:03:15.447			179195	4.00000000	56
2026.08.03	09:03:15.456			179200	4.00000000	56
2026.08.03	09:03:15.459			179195	15.00000000	56
2026.08.03	09:03:15.461			179200	5.00000000	56
2026.08.03	09:03:15.466			179195	5.00000000	56
2026.08.03	09:03:15.466			179205	72.00000000	56
2026.08.03	09:03:15.468			179210	5.00000000	56
2026.08.03	09:03:15.469			179205	3.00000000	56
2026.08.03	09:03:15.471			179200	1.00000000	56
2026.08.03	09:03:15.473			179205	3.00000000	56
2026.08.03	09:03:15.476			179205	1.00000000	56
2026.08.03	09:03:15.484			179205	14.00000000	56
2026.08.03	09:03:15.484			179200	43.00000000	56
2026.08.03	09:03:15.484			179195	43.00000000	56
2026.08.03	09:03:15.487			179205	1.00000000	56
2026.08.03	09:03:15.487			179200	11.00000000	56
2026.08.03	09:03:15.494			179205	4.00000000	56
2026.08.03	09:03:15.494			179195	6.00000000	56
2026.08.03	09:03:15.495			179200	2.00000000	56
2026.08.03	09:03:15.498			179195	4.00000000	56
2026.08.03	09:03:15.501			179190	14.00000000	56
2026.08.03	09:03:15.503			179185	2.00000000	56
2026.08.03	09:03:15.515			179185	5.00000000	56
2026.08.03	09:03:15.515			179185	13.00000000	56
2026.08.03	09:03:15.515			179180	22.00000000	88
2026.08.03	09:03:15.515			179185	1.00000000	56
2026.08.03	09:03:15.519			179185	6.00000000	56
2026.08.03	09:03:15.524			179185	1.00000000	56
2026.08.03	09:03:15.525			179185	1.00000000	56
2026.08.03	09:03:15.527			179180	1.00000000	88
2026.08.03	09:03:15.533			179185	1.00000000	56
2026.08.03	09:03:15.539			179185	9.00000000	56
2026.08.03	09:03:15.544			179185	1.00000000	56
2026.08.03	09:03:15.551			179185	13.00000000	56
2026.08.03	09:03:15.553			179185	1.00000000	56
2026.08.03	09:03:15.559			179190	4.00000000	56
2026.08.03	09:03:15.566			179180	1.00000000	88
2026.08.03	09:03:15.569			179190	1.00000000	56
2026.08.03	09:03:15.572			179180	6.00000000	88
2026.08.03	09:03:15.573			179185	6.00000000	56
2026.08.03	09:03:15.581			179180	5.00000000	88
2026.08.03	09:03:15.581			179190	1.00000000	56
2026.08.03	09:03:15.585			179180	1.00000000	88
2026.08.03	09:03:15.594			179185	5.00000000	56
2026.08.03	09:03:15.598			179180	2.00000000	88
2026.08.03	09:03:15.601			179185	1.00000000	56
2026.08.03	09:03:15.605			179180	3.00000000	88
2026.08.03	09:03:15.607			179185	3.00000000	56
2026.08.03	09:03:15.616			179180	1.00000000	88
2026.08.03	09:03:15.619			179185	11.00000000	56
2026.08.03	09:03:15.619			179190	20.00000000	56
2026.08.03	09:03:15.620			179185	2.00000000	56
2026.08.03	09:03:15.622			179180	4.00000000	88
2026.08.03	09:03:15.622		179190			4
2026.08.03	09:03:15.641			179185	1.00000000	120
2026.08.03	09:03:15.648			179180	10.00000000	88
2026.08.03	09:03:15.648			179175	3.00000000	88
2026.08.03	09:03:15.651			179175	1.00000000	88
2026.08.03	09:03:15.667			179180	2.00000000	88
2026.08.03	09:03:15.674			179175	1.00000000	88
2026.08.03	09:03:15.676			179170	3.00000000	88
2026.08.03	09:03:15.676			179175	4.00000000	88
2026.08.03	09:03:15.676			179170	4.00000000	88
2026.08.03	09:03:15.676			179175	4.00000000	88
2026.08.03	09:03:15.677			179170	2.00000000	88
2026.08.03	09:03:15.678			179175	5.00000000	88
2026.08.03	09:03:15.679			179180	15.00000000	88
2026.08.03	09:03:15.681			179185	51.00000000	120
2026.08.03	09:03:15.681			179190	1.00000000	56
2026.08.03	09:03:15.681			179180	6.00000000	88
2026.08.03	09:03:15.687			179175	8.00000000	88
2026.08.03	09:03:15.715			179175	15.00000000	88
2026.08.03	09:03:15.715			179170	23.00000000	88
2026.08.03	09:03:15.715			179170	62.00000000	88
2026.08.03	09:03:15.715			179175	11.00000000	88
2026.08.03	09:03:15.717			179170	3.00000000	88
2026.08.03	09:03:15.722			179165	19.00000000	88
2026.08.03	09:03:15.722			179165	19.00000000	88
2026.08.03	09:03:15.727			179170	9.00000000	88
2026.08.03	09:03:15.736			179165	1.00000000	88
2026.08.03	09:03:15.738			179165	1.00000000	88
2026.08.03	09:03:15.739			179175	6.00000000	88
2026.08.03	09:03:15.749			179170	3.00000000	88
2026.08.03	09:03:15.752			179170	1.00000000	88
2026.08.03	09:03:15.754			179175	5.00000000	88
2026.08.03	09:03:15.756			179170	1.00000000	88
2026.08.03	09:03:15.756			179170	6.00000000	88
2026.08.03	09:03:15.756			179165	1.00000000	88
2026.08.03	09:03:15.757			179170	1.00000000	88
2026.08.03	09:03:15.757			179175	3.00000000	88
2026.08.03	09:03:15.758			179170	5.00000000	88
2026.08.03	09:03:15.770			179170	3.00000000	88
2026.08.03	09:03:15.775			179175	1.00000000	88
2026.08.03	09:03:15.779			179170	6.00000000	88
2026.08.03	09:03:15.779			179175	4.00000000	88
2026.08.03	09:03:15.783			179170	6.00000000	88
2026.08.03	09:03:15.791			179165	4.00000000	88
2026.08.03	09:03:15.793			179170	3.00000000	88
2026.08.03	09:03:15.795			179170	6.00000000	88
2026.08.03	09:03:15.801			179175	2.00000000	88
2026.08.03	09:03:15.809			179175	1.00000000	88
2026.08.03	09:03:15.809			179170	3.00000000	88
2026.08.03	09:03:15.815			179165	1.00000000	88
2026.08.03	09:03:15.819			179175	1.00000000	88
2026.08.03	09:03:15.823			179165	2.00000000	88
2026.08.03	09:03:15.826			179170	9.00000000	88
2026.08.03	09:03:15.827			179175	1.00000000	88
2026.08.03	09:03:15.828			179170	1.00000000	88
2026.08.03	09:03:15.830			179175	2.00000000	88
2026.08.03	09:03:15.834			179175	7.00000000	88
2026.08.03	09:03:15.834			179180	3.00000000	88
2026.08.03	09:03:15.849			179170	1.00000000	88
2026.08.03	09:03:15.850			179170	1.00000000	88
2026.08.03	09:03:15.851			179175	2.00000000	88
2026.08.03	09:03:15.852			179175	5.00000000	88
2026.08.03	09:03:15.852			179170	1.00000000	88
2026.08.03	09:03:15.853			179175	1.00000000	88
2026.08.03	09:03:15.872			179170	7.00000000	88
2026.08.03	09:03:15.873			179165	14.00000000	88
2026.08.03	09:03:15.882			179170	1.00000000	88
2026.08.03	09:03:15.891			179175	5.00000000	88
2026.08.03	09:03:15.894			179170	7.00000000	88
2026.08.03	09:03:15.896			179175	1.00000000	88
2026.08.03	09:03:15.897			179170	7.00000000	88
2026.08.03	09:03:15.910			179170	4.00000000	88
2026.08.03	09:03:15.910			179170	3.00000000	88
2026.08.03	09:03:15.924			179165	15.00000000	88
2026.08.03	09:03:15.943			179165	3.00000000	88
2026.08.03	09:03:15.945			179165	1.00000000	88
2026.08.03	09:03:15.946			179170	8.00000000	88
2026.08.03	09:03:15.950			179175	1.00000000	88
2026.08.03	09:03:15.956			179170	1.00000000	88
2026.08.03	09:03:15.956			179175	31.00000000	88
2026.08.03	09:03:15.960			179180	4.00000000	88
2026.08.03	09:03:15.960			179175	2.00000000	88
2026.08.03	09:03:15.966			179170	1.00000000	88
2026.08.03	09:03:15.971			179170	1.00000000	88
2026.08.03	09:03:15.972			179165	2.00000000	88
2026.08.03	09:03:15.972			179170	2.00000000	120
2026.08.03	09:03:15.973	179165				2
2026.08.03	09:03:15.973		179175			4
2026.08.03	09:03:15.973			179165	3.00000000	88
2026.08.03	09:03:15.977			179170	2.00000000	120
2026.08.03	09:03:15.984			179165	4.00000000	88
2026.08.03	09:03:15.985			179170	3.00000000	120
2026.08.03	09:03:15.986			179165	80.00000000	88
2026.08.03	09:03:15.986			179160	82.00000000	88
2026.08.03	09:03:15.986			179165	5.00000000	88
2026.08.03	09:03:15.986			179160	6.00000000	88
2026.08.03	09:03:15.986			179165	1.00000000	88
2026.08.03	09:03:15.986			179160	10.00000000	88
2026.08.03	09:03:15.987			179170	3.00000000	120
2026.08.03	09:03:15.987			179175	17.00000000	56
2026.08.03	09:03:15.988			179165	3.00000000	88
2026.08.03	09:03:15.989			179160	18.00000000	88
2026.08.03	09:03:15.989			179160	13.00000000	88
2026.08.03	09:03:15.991			179155	113.00000000	88
2026.08.03	09:03:15.993			179160	7.00000000	88
2026.08.03	09:03:16.009			179160	5.00000000	88
2026.08.03	09:03:16.018			179160	5.00000000	88
2026.08.03	09:03:16.018			179155	1.00000000	88
2026.08.03	09:03:16.023			179160	48.00000000	88
2026.08.03	09:03:16.040			179155	2.00000000	88
2026.08.03	09:03:16.041			179160	2.00000000	88
2026.08.03	09:03:16.045			179155	1.00000000	88
2026.08.03	09:03:16.050			179155	1.00000000	88
2026.08.03	09:03:16.056			179160	11.00000000	88
2026.08.03	09:03:16.056			179165	36.00000000	88
2026.08.03	09:03:16.058			179170	2.00000000	120
2026.08.03	09:03:16.059			179165	4.00000000	88
2026.08.03	09:03:16.062			179160	2.00000000	88
2026.08.03	09:03:16.062			179155	3.00000000	88
2026.08.03	09:03:16.065			179165	2.00000000	88
2026.08.03	09:03:16.071			179160	3.00000000	88
2026.08.03	09:03:16.085			179155	10.00000000	88
2026.08.03	09:03:16.091			179160	2.00000000	88
2026.08.03	09:03:16.093			179165	18.00000000	88
2026.08.03	09:03:16.093			179170	12.00000000	120
2026.08.03	09:03:16.093			179170	49.00000000	120
2026.08.03	09:03:16.093			179175	95.00000000	56
2026.08.03	09:03:16.093			179180	3.00000000	56
2026.08.03	09:03:16.093			179180	84.00000000	56
2026.08.03	09:03:16.093			179185	39.00000000	56
2026.08.03	09:03:16.093			179175	4.00000000	56
2026.08.03	09:03:16.094			179170	2.00000000	120
2026.08.03	09:03:16.094			179175	6.00000000	56
2026.08.03	09:03:16.095			179170	1.00000000	120
2026.08.03	09:03:16.097			179175	3.00000000	56
2026.08.03	09:03:16.103			179170	1.00000000	120
2026.08.03	09:03:16.110			179175	4.00000000	56
2026.08.03	09:03:16.124			179170	1.00000000	120
2026.08.03	09:03:16.124			179175	3.00000000	56
2026.08.03	09:03:16.132			179170	1.00000000	120
2026.08.03	09:03:16.150			179170	2.00000000	120
2026.08.03	09:03:16.150			179170	10.00000000	120
2026.08.03	09:03:16.152			179165	1.00000000	88
2026.08.03	09:03:16.152			179170	3.00000000	120
2026.08.03	09:03:16.161			179165	25.00000000	88
2026.08.03	09:03:16.187			179170	9.00000000	120
2026.08.03	09:03:16.193			179165	5.00000000	88
2026.08.03	09:03:16.214			179165	15.00000000	88
2026.08.03	09:03:16.226			179170	3.00000000	120
2026.08.03	09:03:16.228			179165	24.00000000	88
2026.08.03	09:03:16.230			179170	1.00000000	120
2026.08.03	09:03:16.232			179165	5.00000000	88
2026.08.03	09:03:16.233			179160	4.00000000	88
2026.08.03	09:03:16.236			179155	11.00000000	88
2026.08.03	09:03:16.239			179150	12.00000000	88
2026.08.03	09:03:16.240			179155	5.00000000	88
2026.08.03	09:03:16.240			179150	1.00000000	88
2026.08.03	09:03:16.240			179155	7.00000000	88
2026.08.03	09:03:16.240			179150	1.00000000	88
2026.08.03	09:03:16.240			179155	8.00000000	88
2026.08.03	09:03:16.249			179155	2.00000000	88
2026.08.03	09:03:16.253			179160	18.00000000	88
2026.08.03	09:03:16.266			179165	1.00000000	88
2026.08.03	09:03:16.270			179160	3.00000000	88
2026.08.03	09:03:16.270			179155	61.00000000	88
2026.08.03	09:03:16.270			179150	36.00000000	88
2026.08.03	09:03:16.270			179160	21.00000000	88
2026.08.03	09:03:16.271			179165	9.00000000	88
2026.08.03	09:03:16.276			179170	5.00000000	120
2026.08.03	09:03:16.277			179165	2.00000000	88
2026.08.03	09:03:16.284			179175	1.00000000	56
2026.08.03	09:03:16.287			179170	1.00000000	120
2026.08.03	09:03:16.298			179170	7.00000000	120
2026.08.03	09:03:16.304			179175	3.00000000	56
2026.08.03	09:03:16.309			179170	4.00000000	120
2026.08.03	09:03:16.309			179165	1.00000000	88
2026.08.03	09:03:16.309			179170	2.00000000	120
2026.08.03	09:03:16.311			179165	26.00000000	88
2026.08.03	09:03:16.316			179170	2.00000000	120
2026.08.03	09:03:16.316			179175	28.00000000	56
2026.08.03	09:03:16.323			179170	1.00000000	120
2026.08.03	09:03:16.323	179170				2
2026.08.03	09:03:16.326			179170	1.00000000	88
2026.08.03	09:03:16.330			179175	2.00000000	56
2026.08.03	09:03:16.333			179170	1.00000000	88
2026.08.03	09:03:16.333			179165	6.00000000	88
2026.08.03	09:03:16.339			179170	3.00000000	88
2026.08.03	09:03:16.346			179165	3.00000000	88
2026.08.03	09:03:16.355			179160	3.00000000	88
2026.08.03	09:03:16.355			179165	4.00000000	88
2026.08.03	09:03:16.380			179165	4.00000000	88
2026.08.03	09:03:16.388			179170	1.00000000	88
2026.08.03	09:03:16.396			179165	1.00000000	88
2026.08.03	09:03:16.399			179170	1.00000000	88
2026.08.03	09:03:16.405			179170	2.00000000	88
2026.08.03	09:03:16.405			179165	19.00000000	88
2026.08.03	09:03:16.406			179170	3.00000000	88
2026.08.03	09:03:16.410			179170	2.00000000	88
2026.08.03	09:03:16.412			179170	1.00000000	88
2026.08.03	09:03:16.421			179170	1.00000000	88
2026.08.03	09:03:16.423			179175	20.00000000	56
2026.08.03	09:03:16.434			179175	1.00000000	56
2026.08.03	09:03:16.435			179170	2.00000000	88
2026.08.03	09:03:16.436			179175	15.00000000	56
2026.08.03	09:03:16.446			179170	1.00000000	88
2026.08.03	09:03:16.448			179175	5.00000000	56
2026.08.03	09:03:16.448			179170	1.00000000	88
2026.08.03	09:03:16.454			179170	13.00000000	88
2026.08.03	09:03:16.468			179175	12.00000000	56
2026.08.03	09:03:16.468			179180	13.00000000	56
2026.08.03	09:03:16.474			179175	6.00000000	56
2026.08.03	09:03:16.499			179180	30.00000000	56
2026.08.03	09:03:16.499			179175	5.00000000	56
2026.08.03	09:03:16.507			179170	22.00000000	88
2026.08.03	09:03:16.510			179180	3.00000000	56
2026.08.03	09:03:16.512			179175	2.00000000	56
2026.08.03	09:03:16.517			179180	1.00000000	56
2026.08.03	09:03:16.519			179175	5.00000000	56
2026.08.03	09:03:16.521			179180	19.00000000	56
2026.08.03	09:03:16.522			179185	27.00000000	56
2026.08.03	09:03:16.522			179185	14.00000000	56
2026.08.03	09:03:16.533			179180	5.00000000	56
2026.08.03	09:03:16.533			179185	1.00000000	56
2026.08.03	09:03:16.533			179180	7.00000000	56
2026.08.03	09:03:16.543			179185	2.00000000	56
2026.08.03	09:03:16.558			179190	3.00000000	56
2026.08.03	09:03:16.560			179185	1.00000000	56
2026.08.03	09:03:16.562			179185	2.00000000	56
2026.08.03	09:03:16.564			179180	5.00000000	56
2026.08.03	09:03:16.578			179180	3.00000000	56
2026.08.03	09:03:16.578			179185	12.00000000	56
2026.08.03	09:03:16.586			179190	2.00000000	56
2026.08.03	09:03:16.591			179180	20.00000000	56
2026.08.03	09:03:16.591			179185	2.00000000	56
2026.08.03	09:03:16.591			179185	2.00000000	56
2026.08.03	09:03:16.598			179185	1.00000000	56
2026.08.03	09:03:16.600			179180	3.00000000	56
2026.08.03	09:03:16.600			179180	6.00000000	56
2026.08.03	09:03:16.604			179190	1.00000000	56
2026.08.03	09:03:16.605			179180	1.00000000	56
2026.08.03	09:03:16.606			179185	1.00000000	56
2026.08.03	09:03:16.608			179185	1.00000000	56
2026.08.03	09:03:16.610			179180	1.00000000	56
2026.08.03	09:03:16.612			179180	10.00000000	56
2026.08.03	09:03:16.618			179190	6.00000000	56
2026.08.03	09:03:16.618			179185	2.00000000	56
2026.08.03	09:03:16.618			179180	34.00000000	56
2026.08.03	09:03:16.619			179175	14.00000000	56
2026.08.03	09:03:16.621			179180	12.00000000	56
2026.08.03	09:03:16.626			179175	28.00000000	56
2026.08.03	09:03:16.627			179170	1.00000000	88
2026.08.03	09:03:16.627			179175	12.00000000	56
2026.08.03	09:03:16.651			179170	2.00000000	88
2026.08.03	09:03:16.657			179175	1.00000000	56
2026.08.03	09:03:16.661			179170	20.00000000	88
2026.08.03	09:03:16.666			179175	2.00000000	56
2026.08.03	09:03:16.670			179170	4.00000000	88
2026.08.03	09:03:16.689			179170	38.00000000	88
2026.08.03	09:03:16.694			179165	4.00000000	88
2026.08.03	09:03:16.694			179170	12.00000000	88
2026.08.03	09:03:16.694			179165	18.00000000	88
2026.08.03	09:03:16.694			179170	2.00000000	88
2026.08.03	09:03:16.695			179165	1.00000000	88
2026.08.03	09:03:16.698			179170	2.00000000	88
2026.08.03	09:03:16.704			179165	20.00000000	88
2026.08.03	09:03:16.707			179170	2.00000000	88
2026.08.03	09:03:16.707			179165	8.00000000	88
2026.08.03	09:03:16.707			179175	2.00000000	56
2026.08.03	09:03:16.713			179170	2.00000000	88
2026.08.03	09:03:16.714			179165	1.00000000	88
2026.08.03	09:03:16.717			179170	5.00000000	88
2026.08.03	09:03:16.726			179165	6.00000000	88
2026.08.03	09:03:16.726			179160	2.00000000	88
2026.08.03	09:03:16.746			179160	13.00000000	88
2026.08.03	09:03:16.753			179165	2.00000000	88
2026.08.03	09:03:16.757			179170	14.00000000	88
2026.08.03	09:03:16.758			179175	9.00000000	56
2026.08.03	09:03:16.758			179180	1.00000000	56
2026.08.03	09:03:16.759			179170	12.00000000	88
2026.08.03	09:03:16.760			179165	1.00000000	88
2026.08.03	09:03:16.760			179160	5.00000000	88
2026.08.03	09:03:16.770			179160	3.00000000	88
2026.08.03	09:03:16.770			179155	4.00000000	88
2026.08.03	09:03:16.770			179160	1.00000000	88
2026.08.03	09:03:16.770			179160	3.00000000	88
2026.08.03	09:03:16.777			179155	4.00000000	88
2026.08.03	09:03:16.781			179160	11.00000000	88
2026.08.03	09:03:16.786			179155	1.00000000	88
2026.08.03	09:03:16.795			179160	1.00000000	88
2026.08.03	09:03:16.809			179155	2.00000000	88
2026.08.03	09:03:16.810			179160	10.00000000	88
2026.08.03	09:03:16.810			179155	2.00000000	88
2026.08.03	09:03:16.820			179160	26.00000000	88
2026.08.03	09:03:16.829			179155	2.00000000	88
2026.08.03	09:03:16.834			179160	6.00000000	88
2026.08.03	09:03:16.835			179155	3.00000000	88
2026.08.03	09:03:16.840			179150	1.00000000	88
2026.08.03	09:03:16.843			179150	7.00000000	88
2026.08.03	09:03:16.850			179150	1.00000000	88
2026.08.03	09:03:16.858			179150	1.00000000	88
2026.08.03	09:03:16.866			179150	2.00000000	88
2026.08.03	09:03:16.869			179155	1.00000000	88
2026.08.03	09:03:16.873			179155	15.00000000	88
2026.08.03	09:03:16.886			179160	3.00000000	88
2026.08.03	09:03:16.895			179155	5.00000000	88
2026.08.03	09:03:16.903			179160	1.00000000	88
2026.08.03	09:03:16.904			179155	2.00000000	88
2026.08.03	09:03:16.907			179160	2.00000000	88
2026.08.03	09:03:16.911			179155	1.00000000	88
2026.08.03	09:03:16.912			179155	25.00000000	88
2026.08.03	09:03:16.915			179155	5.00000000	88
2026.08.03	09:03:16.918			179155	5.00000000	88
2026.08.03	09:03:16.918			179150	15.00000000	88
2026.08.03	09:03:16.922			179160	1.00000000	88
2026.08.03	09:03:16.922			179155	4.00000000	88
2026.08.03	09:03:16.935			179150	1.00000000	88
2026.08.03	09:03:16.944			179155	1.00000000	88
2026.08.03	09:03:16.951			179160	4.00000000	88
2026.08.03	09:03:16.953			179165	3.00000000	88
2026.08.03	09:03:16.953			179165	21.00000000	88
2026.08.03	09:03:16.953			179170	9.00000000	88
2026.08.03	09:03:16.954			179160	5.00000000	88
2026.08.03	09:03:16.954			179155	1.00000000	88
2026.08.03	09:03:16.956			179150	29.00000000	88
2026.08.03	09:03:16.956			179150	53.00000000	88
2026.08.03	09:03:16.956			179150	11.00000000	88
2026.08.03	09:03:16.965			179145	73.00000000	88
2026.08.03	09:03:16.966			179140	5.00000000	88
2026.08.03	09:03:16.967			179145	1.00000000	88
2026.08.03	09:03:16.967			179140	6.00000000	88
2026.08.03	09:03:16.967			179145	39.00000000	88
2026.08.03	09:03:16.967			179140	51.00000000	88
2026.08.03	09:03:16.968			179145	9.00000000	88
2026.08.03	09:03:16.977			179140	2.00000000	88
2026.08.03	09:03:16.978			179145	8.00000000	88
2026.08.03	09:03:16.979			179145	3.00000000	88
2026.08.03	09:03:16.984			179140	6.00000000	88
2026.08.03	09:03:16.996			179145	1.00000000	88
2026.08.03	09:03:16.998			179140	34.00000000	88
2026.08.03	09:03:17.004			179145	9.00000000	88
2026.08.03	09:03:17.007			179140	1.00000000	88
2026.08.03	09:03:17.015			179145	11.00000000	88
2026.08.03	09:03:17.018			179140	2.00000000	88
2026.08.03	09:03:17.019			179145	2.00000000	88
2026.08.03	09:03:17.020			179140	8.00000000	88
2026.08.03	09:03:17.023	179140				2
2026.08.03	09:03:17.023		179145			4
2026.08.03	09:03:17.033			179135	1.00000000	88
2026.08.03	09:03:17.033			179135	4.00000000	88
2026.08.03	09:03:17.033			179140	2.00000000	88
2026.08.03	09:03:17.033			179135	2.00000000	88
2026.08.03	09:03:17.033			179140	1.00000000	88
2026.08.03	09:03:17.033			179135	9.00000000	88
2026.08.03	09:03:17.035			179140	9.00000000	88
2026.08.03	09:03:17.036			179145	11.00000000	56
2026.08.03	09:03:17.038			179155	7.00000000	56
2026.08.03	09:03:17.041			179155	1.00000000	56
2026.08.03	09:03:17.045			179155	4.00000000	56
2026.08.03	09:03:17.053			179150	3.00000000	56
2026.08.03	09:03:17.055			179155	2.00000000	56
2026.08.03	09:03:17.055			179150	1.00000000	56
2026.08.03	09:03:17.058			179155	5.00000000	56
2026.08.03	09:03:17.061			179160	2.00000000	56
2026.08.03	09:03:17.061			179155	5.00000000	56
2026.08.03	09:03:17.071			179160	7.00000000	56
2026.08.03	09:03:17.074			179155	15.00000000	56
2026.08.03	09:03:17.076			179150	6.00000000	56
2026.08.03	09:03:17.078			179155	1.00000000	56
2026.08.03	09:03:17.080			179155	2.00000000	56
2026.08.03	09:03:17.084			179155	2.00000000	56
2026.08.03	09:03:17.086			179160	1.00000000	56
2026.08.03	09:03:17.087			179155	1.00000000	56
2026.08.03	09:03:17.090			179150	1.00000000	56
2026.08.03	09:03:17.097			179155	3.00000000	56
2026.08.03	09:03:17.101			179150	1.00000000	56
2026.08.03	09:03:17.106			179160	5.00000000	56
2026.08.03	09:03:17.106			179155	3.00000000	56
2026.08.03	09:03:17.115			179160	1.00000000	56
2026.08.03	09:03:17.117			179150	1.00000000	56
2026.08.03	09:03:17.121			179155	1.00000000	56
2026.08.03	09:03:17.126			179150	1.00000000	56
2026.08.03	09:03:17.128			179155	2.00000000	56
2026.08.03	09:03:17.131			179160	21.00000000	56
2026.08.03	09:03:17.131			179150	1.00000000	56
2026.08.03	09:03:17.132			179160	2.00000000	56
2026.08.03	09:03:17.135			179155	1.00000000	56
2026.08.03	09:03:17.137			179160	1.00000000	56
2026.08.03	09:03:17.155			179150	2.00000000	56
2026.08.03	09:03:17.159			179155	6.00000000	56
2026.08.03	09:03:17.164			179150	2.00000000	56
2026.08.03	09:03:17.174			179160	5.00000000	56
2026.08.03	09:03:17.174			179155	5.00000000	56
2026.08.03	09:03:17.177			179155	100.00000000	56
2026.08.03	09:03:17.179			179160	1.00000000	56
2026.08.03	09:03:17.180			179150	4.00000000	56
2026.08.03	09:03:17.183			179150	1.00000000	56
2026.08.03	09:03:17.188			179150	2.00000000	56
2026.08.03	09:03:17.191			179145	1.00000000	56
2026.08.03	09:03:17.196			179140	1.00000000	88
2026.08.03	09:03:17.202			179145	1.00000000	56
2026.08.03	09:03:17.202			179140	1.00000000	88
2026.08.03	09:03:17.209			179135	26.00000000	88
2026.08.03	09:03:17.210			179140	15.00000000	88
2026.08.03	09:03:17.210			179145	5.00000000	56
2026.08.03	09:03:17.210			179145	16.00000000	56
2026.08.03	09:03:17.211			179150	2.00000000	56
2026.08.03	09:03:17.223			179155	56.00000000	56
2026.08.03	09:03:17.230			179150	12.00000000	56
2026.08.03	09:03:17.233			179160	10.00000000	56
2026.08.03	09:03:17.236			179155	18.00000000	56
2026.08.03	09:03:17.236			179150	32.00000000	56
2026.08.03	09:03:17.236			179155	22.00000000	56
2026.08.03	09:03:17.244			179150	1.00000000	56
2026.08.03	09:03:17.246			179155	1.00000000	56
2026.08.03	09:03:17.253			179150	7.00000000	56
2026.08.03	09:03:17.264			179155	12.00000000	56
2026.08.03	09:03:17.264			179155	10.00000000	56
2026.08.03	09:03:17.264			179160	8.00000000	56
2026.08.03	09:03:17.266			179150	1.00000000	56
2026.08.03	09:03:17.267			179155	3.00000000	56
2026.08.03	09:03:17.272			179155	3.00000000	56
2026.08.03	09:03:17.273			179160	4.00000000	56
2026.08.03	09:03:17.295			179155	5.00000000	56
2026.08.03	09:03:17.300			179160	3.00000000	56
2026.08.03	09:03:17.301			179155	6.00000000	56
2026.08.03	09:03:17.313			179160	24.00000000	56
2026.08.03	09:03:17.313			179160	5.00000000	56
2026.08.03	09:03:17.316			179155	9.00000000	56
2026.08.03	09:03:17.336			179150	1.00000000	56
2026.08.03	09:03:17.340			179155	1.00000000	56
2026.08.03	09:03:17.340			179150	5.00000000	56
2026.08.03	09:03:17.347			179145	1.00000000	56
2026.08.03	09:03:17.347			179140	4.00000000	88
2026.08.03	09:03:17.348			179145	4.00000000	56
2026.08.03	09:03:17.349			179150	11.00000000	56
2026.08.03	09:03:17.368			179155	7.00000000	56
2026.08.03	09:03:17.373	179155				2
2026.08.03	09:03:17.373		179160			4
2026.08.03	09:03:17.382			179155	5.00000000	56
2026.08.03	09:03:17.384			179160	1.00000000	56
2026.08.03	09:03:17.386			179155	4.00000000	56
2026.08.03	09:03:17.386			179155	1.00000000	88
2026.08.03	09:03:17.387			179150	17.00000000	88
2026.08.03	09:03:17.388			179155	18.00000000	88
2026.08.03	09:03:17.388			179160	2.00000000	56
2026.08.03	09:03:17.390			179155	3.00000000	88
2026.08.03	09:03:17.390			179150	4.00000000	88
2026.08.03	09:03:17.396			179160	1.00000000	56
2026.08.03	09:03:17.396			179150	2.00000000	88
2026.08.03	09:03:17.406			179155	1.00000000	88
2026.08.03	09:03:17.406			179160	3.00000000	56
2026.08.03	09:03:17.415			179155	1.00000000	88
2026.08.03	09:03:17.415			179150	1.00000000	88
2026.08.03	09:03:17.417			179145	1.00000000	88
2026.08.03	09:03:17.418			179150	4.00000000	88
2026.08.03	09:03:17.432			179150	16.00000000	88
2026.08.03	09:03:17.443			179155	1.00000000	88
2026.08.03	09:03:17.446			179150	99.00000000	88
2026.08.03	09:03:17.449			179145	2.00000000	88
2026.08.03	09:03:17.451			179150	2.00000000	88
2026.08.03	09:03:17.451			179145	23.00000000	88
2026.08.03	09:03:17.457			179145	5.00000000	88
2026.08.03	09:03:17.460			179150	1.00000000	88
2026.08.03	09:03:17.460			179145	3.00000000	88
2026.08.03	09:03:17.465			179150	2.00000000	88
2026.08.03	09:03:17.480			179150	5.00000000	88
2026.08.03	09:03:17.481			179155	11.00000000	88
2026.08.03	09:03:17.482			179160	19.00000000	56
2026.08.03	09:03:17.483			179160	3.00000000	56
2026.08.03	09:03:17.487			179155	1.00000000	88
2026.08.03	09:03:17.487			179160	5.00000000	56
2026.08.03	09:03:17.497			179155	7.00000000	88
2026.08.03	09:03:17.515			179155	4.00000000	88
2026.08.03	09:03:17.517			179155	3.00000000	88
2026.08.03	09:03:17.519			179150	2.00000000	88
2026.08.03	09:03:17.520			179160	2.00000000	56
2026.08.03	09:03:17.522			179155	2.00000000	88
2026.08.03	09:03:17.522			179160	1.00000000	56
2026.08.03	09:03:17.524			179155	2.00000000	88
2026.08.03	09:03:17.527			179150	1.00000000	88
2026.08.03	09:03:17.530			179160	3.00000000	56
2026.08.03	09:03:17.532			179155	3.00000000	88
2026.08.03	09:03:17.538			179160	1.00000000	56
2026.08.03	09:03:17.539			179155	1.00000000	88
2026.08.03	09:03:17.539			179160	1.00000000	56
2026.08.03	09:03:17.539			179155	3.00000000	88
2026.08.03	09:03:17.546			179160	5.00000000	56
2026.08.03	09:03:17.549			179150	2.00000000	88
2026.08.03	09:03:17.554			179155	1.00000000	88
2026.08.03	09:03:17.555			179150	1.00000000	88
2026.08.03	09:03:17.556			179155	2.00000000	88
2026.08.03	09:03:17.568			179155	20.00000000	88
2026.08.03	09:03:17.572			179150	4.00000000	88
2026.08.03	09:03:17.575			179155	2.00000000	88
2026.08.03	09:03:17.577			179150	1.00000000	88
2026.08.03	09:03:17.580			179160	23.00000000	56
2026.08.03	09:03:17.580			179165	10.00000000	56
2026.08.03	09:03:17.582			179160	15.00000000	56
2026.08.03	09:03:17.582			179165	4.00000000	56
2026.08.03	09:03:17.583			179155	2.00000000	88
2026.08.03	09:03:17.594			179160	3.00000000	56
2026.08.03	09:03:17.596			179155	2.00000000	88
2026.08.03	09:03:17.597			179160	1.00000000	56
2026.08.03	09:03:17.600			179155	2.00000000	88
2026.08.03	09:03:17.606			179155	5.00000000	88
2026.08.03	09:03:17.612			179155	9.00000000	88
2026.08.03	09:03:17.623			179160	1.00000000	56
2026.08.03	09:03:17.624			179155	7.00000000	88
2026.08.03	09:03:17.624			179150	2.00000000	88
2026.08.03	09:03:17.627			179155	2.00000000	88
2026.08.03	09:03:17.628			179150	2.00000000	88
2026.08.03	09:03:17.631			179155	2.00000000	88
2026.08.03	09:03:17.632			179160	11.00000000	56
2026.08.03	09:03:17.632			179155	1.00000000	88
2026.08.03	09:03:17.632			179160	26.00000000	56
2026.08.03	09:03:17.639			179155	23.00000000	88
2026.08.03	09:03:17.643			179165	1.00000000	56
2026.08.03	09:03:17.646			179160	1.00000000	56
2026.08.03	09:03:17.658			179160	3.00000000	56
2026.08.03	09:03:17.674			179165	24.00000000	56
2026.08.03	09:03:17.674			179170	26.00000000	56
2026.08.03	09:03:17.674			179160	10.00000000	56
2026.08.03	09:03:17.675			179155	17.00000000	88
2026.08.03	09:03:17.675			179150	14.00000000	88
2026.08.03	09:03:17.678			179155	1.00000000	88
2026.08.03	09:03:17.679			179150	1.00000000	88
2026.08.03	09:03:17.683			179150	4.00000000	88
2026.08.03	09:03:17.683			179145	49.00000000	88
2026.08.03	09:03:17.699			179140	42.00000000	88
2026.08.03	09:03:17.704			179145	2.00000000	88
2026.08.03	09:03:17.709			179140	31.00000000	88
2026.08.03	09:03:17.714			179140	13.00000000	88
2026.08.03	09:03:17.720	179140				2
2026.08.03	09:03:17.720		179145			4
2026.08.03	09:03:17.737			179145	5.00000000	56
2026.08.03	09:03:17.745			179140	1.00000000	88
2026.08.03	09:03:17.749			179145	12.00000000	56
2026.08.03	09:03:17.749			179140	1.00000000	88
2026.08.03	09:03:17.749			179135	19.00000000	88
2026.08.03	09:03:17.749			179140	1.00000000	88
2026.08.03	09:03:17.749			179135	1.00000000	88
2026.08.03	09:03:17.750			179145	14.00000000	56
2026.08.03	09:03:17.750			179150	13.00000000	56
2026.08.03	09:03:17.751			179155	8.00000000	56
2026.08.03	09:03:17.761			179160	39.00000000	56
2026.08.03	09:03:17.761			179165	9.00000000	56
2026.08.03	09:03:17.770			179155	9.00000000	56
2026.08.03	09:03:17.783			179155	2.00000000	56
2026.08.03	09:03:17.808			179155	4.00000000	56
2026.08.03	09:03:17.808			179160	1.00000000	56
2026.08.03	09:03:17.816			179155	1.00000000	56
2026.08.03	09:03:17.816			179160	1.00000000	56
2026.08.03	09:03:17.818			179160	12.00000000	56
2026.08.03	09:03:17.820			179160	1.00000000	56
2026.08.03	09:03:17.825			179160	1.00000000	56
2026.08.03	09:03:17.827			179160	14.00000000	56
2026.08.03	09:03:17.838			179155	4.00000000	56
2026.08.03	09:03:17.845			179160	3.00000000	56
2026.08.03	09:03:17.848			179165	1.00000000	56
2026.08.03	09:03:17.851			179160	2.00000000	56
2026.08.03	09:03:17.855			179165	4.00000000	56
2026.08.03	09:03:17.862			179165	1.00000000	56
2026.08.03	09:03:17.862			179160	2.00000000	56
2026.08.03	09:03:17.866			179160	2.00000000	56
2026.08.03	09:03:17.871			179160	1.00000000	56
2026.08.03	09:03:17.875			179170	32.00000000	56
2026.08.03	09:03:17.876			179165	2.00000000	56
2026.08.03	09:03:17.876			179160	17.00000000	56
2026.08.03	09:03:17.877			179155	1.00000000	56
2026.08.03	09:03:17.878			179160	15.00000000	56
2026.08.03	09:03:17.889			179155	5.00000000	56
2026.08.03	09:03:17.889			179150	45.00000000	56
2026.08.03	09:03:17.889			179155	6.00000000	56
2026.08.03	09:03:17.890			179160	4.00000000	56
2026.08.03	09:03:17.891			179155	16.00000000	56
2026.08.03	09:03:17.910			179155	1.00000000	56
2026.08.03	09:03:17.911			179160	23.00000000	56
2026.08.03	09:03:17.925			179155	18.00000000	56
2026.08.03	09:03:17.927			179165	31.00000000	56
2026.08.03	09:03:17.934			179160	1.00000000	56
2026.08.03	09:03:17.934			179155	1.00000000	56
2026.08.03	09:03:17.937			179155	31.00000000	56
2026.08.03	09:03:17.947			179150	29.00000000	56
2026.08.03	09:03:17.955			179155	2.00000000	56
2026.08.03	09:03:17.956			179145	4.00000000	56
2026.08.03	09:03:17.968			179150	2.00000000	56
2026.08.03	09:03:17.968			179145	29.00000000	56
2026.08.03	09:03:17.989			179150	2.00000000	56
2026.08.03	09:03:17.992			179155	11.00000000	56
2026.08.03	09:03:18.027			179155	2.00000000	56
2026.08.03	09:03:18.033			179160	6.00000000	56
2026.08.03	09:03:18.033			179155	5.00000000	56
2026.08.03	09:03:18.033			179150	5.00000000	56
2026.08.03	09:03:18.034			179155	2.00000000	56
2026.08.03	09:03:18.034			179155	1.00000000	56
2026.08.03	09:03:18.035			179160	9.00000000	56
2026.08.03	09:03:18.042			179155	3.00000000	56
2026.08.03	09:03:18.049			179155	9.00000000	56
2026.08.03	09:03:18.052			179160	1.00000000	56
2026.08.03	09:03:18.054			179160	1.00000000	56
2026.08.03	09:03:18.068			179160	2.00000000	56
2026.08.03	09:03:18.068			179155	6.00000000	56
2026.08.03	09:03:18.072			179165	5.00000000	56
2026.08.03	09:03:18.072			179170	4.00000000	56
2026.08.03	09:03:18.073			179165	12.00000000	56
2026.08.03	09:03:18.073	179165				2
2026.08.03	09:03:18.073		179170			4
2026.08.03	09:03:18.075			179170	5.00000000	56
2026.08.03	09:03:18.076			179165	2.00000000	88
2026.08.03	09:03:18.082			179160	17.00000000	88
2026.08.03	09:03:18.082			179155	8.00000000	88
2026.08.03	09:03:18.084			179160	1.00000000	88
2026.08.03	09:03:18.088			179165	4.00000000	88
2026.08.03	09:03:18.088			179170	7.00000000	56
2026.08.03	09:03:18.088			179165	1.00000000	88
2026.08.03	09:03:18.095			179160	20.00000000	88
2026.08.03	09:03:18.101			179155	2.00000000	88
2026.08.03	09:03:18.102			179160	10.00000000	88
2026.08.03	09:03:18.110			179160	3.00000000	88
2026.08.03	09:03:18.112			179155	1.00000000	88
2026.08.03	09:03:18.113			179160	2.00000000	88
2026.08.03	09:03:18.115			179165	14.00000000	88
2026.08.03	09:03:18.122			179170	50.00000000	56
2026.08.03	09:03:18.123			179165	30.00000000	88
2026.08.03	09:03:18.123			179170	4.00000000	56
2026.08.03	09:03:18.124			179165	3.00000000	88
2026.08.03	09:03:18.126			179160	9.00000000	88
2026.08.03	09:03:18.128			179165	10.00000000	88
2026.08.03	09:03:18.132			179160	4.00000000	88
2026.08.03	09:03:18.132			179165	2.00000000	88
2026.08.03	09:03:18.133			179170	20.00000000	56
2026.08.03	09:03:18.136			179170	1.00000000	56
2026.08.03	09:03:18.137			179175	13.00000000	56
2026.08.03	09:03:18.137			179170	1.00000000	56
2026.08.03	09:03:18.137			179170	3.00000000	56
2026.08.03	09:03:18.139			179165	3.00000000	88
2026.08.03	09:03:18.142			179170	6.00000000	56
2026.08.03	09:03:18.142			179175	16.00000000	56
2026.08.03	09:03:18.142			179175	18.00000000	56
2026.08.03	09:03:18.142			179180	28.00000000	56
2026.08.03	09:03:18.143			179175	12.00000000	56
2026.08.03	09:03:18.143			179180	15.00000000	56
2026.08.03	09:03:18.143			179180	2.00000000	56
2026.08.03	09:03:18.143			179185	18.00000000	56
2026.08.03	09:03:18.143			179190	15.00000000	56
2026.08.03	09:03:18.143			179190	4.00000000	56
2026.08.03	09:03:18.143			179185	2.00000000	56
2026.08.03	09:03:18.143			179190	37.00000000	56
2026.08.03	09:03:18.144			179180	15.00000000	56
2026.08.03	09:03:18.145			179185	5.00000000	56
2026.08.03	09:03:18.147			179190	2.00000000	56
2026.08.03	09:03:18.148			179185	2.00000000	56
2026.08.03	09:03:18.148			179185	6.00000000	56
2026.08.03	09:03:18.148			179190	4.00000000	56
2026.08.03	09:03:18.148			179190	6.00000000	56
2026.08.03	09:03:18.149			179190	22.00000000	56
2026.08.03	09:03:18.149			179190	11.00000000	56
2026.08.03	09:03:18.153			179190	1.00000000	56
2026.08.03	09:03:18.156			179195	37.00000000	56
2026.08.03	09:03:18.156			179200	55.00000000	56
2026.08.03	09:03:18.156			179195	1.00000000	56
2026.08.03	09:03:18.156			179200	2.00000000	56
2026.08.03	09:03:18.156			179205	37.00000000	56
2026.08.03	09:03:18.157			179190	2.00000000	56
2026.08.03	09:03:18.157			179195	4.00000000	56
2026.08.03	09:03:18.158			179200	30.00000000	56
2026.08.03	09:03:18.159			179195	4.00000000	56
2026.08.03	09:03:18.162			179205	3.00000000	56
2026.08.03	09:03:18.163			179195	1.00000000	56
2026.08.03	09:03:18.168			179205	1.00000000	56
2026.08.03	09:03:18.171			179200	3.00000000	56
2026.08.03	09:03:18.173			179195	2.00000000	56
2026.08.03	09:03:18.176			179195	3.00000000	56
2026.08.03	09:03:18.186			179200	1.00000000	56
2026.08.03	09:03:18.199			179205	1.00000000	56
2026.08.03	09:03:18.202			179205	50.00000000	56
2026.08.03	09:03:18.203			179210	43.00000000	56
2026.08.03	09:03:18.203			179215	2.00000000	56
2026.08.03	09:03:18.203			179210	1.00000000	56
2026.08.03	09:03:18.203			179215	29.00000000	56
2026.08.03	09:03:18.203			179210	3.00000000	56
2026.08.03	09:03:18.203			179215	3.00000000	56
2026.08.03	09:03:18.203			179210	1.00000000	56
2026.08.03	09:03:18.203			179215	111.00000000	56
2026.08.03	09:03:18.204			179220	3.00000000	56
2026.08.03	09:03:18.204			179215	1.00000000	56
2026.08.03	09:03:18.204			179220	5.00000000	56
2026.08.03	09:03:18.204			179210	1.00000000	56
2026.08.03	09:03:18.204			179220	12.00000000	56
2026.08.03	09:03:18.205			179215	1.00000000	56
2026.08.03	09:03:18.205			179220	32.00000000	56
2026.08.03	09:03:18.207			179225	69.00000000	56
2026.08.03	09:03:18.208			179230	3.00000000	56
2026.08.03	09:03:18.208			179225	2.00000000	56
2026.08.03	09:03:18.208			179230	78.00000000	56
2026.08.03	09:03:18.208			179235	50.00000000	56
2026.08.03	09:03:18.208			179230	3.00000000	56
2026.08.03	09:03:18.208			179235	1.00000000	56
2026.08.03	09:03:18.208			179230	2.00000000	56
2026.08.03	09:03:18.208			179235	28.00000000	56
2026.08.03	09:03:18.209			179240	6.00000000	56
2026.08.03	09:03:18.209			179235	5.00000000	56
2026.08.03	09:03:18.209			179240	38.00000000	56
2026.08.03	09:03:18.209			179240	93.00000000	56
2026.08.03	09:03:18.209			179235	1.00000000	56
2026.08.03	09:03:18.209			179225	3.00000000	56
2026.08.03	09:03:18.210			179230	10.00000000	56
2026.08.03	09:03:18.210			179235	23.00000000	56
2026.08.03	09:03:18.214			179240	38.00000000	56
2026.08.03	09:03:18.214			179245	52.00000000	56
2026.08.03	09:03:18.215			179245	1.00000000	56
2026.08.03	09:03:18.215			179250	4.00000000	56
2026.08.03	09:03:18.215			179245	1.00000000	56
2026.08.03	09:03:18.215			179250	13.00000000	56
2026.08.03	09:03:18.215			179245	1.00000000	56
2026.08.03	09:03:18.215			179250	6.00000000	56
2026.08.03	09:03:18.216			179245	15.00000000	56
2026.08.03	09:03:18.216			179240	23.00000000	56
2026.08.03	09:03:18.216			179245	3.00000000	56
2026.08.03	09:03:18.217			179240	7.00000000	56
2026.08.03	09:03:18.218			179235	15.00000000	56
2026.08.03	09:03:18.219			179230	1.00000000	56
2026.08.03	09:03:18.225			179235	7.00000000	56
2026.08.03	09:03:18.237			179235	11.00000000	56
2026.08.03	09:03:18.240			179240	1.00000000	56
2026.08.03	09:03:18.241			179245	22.00000000	56
2026.08.03	09:03:18.246			179240	38.00000000	56
2026.08.03	09:03:18.247			179235	3.00000000	56
2026.08.03	09:03:18.247			179240	7.00000000	56
2026.08.03	09:03:18.254			179235	41.00000000	56
2026.08.03	09:03:18.255			179230	3.00000000	56
2026.08.03	09:03:18.256			179225	13.00000000	56
2026.08.03	09:03:18.257			179220	31.00000000	56
2026.08.03	09:03:18.257			179215	1.00000000	56
2026.08.03	09:03:18.258			179215	8.00000000	56
2026.08.03	09:03:18.259			179210	4.00000000	56
2026.08.03	09:03:18.263			179220	18.00000000	56
2026.08.03	09:03:18.263			179220	6.00000000	56
2026.08.03	09:03:18.263			179215	2.00000000	56
2026.08.03	09:03:18.263			179210	2.00000000	56
2026.08.03	09:03:18.264			179225	6.00000000	56
2026.08.03	09:03:18.264			179220	5.00000000	56
2026.08.03	09:03:18.266			179220	11.00000000	56
2026.08.03	09:03:18.271			179225	1.00000000	56
2026.08.03	09:03:18.271			179220	7.00000000	56
2026.08.03	09:03:18.274			179215	10.00000000	56
2026.08.03	09:03:18.279			179210	10.00000000	56
2026.08.03	09:03:18.282			179205	2.00000000	56
2026.08.03	09:03:18.284			179215	11.00000000	56
2026.08.03	09:03:18.284			179220	1.00000000	56
2026.08.03	09:03:18.284			179215	2.00000000	56
2026.08.03	09:03:18.285			179215	1.00000000	56
2026.08.03	09:03:18.285			179220	9.00000000	56
2026.08.03	09:03:18.285			179215	12.00000000	56
2026.08.03	09:03:18.285			179210	1.00000000	56
2026.08.03	09:03:18.285			179215	1.00000000	56
2026.08.03	09:03:18.285			179220	2.00000000	56
2026.08.03	09:03:18.285			179215	2.00000000	56
2026.08.03	09:03:18.285			179220	2.00000000	56
2026.08.03	09:03:18.286			179215	19.00000000	56
2026.08.03	09:03:18.289			179210	9.00000000	56
2026.08.03	09:03:18.295			179205	6.00000000	56
2026.08.03	09:03:18.302			179210	2.00000000	56
2026.08.03	09:03:18.302			179215	26.00000000	56
2026.08.03	09:03:18.304			179210	1.00000000	56
2026.08.03	09:03:18.304			179220	2.00000000	56
2026.08.03	09:03:18.304			179210	4.00000000	56
2026.08.03	09:03:18.306			179215	4.00000000	56
2026.08.03	09:03:18.307			179210	1.00000000	56
2026.08.03	09:03:18.307			179215	1.00000000	56
2026.08.03	09:03:18.307			179215	3.00000000	56
2026.08.03	09:03:18.307			179220	22.00000000	56
2026.08.03	09:03:18.310			179210	3.00000000	56
2026.08.03	09:03:18.316			179210	2.00000000	56
2026.08.03	09:03:18.319			179210	3.00000000	56
2026.08.03	09:03:18.322			179210	2.00000000	56
2026.08.03	09:03:18.323			179215	3.00000000	56
2026.08.03	09:03:18.323			179210	1.00000000	56
2026.08.03	09:03:18.323			179205	1.00000000	56
2026.08.03	09:03:18.328			179205	6.00000000	56
2026.08.03	09:03:18.333			179215	1.00000000	56
2026.08.03	09:03:18.333			179205	20.00000000	56
2026.08.03	09:03:18.334			179210	3.00000000	56
2026.08.03	09:03:18.334			179205	3.00000000	56
2026.08.03	09:03:18.334			179215	1.00000000	56
2026.08.03	09:03:18.336			179205	5.00000000	56
2026.08.03	09:03:18.337			179210	1.00000000	56
2026.08.03	09:03:18.338			179205	1.00000000	56
2026.08.03	09:03:18.338			179210	14.00000000	56
2026.08.03	09:03:18.338			179215	25.00000000	56
2026.08.03	09:03:18.343			179220	4.00000000	56
2026.08.03	09:03:18.343			179215	4.00000000	56
2026.08.03	09:03:18.344			179220	1.00000000	56
2026.08.03	09:03:18.345			179215	3.00000000	56
2026.08.03	09:03:18.346			179220	4.00000000	56
2026.08.03	09:03:18.347			179215	1.00000000	56
2026.08.03	09:03:18.347			179215	8.00000000	56
2026.08.03	09:03:18.350			179210	16.00000000	56
2026.08.03	09:03:18.351			179220	14.00000000	56
2026.08.03	09:03:18.351			179225	11.00000000	56
2026.08.03	09:03:18.352			179215	20.00000000	56
2026.08.03	09:03:18.353			179205	1.00000000	56
2026.08.03	09:03:18.356			179210	2.00000000	56
2026.08.03	09:03:18.356			179210	2.00000000	56
2026.08.03	09:03:18.357			179215	2.00000000	56
2026.08.03	09:03:18.363			179215	2.00000000	56
2026.08.03	09:03:18.368			179210	7.00000000	56
2026.08.03	09:03:18.368			179215	1.00000000	56
2026.08.03	09:03:18.370			179210	7.00000000	56
2026.08.03	09:03:18.375			179205	4.00000000	56
2026.08.03	09:03:18.378			179205	3.00000000	56
2026.08.03	09:03:18.381			179205	3.00000000	56
2026.08.03	09:03:18.385			179205	3.00000000	56
2026.08.03	09:03:18.391			179200	16.00000000	56
2026.08.03	09:03:18.391			179195	21.00000000	56
2026.08.03	09:03:18.392			179200	2.00000000	56
2026.08.03	09:03:18.392			179195	1.00000000	56
2026.08.03	09:03:18.397			179190	12.00000000	56
2026.08.03	09:03:18.399			179195	5.00000000	56
2026.08.03	09:03:18.399			179200	1.00000000	56
2026.08.03	09:03:18.402			179205	7.00000000	56
2026.08.03	09:03:18.404			179210	1.00000000	56
2026.08.03	09:03:18.405			179205	1.00000000	56
2026.08.03	09:03:18.405			179210	6.00000000	56
2026.08.03	09:03:18.406			179215	2.00000000	56
2026.08.03	09:03:18.410			179220	2.00000000	56
2026.08.03	09:03:18.411			179210	2.00000000	56
2026.08.03	09:03:18.412			179215	1.00000000	56
2026.08.03	09:03:18.416			179210	4.00000000	56
2026.08.03	09:03:18.419			179215	1.00000000	56
2026.08.03	09:03:18.419			179220	1.00000000	56
2026.08.03	09:03:18.423	179210				2
2026.08.03	09:03:18.423		179220			4
2026.08.03	09:03:18.427			179210	2.00000000	88
2026.08.03	09:03:18.427			179215	1.00000000	120
2026.08.03	09:03:18.431			179210	18.00000000	88
2026.08.03	09:03:18.431			179205	39.00000000	88
2026.08.03	09:03:18.431			179200	2.00000000	88
2026.08.03	09:03:18.431			179200	2.00000000	88
2026.08.03	09:03:18.432			179210	1.00000000	88
2026.08.03	09:03:18.434			179205	4.00000000	88
2026.08.03	09:03:18.439			179210	16.00000000	88
2026.08.03	09:03:18.439			179215	4.00000000	120
2026.08.03	09:03:18.441			179210	1.00000000	88
2026.08.03	09:03:18.443			179205	4.00000000	88
2026.08.03	09:03:18.445			179210	3.00000000	88
2026.08.03	09:03:18.450			179205	6.00000000	88
2026.08.03	09:03:18.452			179210	2.00000000	88
2026.08.03	09:03:18.459			179205	1.00000000	88
2026.08.03	09:03:18.461			179210	3.00000000	88
2026.08.03	09:03:18.466			179205	9.00000000	88
2026.08.03	09:03:18.471			179210	1.00000000	88
2026.08.03	09:03:18.472			179205	1.00000000	88
2026.08.03	09:03:18.472			179210	3.00000000	88
2026.08.03	09:03:18.479			179205	9.00000000	88
2026.08.03	09:03:18.479			179200	1.00000000	88
2026.08.03	09:03:18.479			179205	2.00000000	88
2026.08.03	09:03:18.486			179200	1.00000000	88
2026.08.03	09:03:18.488			179205	11.00000000	88
2026.08.03	09:03:18.489			179210	4.00000000	88
2026.08.03	09:03:18.495			179210	2.00000000	88
2026.08.03	09:03:18.495			179215	2.00000000	120
2026.08.03	09:03:18.497			179210	1.00000000	88
2026.08.03	09:03:18.498			179205	2.00000000	88
2026.08.03	09:03:18.504			179215	33.00000000	120
2026.08.03	09:03:18.509			179220	14.00000000	56
2026.08.03	09:03:18.510			179210	1.00000000	88
2026.08.03	09:03:18.518			179220	1.00000000	56
2026.08.03	09:03:18.523			179215	2.00000000	120
2026.08.03	09:03:18.524			179215	4.00000000	120
2026.08.03	09:03:18.525			179220	3.00000000	56
2026.08.03	09:03:18.529			179210	1.00000000	88
2026.08.03	09:03:18.530			179220	1.00000000	56
2026.08.03	09:03:18.530			179215	5.00000000	120
2026.08.03	09:03:18.535			179210	1.00000000	88
2026.08.03	09:03:18.535			179220	3.00000000	56
2026.08.03	09:03:18.539			179215	1.00000000	120
2026.08.03	09:03:18.542			179210	27.00000000	88
2026.08.03	09:03:18.543			179205	3.00000000	88
2026.08.03	09:03:18.546			179200	3.00000000	88
2026.08.03	09:03:18.546			179205	1.00000000	88
2026.08.03	09:03:18.548			179200	1.00000000	88
2026.08.03	09:03:18.552			179205	5.00000000	88
2026.08.03	09:03:18.555			179205	1.00000000	88
2026.08.03	09:03:18.561			179205	2.00000000	88
2026.08.03	09:03:18.561			179210	8.00000000	88
2026.08.03	09:03:18.566			179215	1.00000000	120
2026.08.03	09:03:18.566			179205	29.00000000	88
2026.08.03	09:03:18.569			179200	17.00000000	88
2026.08.03	09:03:18.571			179195	3.00000000	88
2026.08.03	09:03:18.573			179190	4.00000000	88
2026.08.03	09:03:18.575			179195	11.00000000	88
2026.08.03	09:03:18.576			179190	19.00000000	88
2026.08.03	09:03:18.583			179195	16.00000000	88
2026.08.03	09:03:18.586			179185	3.00000000	88
2026.08.03	09:03:18.590			179185	1.00000000	88
2026.08.03	09:03:18.596			179190	25.00000000	88
2026.08.03	09:03:18.602			179195	22.00000000	88
2026.08.03	09:03:18.602			179200	56.00000000	88
2026.08.03	09:03:18.611			179195	31.00000000	88
2026.08.03	09:03:18.618			179200	33.00000000	88
2026.08.03	09:03:18.618			179205	10.00000000	88
2026.08.03	09:03:18.619			179195	8.00000000	88
2026.08.03	09:03:18.622			179190	1.00000000	88
2026.08.03	09:03:18.623			179190	2.00000000	88
2026.08.03	09:03:18.626			179190	6.00000000	88
2026.08.03	09:03:18.633			179185	4.00000000	88
2026.08.03	09:03:18.645			179190	11.00000000	88
2026.08.03	09:03:18.645			179195	3.00000000	88
2026.08.03	09:03:18.646			179190	1.00000000	88
2026.08.03	09:03:18.653			179185	1.00000000	88
2026.08.03	09:03:18.657			179190	3.00000000	88
2026.08.03	09:03:18.667			179190	1.00000000	88
2026.08.03	09:03:18.668			179185	7.00000000	88
2026.08.03	09:03:18.668			179180	8.00000000	88
2026.08.03	09:03:18.668			179185	1.00000000	88
2026.08.03	09:03:18.670			179185	1.00000000	88
2026.08.03	09:03:18.675			179190	2.00000000	88
2026.08.03	09:03:18.675			179185	2.00000000	88
2026.08.03	09:03:18.679			179190	5.00000000	88
2026.08.03	09:03:18.683			179185	14.00000000	88
2026.08.03	09:03:18.683			179180	15.00000000	88
2026.08.03	09:03:18.683			179185	3.00000000	88
2026.08.03	09:03:18.690			179180	3.00000000	88
2026.08.03	09:03:18.696			179185	5.00000000	88
2026.08.03	09:03:18.705			179185	4.00000000	88
2026.08.03	09:03:18.705			179190	1.00000000	88
2026.08.03	09:03:18.705			179185	3.00000000	88
2026.08.03	09:03:18.706			179180	4.00000000	88
2026.08.03	09:03:18.709			179190	3.00000000	88
2026.08.03	09:03:18.709			179190	6.00000000	88
2026.08.03	09:03:18.711			179195	1.00000000	88
2026.08.03	09:03:18.715			179190	23.00000000	88
2026.08.03	09:03:18.715			179185	6.00000000	88
2026.08.03	09:03:18.717			179190	10.00000000	88
2026.08.03	09:03:18.717			179195	25.00000000	88
2026.08.03	09:03:18.722			179200	1.00000000	88
2026.08.03	09:03:18.722			179195	1.00000000	88
2026.08.03	09:03:18.725			179190	1.00000000	88
2026.08.03	09:03:18.728			179195	1.00000000	88
2026.08.03	09:03:18.728			179190	6.00000000	88
2026.08.03	09:03:18.730			179185	2.00000000	88
2026.08.03	09:03:18.733			179190	2.00000000	88
2026.08.03	09:03:18.734			179185	6.00000000	88
2026.08.03	09:03:18.739			179180	14.00000000	88
2026.08.03	09:03:18.740			179175	9.00000000	88
2026.08.03	09:03:18.740			179170	7.00000000	88
2026.08.03	09:03:18.740			179175	7.00000000	88
2026.08.03	09:03:18.740			179170	57.00000000	88
2026.08.03	09:03:18.740			179165	4.00000000	88
2026.08.03	09:03:18.741			179170	3.00000000	88
2026.08.03	09:03:18.742			179165	3.00000000	88
2026.08.03	09:03:18.746			179165	1.00000000	88
2026.08.03	09:03:18.750			179170	2.00000000	88
2026.08.03	09:03:18.757			179170	14.00000000	88
2026.08.03	09:03:18.763			179175	6.00000000	88
2026.08.03	09:03:18.766			179170	20.00000000	88
2026.08.03	09:03:18.767			179165	3.00000000	88
2026.08.03	09:03:18.770			179170	8.00000000	88
2026.08.03	09:03:18.772			179175	1.00000000	88
2026.08.03	09:03:18.772			179170	2.00000000	88
2026.08.03	09:03:18.772	179165				2
2026.08.03	09:03:18.772		179175			4
2026.08.03	09:03:18.780			179175	1.00000000	56
2026.08.03	09:03:18.782			179170	1.00000000	120
2026.08.03	09:03:18.783			179175	14.00000000	56
2026.08.03	09:03:18.783			179170	2.00000000	120
2026.08.03	09:03:18.784			179165	13.00000000	88
2026.08.03	09:03:18.787			179170	21.00000000	120
2026.08.03	09:03:18.792			179175	15.00000000	56
2026.08.03	09:03:18.792			179175	3.00000000	56
2026.08.03	09:03:18.793			179170	8.00000000	120
2026.08.03	09:03:18.796			179165	1.00000000	88
2026.08.03	09:03:18.797			179170	10.00000000	120
2026.08.03	09:03:18.798			179165	5.00000000	88
2026.08.03	09:03:18.798			179170	2.00000000	120
2026.08.03	09:03:18.798			179175	8.00000000	56
2026.08.03	09:03:18.798			179180	9.00000000	56
2026.08.03	09:03:18.798			179175	27.00000000	56
2026.08.03	09:03:18.803			179180	13.00000000	56
2026.08.03	09:03:18.804			179175	2.00000000	56
2026.08.03	09:03:18.806			179180	8.00000000	56
2026.08.03	09:03:18.806			179185	2.00000000	56
2026.08.03	09:03:18.807			179180	1.00000000	56
2026.08.03	09:03:18.810			179175	7.00000000	56
2026.08.03	09:03:18.813			179180	3.00000000	56
2026.08.03	09:03:18.818			179180	10.00000000	56
2026.08.03	09:03:18.821			179185	1.00000000	56
2026.08.03	09:03:18.829			179180	16.00000000	56
2026.08.03	09:03:18.829			179175	34.00000000	56
2026.08.03	09:03:18.845			179170	8.00000000	120
2026.08.03	09:03:18.846			179165	1.00000000	88
2026.08.03	09:03:18.848			179170	1.00000000	120
2026.08.03	09:03:18.853			179165	3.00000000	88
2026.08.03	09:03:18.856			179160	17.00000000	88
2026.08.03	09:03:18.864			179165	17.00000000	88
2026.08.03	09:03:18.868			179160	1.00000000	88
2026.08.03	09:03:18.872			179165	10.00000000	88
2026.08.03	09:03:18.873			179160	1.00000000	88
2026.08.03	09:03:18.875			179165	14.00000000	88
2026.08.03	09:03:18.876			179170	17.00000000	120
2026.08.03	09:03:18.878			179160	6.00000000	88
2026.08.03	09:03:18.881			179165	13.00000000	88
2026.08.03	09:03:18.882			179165	2.00000000	88
2026.08.03	09:03:18.886			179160	2.00000000	88
2026.08.03	09:03:18.888			179165	17.00000000	88
2026.08.03	09:03:18.901			179160	7.00000000	88
2026.08.03	09:03:18.904			179165	1.00000000	88
2026.08.03	09:03:18.915			179165	1.00000000	88
2026.08.03	09:03:18.921			179160	10.00000000	88
2026.08.03	09:03:18.927			179165	4.00000000	88
2026.08.03	09:03:18.935			179160	2.00000000	88
2026.08.03	09:03:18.935			179165	2.00000000	88
2026.08.03	09:03:18.937			179160	62.00000000	88
2026.08.03	09:03:18.949			179155	1.00000000	88
2026.08.03	09:03:18.956			179160	1.00000000	88
2026.08.03	09:03:18.957			179160	1.00000000	88
2026.08.03	09:03:18.959			179160	4.00000000	88
2026.08.03	09:03:18.972			179155	11.00000000	88
2026.08.03	09:03:18.973			179150	43.00000000	88
2026.08.03	09:03:18.975			179145	4.00000000	88
2026.08.03	09:03:18.975			179140	2.00000000	88
2026.08.03	09:03:18.976			179145	5.00000000	88
2026.08.03	09:03:18.976			179140	6.00000000	88
2026.08.03	09:03:18.977			179145	10.00000000	88
2026.08.03	09:03:18.979			179140	1.00000000	88
2026.08.03	09:03:18.979			179135	10.00000000	88
2026.08.03	09:03:18.979			179145	1.00000000	88
2026.08.03	09:03:18.979			179140	1.00000000	88
2026.08.03	09:03:18.979			179145	1.00000000	88
2026.08.03	09:03:18.979			179140	4.00000000	88
2026.08.03	09:03:18.980			179140	28.00000000	88
2026.08.03	09:03:18.981			179145	33.00000000	88
2026.08.03	09:03:18.981			179145	1.00000000	88
2026.08.03	09:03:18.991			179145	18.00000000	88
2026.08.03	09:03:18.994			179145	1.00000000	88
2026.08.03	09:03:18.999			179145	1.00000000	88
2026.08.03	09:03:19.001			179145	2.00000000	88
2026.08.03	09:03:19.001			179140	24.00000000	88
2026.08.03	09:03:19.010			179140	1.00000000	88
2026.08.03	09:03:19.012			179135	22.00000000	88
2026.08.03	09:03:19.015			179140	2.00000000	88
2026.08.03	09:03:19.016			179135	2.00000000	88
2026.08.03	09:03:19.016			179140	1.00000000	88
2026.08.03	09:03:19.017			179135	3.00000000	88
2026.08.03	09:03:19.030			179140	7.00000000	88
2026.08.03	09:03:19.034			179135	1.00000000	88
2026.08.03	09:03:19.035			179140	6.00000000	88
2026.08.03	09:03:19.039			179145	9.00000000	88
2026.08.03	09:03:19.039			179135	1.00000000	88
2026.08.03	09:03:19.042			179140	8.00000000	88
2026.08.03	09:03:19.046			179135	7.00000000	88
2026.08.03	09:03:19.063			179140	2.00000000	88
2026.08.03	09:03:19.064			179135	1.00000000	88
2026.08.03	09:03:19.066			179140	2.00000000	88
2026.08.03	09:03:19.067			179135	6.00000000	88
2026.08.03	09:03:19.078			179135	78.00000000	88
2026.08.03	09:03:19.082			179130	106.00000000	88
2026.08.03	09:03:19.084			179125	1.00000000	88
2026.08.03	09:03:19.084			179125	75.00000000	88
2026.08.03	09:03:19.084			179120	152.00000000	88
2026.08.03	09:03:19.085			179125	17.00000000	88
2026.08.03	09:03:19.086			179120	1.00000000	88
2026.08.03	09:03:19.086			179120	16.00000000	88
2026.08.03	09:03:19.089			179125	24.00000000	88
2026.08.03	09:03:19.091			179130	12.00000000	88
2026.08.03	09:03:19.091			179135	11.00000000	88
2026.08.03	09:03:19.092			179140	1.00000000	88
2026.08.03	09:03:19.092			179130	8.00000000	88
2026.08.03	09:03:19.092			179135	1.00000000	88
2026.08.03	09:03:19.093			179140	1.00000000	88
2026.08.03	09:03:19.097			179145	42.00000000	88
2026.08.03	09:03:19.098			179140	2.00000000	88
2026.08.03	09:03:19.098			179145	9.00000000	88
2026.08.03	09:03:19.102			179135	7.00000000	88
2026.08.03	09:03:19.106			179130	5.00000000	88
2026.08.03	09:03:19.106			179135	3.00000000	88
2026.08.03	09:03:19.109			179140	1.00000000	88
2026.08.03	09:03:19.114			179135	2.00000000	88
2026.08.03	09:03:19.118			179130	3.00000000	88
2026.08.03	09:03:19.119			179140	1.00000000	120
2026.08.03	09:03:19.120			179135	1.00000000	88
2026.08.03	09:03:19.122	179135				2
2026.08.03	09:03:19.122			179140	2.00000000	120
2026.08.03	09:03:19.122			179135	5.00000000	88
2026.08.03	09:03:19.122		179140			4
2026.08.03	09:03:19.126			179140	2.00000000	120
2026.08.03	09:03:19.128			179135	5.00000000	88
2026.08.03	09:03:19.128			179140	3.00000000	120
2026.08.03	09:03:19.135			179135	7.00000000	88
2026.08.03	09:03:19.146			179135	2.00000000	88
2026.08.03	09:03:19.147			179140	1.00000000	56
2026.08.03	09:03:19.147			179135	9.00000000	88
2026.08.03	09:03:19.147			179140	2.00000000	56
2026.08.03	09:03:19.151			179135	15.00000000	88
2026.08.03	09:03:19.152			179140	2.00000000	56
2026.08.03	09:03:19.152			179130	21.00000000	88
2026.08.03	09:03:19.154			179135	2.00000000	88
2026.08.03	09:03:19.154			179125	3.00000000	88
2026.08.03	09:03:19.155			179135	11.00000000	88
2026.08.03	09:03:19.156			179140	1.00000000	56
2026.08.03	09:03:19.158			179135	3.00000000	88
2026.08.03	09:03:19.170			179145	6.00000000	56
2026.08.03	09:03:19.175			179150	11.00000000	56
2026.08.03	09:03:19.175			179155	4.00000000	56
2026.08.03	09:03:19.176			179145	4.00000000	56
2026.08.03	09:03:19.176			179140	3.00000000	56
2026.08.03	09:03:19.178			179145	8.00000000	56
2026.08.03	09:03:19.180			179150	1.00000000	56
2026.08.03	09:03:19.183			179140	4.00000000	56
2026.08.03	09:03:19.184			179145	3.00000000	56
2026.08.03	09:03:19.185			179140	4.00000000	56
2026.08.03	09:03:19.194			179145	7.00000000	56
2026.08.03	09:03:19.194			179150	18.00000000	56
2026.08.03	09:03:19.194			179145	1.00000000	56
2026.08.03	09:03:19.198			179140	2.00000000	56
2026.08.03	09:03:19.198			179145	1.00000000	56
2026.08.03	09:03:19.199			179140	1.00000000	56
2026.08.03	09:03:19.200			179145	2.00000000	56
2026.08.03	09:03:19.200			179140	12.00000000	56
2026.08.03	09:03:19.214			179145	5.00000000	56
2026.08.03	09:03:19.226			179140	1.00000000	56
2026.08.03	09:03:19.227			179145	1.00000000	56
2026.08.03	09:03:19.228			179140	4.00000000	56
2026.08.03	09:03:19.231			179145	1.00000000	56
2026.08.03	09:03:19.232			179140	7.00000000	56
2026.08.03	09:03:19.244			179145	2.00000000	56
2026.08.03	09:03:19.246			179140	5.00000000	56
2026.08.03	09:03:19.246			179145	5.00000000	56
2026.08.03	09:03:19.247			179140	2.00000000	56
2026.08.03	09:03:19.254			179145	9.00000000	56
2026.08.03	09:03:19.254			179150	1.00000000	56
2026.08.03	09:03:19.257			179145	10.00000000	56
2026.08.03	09:03:19.259			179145	1.00000000	56
2026.08.03	09:03:19.259			179145	1.00000000	56
2026.08.03	09:03:19.261			179150	4.00000000	56
2026.08.03	09:03:19.266			179150	1.00000000	56
2026.08.03	09:03:19.270			179155	3.00000000	56
2026.08.03	09:03:19.272			179150	7.00000000	56
2026.08.03	09:03:19.281			179155	3.00000000	56
2026.08.03	09:03:19.287			179150	3.00000000	56
2026.08.03	09:03:19.289			179155	2.00000000	56
2026.08.03	09:03:19.292			179150	1.00000000	56
2026.08.03	09:03:19.294			179155	1.00000000	56
2026.08.03	09:03:19.295			179150	2.00000000	56
2026.08.03	09:03:19.301			179150	2.00000000	56
2026.08.03	09:03:19.302			179155	1.00000000	56
2026.08.03	09:03:19.303			179150	3.00000000	56
2026.08.03	09:03:19.304			179145	16.00000000	56
2026.08.03	09:03:19.318			179150	4.00000000	56
2026.08.03	09:03:19.330			179145	14.00000000	56
2026.08.03	09:03:19.338			179145	1.00000000	56
2026.08.03	09:03:19.339			179150	1.00000000	56
2026.08.03	09:03:19.346			179150	1.00000000	56
2026.08.03	09:03:19.349			179150	1.00000000	56
2026.08.03	09:03:19.349			179145	1.00000000	56
2026.08.03	09:03:19.351			179145	2.00000000	56
2026.08.03	09:03:19.371			179150	25.00000000	56
2026.08.03	09:03:19.372			179155	41.00000000	56
2026.08.03	09:03:19.373			179160	19.00000000	56
2026.08.03	09:03:19.374			179165	27.00000000	56
2026.08.03	09:03:19.380			179160	18.00000000	56
2026.08.03	09:03:19.386			179165	3.00000000	56
2026.08.03	09:03:19.386			179170	7.00000000	56
2026.08.03	09:03:19.386			179165	3.00000000	56
2026.08.03	09:03:19.386			179170	69.00000000	56
2026.08.03	09:03:19.386			179175	15.00000000	56
2026.08.03	09:03:19.386			179175	1.00000000	56
2026.08.03	09:03:19.387			179170	30.00000000	56
2026.08.03	09:03:19.388			179165	68.00000000	56
2026.08.03	09:03:19.389			179160	23.00000000	56
2026.08.03	09:03:19.391			179155	1.00000000	56
2026.08.03	09:03:19.396			179160	1.00000000	56
2026.08.03	09:03:19.406			179155	6.00000000	56
2026.08.03	09:03:19.406			179160	1.00000000	56
2026.08.03	09:03:19.408			179155	6.00000000	56
2026.08.03	09:03:19.409			179160	1.00000000	56
2026.08.03	09:03:19.412			179160	6.00000000	56
2026.08.03	09:03:19.412			179165	4.00000000	56
2026.08.03	09:03:19.414			179155	3.00000000	56
2026.08.03	09:03:19.423			179160	4.00000000	56
2026.08.03	09:03:19.425			179165	3.00000000	56
2026.08.03	09:03:19.426			179160	1.00000000	56
2026.08.03	09:03:19.438			179155	2.00000000	56
2026.08.03	09:03:19.440			179155	3.00000000	56
2026.08.03	09:03:19.448			179160	1.00000000	56
2026.08.03	09:03:19.449			179155	1.00000000	56
2026.08.03	09:03:19.453			179155	3.00000000	56
2026.08.03	09:03:19.455			179160	1.00000000	56
2026.08.03	09:03:19.460			179155	1.00000000	56
2026.08.03	09:03:19.461			179150	1.00000000	56
2026.08.03	09:03:19.471	179145				2
2026.08.03	09:03:19.471		179155			4
2026.08.03	09:03:19.471			179145	3.00000000	88
2026.08.03	09:03:19.474			179150	9.00000000	120
2026.08.03	09:03:19.476			179145	16.00000000	88
2026.08.03	09:03:19.487			179150	2.00000000	120
2026.08.03	09:03:19.498			179150	7.00000000	120
2026.08.03	09:03:19.501			179155	22.00000000	56
2026.08.03	09:03:19.501			179160	8.00000000	56
2026.08.03	09:03:19.501			179145	5.00000000	88
2026.08.03	09:03:19.502			179150	5.00000000	120
2026.08.03	09:03:19.502			179145	18.00000000	88
2026.08.03	09:03:19.503			179155	10.00000000	56
2026.08.03	09:03:19.504			179150	6.00000000	120
2026.08.03	09:03:19.504			179155	7.00000000	56
2026.08.03	09:03:19.505			179160	5.00000000	56
2026.08.03	09:03:19.505			179165	12.00000000	56
2026.08.03	09:03:19.505			179170	8.00000000	56
2026.08.03	09:03:19.506			179160	19.00000000	56
2026.08.03	09:03:19.507			179165	4.00000000	56
2026.08.03	09:03:19.507			179160	8.00000000	56
2026.08.03	09:03:19.507			179170	59.00000000	56
2026.08.03	09:03:19.514			179165	12.00000000	56
2026.08.03	09:03:19.514			179170	12.00000000	56
2026.08.03	09:03:19.514			179165	12.00000000	56
2026.08.03	09:03:19.514			179160	21.00000000	56
2026.08.03	09:03:19.514			179160	5.00000000	56
2026.08.03	09:03:19.517			179165	12.00000000	56
2026.08.03	09:03:19.519			179160	10.00000000	56
2026.08.03	09:03:19.520			179155	1.00000000	56
2026.08.03	09:03:19.524			179150	3.00000000	120
2026.08.03	09:03:19.528			179155	1.00000000	56
2026.08.03	09:03:19.529			179150	1.00000000	120
2026.08.03	09:03:19.530			179155	3.00000000	56
2026.08.03	09:03:19.533			179150	5.00000000	120
2026.08.03	09:03:19.544			179155	1.00000000	56
2026.08.03	09:03:19.547			179150	2.00000000	120
2026.08.03	09:03:19.548			179155	3.00000000	56
2026.08.03	09:03:19.561			179155	14.00000000	56
2026.08.03	09:03:19.561			179150	16.00000000	120
2026.08.03	09:03:19.569			179155	19.00000000	56
2026.08.03	09:03:19.578			179160	4.00000000	56
2026.08.03	09:03:19.584			179155	5.00000000	56
2026.08.03	09:03:19.587			179155	9.00000000	56
2026.08.03	09:03:19.587			179150	1.00000000	120
2026.08.03	09:03:19.596			179155	1.00000000	56
2026.08.03	09:03:19.599			179150	6.00000000	120
2026.08.03	09:03:19.603			179155	13.00000000	56
2026.08.03	09:03:19.606			179160	8.00000000	56
2026.08.03	09:03:19.609			179155	5.00000000	56
2026.08.03	09:03:19.613			179160	1.00000000	56
2026.08.03	09:03:19.621			179165	1.00000000	56
2026.08.03	09:03:19.623			179155	2.00000000	56
2026.08.03	09:03:19.624			179160	1.00000000	56
2026.08.03	09:03:19.628			179155	1.00000000	56
2026.08.03	09:03:19.629			179165	1.00000000	56
2026.08.03	09:03:19.642			179155	2.00000000	56
2026.08.03	09:03:19.654			179155	1.00000000	56
2026.08.03	09:03:19.654			179160	1.00000000	56
2026.08.03	09:03:19.655			179155	1.00000000	56
2026.08.03	09:03:19.655			179160	1.00000000	56
2026.08.03	09:03:19.656			179155	6.00000000	56
2026.08.03	09:03:19.678			179165	2.00000000	56
2026.08.03	09:03:19.680			179155	1.00000000	56
2026.08.03	09:03:19.680			179155	1.00000000	56
2026.08.03	09:03:19.682			179160	12.00000000	56
2026.08.03	09:03:19.682			179165	18.00000000	56
2026.08.03	09:03:19.682			179165	60.00000000	56
2026.08.03	09:03:19.684			179170	42.00000000	56
2026.08.03	09:03:19.684			179165	9.00000000	56
2026.08.03	09:03:19.686			179160	6.00000000	56
2026.08.03	09:03:19.686			179155	1.00000000	56
2026.08.03	09:03:19.686			179160	10.00000000	56
2026.08.03	09:03:19.686			179155	3.00000000	56
2026.08.03	09:03:19.689			179150	11.00000000	120
2026.08.03	09:03:19.689			179145	42.00000000	88
2026.08.03	09:03:19.689			179150	1.00000000	120
2026.08.03	09:03:19.689			179155	3.00000000	56
2026.08.03	09:03:19.691			179150	12.00000000	120
2026.08.03	09:03:19.699			179145	54.00000000	88
2026.08.03	09:03:19.699			179140	95.00000000	88
2026.08.03	09:03:19.699			179135	94.00000000	88
2026.08.03	09:03:19.699			179145	1.00000000	88
2026.08.03	09:03:19.700			179150	1.00000000	120
2026.08.03	09:03:19.700			179145	1.00000000	88
2026.08.03	09:03:19.700			179150	20.00000000	120
2026.08.03	09:03:19.700			179145	7.00000000	88
2026.08.03	09:03:19.701			179155	17.00000000	56
2026.08.03	09:03:19.705			179150	12.00000000	120
2026.08.03	09:03:19.706			179145	11.00000000	88
2026.08.03	09:03:19.706			179140	1.00000000	88
2026.08.03	09:03:19.707			179145	2.00000000	88
2026.08.03	09:03:19.707			179140	1.00000000	88
2026.08.03	09:03:19.707			179145	3.00000000	88
2026.08.03	09:03:19.713			179150	9.00000000	120
2026.08.03	09:03:19.715			179145	4.00000000	88
2026.08.03	09:03:19.721			179150	1.00000000	120
2026.08.03	09:03:19.728			179155	2.00000000	56
2026.08.03	09:03:19.734			179150	1.00000000	120
2026.08.03	09:03:19.734			179145	1.00000000	88
2026.08.03	09:03:19.735			179155	1.00000000	56
2026.08.03	09:03:19.735			179160	1.00000000	56
2026.08.03	09:03:19.737			179150	3.00000000	120
2026.08.03	09:03:19.739			179155	3.00000000	56
2026.08.03	09:03:19.744			179155	12.00000000	56
2026.08.03	09:03:19.744			179150	8.00000000	120
2026.08.03	09:03:19.746			179155	1.00000000	56
2026.08.03	09:03:19.748			179145	2.00000000	88
2026.08.03	09:03:19.753			179145	2.00000000	88
2026.08.03	09:03:19.753			179150	10.00000000	120
2026.08.03	09:03:19.755			179155	1.00000000	56
2026.08.03	09:03:19.757			179150	1.00000000	120
2026.08.03	09:03:19.758			179145	1.00000000	88
2026.08.03	09:03:19.760			179150	2.00000000	120
2026.08.03	09:03:19.761			179145	3.00000000	88
2026.08.03	09:03:19.761			179140	20.00000000	88
2026.08.03	09:03:19.762			179135	10.00000000	88
2026.08.03	09:03:19.765			179135	7.00000000	88
2026.08.03	09:03:19.768			179130	5.00000000	88
2026.08.03	09:03:19.778			179135	12.00000000	88
2026.08.03	09:03:19.782			179140	1.00000000	88
2026.08.03	09:03:19.785			179135	8.00000000	88
2026.08.03	09:03:19.802			179130	3.00000000	88
2026.08.03	09:03:19.810			179135	1.00000000	120
2026.08.03	09:03:19.811			179130	5.00000000	88
2026.08.03	09:03:19.811			179125	1.00000000	88
2026.08.03	09:03:19.812			179130	1.00000000	88
2026.08.03	09:03:19.812			179135	6.00000000	120
2026.08.03	09:03:19.816			179130	2.00000000	88
2026.08.03	09:03:19.820	179130				2
2026.08.03	09:03:19.824		179140			4
2026.08.03	09:03:19.824			179140	1.00000000	56
2026.08.03	09:03:19.827			179135	1.00000000	120
2026.08.03	09:03:19.837			179130	5.00000000	88
2026.08.03	09:03:19.842			179130	12.00000000	88
2026.08.03	09:03:19.843			179135	1.00000000	120
2026.08.03	09:03:19.848			179130	1.00000000	88
2026.08.03	09:03:19.854			179140	1.00000000	56
2026.08.03	09:03:19.859			179135	1.00000000	120
2026.08.03	09:03:19.862			179130	5.00000000	88
2026.08.03	09:03:19.865			179135	1.00000000	120
2026.08.03	09:03:19.879			179130	4.00000000	88
2026.08.03	09:03:19.879			179125	1.00000000	88
2026.08.03	09:03:19.880			179135	2.00000000	120
2026.08.03	09:03:19.892			179130	1.00000000	88
2026.08.03	09:03:19.896			179135	1.00000000	120
2026.08.03	09:03:19.904			179135	14.00000000	120
2026.08.03	09:03:19.905			179140	25.00000000	56
2026.08.03	09:03:19.906			179135	12.00000000	120
2026.08.03	09:03:19.919			179130	15.00000000	88
2026.08.03	09:03:19.919			179125	10.00000000	88
2026.08.03	09:03:19.923			179130	2.00000000	88
2026.08.03	09:03:19.930			179125	11.00000000	88
2026.08.03	09:03:19.937			179130	4.00000000	88
2026.08.03	09:03:19.944			179135	6.00000000	120
2026.08.03	09:03:19.946			179135	7.00000000	120
2026.08.03	09:03:19.946			179130	1.00000000	88
2026.08.03	09:03:19.947			179125	5.00000000	88
2026.08.03	09:03:19.949			179125	1.00000000	88
2026.08.03	09:03:19.950			179130	3.00000000	88
2026.08.03	09:03:19.965			179125	35.00000000	88
2026.08.03	09:03:19.968			179120	26.00000000	88
2026.08.03	09:03:19.969			179125	2.00000000	88
2026.08.03	09:03:19.971			179130	7.00000000	88
2026.08.03	09:03:19.981			179130	2.00000000	88
2026.08.03	09:03:19.997			179130	9.00000000	88
2026.08.03	09:03:19.997			179135	11.00000000	120
2026.08.03	09:03:20.012			179125	11.00000000	88
2026.08.03	09:03:20.012			179120	5.00000000	88
2026.08.03	09:03:20.013			179115	8.00000000	88
2026.08.03	09:03:20.013			179120	12.00000000	88
2026.08.03	09:03:20.013			179115	19.00000000	88
2026.08.03	09:03:20.013			179120	1.00000000	88
2026.08.03	09:03:20.013			179115	24.00000000	88
2026.08.03	09:03:20.014			179120	10.00000000	88
2026.08.03	09:03:20.015			179115	5.00000000	88
2026.08.03	09:03:20.020			179115	82.00000000	88
2026.08.03	09:03:20.020			179115	31.00000000	88
2026.08.03	09:03:20.025			179115	5.00000000	88
2026.08.03	09:03:20.028			179120	35.00000000	88
2026.08.03	09:03:20.037			179125	1.00000000	88
2026.08.03	09:03:20.038			179120	20.00000000	88
2026.08.03	09:03:20.038			179125	2.00000000	88
2026.08.03	09:03:20.042			179120	2.00000000	88
2026.08.03	09:03:20.042			179115	1.00000000	88
2026.08.03	09:03:20.044			179120	15.00000000	88
2026.08.03	09:03:20.044			179115	2.00000000	88
2026.08.03	09:03:20.048			179125	5.00000000	88
2026.08.03	09:03:20.055			179120	2.00000000	88
2026.08.03	09:03:20.055			179115	1.00000000	88
2026.08.03	09:03:20.057			179125	2.00000000	88
2026.08.03	09:03:20.063			179125	22.00000000	88
2026.08.03	09:03:20.063			179130	3.00000000	88
2026.08.03	09:03:20.072			179125	1.00000000	88
2026.08.03	09:03:20.079			179120	2.00000000	88
2026.08.03	09:03:20.090			179125	12.00000000	88
2026.08.03	09:03:20.091			179120	3.00000000	88
2026.08.03	09:03:20.092			179125	6.00000000	88
2026.08.03	09:03:20.092			179130	9.00000000	88
2026.08.03	09:03:20.097			179130	3.00000000	88
2026.08.03	09:03:20.101			179130	2.00000000	88
2026.08.03	09:03:20.101			179130	2.00000000	88
2026.08.03	09:03:20.101			179125	3.00000000	88
2026.08.03	09:03:20.102			179130	1.00000000	88
2026.08.03	09:03:20.103			179135	3.00000000	120
2026.08.03	09:03:20.106			179140	1.00000000	56
2026.08.03	09:03:20.114			179135	15.00000000	120
2026.08.03	09:03:20.117			179140	3.00000000	56
2026.08.03	09:03:20.126			179135	17.00000000	120
2026.08.03	09:03:20.138			179135	3.00000000	120
2026.08.03	09:03:20.140			179140	8.00000000	56
2026.08.03	09:03:20.140			179135	4.00000000	120
2026.08.03	09:03:20.146			179130	5.00000000	88
2026.08.03	09:03:20.149			179135	11.00000000	120
2026.08.03	09:03:20.159			179140	5.00000000	56
2026.08.03	09:03:20.162			179135	14.00000000	120
2026.08.03	09:03:20.165	179135				2
2026.08.03	09:03:20.179			179135	2.00000000	88
2026.08.03	09:03:20.179			179140	1.00000000	56
2026.08.03	09:03:20.194			179135	8.00000000	88
2026.08.03	09:03:20.211			179140	1.00000000	56
2026.08.03	09:03:20.212			179140	28.00000000	56
2026.08.03	09:03:20.212			179145	38.00000000	56
2026.08.03	09:03:20.212			179140	1.00000000	56
2026.08.03	09:03:20.213			179135	1.00000000	88
2026.08.03	09:03:20.220			179135	1.00000000	88
2026.08.03	09:03:20.221			179140	11.00000000	56
2026.08.03	09:03:20.223			179145	1.00000000	56
2026.08.03	09:03:20.223			179140	1.00000000	56
2026.08.03	09:03:20.224			179140	2.00000000	56
2026.08.03	09:03:20.226			179140	1.00000000	56
2026.08.03	09:03:20.226			179135	4.00000000	88
2026.08.03	09:03:20.226			179140	1.00000000	56
2026.08.03	09:03:20.239			179130	1.00000000	88
2026.08.03	09:03:20.242			179135	1.00000000	88
2026.08.03	09:03:20.242			179140	1.00000000	56
2026.08.03	09:03:20.242			179130	3.00000000	88
2026.08.03	09:03:20.245			179135	5.00000000	88
2026.08.03	09:03:20.250			179130	6.00000000	88
2026.08.03	09:03:20.253			179135	1.00000000	88
2026.08.03	09:03:20.263			179135	3.00000000	88
2026.08.03	09:03:20.272			179135	1.00000000	88
2026.08.03	09:03:20.272			179130	12.00000000	88
2026.08.03	09:03:20.272			179125	3.00000000	88
2026.08.03	09:03:20.273			179130	1.00000000	88
2026.08.03	09:03:20.277			179135	9.00000000	88
2026.08.03	09:03:20.283			179140	4.00000000	56
2026.08.03	09:03:20.283			179135	3.00000000	88
2026.08.03	09:03:20.292			179130	3.00000000	88
2026.08.03	09:03:20.303			179130	18.00000000	88
2026.08.03	09:03:20.305			179130	1.00000000	88
2026.08.03	09:03:20.307			179125	3.00000000	88
2026.08.03	09:03:20.309			179130	3.00000000	88
2026.08.03	09:03:20.339			179135	1.00000000	88
2026.08.03	09:03:20.341			179130	5.00000000	88
2026.08.03	09:03:20.342			179135	1.00000000	88
2026.08.03	09:03:20.344			179130	1.00000000	88
2026.08.03	09:03:20.346			179135	1.00000000	88
2026.08.03	09:03:20.346			179130	7.00000000	88
2026.08.03	09:03:20.359			179135	1.00000000	88
2026.08.03	09:03:20.361			179130	4.00000000	88
2026.08.03	09:03:20.389			179130	1.00000000	88
2026.08.03	09:03:20.392			179130	14.00000000	88
2026.08.03	09:03:20.397			179135	38.00000000	88
2026.08.03	09:03:20.398			179140	1.00000000	56
2026.08.03	09:03:20.398			179135	18.00000000	88
2026.08.03	09:03:20.402			179130	6.00000000	88
2026.08.03	09:03:20.402			179125	44.00000000	88
2026.08.03	09:03:20.402			179130	17.00000000	88
2026.08.03	09:03:20.411			179135	8.00000000	88
2026.08.03	09:03:20.415			179145	1.00000000	56
2026.08.03	09:03:20.424			179145	47.00000000	56
2026.08.03	09:03:20.425			179150	35.00000000	56
2026.08.03	09:03:20.433			179145	21.00000000	56
2026.08.03	09:03:20.443			179150	1.00000000	56
2026.08.03	09:03:20.445			179145	7.00000000	56
2026.08.03	09:03:20.459			179155	5.00000000	56
2026.08.03	09:03:20.467			179145	1.00000000	56
2026.08.03	09:03:20.467			179150	1.00000000	56
2026.08.03	09:03:20.470			179155	15.00000000	56
2026.08.03	09:03:20.477			179150	15.00000000	56
2026.08.03	09:03:20.480			179155	3.00000000	56
2026.08.03	09:03:20.486			179155	6.00000000	56
2026.08.03	09:03:20.494			179150	2.00000000	56
2026.08.03	09:03:20.502			179145	49.00000000	56
2026.08.03	09:03:20.503			179150	5.00000000	56
2026.08.03	09:03:20.508			179155	1.00000000	56
2026.08.03	09:03:20.510			179150	3.00000000	56
2026.08.03	09:03:20.517	179150				2
2026.08.03	09:03:20.517		179155			4
2026.08.03	09:03:20.525			179150	10.00000000	88
2026.08.03	09:03:20.525			179155	25.00000000	56
2026.08.03	09:03:20.527			179160	12.00000000	56
2026.08.03	09:03:20.528			179165	9.00000000	56
2026.08.03	09:03:20.530			179160	2.00000000	56
2026.08.03	09:03:20.535			179155	9.00000000	56
2026.08.03	09:03:20.537			179150	1.00000000	88
2026.08.03	09:03:20.541			179150	1.00000000	88
2026.08.03	09:03:20.544			179155	5.00000000	56
2026.08.03	09:03:20.546			179150	33.00000000	88
2026.08.03	09:03:20.573			179155	8.00000000	56
2026.08.03	09:03:20.576			179145	3.00000000	88
2026.08.03	09:03:20.579			179145	23.00000000	88
2026.08.03	09:03:20.579			179140	10.00000000	88
2026.08.03	09:03:20.579			179140	17.00000000	88
2026.08.03	09:03:20.580			179145	11.00000000	88
2026.08.03	09:03:20.581			179140	5.00000000	88
2026.08.03	09:03:20.594			179140	8.00000000	88
2026.08.03	09:03:20.594			179135	17.00000000	88
2026.08.03	09:03:20.594			179140	1.00000000	88
2026.08.03	09:03:20.595			179140	1.00000000	88
2026.08.03	09:03:20.599			179140	1.00000000	88
2026.08.03	09:03:20.603			179140	1.00000000	88
2026.08.03	09:03:20.604			179140	2.00000000	88
2026.08.03	09:03:20.608			179145	1.00000000	88
2026.08.03	09:03:20.613			179140	5.00000000	88
2026.08.03	09:03:20.621			179145	17.00000000	88
2026.08.03	09:03:20.622			179150	14.00000000	88
2026.08.03	09:03:20.622			179155	72.00000000	56
2026.08.03	09:03:20.623			179160	8.00000000	56
2026.08.03	09:03:20.623			179165	3.00000000	56
2026.08.03	09:03:20.624			179160	6.00000000	56
2026.08.03	09:03:20.628			179165	1.00000000	56
2026.08.03	09:03:20.629			179160	3.00000000	56
2026.08.03	09:03:20.633			179165	1.00000000	56
2026.08.03	09:03:20.635			179160	3.00000000	56
2026.08.03	09:03:20.635			179165	6.00000000	56
2026.08.03	09:03:20.655			179160	1.00000000	56
2026.08.03	09:03:20.655			179165	1.00000000	56
2026.08.03	09:03:20.658			179160	5.00000000	56
2026.08.03	09:03:20.660			179160	10.00000000	56
2026.08.03	09:03:20.663			179160	30.00000000	56
2026.08.03	09:03:20.665			179160	10.00000000	56
2026.08.03	09:03:20.670			179155	10.00000000	56
2026.08.03	09:03:20.693			179160	1.00000000	56
2026.08.03	09:03:20.697			179155	21.00000000	56
2026.08.03	09:03:20.714			179150	5.00000000	88
2026.08.03	09:03:20.716			179160	3.00000000	56
2026.08.03	09:03:20.718			179155	5.00000000	56
2026.08.03	09:03:20.724			179155	6.00000000	56
2026.08.03	09:03:20.724			179150	3.00000000	88
2026.08.03	09:03:20.725			179155	3.00000000	56
2026.08.03	09:03:20.732			179155	11.00000000	56
2026.08.03	09:03:20.743			179160	6.00000000	56
2026.08.03	09:03:20.755			179165	7.00000000	56
2026.08.03	09:03:20.759			179170	27.00000000	56
2026.08.03	09:03:20.760			179160	7.00000000	56
2026.08.03	09:03:20.760			179155	7.00000000	56
2026.08.03	09:03:20.760			179150	4.00000000	88
2026.08.03	09:03:20.767			179155	3.00000000	56
2026.08.03	09:03:20.774			179155	1.00000000	56
2026.08.03	09:03:20.774			179150	1.00000000	88
2026.08.03	09:03:20.774			179155	4.00000000	56
2026.08.03	09:03:20.775			179150	1.00000000	88
2026.08.03	09:03:20.777			179160	4.00000000	56
2026.08.03	09:03:20.777			179165	9.00000000	56
2026.08.03	09:03:20.783			179160	5.00000000	56
2026.08.03	09:03:20.785			179155	9.00000000	56
2026.08.03	09:03:20.805			179160	1.00000000	56
2026.08.03	09:03:20.805			179155	3.00000000	56
2026.08.03	09:03:20.811			179160	2.00000000	56
2026.08.03	09:03:20.812			179160	1.00000000	56
2026.08.03	09:03:20.814			179155	2.00000000	56
2026.08.03	09:03:20.815			179160	2.00000000	56
2026.08.03	09:03:20.821			179155	15.00000000	56
2026.08.03	09:03:20.824			179160	1.00000000	56
2026.08.03	09:03:20.825			179155	1.00000000	56
2026.08.03	09:03:20.827			179160	1.00000000	56
2026.08.03	09:03:20.828			179155	8.00000000	56
2026.08.03	09:03:20.828			179150	2.00000000	88
2026.08.03	09:03:20.828			179155	2.00000000	56
2026.08.03	09:03:20.830			179150	2.00000000	88
2026.08.03	09:03:20.837			179155	1.00000000	56
2026.08.03	09:03:20.837			179160	4.00000000	56
2026.08.03	09:03:20.846			179150	1.00000000	88
2026.08.03	09:03:20.855			179150	10.00000000	88
2026.08.03	09:03:20.877			179150	1.00000000	88
2026.08.03	09:03:20.882			179155	20.00000000	56
2026.08.03	09:03:20.884			179150	3.00000000	88
2026.08.03	09:03:20.888			179155	3.00000000	56
2026.08.03	09:03:20.889			179150	1.00000000	88
2026.08.03	09:03:20.890			179155	1.00000000	56
2026.08.03	09:03:20.897			179150	13.00000000	88
2026.08.03	09:03:20.929			179155	1.00000000	56
2026.08.03	09:03:20.935			179150	11.00000000	88
2026.08.03	09:03:20.935			179145	40.00000000	88
2026.08.03	09:03:20.935			179155	6.00000000	56
2026.08.03	09:03:20.935			179150	2.00000000	88
2026.08.03	09:03:20.936			179155	2.00000000	56
2026.08.03	09:03:20.938			179150	2.00000000	88
2026.08.03	09:03:20.943			179155	5.00000000	56
2026.08.03	09:03:20.944			179160	1.00000000	56
2026.08.03	09:03:20.944			179155	2.00000000	56
2026.08.03	09:03:20.946			179160	6.00000000	56
2026.08.03	09:03:20.948			179155	4.00000000	56
2026.08.03	09:03:20.951			179160	2.00000000	56
2026.08.03	09:03:20.951			179165	22.00000000	56
2026.08.03	09:03:20.951			179170	42.00000000	56
2026.08.03	09:03:20.951			179170	4.00000000	56
2026.08.03	09:03:20.951			179165	3.00000000	56
2026.08.03	09:03:20.951			179170	2.00000000	56
2026.08.03	09:03:20.952			179160	2.00000000	56
2026.08.03	09:03:20.953			179155	8.00000000	56
2026.08.03	09:03:20.953			179150	7.00000000	88
2026.08.03	09:03:20.957			179155	2.00000000	56
2026.08.03	09:03:20.965			179155	9.00000000	56
2026.08.03	09:03:20.966			179150	4.00000000	88
2026.08.03	09:03:20.974			179155	1.00000000	56
2026.08.03	09:03:20.976			179150	12.00000000	88
2026.08.03	09:03:20.976			179145	18.00000000	88
2026.08.03	09:03:20.976			179155	3.00000000	56
2026.08.03	09:03:20.980			179150	1.00000000	88
2026.08.03	09:03:20.981			179155	1.00000000	56
2026.08.03	09:03:20.981			179150	1.00000000	88
2026.08.03	09:03:20.982			179155	6.00000000	56
2026.08.03	09:03:20.996			179155	7.00000000	56
2026.08.03	09:03:21.001			179150	5.00000000	88
2026.08.03	09:03:21.013			179155	2.00000000	56
2026.08.03	09:03:21.013			179150	3.00000000	88
2026.08.03	09:03:21.022			179155	1.00000000	56
2026.08.03	09:03:21.022			179145	5.00000000	88
2026.08.03	09:03:21.038			179155	3.00000000	56
2026.08.03	09:03:21.039			179145	3.00000000	88
2026.08.03	09:03:21.041			179150	3.00000000	88
2026.08.03	09:03:21.048			179145	3.00000000	88
2026.08.03	09:03:21.068			179145	1.00000000	88
2026.08.03	09:03:21.069			179140	12.00000000	88
2026.08.03	09:03:21.069			179140	14.00000000	88
2026.08.03	09:03:21.071			179140	1.00000000	88
2026.08.03	09:03:21.071			179135	4.00000000	88
2026.08.03	09:03:21.071			179140	3.00000000	88
2026.08.03	09:03:21.076			179145	5.00000000	88
2026.08.03	09:03:21.077			179140	1.00000000	88
2026.08.03	09:03:21.080			179145	10.00000000	88
2026.08.03	09:03:21.087			179145	1.00000000	88
2026.08.03	09:03:21.088			179140	14.00000000	88
2026.08.03	09:03:21.096			179135	9.00000000	88
2026.08.03	09:03:21.099			179140	1.00000000	88
2026.08.03	09:03:21.118			179140	4.00000000	88
2026.08.03	09:03:21.126			179145	15.00000000	88
2026.08.03	09:03:21.132			179145	2.00000000	88
2026.08.03	09:03:21.133			179150	3.00000000	88
2026.08.03	09:03:21.151			179145	1.00000000	88
2026.08.03	09:03:21.151			179140	1.00000000	88
2026.08.03	09:03:21.159			179150	1.00000000	88
2026.08.03	09:03:21.160			179145	12.00000000	88
2026.08.03	09:03:21.160			179150	3.00000000	88
2026.08.03	09:03:21.166			179145	11.00000000	88
2026.08.03	09:03:21.166			179150	14.00000000	88
2026.08.03	09:03:21.166			179145	1.00000000	88
2026.08.03	09:03:21.171			179145	2.00000000	88
2026.08.03	09:03:21.181			179140	5.00000000	88
2026.08.03	09:03:21.182			179145	6.00000000	88
2026.08.03	09:03:21.187			179140	3.00000000	88
2026.08.03	09:03:21.196			179135	4.00000000	88
2026.08.03	09:03:21.206			179140	1.00000000	88
2026.08.03	09:03:21.214			179135	1.00000000	88
2026.08.03	09:03:21.219			179140	2.00000000	88
2026.08.03	09:03:21.219	179135				2
2026.08.03	09:03:21.222		179140			4
2026.08.03	09:03:21.240			179140	19.00000000	56
2026.08.03	09:03:21.246			179145	15.00000000	56
2026.08.03	09:03:21.246			179150	6.00000000	56
2026.08.03	09:03:21.248			179145	23.00000000	56
2026.08.03	09:03:21.251			179140	2.00000000	56
2026.08.03	09:03:21.259			179145	2.00000000	56
2026.08.03	09:03:21.267			179140	24.00000000	56
2026.08.03	09:03:21.267			179145	26.00000000	56
2026.08.03	09:03:21.267			179140	12.00000000	56
2026.08.03	09:03:21.269			179145	13.00000000	56
2026.08.03	09:03:21.275			179150	9.00000000	56
2026.08.03	09:03:21.289			179155	23.00000000	56
2026.08.03	09:03:21.289			179160	4.00000000	56
2026.08.03	09:03:21.289			179155	6.00000000	56
2026.08.03	09:03:21.290			179160	23.00000000	56
2026.08.03	09:03:21.291			179165	2.00000000	56
2026.08.03	09:03:21.291			179170	2.00000000	56
2026.08.03	09:03:21.291			179165	2.00000000	56
2026.08.03	09:03:21.297			179165	15.00000000	56
2026.08.03	09:03:21.303			179170	1.00000000	56
2026.08.03	09:03:21.303			179165	1.00000000	56
2026.08.03	09:03:21.306			179170	5.00000000	56
2026.08.03	09:03:21.313			179165	20.00000000	56
2026.08.03	09:03:21.313			179160	4.00000000	56
2026.08.03	09:03:21.314			179170	1.00000000	56
2026.08.03	09:03:21.323			179165	2.00000000	56
2026.08.03	09:03:21.335			179165	1.00000000	56
2026.08.03	09:03:21.345			179170	1.00000000	56
2026.08.03	09:03:21.356			179165	7.00000000	56
2026.08.03	09:03:21.356			179160	47.00000000	56
2026.08.03	09:03:21.358			179155	6.00000000	56
2026.08.03	09:03:21.358			179160	3.00000000	56
2026.08.03	09:03:21.360			179155	4.00000000	56
2026.08.03	09:03:21.361			179155	14.00000000	56
2026.08.03	09:03:21.365			179150	1.00000000	56
2026.08.03	09:03:21.365			179150	10.00000000	56
2026.08.03	09:03:21.371			179155	16.00000000	56
2026.08.03	09:03:21.385			179155	7.00000000	56
2026.08.03	09:03:21.386			179150	6.00000000	56
2026.08.03	09:03:21.405			179150	1.00000000	56
2026.08.03	09:03:21.405			179145	2.00000000	56
2026.08.03	09:03:21.409			179150	47.00000000	56
2026.08.03	09:03:21.411			179145	49.00000000	56
2026.08.03	09:03:21.412			179150	6.00000000	56
2026.08.03	09:03:21.423			179145	1.00000000	56
2026.08.03	09:03:21.431			179150	1.00000000	56
2026.08.03	09:03:21.433			179150	3.00000000	56
2026.08.03	09:03:21.433			179155	2.00000000	56
2026.08.03	09:03:21.436			179145	1.00000000	56
2026.08.03	09:03:21.444			179140	1.00000000	56
2026.08.03	09:03:21.456			179145	17.00000000	56
2026.08.03	09:03:21.462			179150	13.00000000	56
2026.08.03	09:03:21.469			179145	49.00000000	56
2026.08.03	09:03:21.499			179140	1.00000000	56
2026.08.03	09:03:21.501			179145	7.00000000	56
2026.08.03	09:03:21.502			179140	1.00000000	56
2026.08.03	09:03:21.503			179145	2.00000000	56
2026.08.03	09:03:21.508			179140	1.00000000	56
2026.08.03	09:03:21.508			179145	5.00000000	56
2026.08.03	09:03:21.525			179140	20.00000000	56
2026.08.03	09:03:21.535			179145	5.00000000	56
2026.08.03	09:03:21.544			179140	1.00000000	56
2026.08.03	09:03:21.554			179145	1.00000000	56
2026.08.03	09:03:21.556			179140	10.00000000	56
2026.08.03	09:03:21.561			179140	1.00000000	56
2026.08.03	09:03:21.568	179140				2
2026.08.03	09:03:21.568		179145			4
2026.08.03	09:03:21.575			179145	6.00000000	56
2026.08.03	09:03:21.601			179145	1.00000000	56
2026.08.03	09:03:21.602			179140	2.00000000	88
2026.08.03	09:03:21.609			179145	24.00000000	56
2026.08.03	09:03:21.615			179150	4.00000000	56
2026.08.03	09:03:21.633			179145	5.00000000	56
2026.08.03	09:03:21.638			179150	1.00000000	56
2026.08.03	09:03:21.653			179145	4.00000000	56
2026.08.03	09:03:21.665			179145	5.00000000	56
2026.08.03	09:03:21.668			179150	1.00000000	56
2026.08.03	09:03:21.686			179145	1.00000000	56
2026.08.03	09:03:21.689			179150	8.00000000	56
2026.08.03	09:03:21.707			179150	3.00000000	56
2026.08.03	09:03:21.719			179145	10.00000000	56
2026.08.03	09:03:21.722			179145	3.00000000	56
2026.08.03	09:03:21.729			179150	1.00000000	56
2026.08.03	09:03:21.730			179145	6.00000000	56
2026.08.03	09:03:21.741			179150	11.00000000	56
2026.08.03	09:03:21.748			179145	8.00000000	56
2026.08.03	09:03:21.748			179140	2.00000000	88
2026.08.03	09:03:21.748			179145	10.00000000	56
2026.08.03	09:03:21.750			179140	4.00000000	88
2026.08.03	09:03:21.776			179135	5.00000000	88
2026.08.03	09:03:21.777			179140	1.00000000	88
2026.08.03	09:03:21.789			179135	20.00000000	88
2026.08.03	09:03:21.806			179140	15.00000000	88
2026.08.03	09:03:21.809			179145	36.00000000	56
2026.08.03	09:03:21.810			179150	47.00000000	56
2026.08.03	09:03:21.810			179155	5.00000000	56
2026.08.03	09:03:21.810			179145	151.00000000	56
2026.08.03	09:03:21.812			179140	2.00000000	88
2026.08.03	09:03:21.813			179140	14.00000000	88
2026.08.03	09:03:21.814			179145	3.00000000	56
2026.08.03	09:03:21.823			179145	2.00000000	56
2026.08.03	09:03:21.827			179140	1.00000000	88
2026.08.03	09:03:21.835			179145	6.00000000	56
2026.08.03	09:03:21.838			179140	5.00000000	88
2026.08.03	09:03:21.841			179145	1.00000000	56
2026.08.03	09:03:21.842			179140	3.00000000	88
2026.08.03	09:03:21.849			179145	2.00000000	56
2026.08.03	09:03:21.849			179140	2.00000000	88
2026.08.03	09:03:21.877			179135	12.00000000	88
2026.08.03	09:03:21.877			179135	21.00000000	88
2026.08.03	09:03:21.877			179130	19.00000000	88
2026.08.03	09:03:21.881			179130	3.00000000	88
2026.08.03	09:03:21.882			179135	4.00000000	88
2026.08.03	09:03:21.883			179130	2.00000000	88
2026.08.03	09:03:21.886			179140	2.00000000	88
2026.08.03	09:03:21.890			179140	9.00000000	88
2026.08.03	09:03:21.890			179140	15.00000000	88
2026.08.03	09:03:21.890			179145	16.00000000	56
2026.08.03	09:03:21.890			179140	16.00000000	88
2026.08.03	09:03:21.897			179135	1.00000000	88
2026.08.03	09:03:21.897			179140	10.00000000	88
2026.08.03	09:03:21.916			179140	2.00000000	88
2026.08.03	09:03:21.920			179135	2.00000000	88
2026.08.03	09:03:21.923			179140	10.00000000	88
2026.08.03	09:03:21.923	179135				2
2026.08.03	09:03:21.923		179140			4
2026.08.03	09:03:21.926			179145	1.00000000	56
2026.08.03	09:03:21.940			179135	4.00000000	88
2026.08.03	09:03:21.946			179135	1.00000000	88
2026.08.03	09:03:21.949			179130	2.00000000	88
2026.08.03	09:03:21.971			179135	1.00000000	88
2026.08.03	09:03:21.971			179130	17.00000000	88
2026.08.03	09:03:21.988			179135	4.00000000	88
2026.08.03	09:03:21.993			179130	32.00000000	88
2026.08.03	09:03:22.000			179125	27.00000000	88
2026.08.03	09:03:22.000			179120	53.00000000	88
2026.08.03	09:03:22.000			179120	11.00000000	88
2026.08.03	09:03:22.001			179125	5.00000000	88
2026.08.03	09:03:22.005			179130	1.00000000	88
2026.08.03	09:03:22.005			179125	1.00000000	88
2026.08.03	09:03:22.005			179130	1.00000000	88
2026.08.03	09:03:22.005			179125	3.00000000	88
2026.08.03	09:03:22.005			179130	4.00000000	88
2026.08.03	09:03:22.006			179125	3.00000000	88
2026.08.03	09:03:22.021			179130	1.00000000	88
2026.08.03	09:03:22.021			179125	3.00000000	88
2026.08.03	09:03:22.033			179130	5.00000000	88
2026.08.03	09:03:22.036			179125	2.00000000	88
2026.08.03	09:03:22.037			179130	8.00000000	88
2026.08.03	09:03:22.038			179130	1.00000000	88
2026.08.03	09:03:22.039			179125	1.00000000	88
2026.08.03	09:03:22.047			179130	6.00000000	88
2026.08.03	09:03:22.053			179125	15.00000000	88
2026.08.03	09:03:22.058			179130	5.00000000	88
2026.08.03	09:03:22.059			179125	1.00000000	88
2026.08.03	09:03:22.059			179120	2.00000000	88
2026.08.03	09:03:22.068			179130	5.00000000	88
2026.08.03	09:03:22.074			179125	1.00000000	88
2026.08.03	09:03:22.079			179130	1.00000000	88
2026.08.03	09:03:22.084			179130	8.00000000	88
2026.08.03	09:03:22.084			179135	7.00000000	88
2026.08.03	09:03:22.084			179130	1.00000000	88
2026.08.03	09:03:22.091			179125	5.00000000	88
2026.08.03	09:03:22.106			179130	5.00000000	88
2026.08.03	09:03:22.111			179125	3.00000000	88
2026.08.03	09:03:22.116			179125	2.00000000	88
2026.08.03	09:03:22.116			179125	1.00000000	88
2026.08.03	09:03:22.128			179125	1.00000000	88
2026.08.03	09:03:22.130			179130	7.00000000	88
2026.08.03	09:03:22.135			179125	1.00000000	88
2026.08.03	09:03:22.147			179125	4.00000000	88
2026.08.03	09:03:22.149			179130	7.00000000	88
2026.08.03	09:03:22.150			179135	22.00000000	88
2026.08.03	09:03:22.153			179140	7.00000000	56
2026.08.03	09:03:22.158			179135	5.00000000	88
2026.08.03	09:03:22.174			179135	12.00000000	88
2026.08.03	09:03:22.179			179130	3.00000000	88
2026.08.03	09:03:22.183			179130	1.00000000	88
2026.08.03	09:03:22.183			179125	1.00000000	88
2026.08.03	09:03:22.186			179130	11.00000000	88
2026.08.03	09:03:22.195			179135	1.00000000	88
2026.08.03	09:03:22.204			179130	13.00000000	88
2026.08.03	09:03:22.220			179130	1.00000000	88
2026.08.03	09:03:22.220			179125	1.00000000	88
2026.08.03	09:03:22.220			179125	2.00000000	88
2026.08.03	09:03:22.221			179130	2.00000000	88
2026.08.03	09:03:22.231			179135	21.00000000	88
2026.08.03	09:03:22.240			179130	15.00000000	88
2026.08.03	09:03:22.258			179135	22.00000000	88
2026.08.03	09:03:22.258			179140	3.00000000	56
2026.08.03	09:03:22.269			179135	2.00000000	88
2026.08.03	09:03:22.271			179130	1.00000000	88
2026.08.03	09:03:22.271			179135	1.00000000	88
2026.08.03	09:03:22.272			179140	3.00000000	56
2026.08.03	09:03:22.273			179130	20.00000000	88
2026.08.03	09:03:22.274	179130				2
2026.08.03	09:03:22.274		179135			4
2026.08.03	09:03:22.275			179135	2.00000000	88
2026.08.03	09:03:22.293			179130	1.00000000	88
2026.08.03	09:03:22.303			179130	3.00000000	88
2026.08.03	09:03:22.304			179130	7.00000000	88
2026.08.03	09:03:22.314			179135	1.00000000	56
2026.08.03	09:03:22.314			179130	1.00000000	88
2026.08.03	09:03:22.314			179125	59.00000000	88
2026.08.03	09:03:22.314			179120	40.00000000	88
2026.08.03	09:03:22.315			179130	13.00000000	88
2026.08.03	09:03:22.320			179125	2.00000000	88
2026.08.03	09:03:22.320			179135	1.00000000	56
2026.08.03	09:03:22.320			179130	4.00000000	88
2026.08.03	09:03:22.341			179130	1.00000000	88
2026.08.03	09:03:22.349			179125	1.00000000	88
2026.08.03	09:03:22.350			179135	20.00000000	56
2026.08.03	09:03:22.354			179130	1.00000000	88
2026.08.03	09:03:22.357			179135	3.00000000	56
2026.08.03	09:03:22.364			179130	3.00000000	88
2026.08.03	09:03:22.366			179135	4.00000000	56
2026.08.03	09:03:22.373			179130	1.00000000	88
2026.08.03	09:03:22.391			179125	3.00000000	88
2026.08.03	09:03:22.391			179135	4.00000000	56
2026.08.03	09:03:22.396			179125	13.00000000	88
2026.08.03	09:03:22.404			179135	24.00000000	56
2026.08.03	09:03:22.404			179140	1.00000000	56
2026.08.03	09:03:22.405			179130	1.00000000	88
2026.08.03	09:03:22.405			179130	1.00000000	88
2026.08.03	09:03:22.413			179130	15.00000000	88
2026.08.03	09:03:22.419			179135	8.00000000	56
2026.08.03	09:03:22.422			179130	3.00000000	88
2026.08.03	09:03:22.431			179125	10.00000000	88
2026.08.03	09:03:22.432			179130	8.00000000	88
2026.08.03	09:03:22.432			179135	2.00000000	56
2026.08.03	09:03:22.438			179125	11.00000000	88
2026.08.03	09:03:22.448			179125	6.00000000	88
2026.08.03	09:03:22.449			179135	1.00000000	56
2026.08.03	09:03:22.453			179130	6.00000000	88
2026.08.03	09:03:22.468			179135	3.00000000	56
2026.08.03	09:03:22.475			179125	1.00000000	88
2026.08.03	09:03:22.486			179125	1.00000000	88
2026.08.03	09:03:22.510			179125	13.00000000	88
2026.08.03	09:03:22.518			179130	13.00000000	88
2026.08.03	09:03:22.541			179125	2.00000000	88
2026.08.03	09:03:22.542			179130	20.00000000	88
2026.08.03	09:03:22.549			179135	6.00000000	56
2026.08.03	09:03:22.561			179125	6.00000000	88
2026.08.03	09:03:22.612			179125	40.00000000	88
2026.08.03	09:03:22.613			179130	64.00000000	88
2026.08.03	09:03:22.618	179125				2
2026.08.03	09:03:22.619		179130			4
2026.08.03	09:03:22.637			179125	7.00000000	88
2026.08.03	09:03:22.637			179120	6.00000000	88
2026.08.03	09:03:22.640			179125	1.00000000	88
2026.08.03	09:03:22.642			179130	7.00000000	56
2026.08.03	09:03:22.642			179135	37.00000000	56
2026.08.03	09:03:22.642			179140	41.00000000	56
2026.08.03	09:03:22.642			179130	4.00000000	56
2026.08.03	09:03:22.647			179135	1.00000000	56
2026.08.03	09:03:22.650			179130	5.00000000	56
2026.08.03	09:03:22.652			179125	2.00000000	88
2026.08.03	09:03:22.656			179125	1.00000000	88
2026.08.03	09:03:22.668			179125	3.00000000	88
2026.08.03	09:03:22.669			179130	10.00000000	56
2026.08.03	09:03:22.671			179135	10.00000000	56
2026.08.03	09:03:22.672			179125	1.00000000	88
2026.08.03	09:03:22.674			179130	3.00000000	56
2026.08.03	09:03:22.684			179135	1.00000000	56
2026.08.03	09:03:22.687			179125	1.00000000	88
2026.08.03	09:03:22.691			179135	11.00000000	56
2026.08.03	09:03:22.692			179140	1.00000000	56
2026.08.03	09:03:22.693			179135	1.00000000	56
2026.08.03	09:03:22.707			179135	10.00000000	56
2026.08.03	09:03:22.707			179140	7.00000000	56
2026.08.03	09:03:22.710			179140	7.00000000	56
2026.08.03	09:03:22.710			179145	13.00000000	56
2026.08.03	09:03:22.710			179140	3.00000000	56
2026.08.03	09:03:22.713			179135	7.00000000	56
2026.08.03	09:03:22.725			179140	1.00000000	56
2026.08.03	09:03:22.727			179135	19.00000000	56
2026.08.03	09:03:22.743			179135	1.00000000	56
2026.08.03	09:03:22.746			179130	5.00000000	56
2026.08.03	09:03:22.747			179135	1.00000000	56
2026.08.03	09:03:22.748			179130	2.00000000	56
2026.08.03	09:03:22.754			179130	1.00000000	56
2026.08.03	09:03:22.767			179125	24.00000000	88
2026.08.03	09:03:22.773			179120	6.00000000	88
2026.08.03	09:03:22.799			179130	1.00000000	56
2026.08.03	09:03:22.802			179125	1.00000000	88
2026.08.03	09:03:22.817			179130	16.00000000	56
2026.08.03	09:03:22.822			179120	3.00000000	88
2026.08.03	09:03:22.825			179130	2.00000000	56
2026.08.03	09:03:22.826			179125	5.00000000	88
2026.08.03	09:03:22.827			179120	10.00000000	88
2026.08.03	09:03:22.833			179130	1.00000000	56
2026.08.03	09:03:22.838			179130	10.00000000	56
2026.08.03	09:03:22.842			179130	16.00000000	56
2026.08.03	09:03:22.843			179135	20.00000000	56
2026.08.03	09:03:22.843			179135	21.00000000	56
2026.08.03	09:03:22.843			179140	59.00000000	56
2026.08.03	09:03:22.843			179140	74.00000000	56
2026.08.03	09:03:22.843			179140	1.00000000	56
2026.08.03	09:03:22.843			179145	86.00000000	56
2026.08.03	09:03:22.844			179140	7.00000000	56
2026.08.03	09:03:22.844			179135	2.00000000	56
2026.08.03	09:03:22.844			179140	1.00000000	56
2026.08.03	09:03:22.845			179145	19.00000000	56
2026.08.03	09:03:22.845			179150	4.00000000	56
2026.08.03	09:03:22.846			179145	7.00000000	56
2026.08.03	09:03:22.851			179140	1.00000000	56
2026.08.03	09:03:22.853			179140	3.00000000	56
2026.08.03	09:03:22.855			179145	4.00000000	56
2026.08.03	09:03:22.859			179140	4.00000000	56
2026.08.03	09:03:22.863			179145	1.00000000	56
2026.08.03	09:03:22.869			179140	23.00000000	56
2026.08.03	09:03:22.874			179135	12.00000000	56
2026.08.03	09:03:22.874			179140	12.00000000	56
2026.08.03	09:03:22.874			179135	17.00000000	56
2026.08.03	09:03:22.883			179135	4.00000000	56
2026.08.03	09:03:22.903			179145	1.00000000	56
2026.08.03	09:03:22.920			179135	1.00000000	56
2026.08.03	09:03:22.933			179145	9.00000000	56
2026.08.03	09:03:22.935			179140	12.00000000	56
2026.08.03	09:03:22.935			179135	18.00000000	56
2026.08.03	09:03:22.936			179145	1.00000000	56
2026.08.03	09:03:22.940			179135	20.00000000	56
2026.08.03	09:03:22.941			179140	3.00000000	56
2026.08.03	09:03:22.941			179135	7.00000000	56
2026.08.03	09:03:22.942			179130	12.00000000	56
2026.08.03	09:03:22.943			179135	5.00000000	56
2026.08.03	09:03:22.952			179130	2.00000000	56
2026.08.03	09:03:22.955			179135	6.00000000	56
2026.08.03	09:03:22.965			179140	1.00000000	56
2026.08.03	09:03:22.966			179135	2.00000000	56
2026.08.03	09:03:22.969			179140	1.00000000	56
2026.08.03	09:03:22.969			179135	1.00000000	56
2026.08.03	09:03:22.972			179140	3.00000000	56
2026.08.03	09:03:22.972	179135				2
2026.08.03	09:03:22.972		179140			4
2026.08.03	09:03:22.975			179135	1.00000000	56
2026.08.03	09:03:22.982			179140	1.00000000	56
2026.08.03	09:03:22.982			179135	6.00000000	56
2026.08.03	09:03:22.987			179140	1.00000000	56
2026.08.03	09:03:22.987			179135	13.00000000	56
2026.08.03	09:03:23.000			179135	2.00000000	88
2026.08.03	09:03:23.003			179130	5.00000000	88
2026.08.03	09:03:23.003			179135	10.00000000	88
2026.08.03	09:03:23.006			179130	1.00000000	88
2026.08.03	09:03:23.020			179130	5.00000000	88
2026.08.03	09:03:23.023			179130	1.00000000	88
2026.08.03	09:03:23.026			179135	1.00000000	88
2026.08.03	09:03:23.045			179130	1.00000000	88
2026.08.03	09:03:23.048			179135	1.00000000	88
2026.08.03	09:03:23.053			179135	1.00000000	88
2026.08.03	09:03:23.055			179130	5.00000000	88
2026.08.03	09:03:23.063			179130	3.00000000	88
2026.08.03	09:03:23.073			179135	5.00000000	88
2026.08.03	09:03:23.082			179130	1.00000000	88
2026.08.03	09:03:23.090			179135	14.00000000	88
2026.08.03	09:03:23.090			179140	11.00000000	56
2026.08.03	09:03:23.091			179135	1.00000000	88
2026.08.03	09:03:23.097			179130	18.00000000	88
2026.08.03	09:03:23.109			179135	11.00000000	88
2026.08.03	09:03:23.110			179140	4.00000000	56
2026.08.03	09:03:23.113			179145	2.00000000	56
2026.08.03	09:03:23.114			179150	23.00000000	56
2026.08.03	09:03:23.115			179145	6.00000000	56
2026.08.03	09:03:23.132			179140	1.00000000	56
2026.08.03	09:03:23.149			179140	1.00000000	56
2026.08.03	09:03:23.151			179145	1.00000000	56
2026.08.03	09:03:23.156			179140	1.00000000	56
2026.08.03	09:03:23.164			179145	2.00000000	56
2026.08.03	09:03:23.196			179145	2.00000000	56
2026.08.03	09:03:23.196			179145	1.00000000	56
2026.08.03	09:03:23.208			179145	3.00000000	56
2026.08.03	09:03:23.213			179150	1.00000000	56
2026.08.03	09:03:23.219			179145	1.00000000	56
2026.08.03	09:03:23.226			179150	5.00000000	56
2026.08.03	09:03:23.227			179145	1.00000000	56
2026.08.03	09:03:23.236			179150	3.00000000	56
2026.08.03	09:03:23.236			179150	38.00000000	56
2026.08.03	09:03:23.237			179155	50.00000000	56
2026.08.03	09:03:23.237			179160	18.00000000	56
2026.08.03	09:03:23.237			179155	4.00000000	56
2026.08.03	09:03:23.237			179160	26.00000000	56
2026.08.03	09:03:23.238			179165	69.00000000	56
2026.08.03	09:03:23.239			179160	1.00000000	56
2026.08.03	09:03:23.239			179165	7.00000000	56
2026.08.03	09:03:23.241			179160	4.00000000	56
2026.08.03	09:03:23.241			179165	2.00000000	56
2026.08.03	09:03:23.241			179160	3.00000000	56
2026.08.03	09:03:23.242			179165	2.00000000	56
2026.08.03	09:03:23.242			179165	22.00000000	56
2026.08.03	09:03:23.249			179170	15.00000000	56
2026.08.03	09:03:23.256			179175	64.00000000	56
2026.08.03	09:03:23.259			179180	42.00000000	56
2026.08.03	09:03:23.260			179185	15.00000000	56
2026.08.03	09:03:23.260			179180	7.00000000	56
2026.08.03	09:03:23.260			179185	90.00000000	56
2026.08.03	09:03:23.260			179190	65.00000000	56
2026.08.03	09:03:23.260			179185	1.00000000	56
2026.08.03	09:03:23.260			179190	3.00000000	56
2026.08.03	09:03:23.260			179185	1.00000000	56
2026.08.03	09:03:23.261			179190	8.00000000	56
2026.08.03	09:03:23.261			179185	2.00000000	56
2026.08.03	09:03:23.261			179190	25.00000000	56
2026.08.03	09:03:23.261			179185	1.00000000	56
2026.08.03	09:03:23.261			179190	15.00000000	56
2026.08.03	09:03:23.261			179185	3.00000000	56
2026.08.03	09:03:23.263			179185	2.00000000	56
2026.08.03	09:03:23.265			179190	53.00000000	56
2026.08.03	09:03:23.268			179195	24.00000000	56
2026.08.03	09:03:23.269			179190	1.00000000	56
2026.08.03	09:03:23.271			179195	47.00000000	56
2026.08.03	09:03:23.272			179190	1.00000000	56
2026.08.03	09:03:23.273			179195	1.00000000	56
2026.08.03	09:03:23.274			179200	34.00000000	56
2026.08.03	09:03:23.275			179205	41.00000000	56
2026.08.03	09:03:23.276			179200	20.00000000	56
2026.08.03	09:03:23.276			179205	9.00000000	56
2026.08.03	09:03:23.276			179210	3.00000000	56
2026.08.03	09:03:23.276			179210	19.00000000	56
2026.08.03	09:03:23.276			179200	1.00000000	56
2026.08.03	09:03:23.277			179205	1.00000000	56
2026.08.03	09:03:23.277			179200	3.00000000	56
2026.08.03	09:03:23.278			179195	21.00000000	56
2026.08.03	09:03:23.278			179200	11.00000000	56
2026.08.03	09:03:23.278			179205	2.00000000	56
2026.08.03	09:03:23.279			179200	13.00000000	56
2026.08.03	09:03:23.280			179205	19.00000000	56
2026.08.03	09:03:23.280			179200	24.00000000	56
2026.08.03	09:03:23.281			179205	1.00000000	56
2026.08.03	09:03:23.281			179200	6.00000000	56
2026.08.03	09:03:23.281			179205	14.00000000	56
2026.08.03	09:03:23.288			179210	21.00000000	56
2026.08.03	09:03:23.290			179215	43.00000000	56
2026.08.03	09:03:23.290			179215	11.00000000	56
2026.08.03	09:03:23.290			179220	6.00000000	56
2026.08.03	09:03:23.290			179215	1.00000000	56
2026.08.03	09:03:23.290			179220	1.00000000	56
2026.08.03	09:03:23.290			179215	2.00000000	56
2026.08.03	09:03:23.290			179220	2.00000000	56
2026.08.03	09:03:23.290			179215	3.00000000	56
2026.08.03	09:03:23.290			179220	14.00000000	56
2026.08.03	09:03:23.291			179215	5.00000000	56
2026.08.03	09:03:23.291			179220	17.00000000	56
2026.08.03	09:03:23.291			179215	1.00000000	56
2026.08.03	09:03:23.291			179220	85.00000000	56
2026.08.03	09:03:23.291			179225	89.00000000	56
2026.08.03	09:03:23.291			179230	83.00000000	56
2026.08.03	09:03:23.292			179230	30.00000000	56
2026.08.03	09:03:23.292			179235	8.00000000	56
2026.08.03	09:03:23.292			179235	71.00000000	56
2026.08.03	09:03:23.293			179230	2.00000000	56
2026.08.03	09:03:23.293			179235	6.00000000	56
2026.08.03	09:03:23.293			179215	2.00000000	56
2026.08.03	09:03:23.294			179225	17.00000000	56
2026.08.03	09:03:23.296			179225	17.00000000	56
2026.08.03	09:03:23.297			179220	13.00000000	56
2026.08.03	09:03:23.298			179215	29.00000000	56
2026.08.03	09:03:23.299			179220	39.00000000	56
2026.08.03	09:03:23.300			179225	18.00000000	56
2026.08.03	09:03:23.301			179230	8.00000000	56
2026.08.03	09:03:23.302			179225	20.00000000	56
2026.08.03	09:03:23.302			179220	9.00000000	56
2026.08.03	09:03:23.302			179230	1.00000000	56
2026.08.03	09:03:23.302			179220	2.00000000	56
2026.08.03	09:03:23.303			179225	1.00000000	56
2026.08.03	09:03:23.303			179220	1.00000000	56
2026.08.03	09:03:23.303			179215	2.00000000	56
2026.08.03	09:03:23.304			179220	1.00000000	56
2026.08.03	09:03:23.307			179215	2.00000000	56
2026.08.03	09:03:23.307			179220	17.00000000	56
2026.08.03	09:03:23.310			179225	14.00000000	56
2026.08.03	09:03:23.311			179220	19.00000000	56
2026.08.03	09:03:23.315			179215	27.00000000	56
2026.08.03	09:03:23.322			179220	3.00000000	56
2026.08.03	09:03:23.323			179225	1.00000000	56
2026.08.03	09:03:23.323			179230	5.00000000	56
2026.08.03	09:03:23.323			179225	4.00000000	56
2026.08.03	09:03:23.323	179225				2
2026.08.03	09:03:23.324		179230			4
2026.08.03	09:03:23.338			179225	3.00000000	56
2026.08.03	09:03:23.338			179220	1.00000000	56
2026.08.03	09:03:23.338			179225	1.00000000	56
2026.08.03	09:03:23.338			179220	10.00000000	56
2026.08.03	09:03:23.339			179225	8.00000000	56
2026.08.03	09:03:23.342			179230	1.00000000	56
2026.08.03	09:03:23.342			179230	25.00000000	56
2026.08.03	09:03:23.349			179225	2.00000000	88
2026.08.03	09:03:23.352			179225	1.00000000	88
2026.08.03	09:03:23.352			179230	1.00000000	56
2026.08.03	09:03:23.353			179225	3.00000000	88
2026.08.03	09:03:23.354			179230	2.00000000	56
2026.08.03	09:03:23.354			179235	4.00000000	56
2026.08.03	09:03:23.355			179230	3.00000000	56
2026.08.03	09:03:23.355			179225	2.00000000	88
2026.08.03	09:03:23.356			179230	10.00000000	56
2026.08.03	09:03:23.356			179225	5.00000000	88
2026.08.03	09:03:23.357			179220	1.00000000	88
2026.08.03	09:03:23.357			179225	8.00000000	88
2026.08.03	09:03:23.358			179230	27.00000000	56
2026.08.03	09:03:23.366			179225	7.00000000	88
2026.08.03	09:03:23.366			179220	23.00000000	88
2026.08.03	09:03:23.367			179215	15.00000000	88
2026.08.03	09:03:23.368			179210	1.00000000	88
2026.08.03	09:03:23.370			179215	30.00000000	88
2026.08.03	09:03:23.371			179215	6.00000000	88
2026.08.03	09:03:23.371			179220	7.00000000	88
2026.08.03	09:03:23.371			179215	3.00000000	88
2026.08.03	09:03:23.371			179225	6.00000000	88
2026.08.03	09:03:23.371			179215	11.00000000	88
2026.08.03	09:03:23.372			179215	7.00000000	88
2026.08.03	09:03:23.376			179210	1.00000000	88
2026.08.03	09:03:23.383			179215	2.00000000	88
2026.08.03	09:03:23.386			179215	5.00000000	88
2026.08.03	09:03:23.386			179210	1.00000000	88
2026.08.03	09:03:23.386			179220	4.00000000	88
2026.08.03	09:03:23.386			179215	1.00000000	88
2026.08.03	09:03:23.387			179220	2.00000000	88
2026.08.03	09:03:23.389			179215	1.00000000	88
2026.08.03	09:03:23.397			179220	1.00000000	88
2026.08.03	09:03:23.407			179215	3.00000000	88
2026.08.03	09:03:23.407			179210	2.00000000	88
2026.08.03	09:03:23.416			179220	6.00000000	88
2026.08.03	09:03:23.431			179215	3.00000000	88
2026.08.03	09:03:23.431			179220	12.00000000	88
2026.08.03	09:03:23.432			179225	5.00000000	88
2026.08.03	09:03:23.434			179230	5.00000000	56
2026.08.03	09:03:23.448			179225	6.00000000	88
2026.08.03	09:03:23.449			179220	1.00000000	88
2026.08.03	09:03:23.449			179225	1.00000000	88
2026.08.03	09:03:23.453			179220	2.00000000	88
2026.08.03	09:03:23.457			179225	1.00000000	88
2026.08.03	09:03:23.460			179225	2.00000000	88
2026.08.03	09:03:23.461			179225	3.00000000	88
2026.08.03	09:03:23.461			179220	1.00000000	88
2026.08.03	09:03:23.463			179225	2.00000000	88
2026.08.03	09:03:23.467			179220	1.00000000	88
2026.08.03	09:03:23.471			179220	2.00000000	88
2026.08.03	09:03:23.478			179225	4.00000000	88
2026.08.03	09:03:23.493			179220	2.00000000	88
2026.08.03	09:03:23.494			179225	4.00000000	88
2026.08.03	09:03:23.503			179220	2.00000000	88
2026.08.03	09:03:23.507			179225	2.00000000	88
2026.08.03	09:03:23.511			179220	7.00000000	88
2026.08.03	09:03:23.512			179225	9.00000000	88
2026.08.03	09:03:23.516			179230	3.00000000	56
2026.08.03	09:03:23.524			179225	3.00000000	88
2026.08.03	09:03:23.524			179220	28.00000000	88
2026.08.03	09:03:23.525			179215	48.00000000	88
2026.08.03	09:03:23.540			179215	10.00000000	88
2026.08.03	09:03:23.540			179210	4.00000000	88
2026.08.03	09:03:23.541			179210	2.00000000	88
2026.08.03	09:03:23.543			179210	5.00000000	88
2026.08.03	09:03:23.543			179205	4.00000000	88
2026.08.03	09:03:23.548			179215	2.00000000	88
2026.08.03	09:03:23.557			179215	1.00000000	88
2026.08.03	09:03:23.566			179210	1.00000000	88
2026.08.03	09:03:23.572			179215	1.00000000	88
2026.08.03	09:03:23.575			179210	8.00000000	88
2026.08.03	09:03:23.578			179215	7.00000000	88
2026.08.03	09:03:23.589			179210	1.00000000	88
2026.08.03	09:03:23.597			179210	1.00000000	88
2026.08.03	09:03:23.600			179210	1.00000000	88
2026.08.03	09:03:23.602			179210	3.00000000	88
2026.08.03	09:03:23.611			179210	20.00000000	88
2026.08.03	09:03:23.612			179215	2.00000000	88
2026.08.03	09:03:23.612			179205	5.00000000	88
2026.08.03	09:03:23.613			179210	5.00000000	88
2026.08.03	09:03:23.618			179205	1.00000000	88
2026.08.03	09:03:23.621			179210	27.00000000	88
2026.08.03	09:03:23.628			179205	21.00000000	88
2026.08.03	09:03:23.632			179200	5.00000000	88
2026.08.03	09:03:23.633			179205	8.00000000	88
2026.08.03	09:03:23.638			179210	3.00000000	88
2026.08.03	09:03:23.644			179205	8.00000000	88
2026.08.03	09:03:23.644			179200	2.00000000	88
2026.08.03	09:03:23.647			179210	21.00000000	88
2026.08.03	09:03:23.647			179215	54.00000000	88
2026.08.03	09:03:23.662			179210	1.00000000	88
2026.08.03	09:03:23.672			179210	3.00000000	88
2026.08.03	09:03:23.672	179205				2
2026.08.03	09:03:23.672		179210			4
2026.08.03	09:03:23.676			179205	9.00000000	88
2026.08.03	09:03:23.676			179200	42.00000000	88
2026.08.03	09:03:23.679			179205	11.00000000	88
2026.08.03	09:03:23.680			179210	14.00000000	56
2026.08.03	09:03:23.680			179205	2.00000000	88
2026.08.03	09:03:23.680			179210	5.00000000	56
2026.08.03	09:03:23.685			179205	1.00000000	88
2026.08.03	09:03:23.695			179205	2.00000000	88
2026.08.03	09:03:23.700			179200	2.00000000	88
2026.08.03	09:03:23.709			179200	8.00000000	88
2026.08.03	09:03:23.716			179195	13.00000000	88
2026.08.03	09:03:23.717			179200	1.00000000	88
2026.08.03	09:03:23.717			179195	2.00000000	88
2026.08.03	09:03:23.718			179200	16.00000000	88
2026.08.03	09:03:23.718			179205	16.00000000	88
2026.08.03	09:03:23.722			179210	9.00000000	56
2026.08.03	09:03:23.722			179215	16.00000000	56
2026.08.03	09:03:23.723			179210	1.00000000	56
2026.08.03	09:03:23.724			179205	3.00000000	88
2026.08.03	09:03:23.736			179210	3.00000000	56
2026.08.03	09:03:23.738			179215	1.00000000	56
2026.08.03	09:03:23.740			179210	2.00000000	56
2026.08.03	09:03:23.740			179215	4.00000000	56
2026.08.03	09:03:23.748			179215	1.00000000	56
2026.08.03	09:03:23.753			179205	1.00000000	88
2026.08.03	09:03:23.754			179215	11.00000000	56
2026.08.03	09:03:23.764			179210	1.00000000	56
2026.08.03	09:03:23.769			179215	5.00000000	56
2026.08.03	09:03:23.769			179205	1.00000000	88
2026.08.03	09:03:23.770			179215	9.00000000	56
2026.08.03	09:03:23.770			179220	7.00000000	56
2026.08.03	09:03:23.770			179215	9.00000000	56
2026.08.03	09:03:23.771			179220	37.00000000	56
2026.08.03	09:03:23.771			179225	85.00000000	56
2026.08.03	09:03:23.771			179230	64.00000000	56
2026.08.03	09:03:23.771			179230	34.00000000	56
2026.08.03	09:03:23.771			179235	78.00000000	56
2026.08.03	09:03:23.771			179220	25.00000000	56
2026.08.03	09:03:23.772			179225	5.00000000	56
2026.08.03	09:03:23.774			179230	2.00000000	56
2026.08.03	09:03:23.777			179225	6.00000000	56
2026.08.03	09:03:23.794			179220	9.00000000	56
2026.08.03	09:03:23.796			179225	2.00000000	56
2026.08.03	09:03:23.800			179220	1.00000000	56
2026.08.03	09:03:23.800			179215	2.00000000	56
2026.08.03	09:03:23.804			179220	2.00000000	56
2026.08.03	09:03:23.811			179220	5.00000000	56
2026.08.03	09:03:23.813			179220	16.00000000	56
2026.08.03	09:03:23.814			179225	13.00000000	56
2026.08.03	09:03:23.815			179230	30.00000000	56
2026.08.03	09:03:23.823			179225	2.00000000	56
2026.08.03	09:03:23.824			179230	24.00000000	56
2026.08.03	09:03:23.824			179220	30.00000000	56
2026.08.03	09:03:23.824			179225	2.00000000	56
2026.08.03	09:03:23.842			179220	2.00000000	56
2026.08.03	09:03:23.847			179215	1.00000000	56
2026.08.03	09:03:23.848			179220	2.00000000	56
2026.08.03	09:03:23.859			179220	7.00000000	56
2026.08.03	09:03:23.861			179220	11.00000000	56
2026.08.03	09:03:23.866			179215	24.00000000	56
2026.08.03	09:03:23.870			179210	33.00000000	56
2026.08.03	09:03:23.871			179215	24.00000000	56
2026.08.03	09:03:23.873			179220	10.00000000	56
2026.08.03	09:03:23.880			179215	1.00000000	56
2026.08.03	09:03:23.880			179210	3.00000000	56
2026.08.03	09:03:23.881			179220	62.00000000	56
2026.08.03	09:03:23.887			179225	6.00000000	56
2026.08.03	09:03:23.887			179215	5.00000000	56
2026.08.03	09:03:23.888			179210	2.00000000	56
2026.08.03	09:03:23.888			179215	1.00000000	56
2026.08.03	09:03:23.888			179210	1.00000000	56
2026.08.03	09:03:23.889			179215	6.00000000	56
2026.08.03	09:03:23.890			179220	11.00000000	56
2026.08.03	09:03:23.893			179215	4.00000000	56
2026.08.03	09:03:23.894			179210	5.00000000	56
2026.08.03	09:03:23.894			179210	3.00000000	56
2026.08.03	09:03:23.894			179215	10.00000000	56
2026.08.03	09:03:23.894			179220	2.00000000	56
2026.08.03	09:03:23.898			179220	1.00000000	56
2026.08.03	09:03:23.901			179220	1.00000000	56
2026.08.03	09:03:23.902			179215	1.00000000	56
2026.08.03	09:03:23.902			179210	2.00000000	56
2026.08.03	09:03:23.902			179205	7.00000000	88
2026.08.03	09:03:23.903			179210	2.00000000	56
2026.08.03	09:03:23.903			179205	1.00000000	88
2026.08.03	09:03:23.904			179210	1.00000000	56
2026.08.03	09:03:23.905			179210	2.00000000	56
2026.08.03	09:03:23.906			179215	12.00000000	56
2026.08.03	09:03:23.911			179220	2.00000000	56
2026.08.03	09:03:23.913			179220	1.00000000	56
2026.08.03	09:03:23.919			179215	5.00000000	56
2026.08.03	09:03:23.934			179220	9.00000000	56
2026.08.03	09:03:23.944			179220	12.00000000	56
2026.08.03	09:03:23.945			179225	9.00000000	56
2026.08.03	09:03:23.946			179220	1.00000000	56
2026.08.03	09:03:23.948			179225	5.00000000	56
2026.08.03	09:03:23.952			179220	2.00000000	56
2026.08.03	09:03:23.958			179220	3.00000000	56
2026.08.03	09:03:23.958			179215	27.00000000	56
2026.08.03	09:03:23.961			179215	1.00000000	56
2026.08.03	09:03:23.966			179210	1.00000000	56
2026.08.03	09:03:23.968			179215	13.00000000	56
2026.08.03	09:03:23.994			179215	1.00000000	56
2026.08.03	09:03:23.995			179210	1.00000000	56
2026.08.03	09:03:23.998			179215	1.00000000	56
2026.08.03	09:03:24.000			179215	4.00000000	56
2026.08.03	09:03:24.000			179220	5.00000000	56
2026.08.03	09:03:24.001			179210	5.00000000	56
2026.08.03	09:03:24.001			179205	5.00000000	88
2026.08.03	09:03:24.006			179215	5.00000000	56
2026.08.03	09:03:24.011			179210	1.00000000	56
2026.08.03	09:03:24.017			179215	4.00000000	56
2026.08.03	09:03:24.022			179210	1.00000000	56
2026.08.03	09:03:24.023			179215	6.00000000	56
2026.08.03	09:03:24.023	179210				2
2026.08.03	09:03:24.023		179215			4
2026.08.03	09:03:24.033			179215	16.00000000	56
2026.08.03	09:03:24.062			179210	6.00000000	88
2026.08.03	09:03:24.065			179210	3.00000000	88
2026.08.03	09:03:24.065			179215	5.00000000	56
2026.08.03	09:03:24.068			179205	1.00000000	88
2026.08.03	09:03:24.068			179210	2.00000000	88
2026.08.03	09:03:24.069			179215	1.00000000	56
2026.08.03	09:03:24.072			179210	22.00000000	88
2026.08.03	09:03:24.072			179215	8.00000000	56
2026.08.03	09:03:24.073			179210	14.00000000	88
2026.08.03	09:03:24.073			179215	16.00000000	56
2026.08.03	09:03:24.073			179210	1.00000000	88
2026.08.03	09:03:24.074			179205	4.00000000	88
2026.08.03	09:03:24.076			179210	11.00000000	88
2026.08.03	09:03:24.076			179215	2.00000000	56
2026.08.03	09:03:24.076			179210	1.00000000	88
2026.08.03	09:03:24.077			179215	7.00000000	56
2026.08.03	09:03:24.081			179220	1.00000000	56
2026.08.03	09:03:24.081			179225	3.00000000	56
2026.08.03	09:03:24.081			179215	1.00000000	56
2026.08.03	09:03:24.086			179225	23.00000000	56
2026.08.03	09:03:24.097			179220	1.00000000	56
2026.08.03	09:03:24.099			179225	5.00000000	56
2026.08.03	09:03:24.099			179220	5.00000000	56
2026.08.03	09:03:24.099			179215	25.00000000	56
2026.08.03	09:03:24.101			179220	13.00000000	56
2026.08.03	09:03:24.101			179225	7.00000000	56
2026.08.03	09:03:24.101			179220	26.00000000	56
2026.08.03	09:03:24.112			179220	2.00000000	56
2026.08.03	09:03:24.116			179225	1.00000000	56
2026.08.03	09:03:24.116			179225	11.00000000	56
2026.08.03	09:03:24.118			179220	1.00000000	56
2026.08.03	09:03:24.122			179220	3.00000000	56
2026.08.03	09:03:24.124			179215	9.00000000	56
2026.08.03	09:03:24.127			179220	20.00000000	56
2026.08.03	09:03:24.127			179225	16.00000000	56
2026.08.03	09:03:24.138			179220	3.00000000	56
2026.08.03	09:03:24.139			179215	17.00000000	56
2026.08.03	09:03:24.154			179220	6.00000000	56
2026.08.03	09:03:24.157			179210	22.00000000	88
2026.08.03	09:03:24.168			179205	2.00000000	88
2026.08.03	09:03:24.168			179210	2.00000000	88
2026.08.03	09:03:24.176			179205	7.00000000	88
2026.08.03	09:03:24.176			179200	13.00000000	88
2026.08.03	09:03:24.176			179205	8.00000000	88
2026.08.03	09:03:24.205			179205	1.00000000	88
2026.08.03	09:03:24.207			179210	7.00000000	88
2026.08.03	09:03:24.208			179205	1.00000000	88
2026.08.03	09:03:24.219			179205	2.00000000	88
2026.08.03	09:03:24.222			179205	11.00000000	88
2026.08.03	09:03:24.222			179210	1.00000000	88
2026.08.03	09:03:24.223			179210	1.00000000	88
2026.08.03	09:03:24.229			179205	3.00000000	88
2026.08.03	09:03:24.242			179200	46.00000000	88
2026.08.03	09:03:24.244			179195	12.00000000	88
2026.08.03	09:03:24.245			179195	24.00000000	88
2026.08.03	09:03:24.262			179190	41.00000000	88
2026.08.03	09:03:24.264			179195	9.00000000	88
2026.08.03	09:03:24.266			179200	9.00000000	88
2026.08.03	09:03:24.270			179195	23.00000000	88
2026.08.03	09:03:24.270			179190	7.00000000	88
2026.08.03	09:03:24.271			179200	1.00000000	88
2026.08.03	09:03:24.271			179190	10.00000000	88
2026.08.03	09:03:24.272			179195	4.00000000	88
2026.08.03	09:03:24.282			179195	4.00000000	88
2026.08.03	09:03:24.285			179200	1.00000000	88
2026.08.03	09:03:24.295			179195	28.00000000	88
2026.08.03	09:03:24.312			179195	12.00000000	88
2026.08.03	09:03:24.317			179190	1.00000000	88
2026.08.03	09:03:24.338			179195	2.00000000	88
2026.08.03	09:03:24.348			179190	4.00000000	88
2026.08.03	09:03:24.371			179195	17.00000000	120
2026.08.03	09:03:24.372			179200	7.00000000	56
2026.08.03	09:03:24.374	179190				2
2026.08.03	09:03:24.374		179200			4
2026.08.03	09:03:24.384			179205	36.00000000	56
2026.08.03	09:03:24.384			179210	22.00000000	56
2026.08.03	09:03:24.395			179215	7.00000000	56
2026.08.03	09:03:24.409			179220	1.00000000	56
2026.08.03	09:03:24.413			179215	34.00000000	56
2026.08.03	09:03:24.429			179210	2.00000000	56
2026.08.03	09:03:24.432			179215	1.00000000	56
2026.08.03	09:03:24.432			179210	3.00000000	56
2026.08.03	09:03:24.434			179215	5.00000000	56
2026.08.03	09:03:24.440			179215	1.00000000	56
2026.08.03	09:03:24.443			179215	5.00000000	56
2026.08.03	09:03:24.445			179220	11.00000000	56
2026.08.03	09:03:24.448			179225	8.00000000	56
2026.08.03	09:03:24.454			179225	7.00000000	56
2026.08.03	09:03:24.463			179220	11.00000000	56
2026.08.03	09:03:24.475			179225	3.00000000	56
2026.08.03	09:03:24.484			179230	12.00000000	56
2026.08.03	09:03:24.484			179235	32.00000000	56
2026.08.03	09:03:24.484			179240	62.00000000	56
2026.08.03	09:03:24.485			179235	2.00000000	56
2026.08.03	09:03:24.485			179240	21.00000000	56
2026.08.03	09:03:24.485			179235	27.00000000	56
2026.08.03	09:03:24.510			179235	3.00000000	56
2026.08.03	09:03:24.511			179230	1.00000000	56
2026.08.03	09:03:24.512			179235	1.00000000	56
2026.08.03	09:03:24.519			179235	3.00000000	56
2026.08.03	09:03:24.523			179235	3.00000000	56
2026.08.03	09:03:24.530			179235	10.00000000	56
2026.08.03	09:03:24.538			179235	1.00000000	56
2026.08.03	09:03:24.539			179230	27.00000000	56
2026.08.03	09:03:24.542			179235	8.00000000	56
2026.08.03	09:03:24.542			179230	5.00000000	56
2026.08.03	09:03:24.542			179235	2.00000000	56
2026.08.03	09:03:24.544			179230	4.00000000	56
2026.08.03	09:03:24.544			179235	2.00000000	56
2026.08.03	09:03:24.550			179230	4.00000000	56
2026.08.03	09:03:24.552			179235	3.00000000	56
2026.08.03	09:03:24.552			179230	4.00000000	56
2026.08.03	09:03:24.553			179235	3.00000000	56
2026.08.03	09:03:24.556			179240	55.00000000	56
2026.08.03	09:03:24.558			179245	37.00000000	56
2026.08.03	09:03:24.558			179250	1.00000000	56
2026.08.03	09:03:24.558			179245	1.00000000	56
2026.08.03	09:03:24.558			179250	9.00000000	56
2026.08.03	09:03:24.558			179245	3.00000000	56
2026.08.03	09:03:24.558			179250	11.00000000	56
2026.08.03	09:03:24.559			179245	3.00000000	56
2026.08.03	09:03:24.559			179250	2.00000000	56
2026.08.03	09:03:24.559			179250	15.00000000	56
2026.08.03	09:03:24.559			179245	2.00000000	56
2026.08.03	09:03:24.559			179250	19.00000000	56
2026.08.03	09:03:24.559			179245	1.00000000	56
2026.08.03	09:03:24.559			179250	3.00000000	56
2026.08.03	09:03:24.559			179245	1.00000000	56
2026.08.03	09:03:24.559			179250	1.00000000	56
2026.08.03	09:03:24.559			179245	2.00000000	56
2026.08.03	09:03:24.559			179250	1.00000000	56
2026.08.03	09:03:24.560			179245	2.00000000	56
2026.08.03	09:03:24.560			179250	2.00000000	56
2026.08.03	09:03:24.560			179245	13.00000000	56
2026.08.03	09:03:24.560			179250	2.00000000	56
2026.08.03	09:03:24.560			179245	4.00000000	56
2026.08.03	09:03:24.562			179240	1.00000000	56
2026.08.03	09:03:24.565			179240	4.00000000	56
2026.08.03	09:03:24.570			179240	4.00000000	56
2026.08.03	09:03:24.577			179245	2.00000000	56
2026.08.03	09:03:24.577			179250	8.00000000	56
2026.08.03	09:03:24.578			179245	20.00000000	56
2026.08.03	09:03:24.581			179240	1.00000000	56
2026.08.03	09:03:24.581			179240	1.00000000	56
2026.08.03	09:03:24.582			179245	3.00000000	56
2026.08.03	09:03:24.583			179250	121.00000000	56
2026.08.03	09:03:24.583			179250	16.00000000	56
2026.08.03	09:03:24.584			179255	37.00000000	56
2026.08.03	09:03:24.584			179255	14.00000000	56
2026.08.03	09:03:24.585			179260	5.00000000	56
2026.08.03	09:03:24.585			179255	1.00000000	56
2026.08.03	09:03:24.585			179260	1.00000000	56
2026.08.03	09:03:24.585			179255	1.00000000	56
2026.08.03	09:03:24.585			179260	3.00000000	56
2026.08.03	09:03:24.585			179255	7.00000000	56
2026.08.03	09:03:24.585			179260	5.00000000	56
2026.08.03	09:03:24.585			179255	1.00000000	56
2026.08.03	09:03:24.585			179260	31.00000000	56
2026.08.03	09:03:24.585			179260	14.00000000	56
2026.08.03	09:03:24.585			179255	3.00000000	56
2026.08.03	09:03:24.585			179260	5.00000000	56
2026.08.03	09:03:24.585			179255	5.00000000	56
2026.08.03	09:03:24.585			179260	39.00000000	56
2026.08.03	09:03:24.586			179260	39.00000000	56
2026.08.03	09:03:24.586			179260	19.00000000	56
2026.08.03	09:03:24.586			179265	80.00000000	56
2026.08.03	09:03:24.586			179260	4.00000000	56
2026.08.03	09:03:24.586			179265	1.00000000	56
2026.08.03	09:03:24.587			179255	4.00000000	56
2026.08.03	09:03:24.587			179250	21.00000000	56
2026.08.03	09:03:24.589			179260	2.00000000	56
2026.08.03	09:03:24.589			179265	2.00000000	56
2026.08.03	09:03:24.590			179260	10.00000000	56
2026.08.03	09:03:24.590			179255	1.00000000	56
2026.08.03	09:03:24.590			179265	14.00000000	56
2026.08.03	09:03:24.591			179260	10.00000000	56
2026.08.03	09:03:24.591			179265	54.00000000	56
2026.08.03	09:03:24.592			179265	2.00000000	56
2026.08.03	09:03:24.593			179270	84.00000000	56
2026.08.03	09:03:24.595			179265	8.00000000	56
2026.08.03	09:03:24.596			179260	4.00000000	56
2026.08.03	09:03:24.614			179260	4.00000000	56
2026.08.03	09:03:24.614			179265	1.00000000	56
2026.08.03	09:03:24.615			179270	5.00000000	56
2026.08.03	09:03:24.617			179270	4.00000000	56
2026.08.03	09:03:24.619			179270	1.00000000	56
2026.08.03	09:03:24.619			179275	8.00000000	56
2026.08.03	09:03:24.619			179270	2.00000000	56
2026.08.03	09:03:24.619			179275	5.00000000	56
2026.08.03	09:03:24.619			179275	33.00000000	56
2026.08.03	09:03:24.620			179270	3.00000000	56
2026.08.03	09:03:24.623			179270	3.00000000	56
2026.08.03	09:03:24.623			179265	2.00000000	56
2026.08.03	09:03:24.623			179275	15.00000000	56
2026.08.03	09:03:24.623			179270	5.00000000	56
2026.08.03	09:03:24.627			179270	16.00000000	56
2026.08.03	09:03:24.627			179265	14.00000000	56
2026.08.03	09:03:24.628			179270	5.00000000	56
2026.08.03	09:03:24.638			179265	1.00000000	56
2026.08.03	09:03:24.638			179270	3.00000000	56
2026.08.03	09:03:24.638			179265	3.00000000	56
2026.08.03	09:03:24.638			179260	2.00000000	56
2026.08.03	09:03:24.639			179270	1.00000000	56
2026.08.03	09:03:24.641			179265	22.00000000	56
2026.08.03	09:03:24.649			179260	7.00000000	56
2026.08.03	09:03:24.649			179255	1.00000000	56
2026.08.03	09:03:24.649			179265	2.00000000	56
2026.08.03	09:03:24.650			179255	3.00000000	56
2026.08.03	09:03:24.650			179250	9.00000000	56
2026.08.03	09:03:24.651			179255	1.00000000	56
2026.08.03	09:03:24.651			179245	27.00000000	56
2026.08.03	09:03:24.653			179240	29.00000000	56
2026.08.03	09:03:24.653			179245	1.00000000	56
2026.08.03	09:03:24.653			179240	14.00000000	56
2026.08.03	09:03:24.655			179245	3.00000000	56
2026.08.03	09:03:24.655			179250	2.00000000	56
2026.08.03	09:03:24.656			179255	6.00000000	56
2026.08.03	09:03:24.658			179255	2.00000000	56
2026.08.03	09:03:24.666			179255	15.00000000	56
2026.08.03	09:03:24.669			179260	10.00000000	56
2026.08.03	09:03:24.669			179255	5.00000000	56
2026.08.03	09:03:24.674			179255	13.00000000	56
2026.08.03	09:03:24.685			179260	4.00000000	56
2026.08.03	09:03:24.685			179265	1.00000000	56
2026.08.03	09:03:24.686			179255	1.00000000	56
2026.08.03	09:03:24.686			179260	2.00000000	56
2026.08.03	09:03:24.687			179255	1.00000000	56
2026.08.03	09:03:24.690			179260	6.00000000	56
2026.08.03	09:03:24.690			179265	12.00000000	56
2026.08.03	09:03:24.694			179260	12.00000000	56
2026.08.03	09:03:24.698			179255	8.00000000	56
2026.08.03	09:03:24.700			179260	6.00000000	56
2026.08.03	09:03:24.705			179260	6.00000000	56
2026.08.03	09:03:24.706			179265	21.00000000	56
2026.08.03	09:03:24.706			179270	22.00000000	56
2026.08.03	09:03:24.722			179265	25.00000000	56
2026.08.03	09:03:24.722			179260	28.00000000	56
2026.08.03	09:03:24.724	179255				2
2026.08.03	09:03:24.724		179260			4
2026.08.03	09:03:24.724			179265	1.00000000	56
2026.08.03	09:03:24.725			179260	19.00000000	56
2026.08.03	09:03:24.731			179265	6.00000000	56
2026.08.03	09:03:24.731			179270	3.00000000	56
2026.08.03	09:03:24.733			179260	1.00000000	56
2026.08.03	09:03:24.735			179265	12.00000000	56
2026.08.03	09:03:24.738			179265	3.00000000	56
2026.08.03	09:03:24.741			179265	2.00000000	56
2026.08.03	09:03:24.743			179265	2.00000000	56
2026.08.03	09:03:24.746			179265	9.00000000	56
2026.08.03	09:03:24.753			179265	3.00000000	56
2026.08.03	09:03:24.759			179260	1.00000000	56
2026.08.03	09:03:24.762			179265	1.00000000	56
2026.08.03	09:03:24.778			179260	4.00000000	56
2026.08.03	09:03:24.781			179260	3.00000000	56
2026.08.03	09:03:24.782			179255	32.00000000	88
2026.08.03	09:03:24.783			179260	8.00000000	56
2026.08.03	09:03:24.783			179265	21.00000000	56
2026.08.03	09:03:24.786			179270	1.00000000	56
2026.08.03	09:03:24.789			179265	3.00000000	56
2026.08.03	09:03:24.794			179260	10.00000000	56
2026.08.03	09:03:24.795			179255	2.00000000	88
2026.08.03	09:03:24.801			179260	19.00000000	56
2026.08.03	09:03:24.801			179265	6.00000000	56
2026.08.03	09:03:24.802			179255	1.00000000	88
2026.08.03	09:03:24.809			179260	9.00000000	56
2026.08.03	09:03:24.815			179255	3.00000000	88
2026.08.03	09:03:24.816			179260	11.00000000	56
2026.08.03	09:03:24.816			179265	39.00000000	56
2026.08.03	09:03:24.816			179260	1.00000000	56
2026.08.03	09:03:24.818			179265	4.00000000	56
2026.08.03	09:03:24.819			179260	5.00000000	56
2026.08.03	09:03:24.819			179255	5.00000000	88
2026.08.03	09:03:24.820			179260	3.00000000	56
2026.08.03	09:03:24.821			179265	3.00000000	56
2026.08.03	09:03:24.821			179270	4.00000000	56
2026.08.03	09:03:24.825			179260	1.00000000	56
2026.08.03	09:03:24.825			179265	3.00000000	56
2026.08.03	09:03:24.834			179265	3.00000000	56
2026.08.03	09:03:24.842			179265	16.00000000	56
2026.08.03	09:03:24.842			179270	2.00000000	56
2026.08.03	09:03:24.842			179270	5.00000000	56
2026.08.03	09:03:24.846			179270	3.00000000	56
2026.08.03	09:03:24.852			179265	1.00000000	56
2026.08.03	09:03:24.857			179270	1.00000000	56
2026.08.03	09:03:24.857			179275	1.00000000	56
2026.08.03	09:03:24.857			179270	6.00000000	56
2026.08.03	09:03:24.873			179265	9.00000000	56
2026.08.03	09:03:24.873			179260	18.00000000	56
2026.08.03	09:03:24.876			179260	3.00000000	56
2026.08.03	09:03:24.880			179260	3.00000000	56
2026.08.03	09:03:24.892			179265	6.00000000	56
2026.08.03	09:03:24.906			179270	2.00000000	56
2026.08.03	09:03:24.906			179265	4.00000000	56
2026.08.03	09:03:24.910			179270	1.00000000	56
2026.08.03	09:03:24.917			179265	3.00000000	56
2026.08.03	09:03:24.946			179265	3.00000000	56
2026.08.03	09:03:24.951			179265	10.00000000	56
2026.08.03	09:03:24.952			179265	2.00000000	56
2026.08.03	09:03:24.952			179260	2.00000000	56
2026.08.03	09:03:24.975			179270	2.00000000	56
2026.08.03	09:03:24.981			179270	55.00000000	56
2026.08.03	09:03:25.002			179275	33.00000000	56
2026.08.03	09:03:25.003			179270	17.00000000	56
2026.08.03	09:03:25.003			179265	33.00000000	56
2026.08.03	09:03:25.003			179270	8.00000000	56
2026.08.03	09:03:25.004			179265	8.00000000	56
2026.08.03	09:03:25.004			179270	10.00000000	56
2026.08.03	09:03:25.005			179265	3.00000000	56
2026.08.03	09:03:25.011			179260	11.00000000	56
2026.08.03	09:03:25.011			179255	14.00000000	88
2026.08.03	09:03:25.011			179260	8.00000000	56
2026.08.03	09:03:25.011			179255	26.00000000	88
2026.08.03	09:03:25.012			179255	42.00000000	88
2026.08.03	09:03:25.014			179255	5.00000000	88
2026.08.03	09:03:25.017			179260	14.00000000	56
2026.08.03	09:03:25.017			179265	11.00000000	56
2026.08.03	09:03:25.033			179255	1.00000000	88
2026.08.03	09:03:25.034			179255	3.00000000	88
2026.08.03	09:03:25.037			179250	2.00000000	88
2026.08.03	09:03:25.038			179255	2.00000000	88
2026.08.03	09:03:25.038			179260	3.00000000	56
2026.08.03	09:03:25.041			179255	5.00000000	88
2026.08.03	09:03:25.043			179255	5.00000000	88
2026.08.03	09:03:25.043			179250	3.00000000	88
2026.08.03	09:03:25.044			179255	4.00000000	88
2026.08.03	09:03:25.044			179260	1.00000000	56
2026.08.03	09:03:25.047			179255	11.00000000	88
2026.08.03	09:03:25.069			179250	1.00000000	88
2026.08.03	09:03:25.070			179255	20.00000000	88
2026.08.03	09:03:25.073			179250	1.00000000	88
2026.08.03	09:03:25.073	179250				2
2026.08.03	09:03:25.073		179255			4
2026.08.03	09:03:25.075			179255	2.00000000	56
2026.08.03	09:03:25.075			179260	14.00000000	56
2026.08.03	09:03:25.075			179265	15.00000000	56
2026.08.03	09:03:25.078			179270	7.00000000	56
2026.08.03	09:03:25.078			179275	1.00000000	56
2026.08.03	09:03:25.078			179265	4.00000000	56
2026.08.03	09:03:25.082			179265	9.00000000	56
2026.08.03	09:03:25.082			179270	1.00000000	56
2026.08.03	09:03:25.086			179265	4.00000000	56
2026.08.03	09:03:25.088			179270	2.00000000	56
2026.08.03	09:03:25.091			179260	10.00000000	56
2026.08.03	09:03:25.096			179265	2.00000000	56
2026.08.03	09:03:25.104			179260	10.00000000	56
2026.08.03	09:03:25.106			179265	6.00000000	56
2026.08.03	09:03:25.113			179270	3.00000000	56
2026.08.03	09:03:25.114			179265	1.00000000	56
2026.08.03	09:03:25.114			179265	1.00000000	56
2026.08.03	09:03:25.120			179265	7.00000000	56
2026.08.03	09:03:25.124			179260	2.00000000	56
2026.08.03	09:03:25.125			179265	7.00000000	56
2026.08.03	09:03:25.129			179270	2.00000000	56
2026.08.03	09:03:25.135			179270	31.00000000	56
2026.08.03	09:03:25.144			179265	3.00000000	56
2026.08.03	09:03:25.145			179270	10.00000000	56
2026.08.03	09:03:25.146			179275	5.00000000	56
2026.08.03	09:03:25.147			179270	3.00000000	56
2026.08.03	09:03:25.148			179265	4.00000000	56
2026.08.03	09:03:25.159			179265	4.00000000	56
2026.08.03	09:03:25.159			179260	1.00000000	56
2026.08.03	09:03:25.168			179265	2.00000000	56
2026.08.03	09:03:25.171			179260	8.00000000	56
2026.08.03	09:03:25.171			179255	17.00000000	56
2026.08.03	09:03:25.171			179260	1.00000000	56
2026.08.03	09:03:25.171			179255	14.00000000	56
2026.08.03	09:03:25.171			179250	3.00000000	88
2026.08.03	09:03:25.172			179255	5.00000000	56
2026.08.03	09:03:25.173			179255	6.00000000	56
2026.08.03	09:03:25.178			179260	2.00000000	56
2026.08.03	09:03:25.179			179260	1.00000000	56
2026.08.03	09:03:25.185			179255	3.00000000	56
2026.08.03	09:03:25.185			179250	7.00000000	88
2026.08.03	09:03:25.185			179255	2.00000000	56
2026.08.03	09:03:25.191			179260	1.00000000	56
2026.08.03	09:03:25.193			179260	1.00000000	56
2026.08.03	09:03:25.196			179255	1.00000000	56
2026.08.03	09:03:25.198			179260	1.00000000	56
2026.08.03	09:03:25.200			179255	2.00000000	56
2026.08.03	09:03:25.200			179260	5.00000000	56
2026.08.03	09:03:25.203			179260	2.00000000	56
2026.08.03	09:03:25.204			179260	3.00000000	56
2026.08.03	09:03:25.206			179255	3.00000000	56
2026.08.03	09:03:25.207			179260	15.00000000	56
2026.08.03	09:03:25.212			179265	94.00000000	56
2026.08.03	09:03:25.212			179270	104.00000000	56
2026.08.03	09:03:25.212			179275	40.00000000	56
2026.08.03	09:03:25.213			179270	1.00000000	56
2026.08.03	09:03:25.213			179265	18.00000000	56
2026.08.03	09:03:25.218			179270	2.00000000	56
2026.08.03	09:03:25.221			179270	1.00000000	56
2026.08.03	09:03:25.221			179265	10.00000000	56
2026.08.03	09:03:25.222			179270	1.00000000	56
2026.08.03	09:03:25.222			179265	5.00000000	56
2026.08.03	09:03:25.230			179260	2.00000000	56
2026.08.03	09:03:25.230			179265	1.00000000	56
2026.08.03	09:03:25.232			179260	7.00000000	56
2026.08.03	09:03:25.236			179265	9.00000000	56
2026.08.03	09:03:25.236			179270	2.00000000	56
2026.08.03	09:03:25.239			179270	43.00000000	56
2026.08.03	09:03:25.243			179270	1.00000000	56
2026.08.03	09:03:25.248			179270	11.00000000	56
2026.08.03	09:03:25.251			179265	1.00000000	56
2026.08.03	09:03:25.256			179270	13.00000000	56
2026.08.03	09:03:25.257			179275	2.00000000	56
2026.08.03	09:03:25.257			179265	2.00000000	56
2026.08.03	09:03:25.259			179270	2.00000000	56
2026.08.03	09:03:25.260			179275	2.00000000	56
2026.08.03	09:03:25.262			179270	1.00000000	56
2026.08.03	09:03:25.266			179265	16.00000000	56
2026.08.03	09:03:25.269			179270	15.00000000	56
2026.08.03	09:03:25.270			179275	61.00000000	56
2026.08.03	09:03:25.270			179280	31.00000000	56
2026.08.03	09:03:25.271			179275	1.00000000	56
2026.08.03	09:03:25.271			179280	2.00000000	56
2026.08.03	09:03:25.271			179275	1.00000000	56
2026.08.03	09:03:25.271			179280	3.00000000	56
2026.08.03	09:03:25.271			179275	2.00000000	56
2026.08.03	09:03:25.271			179280	1.00000000	56
2026.08.03	09:03:25.271			179275	1.00000000	56
2026.08.03	09:03:25.271			179280	2.00000000	56
2026.08.03	09:03:25.271			179275	12.00000000	56
2026.08.03	09:03:25.271			179280	1.00000000	56
2026.08.03	09:03:25.271			179275	5.00000000	56
2026.08.03	09:03:25.271			179280	3.00000000	56
2026.08.03	09:03:25.271			179275	3.00000000	56
2026.08.03	09:03:25.271			179275	4.00000000	56
2026.08.03	09:03:25.271			179280	1.00000000	56
2026.08.03	09:03:25.271			179270	23.00000000	56
2026.08.03	09:03:25.273			179270	2.00000000	56
2026.08.03	09:03:25.273			179275	29.00000000	56
2026.08.03	09:03:25.274			179270	4.00000000	56
2026.08.03	09:03:25.277			179275	2.00000000	56
2026.08.03	09:03:25.277			179275	1.00000000	56
2026.08.03	09:03:25.282			179275	1.00000000	56
2026.08.03	09:03:25.283			179270	10.00000000	56
2026.08.03	09:03:25.290			179265	3.00000000	56
2026.08.03	09:03:25.295			179270	21.00000000	56
2026.08.03	09:03:25.302			179275	23.00000000	56
2026.08.03	09:03:25.303			179270	2.00000000	56
2026.08.03	09:03:25.304			179275	19.00000000	56
2026.08.03	09:03:25.304			179280	21.00000000	56
2026.08.03	09:03:25.305			179270	33.00000000	56
2026.08.03	09:03:25.306			179275	1.00000000	56
2026.08.03	09:03:25.307			179270	8.00000000	56
2026.08.03	09:03:25.314			179265	1.00000000	56
2026.08.03	09:03:25.314			179270	2.00000000	56
2026.08.03	09:03:25.314			179265	1.00000000	56
2026.08.03	09:03:25.317			179265	1.00000000	56
2026.08.03	09:03:25.317			179260	1.00000000	56
2026.08.03	09:03:25.319			179265	3.00000000	56
2026.08.03	09:03:25.322			179265	4.00000000	56
2026.08.03	09:03:25.328			179265	2.00000000	56
2026.08.03	09:03:25.333			179265	1.00000000	56
2026.08.03	09:03:25.333			179270	6.00000000	56
2026.08.03	09:03:25.334			179265	2.00000000	56
2026.08.03	09:03:25.337			179270	1.00000000	56
2026.08.03	09:03:25.339			179265	4.00000000	56
2026.08.03	09:03:25.339			179270	7.00000000	56
2026.08.03	09:03:25.341			179260	1.00000000	56
2026.08.03	09:03:25.341			179265	1.00000000	56
2026.08.03	09:03:25.346			179270	1.00000000	56
2026.08.03	09:03:25.349			179265	1.00000000	56
2026.08.03	09:03:25.351			179270	12.00000000	56
2026.08.03	09:03:25.356			179265	1.00000000	56
2026.08.03	09:03:25.357			179270	3.00000000	56
2026.08.03	09:03:25.362			179270	4.00000000	56
2026.08.03	09:03:25.366			179270	1.00000000	56
2026.08.03	09:03:25.371			179270	8.00000000	56
2026.08.03	09:03:25.371			179275	17.00000000	56
2026.08.03	09:03:25.373			179270	2.00000000	56
2026.08.03	09:03:25.375			179270	2.00000000	56
2026.08.03	09:03:25.383			179275	1.00000000	56
2026.08.03	09:03:25.383			179265	9.00000000	56
2026.08.03	09:03:25.389			179260	1.00000000	56
2026.08.03	09:03:25.391			179265	2.00000000	56
2026.08.03	09:03:25.399			179260	11.00000000	56
2026.08.03	09:03:25.400			179255	21.00000000	56
2026.08.03	09:03:25.414			179265	20.00000000	56
2026.08.03	09:03:25.414			179260	1.00000000	88
2026.08.03	09:03:25.417			179265	21.00000000	56
2026.08.03	09:03:25.422			179260	19.00000000	88
2026.08.03	09:03:25.422			179255	31.00000000	88
2026.08.03	09:03:25.423	179260				2
2026.08.03	09:03:25.423		179265			4
2026.08.03	09:03:25.426			179265	13.00000000	56
2026.08.03	09:03:25.436			179270	1.00000000	56
2026.08.03	09:03:25.447			179265	5.00000000	56
2026.08.03	09:03:25.456			179260	1.00000000	88
2026.08.03	09:03:25.457			179265	1.00000000	56
2026.08.03	09:03:25.460			179260	1.00000000	88
2026.08.03	09:03:25.469			179265	1.00000000	56
2026.08.03	09:03:25.470			179260	5.00000000	88
2026.08.03	09:03:25.478			179265	8.00000000	56
2026.08.03	09:03:25.485			179260	7.00000000	88
2026.08.03	09:03:25.492			179255	6.00000000	88
2026.08.03	09:03:25.493			179260	1.00000000	88
2026.08.03	09:03:25.493			179255	2.00000000	88
2026.08.03	09:03:25.494			179260	2.00000000	88
2026.08.03	09:03:25.503			179260	14.00000000	88
2026.08.03	09:03:25.518			179255	2.00000000	88
2026.08.03	09:03:25.524			179260	1.00000000	88
2026.08.03	09:03:25.538			179260	7.00000000	88
2026.08.03	09:03:25.553			179255	1.00000000	88
2026.08.03	09:03:25.555			179260	5.00000000	88
2026.08.03	09:03:25.557			179260	29.00000000	88
2026.08.03	09:03:25.560			179265	12.00000000	56
2026.08.03	09:03:25.562			179255	12.00000000	88
2026.08.03	09:03:25.562			179250	28.00000000	88
2026.08.03	09:03:25.564			179245	4.00000000	88
2026.08.03	09:03:25.572			179240	3.00000000	88
2026.08.03	09:03:25.572			179245	20.00000000	88
2026.08.03	09:03:25.580			179250	27.00000000	88
2026.08.03	09:03:25.581			179255	3.00000000	88
2026.08.03	09:03:25.587			179255	3.00000000	88
2026.08.03	09:03:25.588			179260	25.00000000	88
2026.08.03	09:03:25.600			179255	2.00000000	88
2026.08.03	09:03:25.600			179260	13.00000000	88
2026.08.03	09:03:25.601			179250	10.00000000	88
2026.08.03	09:03:25.601			179245	6.00000000	88
2026.08.03	09:03:25.604			179250	4.00000000	88
2026.08.03	09:03:25.604			179255	7.00000000	88
2026.08.03	09:03:25.615			179245	2.00000000	88
2026.08.03	09:03:25.615			179250	1.00000000	88
2026.08.03	09:03:25.616			179245	9.00000000	88
2026.08.03	09:03:25.622			179245	1.00000000	88
2026.08.03	09:03:25.628			179250	5.00000000	88
2026.08.03	09:03:25.636			179250	7.00000000	88
2026.08.03	09:03:25.658			179245	10.00000000	88
2026.08.03	09:03:25.660			179250	16.00000000	88
2026.08.03	09:03:25.664			179250	24.00000000	88
2026.08.03	09:03:25.676			179255	1.00000000	88
2026.08.03	09:03:25.677			179250	5.00000000	88
2026.08.03	09:03:25.678			179255	4.00000000	88
2026.08.03	09:03:25.680			179260	7.00000000	88
2026.08.03	09:03:25.683			179255	9.00000000	88
2026.08.03	09:03:25.701			179255	4.00000000	88
2026.08.03	09:03:25.702			179250	6.00000000	88
2026.08.03	09:03:25.702			179255	2.00000000	88
2026.08.03	09:03:25.702			179250	3.00000000	88
2026.08.03	09:03:25.705			179260	1.00000000	88
2026.08.03	09:03:25.706			179255	2.00000000	88
2026.08.03	09:03:25.707			179260	15.00000000	88
2026.08.03	09:03:25.707			179265	15.00000000	56
2026.08.03	09:03:25.707			179270	20.00000000	56
2026.08.03	09:03:25.708			179260	2.00000000	88
2026.08.03	09:03:25.708			179265	7.00000000	56
2026.08.03	09:03:25.713			179255	1.00000000	88
2026.08.03	09:03:25.713			179265	5.00000000	56
2026.08.03	09:03:25.714			179255	2.00000000	88
2026.08.03	09:03:25.718			179260	6.00000000	88
2026.08.03	09:03:25.718			179255	11.00000000	88
2026.08.03	09:03:25.720			179260	2.00000000	88
2026.08.03	09:03:25.722			179260	3.00000000	88
2026.08.03	09:03:25.722			179255	3.00000000	88
2026.08.03	09:03:25.722			179250	5.00000000	88
2026.08.03	09:03:25.725			179255	14.00000000	88
2026.08.03	09:03:25.726			179250	2.00000000	88
2026.08.03	09:03:25.729			179255	5.00000000	88
2026.08.03	09:03:25.735			179255	10.00000000	88
2026.08.03	09:03:25.739			179255	11.00000000	88
2026.08.03	09:03:25.745			179250	5.00000000	88
2026.08.03	09:03:25.749			179255	3.00000000	88
2026.08.03	09:03:25.757			179250	2.00000000	88
2026.08.03	09:03:25.759			179255	3.00000000	88
2026.08.03	09:03:25.763			179255	3.00000000	88
2026.08.03	09:03:25.764			179260	4.00000000	88
2026.08.03	09:03:25.764			179260	17.00000000	88
2026.08.03	09:03:25.772			179260	2.00000000	88
2026.08.03	09:03:25.772			179265	3.00000000	56
2026.08.03	09:03:25.772	179255				2
2026.08.03	09:03:25.776			179265	10.00000000	56
2026.08.03	09:03:25.795			179265	1.00000000	56
2026.08.03	09:03:25.797			179265	1.00000000	56
2026.08.03	09:03:25.799			179265	5.00000000	56
2026.08.03	09:03:25.807			179265	5.00000000	56
2026.08.03	09:03:25.809			179260	2.00000000	120
2026.08.03	09:03:25.817			179265	5.00000000	56
2026.08.03	09:03:25.831			179260	6.00000000	120
2026.08.03	09:03:25.834			179265	1.00000000	56
2026.08.03	09:03:25.835			179260	17.00000000	120
2026.08.03	09:03:25.841			179255	2.00000000	88
2026.08.03	09:03:25.845			179265	5.00000000	56
2026.08.03	09:03:25.846			179260	2.00000000	120
2026.08.03	09:03:25.846			179265	20.00000000	56
2026.08.03	09:03:25.846			179260	4.00000000	120
2026.08.03	09:03:25.849			179265	2.00000000	56
2026.08.03	09:03:25.851			179260	1.00000000	120
2026.08.03	09:03:25.854			179265	11.00000000	56
2026.08.03	09:03:25.863			179260	3.00000000	120
2026.08.03	09:03:25.866			179265	4.00000000	56
2026.08.03	09:03:25.868			179270	6.00000000	56
2026.08.03	09:03:25.878			179275	17.00000000	56
2026.08.03	09:03:25.878			179275	37.00000000	56
2026.08.03	09:03:25.880			179280	1.00000000	56
2026.08.03	09:03:25.887			179275	2.00000000	56
2026.08.03	09:03:25.887			179280	23.00000000	56
2026.08.03	09:03:25.887			179275	6.00000000	56
2026.08.03	09:03:25.892			179270	1.00000000	56
2026.08.03	09:03:25.908			179275	1.00000000	56
2026.08.03	09:03:25.914			179270	6.00000000	56
2026.08.03	09:03:25.917			179275	1.00000000	56
2026.08.03	09:03:25.928			179275	6.00000000	56
2026.08.03	09:03:25.947			179270	1.00000000	56
2026.08.03	09:03:25.951			179275	30.00000000	56
2026.08.03	09:03:25.951			179280	3.00000000	56
2026.08.03	09:03:25.951			179280	17.00000000	56
2026.08.03	09:03:25.952			179275	2.00000000	56
2026.08.03	09:03:25.953			179280	27.00000000	56
2026.08.03	09:03:25.954			179285	2.00000000	56
2026.08.03	09:03:25.955			179285	40.00000000	56
2026.08.03	09:03:25.955			179285	60.00000000	56
2026.08.03	09:03:25.955			179290	28.00000000	56
2026.08.03	09:03:25.955			179290	14.00000000	56
2026.08.03	09:03:25.956			179285	4.00000000	56
2026.08.03	09:03:25.956			179290	7.00000000	56
2026.08.03	09:03:25.956			179285	2.00000000	56
2026.08.03	09:03:25.957			179290	30.00000000	56
2026.08.03	09:03:25.957			179290	43.00000000	56
2026.08.03	09:03:25.958			179285	10.00000000	56
2026.08.03	09:03:25.958			179290	15.00000000	56
2026.08.03	09:03:25.958			179295	23.00000000	56
2026.08.03	09:03:25.959			179300	10.00000000	56
2026.08.03	09:03:25.959			179295	8.00000000	56
2026.08.03	09:03:25.959			179300	7.00000000	56
2026.08.03	09:03:25.959			179295	1.00000000	56
2026.08.03	09:03:25.959			179300	36.00000000	56
2026.08.03	09:03:25.960			179290	9.00000000	56
2026.08.03	09:03:25.961			179295	1.00000000	56
2026.08.03	09:03:25.961			179290	9.00000000	56
2026.08.03	09:03:25.961			179285	7.00000000	56
2026.08.03	09:03:25.971			179290	8.00000000	56
2026.08.03	09:03:25.986			179285	3.00000000	56
2026.08.03	09:03:25.990			179290	1.00000000	56
2026.08.03	09:03:25.993			179290	2.00000000	56
2026.08.03	09:03:26.001			179285	20.00000000	56
2026.08.03	09:03:26.001			179280	30.00000000	56
2026.08.03	09:03:26.002			179285	1.00000000	56
2026.08.03	09:03:26.012			179280	6.00000000	56
2026.08.03	09:03:26.019			179275	1.00000000	56
2026.08.03	09:03:26.019			179280	4.00000000	56
2026.08.03	09:03:26.019			179285	6.00000000	56
2026.08.03	09:03:26.020			179285	2.00000000	56
2026.08.03	09:03:26.028			179280	1.00000000	56
2026.08.03	09:03:26.031			179285	2.00000000	56
2026.08.03	09:03:26.034			179280	1.00000000	56
2026.08.03	09:03:26.035			179285	1.00000000	56
2026.08.03	09:03:26.040			179280	8.00000000	56
2026.08.03	09:03:26.052			179275	7.00000000	56
2026.08.03	09:03:26.056			179280	8.00000000	56
2026.08.03	09:03:26.072			179275	7.00000000	56
2026.08.03	09:03:26.072			179270	1.00000000	56
2026.08.03	09:03:26.073			179275	2.00000000	56
2026.08.03	09:03:26.080			179275	1.00000000	56
2026.08.03	09:03:26.082			179270	4.00000000	56
2026.08.03	09:03:26.082			179275	4.00000000	56
2026.08.03	09:03:26.091			179270	1.00000000	56
2026.08.03	09:03:26.094			179275	1.00000000	56
2026.08.03	09:03:26.094			179280	1.00000000	56
2026.08.03	09:03:26.094			179270	2.00000000	56
2026.08.03	09:03:26.096			179275	13.00000000	56
2026.08.03	09:03:26.110			179275	3.00000000	56
2026.08.03	09:03:26.117			179270	3.00000000	88
2026.08.03	09:03:26.120	179270				2
2026.08.03	09:03:26.120		179275			4
2026.08.03	09:03:26.120			179275	28.00000000	56
2026.08.03	09:03:26.131			179280	13.00000000	56
2026.08.03	09:03:26.133			179285	1.00000000	56
2026.08.03	09:03:26.137			179280	1.00000000	56
2026.08.03	09:03:26.139			179285	1.00000000	56
2026.08.03	09:03:26.142			179285	9.00000000	56
2026.08.03	09:03:26.143			179290	3.00000000	56
2026.08.03	09:03:26.143			179295	4.00000000	56
2026.08.03	09:03:26.159			179295	5.00000000	56
2026.08.03	09:03:26.159			179300	20.00000000	56
2026.08.03	09:03:26.160			179295	5.00000000	56
2026.08.03	09:03:26.162			179295	1.00000000	56
2026.08.03	09:03:26.163			179290	3.00000000	56
2026.08.03	09:03:26.164			179290	15.00000000	56
2026.08.03	09:03:26.164			179285	2.00000000	56
2026.08.03	09:03:26.164			179290	18.00000000	56
2026.08.03	09:03:26.171			179290	3.00000000	56
2026.08.03	09:03:26.175			179290	4.00000000	56
2026.08.03	09:03:26.189			179285	10.00000000	56
2026.08.03	09:03:26.200			179290	20.00000000	56
2026.08.03	09:03:26.200			179295	4.00000000	56
2026.08.03	09:03:26.201			179290	1.00000000	56
2026.08.03	09:03:26.203			179290	4.00000000	56
2026.08.03	09:03:26.206			179290	1.00000000	56
2026.08.03	09:03:26.208			179285	6.00000000	56
2026.08.03	09:03:26.211			179285	2.00000000	56
2026.08.03	09:03:26.213			179290	8.00000000	56
2026.08.03	09:03:26.213			179295	3.00000000	56
2026.08.03	09:03:26.213			179295	1.00000000	56
2026.08.03	09:03:26.213			179290	2.00000000	56
2026.08.03	09:03:26.214			179295	10.00000000	56
2026.08.03	09:03:26.215			179295	1.00000000	56
2026.08.03	09:03:26.218			179295	3.00000000	56
2026.08.03	09:03:26.223			179295	2.00000000	56
2026.08.03	09:03:26.226			179290	3.00000000	56
2026.08.03	09:03:26.226			179285	1.00000000	56
2026.08.03	09:03:26.227			179290	3.00000000	56
2026.08.03	09:03:26.231			179295	5.00000000	56
2026.08.03	09:03:26.234			179290	10.00000000	56
2026.08.03	09:03:26.234			179295	1.00000000	56
2026.08.03	09:03:26.235			179290	10.00000000	56
2026.08.03	09:03:26.236			179295	8.00000000	56
2026.08.03	09:03:26.245			179300	18.00000000	56
2026.08.03	09:03:26.245			179295	9.00000000	56
2026.08.03	09:03:26.250			179290	2.00000000	56
2026.08.03	09:03:26.252			179295	8.00000000	56
2026.08.03	09:03:26.258			179300	1.00000000	56
2026.08.03	09:03:26.263			179295	1.00000000	56
2026.08.03	09:03:26.267			179300	153.00000000	56
2026.08.03	09:03:26.270			179305	135.00000000	56
2026.08.03	09:03:26.288			179300	13.00000000	56
2026.08.03	09:03:26.293			179295	12.00000000	56
2026.08.03	09:03:26.293			179295	4.00000000	56
2026.08.03	09:03:26.296			179300	18.00000000	56
2026.08.03	09:03:26.296			179300	3.00000000	56
2026.08.03	09:03:26.303			179300	20.00000000	56
2026.08.03	09:03:26.315			179305	7.00000000	56
2026.08.03	09:03:26.317			179295	30.00000000	56
2026.08.03	09:03:26.318			179300	2.00000000	56
2026.08.03	09:03:26.318			179305	3.00000000	56
2026.08.03	09:03:26.320			179295	2.00000000	56
2026.08.03	09:03:26.322			179300	2.00000000	56
2026.08.03	09:03:26.322			179305	3.00000000	56
2026.08.03	09:03:26.327			179295	3.00000000	56
2026.08.03	09:03:26.332			179295	1.00000000	56
2026.08.03	09:03:26.333			179300	1.00000000	56
2026.08.03	09:03:26.334			179295	1.00000000	56
2026.08.03	09:03:26.335			179295	2.00000000	56
2026.08.03	09:03:26.336			179300	1.00000000	56
2026.08.03	09:03:26.337			179300	1.00000000	56
2026.08.03	09:03:26.337			179305	3.00000000	56
2026.08.03	09:03:26.337			179300	2.00000000	56
2026.08.03	09:03:26.338			179305	6.00000000	56
2026.08.03	09:03:26.342			179295	1.00000000	56
2026.08.03	09:03:26.342			179305	1.00000000	56
2026.08.03	09:03:26.343			179295	2.00000000	56
2026.08.03	09:03:26.345			179295	9.00000000	56
2026.08.03	09:03:26.348			179300	2.00000000	56
2026.08.03	09:03:26.349			179305	4.00000000	56
2026.08.03	09:03:26.350			179310	51.00000000	56
2026.08.03	09:03:26.351			179305	2.00000000	56
2026.08.03	09:03:26.352			179310	8.00000000	56
2026.08.03	09:03:26.352			179305	4.00000000	56
2026.08.03	09:03:26.355			179300	26.00000000	56
2026.08.03	09:03:26.369			179305	2.00000000	56
2026.08.03	09:03:26.372			179310	4.00000000	56
2026.08.03	09:03:26.374			179305	1.00000000	56
2026.08.03	09:03:26.375			179305	2.00000000	56
2026.08.03	09:03:26.377			179305	1.00000000	56
2026.08.03	09:03:26.379			179305	1.00000000	56
2026.08.03	09:03:26.381			179310	10.00000000	56
2026.08.03	09:03:26.382			179305	1.00000000	56
2026.08.03	09:03:26.382			179310	2.00000000	56
2026.08.03	09:03:26.383			179305	12.00000000	56
2026.08.03	09:03:26.384			179305	2.00000000	56
2026.08.03	09:03:26.386			179300	1.00000000	56
2026.08.03	09:03:26.389			179305	2.00000000	56
2026.08.03	09:03:26.389			179310	18.00000000	56
2026.08.03	09:03:26.391			179300	1.00000000	56
2026.08.03	09:03:26.395			179305	1.00000000	56
2026.08.03	09:03:26.395			179300	1.00000000	56
2026.08.03	09:03:26.399			179305	13.00000000	56
2026.08.03	09:03:26.399			179310	54.00000000	56
2026.08.03	09:03:26.399			179315	24.00000000	56
2026.08.03	09:03:26.399			179310	3.00000000	56
2026.08.03	09:03:26.399			179315	23.00000000	56
2026.08.03	09:03:26.399			179310	1.00000000	56
2026.08.03	09:03:26.399			179315	9.00000000	56
2026.08.03	09:03:26.400			179310	3.00000000	56
2026.08.03	09:03:26.400			179315	1.00000000	56
2026.08.03	09:03:26.400			179310	1.00000000	56
2026.08.03	09:03:26.400			179315	1.00000000	56
2026.08.03	09:03:26.400			179305	15.00000000	56
2026.08.03	09:03:26.401			179300	21.00000000	56
2026.08.03	09:03:26.401			179305	10.00000000	56
2026.08.03	09:03:26.403			179295	5.00000000	56
2026.08.03	09:03:26.406			179290	1.00000000	56
2026.08.03	09:03:26.408			179295	1.00000000	56
2026.08.03	09:03:26.409			179285	1.00000000	56
2026.08.03	09:03:26.409			179290	2.00000000	56
2026.08.03	09:03:26.409			179295	15.00000000	56
2026.08.03	09:03:26.410			179290	2.00000000	56
2026.08.03	09:03:26.412			179285	1.00000000	56
2026.08.03	09:03:26.412			179290	1.00000000	56
2026.08.03	09:03:26.413			179285	1.00000000	56
2026.08.03	09:03:26.414			179290	3.00000000	56
2026.08.03	09:03:26.415			179285	10.00000000	56
2026.08.03	09:03:26.415			179290	4.00000000	56
2026.08.03	09:03:26.415			179285	2.00000000	56
2026.08.03	09:03:26.415			179290	2.00000000	56
2026.08.03	09:03:26.423			179285	2.00000000	56
2026.08.03	09:03:26.426			179290	1.00000000	56
2026.08.03	09:03:26.428			179295	1.00000000	56
2026.08.03	09:03:26.430			179295	1.00000000	56
2026.08.03	09:03:26.431			179295	1.00000000	56
2026.08.03	09:03:26.431			179290	1.00000000	56
2026.08.03	09:03:26.431			179285	2.00000000	56
2026.08.03	09:03:26.432			179295	1.00000000	56
2026.08.03	09:03:26.433			179290	13.00000000	56
2026.08.03	09:03:26.435			179295	1.00000000	56
2026.08.03	09:03:26.435			179290	4.00000000	56
2026.08.03	09:03:26.436			179285	9.00000000	56
2026.08.03	09:03:26.437			179290	1.00000000	56
2026.08.03	09:03:26.441			179280	10.00000000	56
2026.08.03	09:03:26.441			179285	12.00000000	56
2026.08.03	09:03:26.441			179280	14.00000000	56
2026.08.03	09:03:26.444			179280	2.00000000	56
2026.08.03	09:03:26.445			179285	5.00000000	56
2026.08.03	09:03:26.446			179290	1.00000000	56
2026.08.03	09:03:26.447			179295	3.00000000	56
2026.08.03	09:03:26.450			179290	9.00000000	56
2026.08.03	09:03:26.452			179285	1.00000000	56
2026.08.03	09:03:26.454			179290	8.00000000	56
2026.08.03	09:03:26.458			179295	1.00000000	56
2026.08.03	09:03:26.458			179290	5.00000000	56
2026.08.03	09:03:26.459			179285	20.00000000	56
2026.08.03	09:03:26.463			179295	3.00000000	56
2026.08.03	09:03:26.463			179285	11.00000000	56
2026.08.03	09:03:26.468			179285	1.00000000	56
2026.08.03	09:03:26.468			179290	2.00000000	56
2026.08.03	09:03:26.468			179295	1.00000000	56
2026.08.03	09:03:26.469			179285	5.00000000	56
2026.08.03	09:03:26.470			179290	3.00000000	56
2026.08.03	09:03:26.471			179285	4.00000000	56
2026.08.03	09:03:26.473	179285				2
2026.08.03	09:03:26.473		179290			4
2026.08.03	09:03:26.474			179285	2.00000000	56
2026.08.03	09:03:26.475			179290	7.00000000	56
2026.08.03	09:03:26.475			179295	20.00000000	56
2026.08.03	09:03:26.476			179290	3.00000000	56
2026.08.03	09:03:26.478			179295	4.00000000	56
2026.08.03	09:03:26.478			179290	1.00000000	56
2026.08.03	09:03:26.479			179295	5.00000000	56
2026.08.03	09:03:26.480			179295	1.00000000	56
2026.08.03	09:03:26.482			179290	5.00000000	56
2026.08.03	09:03:26.482			179290	1.00000000	56
2026.08.03	09:03:26.482			179295	2.00000000	56
2026.08.03	09:03:26.483			179290	2.00000000	56
2026.08.03	09:03:26.483			179295	1.00000000	56
2026.08.03	09:03:26.484			179290	1.00000000	56
2026.08.03	09:03:26.484			179295	1.00000000	56
2026.08.03	09:03:26.485			179290	3.00000000	56
2026.08.03	09:03:26.487			179295	4.00000000	56
2026.08.03	09:03:26.488			179300	1.00000000	56
2026.08.03	09:03:26.488			179295	2.00000000	56
2026.08.03	09:03:26.489			179290	1.00000000	56
2026.08.03	09:03:26.490			179300	12.00000000	56
2026.08.03	09:03:26.491			179295	40.00000000	56
2026.08.03	09:03:26.491			179290	3.00000000	56
2026.08.03	09:03:26.494			179290	1.00000000	56
2026.08.03	09:03:26.495			179290	2.00000000	56
2026.08.03	09:03:26.495			179295	1.00000000	56
2026.08.03	09:03:26.498			179295	1.00000000	56
2026.08.03	09:03:26.504			179300	9.00000000	56
2026.08.03	09:03:26.514			179300	1.00000000	56
2026.08.03	09:03:26.516			179295	23.00000000	56
2026.08.03	09:03:26.522			179290	5.00000000	56
2026.08.03	09:03:26.527			179295	2.00000000	56
2026.08.03	09:03:26.532			179290	30.00000000	56
2026.08.03	09:03:26.534			179295	9.00000000	56
2026.08.03	09:03:26.534			179300	79.00000000	56
2026.08.03	09:03:26.534			179305	89.00000000	56
2026.08.03	09:03:26.534			179310	73.00000000	56
2026.08.03	09:03:26.536			179300	2.00000000	56
2026.08.03	09:03:26.537			179305	5.00000000	56
2026.08.03	09:03:26.538			179300	5.00000000	56
2026.08.03	09:03:26.547			179305	27.00000000	56
2026.08.03	09:03:26.548			179310	2.00000000	56
2026.08.03	09:03:26.548			179310	1.00000000	56
2026.08.03	09:03:26.552			179305	13.00000000	56
2026.08.03	09:03:26.566			179310	9.00000000	56
2026.08.03	09:03:26.576			179305	1.00000000	56
2026.08.03	09:03:26.580			179310	1.00000000	56
2026.08.03	09:03:26.582			179305	2.00000000	56
2026.08.03	09:03:26.583			179310	5.00000000	56
2026.08.03	09:03:26.584			179305	7.00000000	56
2026.08.03	09:03:26.585			179310	4.00000000	56
2026.08.03	09:03:26.586			179305	6.00000000	56
2026.08.03	09:03:26.603			179310	15.00000000	56
2026.08.03	09:03:26.613			179310	2.00000000	56
2026.08.03	09:03:26.615			179315	1.00000000	56
2026.08.03	09:03:26.621			179310	1.00000000	56
2026.08.03	09:03:26.631			179310	18.00000000	56
2026.08.03	09:03:26.636			179315	2.00000000	56
2026.08.03	09:03:26.663			179315	15.00000000	56
2026.08.03	09:03:26.676			179315	2.00000000	56
2026.08.03	09:03:26.678			179310	2.00000000	56
2026.08.03	09:03:26.682			179315	6.00000000	56
2026.08.03	09:03:26.687			179310	1.00000000	56
2026.08.03	09:03:26.695			179315	101.00000000	56
2026.08.03	09:03:26.695			179315	84.00000000	56
2026.08.03	09:03:26.696			179320	13.00000000	56
2026.08.03	09:03:26.696			179320	184.00000000	56
2026.08.03	09:03:26.698			179325	37.00000000	56
2026.08.03	09:03:26.698			179325	54.00000000	56
2026.08.03	09:03:26.699			179320	5.00000000	56
2026.08.03	09:03:26.700			179325	12.00000000	56
2026.08.03	09:03:26.701			179325	2.00000000	56
2026.08.03	09:03:26.702			179325	1.00000000	56
2026.08.03	09:03:26.702			179330	23.00000000	56
2026.08.03	09:03:26.702			179335	5.00000000	56
2026.08.03	09:03:26.702			179330	1.00000000	56
2026.08.03	09:03:26.703			179335	64.00000000	56
2026.08.03	09:03:26.703			179340	1.00000000	56
2026.08.03	09:03:26.703			179335	1.00000000	56
2026.08.03	09:03:26.703			179340	21.00000000	56
2026.08.03	09:03:26.703			179335	1.00000000	56
2026.08.03	09:03:26.703			179340	11.00000000	56
2026.08.03	09:03:26.704			179330	2.00000000	56
2026.08.03	09:03:26.704			179325	6.00000000	56
2026.08.03	09:03:26.704			179335	2.00000000	56
2026.08.03	09:03:26.704			179340	8.00000000	56
2026.08.03	09:03:26.705			179330	16.00000000	56
2026.08.03	09:03:26.705			179330	21.00000000	56
2026.08.03	09:03:26.705			179335	6.00000000	56
2026.08.03	09:03:26.705			179330	3.00000000	56
2026.08.03	09:03:26.705			179335	2.00000000	56
2026.08.03	09:03:26.706			179330	5.00000000	56
2026.08.03	09:03:26.706			179335	1.00000000	56
2026.08.03	09:03:26.707			179330	6.00000000	56
2026.08.03	09:03:26.708			179335	13.00000000	56
2026.08.03	09:03:26.708			179340	2.00000000	56
2026.08.03	09:03:26.709			179335	2.00000000	56
2026.08.03	09:03:26.714			179340	3.00000000	56
2026.08.03	09:03:26.715			179335	1.00000000	56
2026.08.03	09:03:26.717			179330	2.00000000	56
2026.08.03	09:03:26.718			179335	4.00000000	56
2026.08.03	09:03:26.721			179330	5.00000000	56
2026.08.03	09:03:26.722			179335	2.00000000	56
2026.08.03	09:03:26.723			179330	3.00000000	56
2026.08.03	09:03:26.724			179335	2.00000000	56
2026.08.03	09:03:26.725			179340	1.00000000	56
2026.08.03	09:03:26.726			179335	3.00000000	56
2026.08.03	09:03:26.727			179330	1.00000000	56
2026.08.03	09:03:26.735			179335	4.00000000	56
2026.08.03	09:03:26.735			179335	2.00000000	56
2026.08.03	09:03:26.736			179330	83.00000000	56
2026.08.03	09:03:26.736			179330	19.00000000	56
2026.08.03	09:03:26.743			179330	5.00000000	56
2026.08.03	09:03:26.743			179335	5.00000000	56
2026.08.03	09:03:26.743			179340	11.00000000	56
2026.08.03	09:03:26.743			179340	9.00000000	56
2026.08.03	09:03:26.744			179330	4.00000000	56
2026.08.03	09:03:26.745			179335	5.00000000	56
2026.08.03	09:03:26.745			179325	15.00000000	56
2026.08.03	09:03:26.745			179330	6.00000000	56
2026.08.03	09:03:26.747			179335	15.00000000	56
2026.08.03	09:03:26.753			179340	2.00000000	56
2026.08.03	09:03:26.756			179335	1.00000000	56
2026.08.03	09:03:26.760			179340	11.00000000	56
2026.08.03	09:03:26.768			179335	2.00000000	56
2026.08.03	09:03:26.776			179340	3.00000000	56
2026.08.03	09:03:26.777			179345	2.00000000	56
2026.08.03	09:03:26.778			179340	3.00000000	56
2026.08.03	09:03:26.778			179345	11.00000000	56
2026.08.03	09:03:26.778			179340	9.00000000	56
2026.08.03	09:03:26.778			179345	40.00000000	56
2026.08.03	09:03:26.778			179340	12.00000000	56
2026.08.03	09:03:26.778			179345	37.00000000	56
2026.08.03	09:03:26.778			179350	2.00000000	56
2026.08.03	09:03:26.778			179350	50.00000000	56
2026.08.03	09:03:26.778			179350	36.00000000	56
2026.08.03	09:03:26.778			179340	6.00000000	56
2026.08.03	09:03:26.779			179340	17.00000000	56
2026.08.03	09:03:26.788			179340	4.00000000	56
2026.08.03	09:03:26.790			179340	5.00000000	56
2026.08.03	09:03:26.790			179335	18.00000000	56
2026.08.03	09:03:26.790			179335	7.00000000	56
2026.08.03	09:03:26.791			179330	5.00000000	56
2026.08.03	09:03:26.794			179330	4.00000000	56
2026.08.03	09:03:26.795			179335	18.00000000	56
2026.08.03	09:03:26.799			179340	11.00000000	56
2026.08.03	09:03:26.801			179335	8.00000000	56
2026.08.03	09:03:26.813			179330	36.00000000	56
2026.08.03	09:03:26.816			179335	1.00000000	56
2026.08.03	09:03:26.817			179330	19.00000000	56
2026.08.03	09:03:26.817			179335	3.00000000	56
2026.08.03	09:03:26.817			179330	1.00000000	56
2026.08.03	09:03:26.821			179335	7.00000000	56
2026.08.03	09:03:26.823	179325				2
2026.08.03	09:03:26.823		179335			4
2026.08.03	09:03:26.826			179330	1.00000000	56
2026.08.03	09:03:26.827			179335	1.00000000	56
2026.08.03	09:03:26.830			179335	7.00000000	56
2026.08.03	09:03:26.831			179325	2.00000000	88
2026.08.03	09:03:26.831			179330	2.00000000	120
2026.08.03	09:03:26.831			179335	8.00000000	56
2026.08.03	09:03:26.832			179330	1.00000000	120
2026.08.03	09:03:26.843			179335	1.00000000	56
2026.08.03	09:03:26.847			179330	9.00000000	120
2026.08.03	09:03:26.849			179335	8.00000000	56
2026.08.03	09:03:26.850			179330	2.00000000	120
2026.08.03	09:03:26.863			179335	9.00000000	56
2026.08.03	09:03:26.864			179330	2.00000000	120
2026.08.03	09:03:26.864			179335	1.00000000	56
2026.08.03	09:03:26.866			179335	6.00000000	56
2026.08.03	09:03:26.869			179330	2.00000000	120
2026.08.03	09:03:26.869			179335	1.00000000	56
2026.08.03	09:03:26.872			179330	2.00000000	120
2026.08.03	09:03:26.873			179325	1.00000000	88
2026.08.03	09:03:26.875			179330	20.00000000	120
2026.08.03	09:03:26.888			179335	3.00000000	56
2026.08.03	09:03:26.895			179335	3.00000000	56
2026.08.03	09:03:26.901			179330	2.00000000	120
2026.08.03	09:03:26.903			179335	1.00000000	56
2026.08.03	09:03:26.903			179330	5.00000000	120
2026.08.03	09:03:26.911			179335	1.00000000	56
2026.08.03	09:03:26.917			179330	2.00000000	120
2026.08.03	09:03:26.917			179335	13.00000000	56
2026.08.03	09:03:26.924			179330	2.00000000	120
2026.08.03	09:03:26.925			179330	3.00000000	120
2026.08.03	09:03:26.926			179325	25.00000000	88
2026.08.03	09:03:26.927			179325	1.00000000	88
2026.08.03	09:03:26.937			179330	3.00000000	120
2026.08.03	09:03:26.937			179325	1.00000000	88
2026.08.03	09:03:26.941			179330	10.00000000	120
2026.08.03	09:03:26.954			179335	3.00000000	56
2026.08.03	09:03:26.959			179330	6.00000000	120
2026.08.03	09:03:26.959			179325	19.00000000	88
2026.08.03	09:03:26.959			179330	10.00000000	120
2026.08.03	09:03:26.962			179325	2.00000000	88
2026.08.03	09:03:26.969			179325	7.00000000	88
2026.08.03	09:03:26.972			179325	5.00000000	88
2026.08.03	09:03:26.973			179330	16.00000000	120
2026.08.03	09:03:26.975			179325	9.00000000	88
2026.08.03	09:03:26.982			179320	3.00000000	88
2026.08.03	09:03:26.983			179325	1.00000000	88
2026.08.03	09:03:26.986			179325	3.00000000	88
2026.08.03	09:03:26.991			179320	10.00000000	88
2026.08.03	09:03:26.991			179325	3.00000000	88
2026.08.03	09:03:27.003			179325	2.00000000	88
2026.08.03	09:03:27.004			179320	3.00000000	88
2026.08.03	09:03:27.004			179315	8.00000000	88
2026.08.03	09:03:27.013			179315	7.00000000	88
2026.08.03	09:03:27.022			179320	9.00000000	88
2026.08.03	09:03:27.023			179325	8.00000000	88
2026.08.03	09:03:27.026			179320	2.00000000	88
2026.08.03	09:03:27.030			179325	1.00000000	88
2026.08.03	09:03:27.034			179325	5.00000000	88
2026.08.03	09:03:27.035			179330	7.00000000	120
2026.08.03	09:03:27.039			179330	2.00000000	120
2026.08.03	09:03:27.044			179325	1.00000000	88
2026.08.03	09:03:27.048			179330	2.00000000	120
2026.08.03	09:03:27.050			179330	2.00000000	120
2026.08.03	09:03:27.051			179335	5.00000000	56
2026.08.03	09:03:27.055			179330	1.00000000	120
2026.08.03	09:03:27.058			179335	5.00000000	56
2026.08.03	09:03:27.064			179330	4.00000000	120
2026.08.03	09:03:27.066			179335	18.00000000	56
2026.08.03	09:03:27.066			179340	8.00000000	56
2026.08.03	09:03:27.066			179330	4.00000000	120
2026.08.03	09:03:27.068			179325	6.00000000	88
2026.08.03	09:03:27.075			179330	1.00000000	120
2026.08.03	09:03:27.087			179325	5.00000000	88
2026.08.03	09:03:27.099			179330	2.00000000	120
2026.08.03	09:03:27.099			179335	8.00000000	56
2026.08.03	09:03:27.099			179330	22.00000000	120
2026.08.03	09:03:27.101			179335	10.00000000	56
2026.08.03	09:03:27.102			179340	15.00000000	56
2026.08.03	09:03:27.108			179335	3.00000000	56
2026.08.03	09:03:27.117			179340	2.00000000	56
2026.08.03	09:03:27.121			179335	6.00000000	56
2026.08.03	09:03:27.121			179335	7.00000000	56
2026.08.03	09:03:27.127			179335	4.00000000	56
2026.08.03	09:03:27.127			179340	5.00000000	56
2026.08.03	09:03:27.128			179335	4.00000000	56
2026.08.03	09:03:27.129			179340	2.00000000	56
2026.08.03	09:03:27.135			179340	2.00000000	56
2026.08.03	09:03:27.142			179340	1.00000000	56
2026.08.03	09:03:27.142			179340	10.00000000	56
2026.08.03	09:03:27.145			179335	1.00000000	56
2026.08.03	09:03:27.147			179340	17.00000000	56
2026.08.03	09:03:27.167			179345	1.00000000	56
2026.08.03	09:03:27.167			179340	11.00000000	56
2026.08.03	09:03:27.167	179335				2
2026.08.03	09:03:27.167		179340			4
2026.08.03	09:03:27.174			179335	5.00000000	88
2026.08.03	09:03:27.175			179330	1.00000000	88
2026.08.03	09:03:27.175			179335	1.00000000	88
2026.08.03	09:03:27.175			179340	2.00000000	56
2026.08.03	09:03:27.176			179335	2.00000000	88
2026.08.03	09:03:27.179			179340	1.00000000	56
2026.08.03	09:03:27.180			179335	1.00000000	88
2026.08.03	09:03:27.180			179340	3.00000000	56
2026.08.03	09:03:27.180			179345	2.00000000	56
2026.08.03	09:03:27.181			179340	13.00000000	56
2026.08.03	09:03:27.195			179340	1.00000000	56
2026.08.03	09:03:27.206			179335	1.00000000	88
2026.08.03	09:03:27.210			179340	59.00000000	56
2026.08.03	09:03:27.226			179335	7.00000000	88
2026.08.03	09:03:27.227			179340	9.00000000	56
2026.08.03	09:03:27.234			179345	3.00000000	56
2026.08.03	09:03:27.236			179345	6.00000000	56
2026.08.03	09:03:27.238			179345	2.00000000	56
2026.08.03	09:03:27.241			179345	2.00000000	56
2026.08.03	09:03:27.242			179340	12.00000000	56
2026.08.03	09:03:27.245			179340	13.00000000	56
2026.08.03	09:03:27.250			179340	2.00000000	56
2026.08.03	09:03:27.254			179345	1.00000000	56
2026.08.03	09:03:27.255			179340	2.00000000	56
2026.08.03	09:03:27.255			179345	5.00000000	56
2026.08.03	09:03:27.256			179340	1.00000000	56
2026.08.03	09:03:27.258			179345	15.00000000	56
2026.08.03	09:03:27.273			179340	1.00000000	56
2026.08.03	09:03:27.279			179345	8.00000000	56
2026.08.03	09:03:27.287			179345	3.00000000	56
2026.08.03	09:03:27.290			179340	3.00000000	56
2026.08.03	09:03:27.292			179345	9.00000000	56
2026.08.03	09:03:27.294			179340	3.00000000	56
2026.08.03	09:03:27.297			179345	3.00000000	56
2026.08.03	09:03:27.299			179350	2.00000000	56
2026.08.03	09:03:27.305			179345	2.00000000	56
2026.08.03	09:03:27.305			179350	3.00000000	56
2026.08.03	09:03:27.316			179340	8.00000000	56
2026.08.03	09:03:27.318			179345	1.00000000	56
2026.08.03	09:03:27.319			179340	10.00000000	56
2026.08.03	09:03:27.323			179340	1.00000000	56
2026.08.03	09:03:27.329			179345	1.00000000	56
2026.08.03	09:03:27.337			179335	1.00000000	88
2026.08.03	09:03:27.337			179340	14.00000000	56
2026.08.03	09:03:27.344			179335	1.00000000	88
2026.08.03	09:03:27.345			179340	12.00000000	56
2026.08.03	09:03:27.345			179345	8.00000000	56
2026.08.03	09:03:27.347			179340	5.00000000	56
2026.08.03	09:03:27.351			179335	1.00000000	88
2026.08.03	09:03:27.353			179340	8.00000000	56
2026.08.03	09:03:27.367			179340	2.00000000	56
2026.08.03	09:03:27.368			179340	4.00000000	56
2026.08.03	09:03:27.368			179345	1.00000000	56
2026.08.03	09:03:27.373			179345	7.00000000	56
2026.08.03	09:03:27.373			179350	5.00000000	56
2026.08.03	09:03:27.383			179340	7.00000000	56
2026.08.03	09:03:27.386			179335	9.00000000	88
2026.08.03	09:03:27.386			179340	2.00000000	56
2026.08.03	09:03:27.388			179335	8.00000000	88
2026.08.03	09:03:27.390			179340	5.00000000	56
2026.08.03	09:03:27.397			179335	2.00000000	88
2026.08.03	09:03:27.398			179340	3.00000000	56
2026.08.03	09:03:27.404			179335	4.00000000	88
2026.08.03	09:03:27.411			179340	1.00000000	56
2026.08.03	09:03:27.413			179335	1.00000000	88
2026.08.03	09:03:27.414			179340	8.00000000	56
2026.08.03	09:03:27.414			179345	7.00000000	56
2026.08.03	09:03:27.419			179335	1.00000000	88
2026.08.03	09:03:27.419			179340	1.00000000	56
2026.08.03	09:03:27.421			179335	5.00000000	88
2026.08.03	09:03:27.426			179340	15.00000000	56
2026.08.03	09:03:27.430			179345	5.00000000	56
2026.08.03	09:03:27.431			179340	37.00000000	56
2026.08.03	09:03:27.432			179335	21.00000000	88
2026.08.03	09:03:27.435			179340	6.00000000	56
2026.08.03	09:03:27.436			179340	1.00000000	56
2026.08.03	09:03:27.436			179345	2.00000000	56
2026.08.03	09:03:27.437			179340	20.00000000	56
2026.08.03	09:03:27.438			179335	7.00000000	88
2026.08.03	09:03:27.439			179340	13.00000000	56
2026.08.03	09:03:27.441			179340	9.00000000	56
2026.08.03	09:03:27.442			179345	1.00000000	56
2026.08.03	09:03:27.444			179340	1.00000000	56
2026.08.03	09:03:27.444			179345	9.00000000	56
2026.08.03	09:03:27.449			179340	12.00000000	56
2026.08.03	09:03:27.465			179335	6.00000000	88
2026.08.03	09:03:27.472			179340	3.00000000	56
2026.08.03	09:03:27.473			179340	2.00000000	56
2026.08.03	09:03:27.473			179345	18.00000000	56
2026.08.03	09:03:27.474			179340	5.00000000	56
2026.08.03	09:03:27.485			179340	1.00000000	56
2026.08.03	09:03:27.486			179340	1.00000000	56
2026.08.03	09:03:27.490			179340	15.00000000	56
2026.08.03	09:03:27.493			179340	1.00000000	56
2026.08.03	09:03:27.494			179335	1.00000000	88
2026.08.03	09:03:27.508			179340	3.00000000	56
2026.08.03	09:03:27.516			179335	1.00000000	88
2026.08.03	09:03:27.518			179340	3.00000000	56
2026.08.03	09:03:27.523			179340	8.00000000	56
2026.08.03	09:03:27.528			179335	23.00000000	88
2026.08.03	09:03:27.530			179340	1.00000000	56
2026.08.03	09:03:27.530			179335	11.00000000	88
2026.08.03	09:03:27.532			179330	6.00000000	88
2026.08.03	09:03:27.532			179325	11.00000000	88
2026.08.03	09:03:27.536			179325	18.00000000	88
2026.08.03	09:03:27.549			179320	47.00000000	88
2026.08.03	09:03:27.550			179325	4.00000000	88
2026.08.03	09:03:27.555			179320	4.00000000	88
2026.08.03	09:03:27.555			179325	7.00000000	88
2026.08.03	09:03:27.562			179330	2.00000000	88
2026.08.03	09:03:27.571			179325	2.00000000	88
2026.08.03	09:03:27.579			179330	22.00000000	88
2026.08.03	09:03:27.583			179335	3.00000000	88
2026.08.03	09:03:27.591			179330	5.00000000	88
2026.08.03	09:03:27.598			179325	17.00000000	88
2026.08.03	09:03:27.609			179330	8.00000000	88
2026.08.03	09:03:27.627			179325	6.00000000	88
2026.08.03	09:03:27.627			179330	3.00000000	88
2026.08.03	09:03:27.628			179325	1.00000000	88
2026.08.03	09:03:27.628			179330	3.00000000	88
2026.08.03	09:03:27.636			179330	6.00000000	88
2026.08.03	09:03:27.641			179330	1.00000000	88
2026.08.03	09:03:27.645			179330	2.00000000	88
2026.08.03	09:03:27.645			179335	5.00000000	88
2026.08.03	09:03:27.650			179330	10.00000000	88
2026.08.03	09:03:27.656			179330	49.00000000	88
2026.08.03	09:03:27.671			179335	2.00000000	88
2026.08.03	09:03:27.672			179330	1.00000000	88
2026.08.03	09:03:27.683			179325	2.00000000	88
2026.08.03	09:03:27.686			179330	10.00000000	88
2026.08.03	09:03:27.695			179325	20.00000000	88
2026.08.03	09:03:27.706			179330	6.00000000	88
2026.08.03	09:03:27.716			179330	1.00000000	88
2026.08.03	09:03:27.719			179330	3.00000000	88
2026.08.03	09:03:27.730			179330	4.00000000	88
2026.08.03	09:03:27.730			179335	45.00000000	88
2026.08.03	09:03:27.730			179340	1.00000000	56
2026.08.03	09:03:27.731			179330	9.00000000	88
2026.08.03	09:03:27.732			179335	1.00000000	88
2026.08.03	09:03:27.732			179330	17.00000000	88
2026.08.03	09:03:27.732			179325	55.00000000	88
2026.08.03	09:03:27.732			179320	43.00000000	88
2026.08.03	09:03:27.733			179325	10.00000000	88
2026.08.03	09:03:27.733			179320	51.00000000	88
2026.08.03	09:03:27.733			179325	12.00000000	88
2026.08.03	09:03:27.738			179330	2.00000000	88
2026.08.03	09:03:27.742			179325	8.00000000	88
2026.08.03	09:03:27.747			179320	1.00000000	88
2026.08.03	09:03:27.749			179315	5.00000000	88
2026.08.03	09:03:27.762			179320	11.00000000	88
2026.08.03	09:03:27.764			179320	2.00000000	88
2026.08.03	09:03:27.778			179320	7.00000000	88
2026.08.03	09:03:27.778			179325	13.00000000	88
2026.08.03	09:03:27.778			179320	7.00000000	88
2026.08.03	09:03:27.781			179315	2.00000000	88
2026.08.03	09:03:27.781			179320	11.00000000	88
2026.08.03	09:03:27.788			179315	2.00000000	88
2026.08.03	09:03:27.792			179320	2.00000000	88
2026.08.03	09:03:27.799			179315	1.00000000	88
2026.08.03	09:03:27.801			179320	2.00000000	88
2026.08.03	09:03:27.802			179320	16.00000000	88
2026.08.03	09:03:27.830			179315	3.00000000	88
2026.08.03	09:03:27.841			179315	1.00000000	88
2026.08.03	09:03:27.841			179320	2.00000000	88
2026.08.03	09:03:27.843			179320	1.00000000	88
2026.08.03	09:03:27.844			179315	6.00000000	88
2026.08.03	09:03:27.857	179310				2
2026.08.03	09:03:27.857		179315			4
2026.08.03	09:03:27.874			179310	7.00000000	88
2026.08.03	09:03:27.878			179315	5.00000000	56
2026.08.03	09:03:27.879			179310	1.00000000	88
2026.08.03	09:03:27.880			179315	3.00000000	56
2026.08.03	09:03:27.887			179310	3.00000000	88
2026.08.03	09:03:27.892			179315	8.00000000	56
2026.08.03	09:03:27.896			179315	1.00000000	56
2026.08.03	09:03:27.899			179315	1.00000000	56
2026.08.03	09:03:27.903			179310	1.00000000	88
2026.08.03	09:03:27.904			179310	1.00000000	88
2026.08.03	09:03:27.908			179315	26.00000000	56
2026.08.03	09:03:27.942			179315	15.00000000	56
2026.08.03	09:03:27.942			179320	10.00000000	56
2026.08.03	09:03:27.944			179315	8.00000000	56
2026.08.03	09:03:27.957			179310	1.00000000	88
2026.08.03	09:03:27.957			179315	1.00000000	56
2026.08.03	09:03:27.958			179315	2.00000000	56
2026.08.03	09:03:27.967			179315	15.00000000	56
2026.08.03	09:03:27.979			179315	1.00000000	56
2026.08.03	09:03:27.980			179310	1.00000000	88
2026.08.03	09:03:27.990			179315	7.00000000	56
2026.08.03	09:03:27.993			179310	1.00000000	88
2026.08.03	09:03:27.995			179315	1.00000000	56
2026.08.03	09:03:27.996			179310	8.00000000	88
2026.08.03	09:03:28.015			179310	2.00000000	88
2026.08.03	09:03:28.016			179315	6.00000000	56
2026.08.03	09:03:28.016			179310	5.00000000	88
2026.08.03	09:03:28.016			179315	16.00000000	56
2026.08.03	09:03:28.017			179320	19.00000000	56
2026.08.03	09:03:28.032			179315	3.00000000	56
2026.08.03	09:03:28.032			179310	1.00000000	88
2026.08.03	09:03:28.033			179315	4.00000000	56
2026.08.03	09:03:28.044			179320	2.00000000	56
2026.08.03	09:03:28.044			179325	8.00000000	56
2026.08.03	09:03:28.045			179315	8.00000000	56
2026.08.03	09:03:28.083			179320	11.00000000	56
2026.08.03	09:03:28.087			179325	48.00000000	56
2026.08.03	09:03:28.087			179330	94.00000000	56
2026.08.03	09:03:28.087			179335	91.00000000	56
2026.08.03	09:03:28.087			179340	57.00000000	56
2026.08.03	09:03:28.087			179335	1.00000000	56
2026.08.03	09:03:28.087			179320	1.00000000	56
2026.08.03	09:03:28.088			179330	1.00000000	56
2026.08.03	09:03:28.088			179325	54.00000000	56
2026.08.03	09:03:28.089			179325	3.00000000	56
2026.08.03	09:03:28.090			179320	11.00000000	56
2026.08.03	09:03:28.090			179325	1.00000000	56
2026.08.03	09:03:28.092			179320	1.00000000	56
2026.08.03	09:03:28.092			179315	23.00000000	56
2026.08.03	09:03:28.095			179315	1.00000000	56
2026.08.03	09:03:28.112			179315	2.00000000	56
2026.08.03	09:03:28.114			179320	12.00000000	56
2026.08.03	09:03:28.114			179325	7.00000000	56
2026.08.03	09:03:28.115			179320	1.00000000	56
2026.08.03	09:03:28.116			179315	2.00000000	56
2026.08.03	09:03:28.117			179320	3.00000000	56
2026.08.03	09:03:28.118			179315	3.00000000	56
2026.08.03	09:03:28.124			179325	30.00000000	56
2026.08.03	09:03:28.124			179320	4.00000000	56
2026.08.03	09:03:28.128			179315	6.00000000	56
2026.08.03	09:03:28.129			179320	5.00000000	56
2026.08.03	09:03:28.129			179315	25.00000000	56
2026.08.03	09:03:28.144			179320	16.00000000	56
2026.08.03	09:03:28.144			179320	15.00000000	56
2026.08.03	09:03:28.147			179315	1.00000000	56
2026.08.03	09:03:28.148			179320	1.00000000	56
2026.08.03	09:03:28.148			179315	2.00000000	56
2026.08.03	09:03:28.151			179315	13.00000000	56
2026.08.03	09:03:28.155			179310	6.00000000	88
2026.08.03	09:03:28.165			179310	49.00000000	88
2026.08.03	09:03:28.169			179305	60.00000000	88
2026.08.03	09:03:28.170			179310	8.00000000	88
2026.08.03	09:03:28.179			179315	4.00000000	56
2026.08.03	09:03:28.191			179310	1.00000000	88
2026.08.03	09:03:28.194			179315	2.00000000	56
2026.08.03	09:03:28.196			179310	3.00000000	88
2026.08.03	09:03:28.199			179315	1.00000000	56
2026.08.03	09:03:28.200			179310	2.00000000	88
2026.08.03	09:03:28.225			179315	1.00000000	56
2026.08.03	09:03:28.228			179310	1.00000000	88
2026.08.03	09:03:28.231			179315	11.00000000	56
2026.08.03	09:03:28.232			179320	10.00000000	56
2026.08.03	09:03:28.232			179325	27.00000000	56
2026.08.03	09:03:28.239			179330	3.00000000	56
2026.08.03	09:03:28.243			179325	1.00000000	56
2026.08.03	09:03:28.247			179325	1.00000000	56
2026.08.03	09:03:28.247			179330	6.00000000	56
2026.08.03	09:03:28.247			179335	1.00000000	56
2026.08.03	09:03:28.248			179330	15.00000000	56
2026.08.03	09:03:28.251			179325	5.00000000	56
2026.08.03	09:03:28.261			179330	4.00000000	56
2026.08.03	09:03:28.264			179325	2.00000000	56
2026.08.03	09:03:28.274			179330	3.00000000	56
2026.08.03	09:03:28.274			179335	7.00000000	56
2026.08.03	09:03:28.274			179330	1.00000000	56
2026.08.03	09:03:28.279			179330	2.00000000	56
2026.08.03	09:03:28.280			179325	1.00000000	56
2026.08.03	09:03:28.280			179330	2.00000000	56
2026.08.03	09:03:28.281			179325	1.00000000	56
2026.08.03	09:03:28.283			179325	33.00000000	56
2026.08.03	09:03:28.315			179325	4.00000000	56
2026.08.03	09:03:28.322			179330	5.00000000	56
2026.08.03	09:03:28.328			179325	1.00000000	56
2026.08.03	09:03:28.328			179330	1.00000000	56
2026.08.03	09:03:28.329			179325	5.00000000	56
2026.08.03	09:03:28.331			179330	1.00000000	56
2026.08.03	09:03:28.334			179325	1.00000000	56
2026.08.03	09:03:28.342			179330	10.00000000	56
2026.08.03	09:03:28.342			179335	52.00000000	56
2026.08.03	09:03:28.342			179340	111.00000000	56
2026.08.03	09:03:28.343			179345	27.00000000	56
2026.08.03	09:03:28.344			179335	2.00000000	56
2026.08.03	09:03:28.346			179340	5.00000000	56
2026.08.03	09:03:28.354			179335	7.00000000	56
2026.08.03	09:03:28.372			179335	20.00000000	56
2026.08.03	09:03:28.374			179335	11.00000000	56
2026.08.03	09:03:28.379			179335	4.00000000	56
2026.08.03	09:03:28.385			179335	6.00000000	56
2026.08.03	09:03:28.390			179335	1.00000000	56
2026.08.03	09:03:28.404			179335	25.00000000	56
2026.08.03	09:03:28.416			179340	4.00000000	56
2026.08.03	09:03:28.416			179335	10.00000000	56
2026.08.03	09:03:28.419			179340	2.00000000	56
2026.08.03	09:03:28.420			179345	3.00000000	56
2026.08.03	09:03:28.426			179340	1.00000000	56
2026.08.03	09:03:28.427			179345	3.00000000	56
2026.08.03	09:03:28.434			179340	3.00000000	56
2026.08.03	09:03:28.434			179340	2.00000000	56
2026.08.03	09:03:28.438			179345	5.00000000	56
2026.08.03	09:03:28.439			179345	12.00000000	56
2026.08.03	09:03:28.439			179350	80.00000000	56
2026.08.03	09:03:28.439			179355	7.00000000	56
2026.08.03	09:03:28.439			179355	36.00000000	56
2026.08.03	09:03:28.440			179355	50.00000000	56
2026.08.03	09:03:28.441			179350	1.00000000	56
2026.08.03	09:03:28.441			179355	9.00000000	56
2026.08.03	09:03:28.441			179350	100.00000000	56
2026.08.03	09:03:28.442			179355	1.00000000	56
2026.08.03	09:03:28.442			179360	90.00000000	56
2026.08.03	09:03:28.443			179365	40.00000000	56
2026.08.03	09:03:28.444			179360	1.00000000	56
2026.08.03	09:03:28.444			179365	5.00000000	56
2026.08.03	09:03:28.444			179365	22.00000000	56
2026.08.03	09:03:28.444			179360	12.00000000	56
2026.08.03	09:03:28.445			179360	36.00000000	56
2026.08.03	09:03:28.446			179355	8.00000000	56
2026.08.03	09:03:28.451			179360	19.00000000	56
2026.08.03	09:03:28.459			179355	20.00000000	56
2026.08.03	09:03:28.464			179350	22.00000000	56
2026.08.03	09:03:28.466			179360	2.00000000	56
2026.08.03	09:03:28.467			179355	1.00000000	56
2026.08.03	09:03:28.467			179360	9.00000000	56
2026.08.03	09:03:28.476			179360	8.00000000	56
2026.08.03	09:03:28.491			179360	2.00000000	56
2026.08.03	09:03:28.496			179355	2.00000000	56
2026.08.03	09:03:28.497			179360	3.00000000	56
2026.08.03	09:03:28.506			179360	12.00000000	56
2026.08.03	09:03:28.518			179355	3.00000000	56
2026.08.03	09:03:28.528			179360	4.00000000	56
2026.08.03	09:03:28.528			179355	1.00000000	56
2026.08.03	09:03:28.529			179360	6.00000000	56
2026.08.03	09:03:28.537			179355	1.00000000	56
2026.08.03	09:03:28.539			179360	2.00000000	56
2026.08.03	09:03:28.543			179360	2.00000000	56
2026.08.03	09:03:28.543			179355	4.00000000	56
2026.08.03	09:03:28.544			179360	1.00000000	56
2026.08.03	09:03:28.544			179355	1.00000000	56
2026.08.03	09:03:28.544			179350	2.00000000	56
2026.08.03	09:03:28.554			179360	1.00000000	56
2026.08.03	09:03:28.554			179355	1.00000000	56
2026.08.03	09:03:28.556			179360	1.00000000	56
2026.08.03	09:03:28.559			179355	10.00000000	56
2026.08.03	09:03:28.559			179350	2.00000000	56
2026.08.03	09:03:28.561			179350	6.00000000	56
2026.08.03	09:03:28.565			179355	2.00000000	56
2026.08.03	09:03:28.565			179360	1.00000000	56
2026.08.03	09:03:28.567			179355	1.00000000	56
2026.08.03	09:03:28.572			179360	1.00000000	56
2026.08.03	09:03:28.572	179355				2
2026.08.03	09:03:28.572		179360			4
2026.08.03	09:03:28.574			179360	2.00000000	56
2026.08.03	09:03:28.576			179355	5.00000000	88
2026.08.03	09:03:28.585			179360	5.00000000	56
2026.08.03	09:03:28.590			179355	11.00000000	88
2026.08.03	09:03:28.590			179350	37.00000000	88
2026.08.03	09:03:28.592			179345	30.00000000	88
2026.08.03	09:03:28.612			179345	9.00000000	88
2026.08.03	09:03:28.612			179340	9.00000000	88
2026.08.03	09:03:28.618			179350	5.00000000	88
2026.08.03	09:03:28.622			179345	2.00000000	88
2026.08.03	09:03:28.625			179350	2.00000000	88
2026.08.03	09:03:28.631			179345	1.00000000	88
2026.08.03	09:03:28.633			179350	2.00000000	88
2026.08.03	09:03:28.638			179350	1.00000000	88
2026.08.03	09:03:28.641			179345	50.00000000	88
2026.08.03	09:03:28.645			179350	3.00000000	88
2026.08.03	09:03:28.646			179355	4.00000000	88
2026.08.03	09:03:28.653			179355	4.00000000	88
2026.08.03	09:03:28.653			179355	2.00000000	88
2026.08.03	09:03:28.653			179350	2.00000000	88
2026.08.03	09:03:28.653			179355	4.00000000	88
2026.08.03	09:03:28.654			179360	5.00000000	56
2026.08.03	09:03:28.658			179355	11.00000000	88
2026.08.03	09:03:28.659			179350	10.00000000	88
2026.08.03	09:03:28.660			179345	47.00000000	88
2026.08.03	09:03:28.660			179340	8.00000000	88
2026.08.03	09:03:28.661			179335	3.00000000	88
2026.08.03	09:03:28.664			179340	8.00000000	88
2026.08.03	09:03:28.665			179335	21.00000000	88
2026.08.03	09:03:28.673			179330	48.00000000	88
2026.08.03	09:03:28.682			179325	3.00000000	88
2026.08.03	09:03:28.683			179330	3.00000000	88
2026.08.03	09:03:28.685			179325	1.00000000	88
2026.08.03	09:03:28.685			179330	2.00000000	88
2026.08.03	09:03:28.688			179325	20.00000000	88
2026.08.03	09:03:28.695			179330	2.00000000	88
2026.08.03	09:03:28.702			179325	8.00000000	88
2026.08.03	09:03:28.717			179330	5.00000000	88
2026.08.03	09:03:28.721			179325	12.00000000	88
2026.08.03	09:03:28.722			179320	25.00000000	88
2026.08.03	09:03:28.723			179315	59.00000000	88
2026.08.03	09:03:28.723			179310	24.00000000	88
2026.08.03	09:03:28.723			179315	1.00000000	88
2026.08.03	09:03:28.723			179310	1.00000000	88
2026.08.03	09:03:28.723			179315	1.00000000	88
2026.08.03	09:03:28.723			179310	6.00000000	88
2026.08.03	09:03:28.724			179315	1.00000000	88
2026.08.03	09:03:28.724			179310	30.00000000	88
2026.08.03	09:03:28.725			179315	28.00000000	88
2026.08.03	09:03:28.725			179320	29.00000000	88
2026.08.03	09:03:28.725			179325	26.00000000	88
2026.08.03	09:03:28.725			179325	3.00000000	88
2026.08.03	09:03:28.725			179305	23.00000000	88
2026.08.03	09:03:28.726			179310	26.00000000	88
2026.08.03	09:03:28.728			179305	13.00000000	88
2026.08.03	09:03:28.731			179300	30.00000000	88
2026.08.03	09:03:28.731			179295	11.00000000	88
2026.08.03	09:03:28.731			179300	3.00000000	88
2026.08.03	09:03:28.734			179305	4.00000000	88
2026.08.03	09:03:28.748			179310	4.00000000	88
2026.08.03	09:03:28.748			179315	1.00000000	88
2026.08.03	09:03:28.752			179305	1.00000000	88
2026.08.03	09:03:28.758			179310	1.00000000	88
2026.08.03	09:03:28.759			179305	3.00000000	88
2026.08.03	09:03:28.762			179305	18.00000000	88
2026.08.03	09:03:28.762			179300	2.00000000	88
2026.08.03	09:03:28.762			179305	1.00000000	88
2026.08.03	09:03:28.763			179310	1.00000000	88
2026.08.03	09:03:28.765			179305	1.00000000	88
2026.08.03	09:03:28.772			179310	1.00000000	88
2026.08.03	09:03:28.779			179305	1.00000000	88
2026.08.03	09:03:28.785			179305	1.00000000	88
2026.08.03	09:03:28.791			179310	2.00000000	88
2026.08.03	09:03:28.793			179305	14.00000000	88
2026.08.03	09:03:28.797			179300	2.00000000	88
2026.08.03	09:03:28.798			179305	2.00000000	88
2026.08.03	09:03:28.801			179310	8.00000000	88
2026.08.03	09:03:28.802			179315	25.00000000	88
2026.08.03	09:03:28.802			179320	22.00000000	88
2026.08.03	09:03:28.803			179325	15.00000000	88
2026.08.03	09:03:28.815			179320	2.00000000	88
2026.08.03	09:03:28.822			179320	1.00000000	88
2026.08.03	09:03:28.829			179320	1.00000000	88
2026.08.03	09:03:28.829			179315	1.00000000	88
2026.08.03	09:03:28.832			179325	10.00000000	88
2026.08.03	09:03:28.843			179330	10.00000000	88
2026.08.03	09:03:28.846			179325	1.00000000	88
2026.08.03	09:03:28.848			179330	3.00000000	88
2026.08.03	09:03:28.858			179325	1.00000000	88
2026.08.03	09:03:28.864			179325	2.00000000	88
2026.08.03	09:03:28.871			179320	1.00000000	88
2026.08.03	09:03:28.873			179330	2.00000000	88
2026.08.03	09:03:28.879			179325	1.00000000	88
2026.08.03	09:03:28.881			179330	50.00000000	88
2026.08.03	09:03:28.881			179335	41.00000000	88
2026.08.03	09:03:28.881			179340	9.00000000	88
2026.08.03	09:03:28.881			179325	2.00000000	88
2026.08.03	09:03:28.892			179325	1.00000000	88
2026.08.03	09:03:28.895			179330	2.00000000	88
2026.08.03	09:03:28.895			179335	8.00000000	88
2026.08.03	09:03:28.896			179325	2.00000000	88
2026.08.03	09:03:28.909			179330	3.00000000	88
2026.08.03	09:03:28.909			179325	2.00000000	88
2026.08.03	09:03:28.918			179330	12.00000000	88
2026.08.03	09:03:28.920			179330	12.00000000	88
2026.08.03	09:03:28.920			179335	8.00000000	88
2026.08.03	09:03:28.920			179340	80.00000000	88
2026.08.03	09:03:28.922			179330	3.00000000	88
2026.08.03	09:03:28.923	179325				2
2026.08.03	09:03:28.923		179335			4
2026.08.03	09:03:28.924			179325	1.00000000	88
2026.08.03	09:03:28.925			179330	3.00000000	88
2026.08.03	09:03:28.931			179325	24.00000000	88
2026.08.03	09:03:28.946			179330	4.00000000	88
2026.08.03	09:03:28.953			179325	5.00000000	88
2026.08.03	09:03:28.964			179330	1.00000000	120
2026.08.03	09:03:28.967			179325	4.00000000	88
2026.08.03	09:03:28.972			179320	4.00000000	88
2026.08.03	09:03:28.975			179315	10.00000000	88
2026.08.03	09:03:28.979			179320	1.00000000	88
2026.08.03	09:03:28.988			179320	1.00000000	88
2026.08.03	09:03:28.988			179315	10.00000000	88
2026.08.03	09:03:28.988			179320	2.00000000	88
2026.08.03	09:03:28.995			179315	5.00000000	88
2026.08.03	09:03:28.998			179320	1.00000000	88
2026.08.03	09:03:29.001			179315	17.00000000	88
2026.08.03	09:03:29.012			179320	1.00000000	88
2026.08.03	09:03:29.020			179320	5.00000000	88
2026.08.03	09:03:29.021			179320	1.00000000	88
2026.08.03	09:03:29.026			179315	5.00000000	88
2026.08.03	09:03:29.041			179320	13.00000000	88
2026.08.03	09:03:29.051			179315	2.00000000	88
2026.08.03	09:03:29.051			179320	5.00000000	88
2026.08.03	09:03:29.058			179315	2.00000000	88
2026.08.03	09:03:29.062			179320	8.00000000	88
2026.08.03	09:03:29.066			179315	1.00000000	88
2026.08.03	09:03:29.069			179320	7.00000000	88
2026.08.03	09:03:29.078			179325	9.00000000	88
2026.08.03	09:03:29.078			179330	9.00000000	120
2026.08.03	09:03:29.079			179335	2.00000000	56
2026.08.03	09:03:29.079			179330	4.00000000	120
2026.08.03	09:03:29.080			179335	2.00000000	56
2026.08.03	09:03:29.080			179340	22.00000000	56
2026.08.03	09:03:29.080			179345	11.00000000	56
2026.08.03	09:03:29.080			179340	1.00000000	56
2026.08.03	09:03:29.081			179335	10.00000000	56
2026.08.03	09:03:29.082			179330	22.00000000	120
2026.08.03	09:03:29.083			179325	27.00000000	88
2026.08.03	09:03:29.098			179325	1.00000000	88
2026.08.03	09:03:29.100			179320	5.00000000	88
2026.08.03	09:03:29.107			179325	15.00000000	88
2026.08.03	09:03:29.108			179325	1.00000000	88
2026.08.03	09:03:29.112			179330	1.00000000	120
2026.08.03	09:03:29.114			179330	4.00000000	120
2026.08.03	09:03:29.115			179330	4.00000000	120
2026.08.03	09:03:29.116			179325	2.00000000	88
2026.08.03	09:03:29.129			179330	7.00000000	120
2026.08.03	09:03:29.143			179325	4.00000000	88
2026.08.03	09:03:29.159			179330	2.00000000	120
2026.08.03	09:03:29.169			179325	2.00000000	88
2026.08.03	09:03:29.172			179330	4.00000000	120
2026.08.03	09:03:29.179			179330	2.00000000	120
2026.08.03	09:03:29.184			179330	2.00000000	120
2026.08.03	09:03:29.199			179325	3.00000000	88
2026.08.03	09:03:29.203			179330	1.00000000	120
2026.08.03	09:03:29.207			179330	1.00000000	120
2026.08.03	09:03:29.216			179325	10.00000000	88
2026.08.03	09:03:29.216			179330	22.00000000	120
2026.08.03	09:03:29.216			179335	35.00000000	56
2026.08.03	09:03:29.216			179340	64.00000000	56
2026.08.03	09:03:29.217			179345	9.00000000	56
2026.08.03	09:03:29.217			179335	1.00000000	56
2026.08.03	09:03:29.218			179330	70.00000000	120
2026.08.03	09:03:29.218			179335	4.00000000	56
2026.08.03	09:03:29.218			179330	21.00000000	120
2026.08.03	09:03:29.220			179335	15.00000000	56
2026.08.03	09:03:29.220			179330	2.00000000	120
2026.08.03	09:03:29.221			179335	14.00000000	56
2026.08.03	09:03:29.223			179330	8.00000000	120
2026.08.03	09:03:29.223			179325	8.00000000	88
2026.08.03	09:03:29.247			179325	2.00000000	88
2026.08.03	09:03:29.250			179330	2.00000000	120
2026.08.03	09:03:29.250			179325	19.00000000	88
2026.08.03	09:03:29.259			179320	2.00000000	88
2026.08.03	09:03:29.272			179330	1.00000000	120
2026.08.03	09:03:29.273			179320	5.00000000	88
2026.08.03	09:03:29.273	179320				2
2026.08.03	09:03:29.273		179325			4
2026.08.03	09:03:29.282			179325	12.00000000	88
2026.08.03	09:03:29.316			179320	10.00000000	88
2026.08.03	09:03:29.319			179320	4.00000000	88
2026.08.03	09:03:29.324			179320	5.00000000	88
2026.08.03	09:03:29.324			179325	37.00000000	56
2026.08.03	09:03:29.329			179320	7.00000000	88
2026.08.03	09:03:29.329			179315	3.00000000	88
2026.08.03	09:03:29.329			179325	2.00000000	56
2026.08.03	09:03:29.329			179320	1.00000000	88
2026.08.03	09:03:29.336			179325	18.00000000	56
2026.08.03	09:03:29.337			179330	11.00000000	56
2026.08.03	09:03:29.346			179325	50.00000000	56
2026.08.03	09:03:29.347			179330	12.00000000	56
2026.08.03	09:03:29.351			179325	9.00000000	56
2026.08.03	09:03:29.375			179325	78.00000000	56
2026.08.03	09:03:29.380			179320	109.00000000	88
2026.08.03	09:03:29.380			179315	14.00000000	88
2026.08.03	09:03:29.381			179320	1.00000000	88
2026.08.03	09:03:29.381			179325	17.00000000	56
2026.08.03	09:03:29.385			179330	4.00000000	56
2026.08.03	09:03:29.387			179325	3.00000000	56
2026.08.03	09:03:29.398			179330	8.00000000	56
2026.08.03	09:03:29.401			179335	9.00000000	56
2026.08.03	09:03:29.407			179330	3.00000000	56
2026.08.03	09:03:29.418			179335	9.00000000	56
2026.08.03	09:03:29.418			179340	10.00000000	56
2026.08.03	09:03:29.420			179335	14.00000000	56
2026.08.03	09:03:29.424			179330	26.00000000	56
2026.08.03	09:03:29.425			179325	3.00000000	56
2026.08.03	09:03:29.426			179320	3.00000000	88
2026.08.03	09:03:29.426			179325	5.00000000	56
2026.08.03	09:03:29.427			179330	3.00000000	56
2026.08.03	09:03:29.431			179325	6.00000000	56
2026.08.03	09:03:29.432			179330	3.00000000	56
2026.08.03	09:03:29.433			179325	2.00000000	56
2026.08.03	09:03:29.445			179330	5.00000000	56
2026.08.03	09:03:29.451			179325	1.00000000	56
2026.08.03	09:03:29.451			179330	4.00000000	56
2026.08.03	09:03:29.454			179325	3.00000000	56
2026.08.03	09:03:29.456			179330	10.00000000	56
2026.08.03	09:03:29.457			179325	4.00000000	56
2026.08.03	09:03:29.460			179330	2.00000000	56
2026.08.03	09:03:29.462			179325	2.00000000	56
2026.08.03	09:03:29.465			179330	6.00000000	56
2026.08.03	09:03:29.470			179325	8.00000000	56
2026.08.03	09:03:29.483			179330	3.00000000	56
2026.08.03	09:03:29.489			179325	1.00000000	56
2026.08.03	09:03:29.490			179330	2.00000000	56
2026.08.03	09:03:29.490			179335	1.00000000	56
2026.08.03	09:03:29.492			179325	10.00000000	56
2026.08.03	09:03:29.499			179330	3.00000000	56
2026.08.03	09:03:29.499			179330	7.00000000	56
2026.08.03	09:03:29.499			179320	5.00000000	88
2026.08.03	09:03:29.499			179325	13.00000000	56
2026.08.03	09:03:29.507			179325	1.00000000	56
2026.08.03	09:03:29.511			179320	2.00000000	88
2026.08.03	09:03:29.513			179320	1.00000000	88
2026.08.03	09:03:29.514			179325	4.00000000	56
2026.08.03	09:03:29.524			179320	12.00000000	88
2026.08.03	09:03:29.524			179315	28.00000000	88
2026.08.03	09:03:29.535			179325	11.00000000	56
2026.08.03	09:03:29.544			179330	1.00000000	56
2026.08.03	09:03:29.548			179325	10.00000000	56
2026.08.03	09:03:29.567			179330	3.00000000	56
2026.08.03	09:03:29.568			179335	35.00000000	56
2026.08.03	09:03:29.568			179340	24.00000000	56
2026.08.03	09:03:29.568			179330	6.00000000	56
2026.08.03	09:03:29.569			179335	33.00000000	56
2026.08.03	09:03:29.571			179330	9.00000000	56
2026.08.03	09:03:29.576			179325	1.00000000	56
2026.08.03	09:03:29.579			179330	2.00000000	56
2026.08.03	09:03:29.582			179325	1.00000000	56
2026.08.03	09:03:29.588			179330	4.00000000	56
2026.08.03	09:03:29.617			179330	4.00000000	56
2026.08.03	09:03:29.622	179325				2
2026.08.03	09:03:29.622			179325	2.00000000	56
2026.08.03	09:03:29.623		179330			4
2026.08.03	09:03:29.638			179325	3.00000000	88
2026.08.03	09:03:29.642			179330	5.00000000	56
2026.08.03	09:03:29.643			179335	12.00000000	56
2026.08.03	09:03:29.644			179340	3.00000000	56
2026.08.03	09:03:29.645			179345	16.00000000	56
2026.08.03	09:03:29.645			179340	4.00000000	56
2026.08.03	09:03:29.646			179345	11.00000000	56
2026.08.03	09:03:29.647			179340	5.00000000	56
2026.08.03	09:03:29.648			179335	13.00000000	56
2026.08.03	09:03:29.649			179330	9.00000000	56
2026.08.03	09:03:29.649			179325	13.00000000	88
2026.08.03	09:03:29.651			179320	40.00000000	88
2026.08.03	09:03:29.653			179325	11.00000000	88
2026.08.03	09:03:29.653			179320	4.00000000	88
2026.08.03	09:03:29.655			179325	1.00000000	88
2026.08.03	09:03:29.663			179320	1.00000000	88
2026.08.03	09:03:29.681			179325	3.00000000	88
2026.08.03	09:03:29.683			179330	1.00000000	56
2026.08.03	09:03:29.684			179325	2.00000000	88
2026.08.03	09:03:29.686			179330	5.00000000	56
2026.08.03	09:03:29.687			179325	6.00000000	88
2026.08.03	09:03:29.693			179330	20.00000000	56
2026.08.03	09:03:29.715			179335	4.00000000	56
2026.08.03	09:03:29.729			179330	8.00000000	56
2026.08.03	09:03:29.750			179330	7.00000000	56
2026.08.03	09:03:29.761			179330	5.00000000	56
2026.08.03	09:03:29.776			179335	4.00000000	56
2026.08.03	09:03:29.777			179330	1.00000000	56
2026.08.03	09:03:29.779			179325	1.00000000	88
2026.08.03	09:03:29.783			179325	15.00000000	88
2026.08.03	09:03:29.785			179325	2.00000000	88
2026.08.03	09:03:29.788			179320	5.00000000	88
2026.08.03	09:03:29.788			179315	25.00000000	88
2026.08.03	09:03:29.791			179325	2.00000000	88
2026.08.03	09:03:29.806			179320	1.00000000	88
2026.08.03	09:03:29.808			179320	3.00000000	88
2026.08.03	09:03:29.811			179320	9.00000000	88
2026.08.03	09:03:29.821			179320	3.00000000	88
2026.08.03	09:03:29.831			179325	2.00000000	88
2026.08.03	09:03:29.833			179320	10.00000000	88
2026.08.03	09:03:29.863			179320	18.00000000	88
2026.08.03	09:03:29.867			179315	13.00000000	88
2026.08.03	09:03:29.867			179320	4.00000000	88
2026.08.03	09:03:29.898			179325	2.00000000	88
2026.08.03	09:03:29.904			179320	5.00000000	88
2026.08.03	09:03:29.909			179320	5.00000000	88
2026.08.03	09:03:29.920			179315	1.00000000	88
2026.08.03	09:03:29.928			179315	2.00000000	88
2026.08.03	09:03:29.929			179320	1.00000000	88
2026.08.03	09:03:29.936			179315	1.00000000	88
2026.08.03	09:03:29.937			179320	1.00000000	88
2026.08.03	09:03:29.949			179315	11.00000000	88
2026.08.03	09:03:29.957			179320	8.00000000	88
2026.08.03	09:03:29.958			179325	1.00000000	88
2026.08.03	09:03:29.965	179320				2
2026.08.03	09:03:29.965			179325	1.00000000	56
2026.08.03	09:03:29.970		179325			4
2026.08.03	09:03:29.978			179320	16.00000000	88
2026.08.03	09:03:29.987			179315	10.00000000	88
2026.08.03	09:03:29.990			179320	1.00000000	88
2026.08.03	09:03:29.995			179315	6.00000000	88
2026.08.03	09:03:30.000			179315	1.00000000	88
2026.08.03	09:03:30.003			179310	5.00000000	88
2026.08.03	09:03:30.011			179310	7.00000000	88
2026.08.03	09:03:30.021			179315	1.00000000	88
2026.08.03	09:03:30.025			179310	17.00000000	88
2026.08.03	09:03:30.026			179305	35.00000000	88
2026.08.03	09:03:30.031			179300	6.00000000	88
2026.08.03	09:03:30.031			179305	33.00000000	88
2026.08.03	09:03:30.032			179310	12.00000000	88
2026.08.03	09:03:30.033			179315	1.00000000	88
2026.08.03	09:03:30.038			179315	9.00000000	88
2026.08.03	09:03:30.041			179315	3.00000000	88
2026.08.03	09:03:30.047			179310	2.00000000	88
2026.08.03	09:03:30.068			179315	8.00000000	88
2026.08.03	09:03:30.071			179310	7.00000000	88
2026.08.03	09:03:30.075			179315	10.00000000	88
2026.08.03	09:03:30.075			179310	8.00000000	88
2026.08.03	09:03:30.094			179310	1.00000000	88
2026.08.03	09:03:30.098			179315	6.00000000	88
2026.08.03	09:03:30.099			179310	16.00000000	88
2026.08.03	09:03:30.102			179305	7.00000000	88
2026.08.03	09:03:30.103			179310	3.00000000	88
2026.08.03	09:03:30.103			179305	2.00000000	88
2026.08.03	09:03:30.104			179310	2.00000000	88
2026.08.03	09:03:30.108			179305	9.00000000	88
2026.08.03	09:03:30.124			179305	1.00000000	88
2026.08.03	09:03:30.128			179305	1.00000000	88
2026.08.03	09:03:30.138			179305	18.00000000	88
2026.08.03	09:03:30.161			179305	6.00000000	88
2026.08.03	09:03:30.164			179305	3.00000000	88
2026.08.03	09:03:30.170			179310	3.00000000	88
2026.08.03	09:03:30.177			179305	48.00000000	88
2026.08.03	09:03:30.187			179300	7.00000000	88
2026.08.03	09:03:30.187			179305	11.00000000	88
2026.08.03	09:03:30.187			179300	3.00000000	88
2026.08.03	09:03:30.188			179295	1.00000000	88
2026.08.03	09:03:30.188			179300	5.00000000	88
2026.08.03	09:03:30.189			179295	15.00000000	88
2026.08.03	09:03:30.189			179300	10.00000000	88
2026.08.03	09:03:30.198			179305	4.00000000	88
2026.08.03	09:03:30.199			179300	1.00000000	88
2026.08.03	09:03:30.201			179295	6.00000000	88
2026.08.03	09:03:30.201			179295	4.00000000	88
2026.08.03	09:03:30.202			179300	1.00000000	88
2026.08.03	09:03:30.203			179300	1.00000000	88
2026.08.03	09:03:30.208			179305	6.00000000	88
2026.08.03	09:03:30.209			179300	1.00000000	88
2026.08.03	09:03:30.216			179295	14.00000000	88
2026.08.03	09:03:30.231			179300	3.00000000	88
2026.08.03	09:03:30.231			179305	2.00000000	88
2026.08.03	09:03:30.235			179300	1.00000000	88
2026.08.03	09:03:30.243			179295	7.00000000	88
2026.08.03	09:03:30.243			179295	3.00000000	88
2026.08.03	09:03:30.248			179300	2.00000000	88
2026.08.03	09:03:30.250			179295	1.00000000	88
2026.08.03	09:03:30.255			179300	1.00000000	88
2026.08.03	09:03:30.256			179295	1.00000000	88
2026.08.03	09:03:30.258			179300	1.00000000	88
2026.08.03	09:03:30.259			179295	1.00000000	88
2026.08.03	09:03:30.260			179300	3.00000000	88
2026.08.03	09:03:30.267			179295	7.00000000	88
2026.08.03	09:03:30.281			179300	3.00000000	88
2026.08.03	09:03:30.282			179295	2.00000000	88
2026.08.03	09:03:30.282			179300	1.00000000	88
2026.08.03	09:03:30.289			179300	10.00000000	88
2026.08.03	09:03:30.290			179295	45.00000000	88
2026.08.03	09:03:30.298			179290	58.00000000	88
2026.08.03	09:03:30.298			179295	2.00000000	88
2026.08.03	09:03:30.298			179290	3.00000000	88
2026.08.03	09:03:30.301			179300	10.00000000	88
2026.08.03	09:03:30.301			179305	15.00000000	88
2026.08.03	09:03:30.303			179300	1.00000000	88
2026.08.03	09:03:30.304			179295	16.00000000	88
2026.08.03	09:03:30.323	179295				2
2026.08.03	09:03:30.323		179300			4
2026.08.03	09:03:30.323			179295	2.00000000	88
2026.08.03	09:03:30.334			179300	2.00000000	56
2026.08.03	09:03:30.344			179295	2.00000000	88
2026.08.03	09:03:30.351			179295	9.00000000	88
2026.08.03	09:03:30.363			179300	1.00000000	56
2026.08.03	09:03:30.364			179295	2.00000000	88
2026.08.03	09:03:30.365			179290	4.00000000	88
2026.08.03	09:03:30.372			179295	3.00000000	88
2026.08.03	09:03:30.372			179300	1.00000000	56
2026.08.03	09:03:30.385			179295	1.00000000	88
2026.08.03	09:03:30.396			179295	11.00000000	88
2026.08.03	09:03:30.402			179300	3.00000000	56
2026.08.03	09:03:30.411			179295	5.00000000	88
2026.08.03	09:03:30.421			179290	4.00000000	88
2026.08.03	09:03:30.421			179295	1.00000000	88
2026.08.03	09:03:30.422			179300	19.00000000	56
2026.08.03	09:03:30.422			179305	16.00000000	56
2026.08.03	09:03:30.422			179305	4.00000000	56
2026.08.03	09:03:30.422			179300	1.00000000	56
2026.08.03	09:03:30.423			179305	42.00000000	56
2026.08.03	09:03:30.425			179300	9.00000000	56
2026.08.03	09:03:30.426			179300	3.00000000	56
2026.08.03	09:03:30.435			179295	15.00000000	88
2026.08.03	09:03:30.447			179300	4.00000000	56
2026.08.03	09:03:30.447			179305	34.00000000	56
2026.08.03	09:03:30.447			179310	9.00000000	56
2026.08.03	09:03:30.447			179305	2.00000000	56
2026.08.03	09:03:30.452			179300	3.00000000	56
2026.08.03	09:03:30.459			179305	1.00000000	56
2026.08.03	09:03:30.464			179300	2.00000000	56
2026.08.03	09:03:30.464			179295	90.00000000	88
2026.08.03	09:03:30.464			179290	147.00000000	88
2026.08.03	09:03:30.464			179285	23.00000000	88
2026.08.03	09:03:30.464			179290	1.00000000	88
2026.08.03	09:03:30.464			179285	56.00000000	88
2026.08.03	09:03:30.465			179295	8.00000000	88
2026.08.03	09:03:30.471			179295	1.00000000	88
2026.08.03	09:03:30.472			179290	5.00000000	88
2026.08.03	09:03:30.473			179285	3.00000000	88
2026.08.03	09:03:30.479			179290	3.00000000	88
2026.08.03	09:03:30.482			179295	2.00000000	88
2026.08.03	09:03:30.482			179290	7.00000000	88
2026.08.03	09:03:30.490			179285	6.00000000	88
2026.08.03	09:03:30.494			179290	3.00000000	88
2026.08.03	09:03:30.494			179285	1.00000000	88
2026.08.03	09:03:30.497			179285	1.00000000	88
2026.08.03	09:03:30.507			179290	1.00000000	88
2026.08.03	09:03:30.509			179295	6.00000000	88
2026.08.03	09:03:30.511			179290	2.00000000	88
2026.08.03	09:03:30.515			179290	8.00000000	88
2026.08.03	09:03:30.515			179285	82.00000000	88
2026.08.03	09:03:30.515			179280	20.00000000	88
2026.08.03	09:03:30.515			179285	1.00000000	88
2026.08.03	09:03:30.515			179280	25.00000000	88
2026.08.03	09:03:30.521			179275	11.00000000	88
2026.08.03	09:03:30.521			179280	1.00000000	88
2026.08.03	09:03:30.521			179275	2.00000000	88
2026.08.03	09:03:30.521			179280	1.00000000	88
2026.08.03	09:03:30.521			179275	9.00000000	88
2026.08.03	09:03:30.523			179280	18.00000000	88
2026.08.03	09:03:30.523			179275	128.00000000	88
2026.08.03	09:03:30.523			179280	4.00000000	88
2026.08.03	09:03:30.523			179280	3.00000000	88
2026.08.03	09:03:30.524			179270	22.00000000	88
2026.08.03	09:03:30.525			179275	23.00000000	88
2026.08.03	09:03:30.525			179270	3.00000000	88
2026.08.03	09:03:30.526			179275	1.00000000	88
2026.08.03	09:03:30.526			179280	5.00000000	88
2026.08.03	09:03:30.528			179275	20.00000000	88
2026.08.03	09:03:30.528			179280	2.00000000	88
2026.08.03	09:03:30.528			179275	7.00000000	88
2026.08.03	09:03:30.531			179280	1.00000000	88
2026.08.03	09:03:30.543			179280	4.00000000	88
2026.08.03	09:03:30.543			179285	1.00000000	88
2026.08.03	09:03:30.543			179280	3.00000000	88
2026.08.03	09:03:30.544			179275	1.00000000	88
2026.08.03	09:03:30.547			179270	8.00000000	88
2026.08.03	09:03:30.549			179275	3.00000000	88
2026.08.03	09:03:30.549			179280	7.00000000	88
2026.08.03	09:03:30.551			179275	21.00000000	88
2026.08.03	09:03:30.558			179280	3.00000000	88
2026.08.03	09:03:30.559			179275	6.00000000	88
2026.08.03	09:03:30.578			179280	17.00000000	88
2026.08.03	09:03:30.585			179275	3.00000000	88
2026.08.03	09:03:30.588			179280	1.00000000	88
2026.08.03	09:03:30.591			179275	12.00000000	88
2026.08.03	09:03:30.615			179280	8.00000000	88
2026.08.03	09:03:30.619			179275	15.00000000	88
2026.08.03	09:03:30.625			179280	10.00000000	88
2026.08.03	09:03:30.627			179275	2.00000000	88
2026.08.03	09:03:30.629			179280	1.00000000	88
2026.08.03	09:03:30.634			179275	3.00000000	88
2026.08.03	09:03:30.640			179275	12.00000000	88
2026.08.03	09:03:30.646			179270	5.00000000	88
2026.08.03	09:03:30.659			179270	2.00000000	88
2026.08.03	09:03:30.659			179270	45.00000000	88
2026.08.03	09:03:30.659			179265	11.00000000	88
2026.08.03	09:03:30.659			179270	7.00000000	88
2026.08.03	09:03:30.659			179265	5.00000000	88
2026.08.03	09:03:30.659			179270	5.00000000	88
2026.08.03	09:03:30.659			179265	1.00000000	88
2026.08.03	09:03:30.659			179270	10.00000000	88
2026.08.03	09:03:30.664			179275	1.00000000	88
2026.08.03	09:03:30.667			179270	7.00000000	88
2026.08.03	09:03:30.667			179265	1.00000000	88
2026.08.03	09:03:30.667			179270	10.00000000	88
2026.08.03	09:03:30.668			179265	20.00000000	88
2026.08.03	09:03:30.672			179265	1.00000000	88
2026.08.03	09:03:30.674	179265				2
2026.08.03	09:03:30.674		179275			4
2026.08.03	09:03:30.674			179270	1.00000000	120
2026.08.03	09:03:30.675			179265	3.00000000	88
2026.08.03	09:03:30.679			179270	24.00000000	120
2026.08.03	09:03:30.700			179270	1.00000000	120
2026.08.03	09:03:30.701			179275	1.00000000	56
2026.08.03	09:03:30.707			179270	4.00000000	120
2026.08.03	09:03:30.715			179270	1.00000000	120
2026.08.03	09:03:30.715			179265	95.00000000	88
2026.08.03	09:03:30.715			179260	98.00000000	88
2026.08.03	09:03:30.715			179255	57.00000000	88
2026.08.03	09:03:30.715			179260	1.00000000	88
2026.08.03	09:03:30.715			179255	8.00000000	88
2026.08.03	09:03:30.715			179260	3.00000000	88
2026.08.03	09:03:30.715			179255	3.00000000	88
2026.08.03	09:03:30.716			179265	4.00000000	88
2026.08.03	09:03:30.725			179260	2.00000000	88
2026.08.03	09:03:30.727			179260	29.00000000	88
2026.08.03	09:03:30.728			179255	28.00000000	88
2026.08.03	09:03:30.733			179260	19.00000000	88
2026.08.03	09:03:30.734			179255	11.00000000	88
2026.08.03	09:03:30.741			179260	21.00000000	88
2026.08.03	09:03:30.741			179265	22.00000000	88
2026.08.03	09:03:30.744			179255	2.00000000	88
2026.08.03	09:03:30.749			179260	25.00000000	88
2026.08.03	09:03:30.757			179255	2.00000000	88
2026.08.03	09:03:30.760			179260	1.00000000	88
2026.08.03	09:03:30.772			179260	1.00000000	88
2026.08.03	09:03:30.782			179255	6.00000000	88
2026.08.03	09:03:30.793			179260	1.00000000	88
2026.08.03	09:03:30.797			179255	7.00000000	88
2026.08.03	09:03:30.803			179255	21.00000000	88
2026.08.03	09:03:30.832			179255	2.00000000	88
2026.08.03	09:03:30.836			179260	1.00000000	88
2026.08.03	09:03:30.845			179255	24.00000000	88
2026.08.03	09:03:30.855			179250	28.00000000	88
2026.08.03	09:03:30.855			179255	5.00000000	88
2026.08.03	09:03:30.856			179250	5.00000000	88
2026.08.03	09:03:30.861			179255	5.00000000	88
2026.08.03	09:03:30.861			179250	4.00000000	88
2026.08.03	09:03:30.864			179255	15.00000000	88
2026.08.03	09:03:30.874			179250	1.00000000	88
2026.08.03	09:03:30.877			179255	1.00000000	88
2026.08.03	09:03:30.877			179250	16.00000000	88
2026.08.03	09:03:30.897			179255	1.00000000	88
2026.08.03	09:03:30.900			179250	2.00000000	88
2026.08.03	09:03:30.908			179255	10.00000000	88
2026.08.03	09:03:30.925			179255	10.00000000	88
2026.08.03	09:03:30.926			179255	1.00000000	88
2026.08.03	09:03:30.931			179255	4.00000000	88
2026.08.03	09:03:30.931			179255	4.00000000	88
2026.08.03	09:03:30.931			179250	2.00000000	88
2026.08.03	09:03:30.931			179255	3.00000000	88
2026.08.03	09:03:30.935			179260	3.00000000	88
2026.08.03	09:03:30.935			179260	4.00000000	88
2026.08.03	09:03:30.952			179255	60.00000000	88
2026.08.03	09:03:30.980			179255	1.00000000	88
2026.08.03	09:03:30.996			179255	10.00000000	88
2026.08.03	09:03:31.006			179250	22.00000000	88
2026.08.03	09:03:31.008			179245	40.00000000	88
2026.08.03	09:03:31.010			179240	30.00000000	88
2026.08.03	09:03:31.010			179235	6.00000000	88
2026.08.03	09:03:31.011			179245	12.00000000	88
2026.08.03	09:03:31.020			179240	11.00000000	88
2026.08.03	09:03:31.021			179235	26.00000000	88
2026.08.03	09:03:31.022			179230	6.00000000	88
2026.08.03	09:03:31.023	179225				2
2026.08.03	09:03:31.023		179235			4
2026.08.03	09:03:31.023			179225	6.00000000	88
2026.08.03	09:03:31.023			179230	6.00000000	120
2026.08.03	09:03:31.023			179225	2.00000000	88
2026.08.03	09:03:31.023			179230	8.00000000	120
2026.08.03	09:03:31.023			179225	34.00000000	88
2026.08.03	09:03:31.023			179230	5.00000000	120
2026.08.03	09:03:31.023			179225	32.00000000	88
2026.08.03	09:03:31.023			179235	4.00000000	56
2026.08.03	09:03:31.023			179235	40.00000000	56
2026.08.03	09:03:31.027			179240	14.00000000	56
2026.08.03	09:03:31.030			179245	2.00000000	56
2026.08.03	09:03:31.031			179245	2.00000000	56
2026.08.03	09:03:31.032			179250	3.00000000	56
2026.08.03	09:03:31.034			179245	1.00000000	56
2026.08.03	09:03:31.036			179255	4.00000000	56
2026.08.03	09:03:31.043			179250	1.00000000	56
2026.08.03	09:03:31.049			179255	3.00000000	56
2026.08.03	09:03:31.060			179250	1.00000000	56
2026.08.03	09:03:31.060			179255	1.00000000	56
2026.08.03	09:03:31.062			179250	2.00000000	56
2026.08.03	09:03:31.064			179250	2.00000000	56
2026.08.03	09:03:31.065			179255	3.00000000	56
2026.08.03	09:03:31.066			179250	1.00000000	56
2026.08.03	09:03:31.066			179260	4.00000000	56
2026.08.03	09:03:31.077			179250	1.00000000	56
2026.08.03	09:03:31.083			179250	15.00000000	56
2026.08.03	09:03:31.097			179255	2.00000000	56
2026.08.03	09:03:31.098			179260	3.00000000	56
2026.08.03	09:03:31.098			179260	9.00000000	56
2026.08.03	09:03:31.099			179265	25.00000000	56
2026.08.03	09:03:31.100			179265	12.00000000	56
2026.08.03	09:03:31.102			179260	4.00000000	56
2026.08.03	09:03:31.105			179260	9.00000000	56
2026.08.03	09:03:31.105			179260	1.00000000	56
2026.08.03	09:03:31.109			179260	3.00000000	56
2026.08.03	09:03:31.114			179260	8.00000000	56
2026.08.03	09:03:31.114			179255	12.00000000	56
2026.08.03	09:03:31.115			179265	1.00000000	56
2026.08.03	09:03:31.115			179260	12.00000000	56
2026.08.03	09:03:31.121			179260	3.00000000	56
2026.08.03	09:03:31.121			179260	4.00000000	56
2026.08.03	09:03:31.121			179255	5.00000000	56
2026.08.03	09:03:31.122			179260	10.00000000	56
2026.08.03	09:03:31.124			179260	13.00000000	56
2026.08.03	09:03:31.125			179255	1.00000000	56
2026.08.03	09:03:31.126			179265	37.00000000	56
2026.08.03	09:03:31.128			179270	35.00000000	56
2026.08.03	09:03:31.128			179275	2.00000000	56
2026.08.03	09:03:31.129			179270	8.00000000	56
2026.08.03	09:03:31.130			179265	6.00000000	56
2026.08.03	09:03:31.133			179260	6.00000000	56
2026.08.03	09:03:31.147			179260	1.00000000	56
2026.08.03	09:03:31.149			179260	4.00000000	56
2026.08.03	09:03:31.151			179260	18.00000000	56
2026.08.03	09:03:31.153			179260	12.00000000	56
2026.08.03	09:03:31.153			179255	117.00000000	56
2026.08.03	09:03:31.153			179250	84.00000000	56
2026.08.03	09:03:31.153			179245	37.00000000	56
2026.08.03	09:03:31.153			179260	4.00000000	56
2026.08.03	09:03:31.154			179255	15.00000000	56
2026.08.03	09:03:31.160			179260	1.00000000	56
2026.08.03	09:03:31.161			179255	22.00000000	56
2026.08.03	09:03:31.171			179255	40.00000000	56
2026.08.03	09:03:31.186			179255	1.00000000	56
2026.08.03	09:03:31.189			179255	4.00000000	56
2026.08.03	09:03:31.194			179255	5.00000000	56
2026.08.03	09:03:31.198			179255	2.00000000	56
2026.08.03	09:03:31.202			179255	5.00000000	56
2026.08.03	09:03:31.203			179255	6.00000000	56
2026.08.03	09:03:31.204			179255	4.00000000	56
2026.08.03	09:03:31.206			179260	42.00000000	56
2026.08.03	09:03:31.206			179265	8.00000000	56
2026.08.03	09:03:31.206			179260	22.00000000	56
2026.08.03	09:03:31.215			179255	5.00000000	56
2026.08.03	09:03:31.215			179260	18.00000000	56
2026.08.03	09:03:31.233			179260	12.00000000	56
2026.08.03	09:03:31.239			179255	30.00000000	56
2026.08.03	09:03:31.240			179250	9.00000000	56
2026.08.03	09:03:31.248			179255	23.00000000	56
2026.08.03	09:03:31.256			179250	3.00000000	56
2026.08.03	09:03:31.261			179255	1.00000000	56
2026.08.03	09:03:31.264			179255	7.00000000	56
2026.08.03	09:03:31.297			179260	9.00000000	56
2026.08.03	09:03:31.305			179265	2.00000000	56
2026.08.03	09:03:31.308			179260	6.00000000	56
2026.08.03	09:03:31.321			179260	17.00000000	56
2026.08.03	09:03:31.328			179260	18.00000000	56
2026.08.03	09:03:31.328			179255	22.00000000	56
2026.08.03	09:03:31.331			179260	6.00000000	56
2026.08.03	09:03:31.340			179265	1.00000000	56
2026.08.03	09:03:31.341			179260	1.00000000	56
2026.08.03	09:03:31.350			179260	9.00000000	56
2026.08.03	09:03:31.372			179265	6.00000000	56
2026.08.03	09:03:31.372	179260				2
2026.08.03	09:03:31.372		179270			4
2026.08.03	09:03:31.372			179265	48.00000000	120
2026.08.03	09:03:31.373			179270	9.00000000	56
2026.08.03	09:03:31.374			179275	58.00000000	56
2026.08.03	09:03:31.374			179270	5.00000000	56
2026.08.03	09:03:31.374			179275	16.00000000	56
2026.08.03	09:03:31.387			179270	19.00000000	56
2026.08.03	09:03:31.408			179275	1.00000000	56
2026.08.03	09:03:31.419			179275	3.00000000	56
2026.08.03	09:03:31.421			179275	1.00000000	56
2026.08.03	09:03:31.424			179270	1.00000000	56
2026.08.03	09:03:31.427			179275	2.00000000	56
2026.08.03	09:03:31.432			179270	16.00000000	56
2026.08.03	09:03:31.435			179275	1.00000000	56
2026.08.03	09:03:31.438			179270	5.00000000	56
2026.08.03	09:03:31.440			179265	2.00000000	120
2026.08.03	09:03:31.444			179270	1.00000000	56
2026.08.03	09:03:31.444			179275	2.00000000	56
2026.08.03	09:03:31.446			179270	26.00000000	56
2026.08.03	09:03:31.451			179265	6.00000000	120
2026.08.03	09:03:31.465			179270	1.00000000	56
2026.08.03	09:03:31.469			179270	4.00000000	56
2026.08.03	09:03:31.477			179270	22.00000000	56
2026.08.03	09:03:31.479			179265	6.00000000	120
2026.08.03	09:03:31.491			179270	4.00000000	56
2026.08.03	09:03:31.493			179275	3.00000000	56
2026.08.03	09:03:31.493			179280	4.00000000	56
2026.08.03	09:03:31.494			179275	14.00000000	56
2026.08.03	09:03:31.522			179280	2.00000000	56
2026.08.03	09:03:31.527			179275	2.00000000	56
2026.08.03	09:03:31.537			179270	3.00000000	56
2026.08.03	09:03:31.555			179270	5.00000000	56
2026.08.03	09:03:31.557			179275	1.00000000	56
2026.08.03	09:03:31.557			179270	1.00000000	56
2026.08.03	09:03:31.559			179275	1.00000000	56
2026.08.03	09:03:31.565			179275	1.00000000	56
2026.08.03	09:03:31.566			179270	10.00000000	56
2026.08.03	09:03:31.574			179265	35.00000000	120
2026.08.03	09:03:31.585			179270	1.00000000	56
2026.08.03	09:03:31.585			179265	1.00000000	120
2026.08.03	09:03:31.585			179270	3.00000000	56
2026.08.03	09:03:31.594			179270	3.00000000	56
2026.08.03	09:03:31.594			179265	2.00000000	120
2026.08.03	09:03:31.603			179270	1.00000000	56
2026.08.03	09:03:31.625			179270	2.00000000	56
2026.08.03	09:03:31.631			179275	1.00000000	56
2026.08.03	09:03:31.631			179270	1.00000000	56
2026.08.03	09:03:31.638			179275	8.00000000	56
2026.08.03	09:03:31.638			179280	17.00000000	56
2026.08.03	09:03:31.638			179275	1.00000000	56
2026.08.03	09:03:31.642			179270	3.00000000	56
2026.08.03	09:03:31.645			179275	1.00000000	56
2026.08.03	09:03:31.651			179270	9.00000000	56
2026.08.03	09:03:31.655			179275	1.00000000	56
2026.08.03	09:03:31.656			179270	1.00000000	56
2026.08.03	09:03:31.659			179270	10.00000000	56
2026.08.03	09:03:31.661			179270	12.00000000	56
2026.08.03	09:03:31.664			179270	4.00000000	56
2026.08.03	09:03:31.667			179270	17.00000000	56
2026.08.03	09:03:31.677			179275	5.00000000	56
2026.08.03	09:03:31.678			179270	12.00000000	56
2026.08.03	09:03:31.678			179265	4.00000000	120
2026.08.03	09:03:31.683			179270	2.00000000	56
2026.08.03	09:03:31.693			179275	1.00000000	56
2026.08.03	09:03:31.703			179275	1.00000000	56
2026.08.03	09:03:31.703			179270	12.00000000	56
2026.08.03	09:03:31.703			179265	3.00000000	120
2026.08.03	09:03:31.709			179270	8.00000000	56
2026.08.03	09:03:31.715			179275	8.00000000	56
2026.08.03	09:03:31.715	179270				2
2026.08.03	09:03:31.715		179275			4
2026.08.03	09:03:31.729			179275	31.00000000	56
2026.08.03	09:03:31.729			179280	62.00000000	56
2026.08.03	09:03:31.730			179285	180.00000000	56
2026.08.03	09:03:31.730			179290	106.00000000	56
2026.08.03	09:03:31.730			179295	110.00000000	56
2026.08.03	09:03:31.730			179295	16.00000000	56
2026.08.03	09:03:31.730			179290	3.00000000	56
2026.08.03	09:03:31.730			179285	1.00000000	56
2026.08.03	09:03:31.730			179275	8.00000000	56
2026.08.03	09:03:31.731			179285	10.00000000	56
2026.08.03	09:03:31.733			179280	7.00000000	56
2026.08.03	09:03:31.733			179285	3.00000000	56
2026.08.03	09:03:31.733			179280	8.00000000	56
2026.08.03	09:03:31.764			179285	11.00000000	56
2026.08.03	09:03:31.767			179290	5.00000000	56
2026.08.03	09:03:31.773			179290	1.00000000	56
2026.08.03	09:03:31.774			179295	1.00000000	56
2026.08.03	09:03:31.779			179290	8.00000000	56
2026.08.03	09:03:31.779			179285	10.00000000	56
2026.08.03	09:03:31.795			179290	1.00000000	56
2026.08.03	09:03:31.798			179285	1.00000000	56
2026.08.03	09:03:31.798			179290	1.00000000	56
2026.08.03	09:03:31.801			179285	1.00000000	56
2026.08.03	09:03:31.806			179290	1.00000000	56
2026.08.03	09:03:31.808			179285	3.00000000	56
2026.08.03	09:03:31.810			179290	1.00000000	56
2026.08.03	09:03:31.811			179285	1.00000000	56
2026.08.03	09:03:31.813			179290	1.00000000	56
2026.08.03	09:03:31.816			179285	3.00000000	56
2026.08.03	09:03:31.840			179285	5.00000000	56
2026.08.03	09:03:31.869			179290	1.00000000	56
2026.08.03	09:03:31.877			179285	5.00000000	56
2026.08.03	09:03:31.881			179285	7.00000000	56
2026.08.03	09:03:31.882			179285	4.00000000	56
2026.08.03	09:03:31.892			179285	1.00000000	56
2026.08.03	09:03:31.895			179285	2.00000000	56
2026.08.03	09:03:31.899			179285	7.00000000	56
2026.08.03	09:03:31.901			179290	1.00000000	56
2026.08.03	09:03:31.904			179285	2.00000000	56
2026.08.03	09:03:31.923			179290	2.00000000	56
2026.08.03	09:03:31.933			179290	1.00000000	56
2026.08.03	09:03:31.937			179290	5.00000000	56
2026.08.03	09:03:31.953			179285	1.00000000	56
2026.08.03	09:03:31.965			179285	4.00000000	56
2026.08.03	09:03:31.965			179285	1.00000000	56
2026.08.03	09:03:31.970			179280	3.00000000	56
2026.08.03	09:03:31.970			179285	1.00000000	56
2026.08.03	09:03:31.972			179280	29.00000000	56
2026.08.03	09:03:31.983			179285	2.00000000	56
2026.08.03	09:03:31.987			179280	10.00000000	56
2026.08.03	09:03:32.018			179280	1.00000000	56
2026.08.03	09:03:32.031			179280	5.00000000	56
2026.08.03	09:03:32.035			179280	2.00000000	56
2026.08.03	09:03:32.043			179285	18.00000000	56
2026.08.03	09:03:32.071	179280				2
2026.08.03	09:03:32.071		179285			4
2026.08.03	09:03:32.078			179280	21.00000000	88
2026.08.03	09:03:32.078			179275	9.00000000	88
2026.08.03	09:03:32.078			179285	3.00000000	56
2026.08.03	09:03:32.095			179280	10.00000000	88
2026.08.03	09:03:32.116			179285	1.00000000	56
2026.08.03	09:03:32.121			179280	2.00000000	88
2026.08.03	09:03:32.127			179285	5.00000000	56
2026.08.03	09:03:32.141			179280	4.00000000	88
2026.08.03	09:03:32.143			179285	1.00000000	56
2026.08.03	09:03:32.157			179280	1.00000000	88
2026.08.03	09:03:32.162			179280	1.00000000	88
2026.08.03	09:03:32.166			179280	1.00000000	88
2026.08.03	09:03:32.183			179280	2.00000000	88
2026.08.03	09:03:32.184			179285	9.00000000	56
2026.08.03	09:03:32.184			179290	7.00000000	56
2026.08.03	09:03:32.184			179290	8.00000000	56
2026.08.03	09:03:32.185			179295	41.00000000	56
2026.08.03	09:03:32.187			179290	34.00000000	56
2026.08.03	09:03:32.199			179285	1.00000000	56
2026.08.03	09:03:32.207			179290	3.00000000	56
2026.08.03	09:03:32.222			179290	2.00000000	56
2026.08.03	09:03:32.236			179285	11.00000000	56
2026.08.03	09:03:32.257			179290	1.00000000	56
2026.08.03	09:03:32.262			179290	10.00000000	56
2026.08.03	09:03:32.273			179285	1.00000000	56
2026.08.03	09:03:32.305			179285	3.00000000	56
2026.08.03	09:03:32.317			179285	5.00000000	56
2026.08.03	09:03:32.326			179290	3.00000000	56
2026.08.03	09:03:32.328			179285	2.00000000	56
2026.08.03	09:03:32.354			179285	15.00000000	56
2026.08.03	09:03:32.384			179290	7.00000000	56
2026.08.03	09:03:32.395			179285	55.00000000	56
2026.08.03	09:03:32.395			179280	20.00000000	88
2026.08.03	09:03:32.395			179280	25.00000000	88
2026.08.03	09:03:32.396			179285	11.00000000	56
2026.08.03	09:03:32.398			179280	7.00000000	88
2026.08.03	09:03:32.398			179275	4.00000000	88
2026.08.03	09:03:32.398			179275	22.00000000	88
2026.08.03	09:03:32.399			179270	2.00000000	88
2026.08.03	09:03:32.399			179275	1.00000000	88
2026.08.03	09:03:32.399			179270	2.00000000	88
2026.08.03	09:03:32.400			179270	17.00000000	88
2026.08.03	09:03:32.402			179265	10.00000000	88
2026.08.03	09:03:32.403			179260	3.00000000	88
2026.08.03	09:03:32.403			179260	5.00000000	88
2026.08.03	09:03:32.403			179255	1.00000000	88
2026.08.03	09:03:32.403			179260	1.00000000	88
2026.08.03	09:03:32.403			179255	40.00000000	88
2026.08.03	09:03:32.405			179250	75.00000000	88
2026.08.03	09:03:32.405			179245	2.00000000	88
2026.08.03	09:03:32.405			179245	3.00000000	88
2026.08.03	09:03:32.405			179250	8.00000000	88
2026.08.03	09:03:32.405			179255	10.00000000	88
2026.08.03	09:03:32.406			179245	12.00000000	88
2026.08.03	09:03:32.407			179245	9.00000000	88
2026.08.03	09:03:32.407			179245	45.00000000	88
2026.08.03	09:03:32.413			179255	5.00000000	88
2026.08.03	09:03:32.416			179250	5.00000000	88
2026.08.03	09:03:32.417			179255	2.00000000	88
2026.08.03	09:03:32.419			179250	1.00000000	88
2026.08.03	09:03:32.419	179250				2
2026.08.03	09:03:32.419		179255			4
2026.08.03	09:03:32.447			179250	4.00000000	88
2026.08.03	09:03:32.447			179250	1.00000000	88
2026.08.03	09:03:32.450			179250	5.00000000	88
2026.08.03	09:03:32.454			179250	10.00000000	88
2026.08.03	09:03:32.454			179245	40.00000000	88
2026.08.03	09:03:32.461			179250	2.00000000	88
2026.08.03	09:03:32.476			179250	11.00000000	88
2026.08.03	09:03:32.494			179255	1.00000000	56
2026.08.03	09:03:32.497			179250	12.00000000	88
2026.08.03	09:03:32.501			179245	1.00000000	88
2026.08.03	09:03:32.510			179245	2.00000000	88
2026.08.03	09:03:32.513			179245	1.00000000	88
2026.08.03	09:03:32.520			179245	1.00000000	88
2026.08.03	09:03:32.522			179240	6.00000000	88
2026.08.03	09:03:32.538			179245	24.00000000	88
2026.08.03	09:03:32.538			179245	13.00000000	88
2026.08.03	09:03:32.539			179250	2.00000000	88
2026.08.03	09:03:32.541			179245	1.00000000	88
2026.08.03	09:03:32.552			179250	1.00000000	88
2026.08.03	09:03:32.569			179245	1.00000000	88
2026.08.03	09:03:32.569			179250	15.00000000	88
2026.08.03	09:03:32.573			179245	1.00000000	88
2026.08.03	09:03:32.576			179245	2.00000000	88
2026.08.03	09:03:32.590			179245	6.00000000	88
2026.08.03	09:03:32.595			179250	20.00000000	88
2026.08.03	09:03:32.596			179245	6.00000000	88
2026.08.03	09:03:32.596			179240	4.00000000	88
2026.08.03	09:03:32.608			179250	4.00000000	88
2026.08.03	09:03:32.612			179245	5.00000000	88
2026.08.03	09:03:32.623			179240	2.00000000	88
2026.08.03	09:03:32.624			179235	28.00000000	88
2026.08.03	09:03:32.624			179230	8.00000000	88
2026.08.03	09:03:32.624			179235	1.00000000	88
2026.08.03	09:03:32.625			179230	38.00000000	88
2026.08.03	09:03:32.636			179235	30.00000000	88
2026.08.03	09:03:32.636			179240	46.00000000	88
2026.08.03	09:03:32.646			179235	3.00000000	88
2026.08.03	09:03:32.655			179235	1.00000000	88
2026.08.03	09:03:32.657			179235	1.00000000	88
2026.08.03	09:03:32.668			179240	3.00000000	88
2026.08.03	09:03:32.668			179235	1.00000000	88
2026.08.03	09:03:32.674			179245	5.00000000	88
2026.08.03	09:03:32.683			179240	6.00000000	88
2026.08.03	09:03:32.703			179240	5.00000000	88
2026.08.03	09:03:32.724			179240	1.00000000	88
2026.08.03	09:03:32.741			179245	3.00000000	88
2026.08.03	09:03:32.741			179245	2.00000000	88
2026.08.03	09:03:32.741			179250	2.00000000	88
2026.08.03	09:03:32.742			179240	3.00000000	88
2026.08.03	09:03:32.742			179240	1.00000000	88
2026.08.03	09:03:32.743			179235	2.00000000	88
2026.08.03	09:03:32.744			179240	3.00000000	88
2026.08.03	09:03:32.759			179235	11.00000000	88
2026.08.03	09:03:32.764			179240	3.00000000	88
2026.08.03	09:03:32.765			179245	20.00000000	88
2026.08.03	09:03:32.770	179245				2
2026.08.03	09:03:32.770			179250	4.00000000	120
2026.08.03	09:03:32.770		179250			4
2026.08.03	09:03:32.775			179255	1.00000000	56
2026.08.03	09:03:32.781			179245	10.00000000	88
2026.08.03	09:03:32.790			179245	1.00000000	88
2026.08.03	09:03:32.803			179245	1.00000000	88
2026.08.03	09:03:32.812			179245	2.00000000	88
2026.08.03	09:03:32.818			179250	1.00000000	56
2026.08.03	09:03:32.822			179245	4.00000000	88
2026.08.03	09:03:32.839			179250	2.00000000	56
2026.08.03	09:03:32.841			179255	3.00000000	56
2026.08.03	09:03:32.853			179255	5.00000000	56
2026.08.03	09:03:32.856			179250	5.00000000	56
2026.08.03	09:03:32.861			179250	2.00000000	56
2026.08.03	09:03:32.863			179255	2.00000000	56
2026.08.03	09:03:32.866			179250	3.00000000	56
2026.08.03	09:03:32.892			179250	3.00000000	56
2026.08.03	09:03:32.897			179255	1.00000000	56
2026.08.03	09:03:32.908			179250	7.00000000	56
2026.08.03	09:03:32.921			179255	1.00000000	56
2026.08.03	09:03:32.922			179250	11.00000000	56
2026.08.03	09:03:32.922			179250	4.00000000	56
2026.08.03	09:03:32.922			179255	4.00000000	56
2026.08.03	09:03:32.928			179250	1.00000000	56
2026.08.03	09:03:32.934			179255	1.00000000	56
2026.08.03	09:03:32.962			179255	10.00000000	56
2026.08.03	09:03:32.964			179255	4.00000000	56
2026.08.03	09:03:32.974			179250	24.00000000	56
2026.08.03	09:03:32.993			179245	16.00000000	88
2026.08.03	09:03:32.997			179250	9.00000000	56
2026.08.03	09:03:33.024			179250	12.00000000	56
2026.08.03	09:03:33.041			179250	16.00000000	56
2026.08.03	09:03:33.052			179245	10.00000000	88
2026.08.03	09:03:33.064			179245	1.00000000	88
2026.08.03	09:03:33.066			179250	1.00000000	56
2026.08.03	09:03:33.077			179255	1.00000000	56
2026.08.03	09:03:33.078			179250	5.00000000	56
2026.08.03	09:03:33.078			179245	5.00000000	88
2026.08.03	09:03:33.080			179250	11.00000000	56
2026.08.03	09:03:33.093			179255	1.00000000	56
2026.08.03	09:03:33.097			179250	4.00000000	56
2026.08.03	09:03:33.101			179245	1.00000000	88
2026.08.03	09:03:33.105			179245	18.00000000	88
2026.08.03	09:03:33.105			179240	19.00000000	88
2026.08.03	09:03:33.105			179240	4.00000000	88
2026.08.03	09:03:33.117			179245	1.00000000	88
2026.08.03	09:03:33.117			179240	5.00000000	88
2026.08.03	09:03:33.117	179240				2
2026.08.03	09:03:33.127			179245	1.00000000	120
2026.08.03	09:03:33.131			179250	7.00000000	56
2026.08.03	09:03:33.137			179245	1.00000000	120
2026.08.03	09:03:33.152			179250	2.00000000	56
2026.08.03	09:03:33.153			179245	4.00000000	120
2026.08.03	09:03:33.153			179240	8.00000000	88
2026.08.03	09:03:33.154			179245	2.00000000	120
2026.08.03	09:03:33.170			179245	18.00000000	120
2026.08.03	09:03:33.189			179240	6.00000000	88
2026.08.03	09:03:33.202			179245	2.00000000	120
2026.08.03	09:03:33.209			179245	1.00000000	120
2026.08.03	09:03:33.211			179245	2.00000000	120
2026.08.03	09:03:33.221			179245	1.00000000	120
2026.08.03	09:03:33.226			179245	1.00000000	120
2026.08.03	09:03:33.252			179245	3.00000000	120
2026.08.03	09:03:33.257			179245	1.00000000	120
2026.08.03	09:03:33.257			179240	4.00000000	88
2026.08.03	09:03:33.261			179245	1.00000000	120
2026.08.03	09:03:33.263			179240	11.00000000	88
2026.08.03	09:03:33.284			179240	36.00000000	88
2026.08.03	09:03:33.317			179240	1.00000000	88
2026.08.03	09:03:33.324			179240	4.00000000	88
2026.08.03	09:03:33.324			179235	46.00000000	88
2026.08.03	09:03:33.325			179240	7.00000000	88
2026.08.03	09:03:33.354			179245	2.00000000	120
2026.08.03	09:03:33.357			179240	2.00000000	88
2026.08.03	09:03:33.364			179240	1.00000000	88
2026.08.03	09:03:33.364			179235	13.00000000	88
2026.08.03	09:03:33.367			179240	9.00000000	88
2026.08.03	09:03:33.368			179245	2.00000000	120
2026.08.03	09:03:33.373			179240	10.00000000	88
2026.08.03	09:03:33.390			179235	5.00000000	88
2026.08.03	09:03:33.396			179235	2.00000000	88
2026.08.03	09:03:33.406			179240	1.00000000	88
2026.08.03	09:03:33.408			179235	1.00000000	88
2026.08.03	09:03:33.412			179235	1.00000000	88
2026.08.03	09:03:33.414			179240	1.00000000	88
2026.08.03	09:03:33.420			179235	11.00000000	88
2026.08.03	09:03:33.423			179230	13.00000000	88
2026.08.03	09:03:33.427			179235	1.00000000	88
2026.08.03	09:03:33.459			179240	1.00000000	88
2026.08.03	09:03:33.469			179235	14.00000000	88
2026.08.03	09:03:33.469			179230	86.00000000	88
2026.08.03	09:03:33.469			179240	6.00000000	88
2026.08.03	09:03:33.469			179235	12.00000000	88
2026.08.03	09:03:33.471	179235				2
2026.08.03	09:03:33.471		179240			4
2026.08.03	09:03:33.475			179240	1.00000000	88
2026.08.03	09:03:33.498			179240	4.00000000	56
2026.08.03	09:03:33.529			179235	3.00000000	88
2026.08.03	09:03:33.533			179240	1.00000000	56
2026.08.03	09:03:33.539			179235	8.00000000	88
2026.08.03	09:03:33.539			179230	12.00000000	88
2026.08.03	09:03:33.568			179235	6.00000000	88
2026.08.03	09:03:33.568			179230	2.00000000	88
2026.08.03	09:03:33.579			179235	1.00000000	88
2026.08.03	09:03:33.581			179230	3.00000000	88
2026.08.03	09:03:33.601			179235	1.00000000	88
2026.08.03	09:03:33.620			179235	1.00000000	88
2026.08.03	09:03:33.622			179230	10.00000000	88
2026.08.03	09:03:33.623			179225	121.00000000	88
2026.08.03	09:03:33.623			179225	12.00000000	88
2026.08.03	09:03:33.624			179220	49.00000000	88
2026.08.03	09:03:33.625			179220	34.00000000	88
2026.08.03	09:03:33.625			179215	46.00000000	88
2026.08.03	09:03:33.626			179220	9.00000000	88
2026.08.03	09:03:33.627			179220	6.00000000	88
2026.08.03	09:03:33.632			179215	5.00000000	88
2026.08.03	09:03:33.639			179215	2.00000000	88
2026.08.03	09:03:33.663			179220	6.00000000	88
2026.08.03	09:03:33.671			179215	58.00000000	88
2026.08.03	09:03:33.684			179215	21.00000000	88
2026.08.03	09:03:33.687			179215	2.00000000	88
2026.08.03	09:03:33.688			179220	5.00000000	88
2026.08.03	09:03:33.691			179220	2.00000000	88
2026.08.03	09:03:33.694			179220	5.00000000	88
2026.08.03	09:03:33.696			179215	1.00000000	88
2026.08.03	09:03:33.697			179220	18.00000000	88
2026.08.03	09:03:33.704			179215	13.00000000	88
2026.08.03	09:03:33.705			179210	47.00000000	88
2026.08.03	09:03:33.705			179215	6.00000000	88
2026.08.03	09:03:33.709			179220	21.00000000	88
2026.08.03	09:03:33.735			179220	1.00000000	88
2026.08.03	09:03:33.738			179215	6.00000000	88
2026.08.03	09:03:33.750			179220	6.00000000	88
2026.08.03	09:03:33.754			179215	3.00000000	88
2026.08.03	09:03:33.761			179220	1.00000000	88
2026.08.03	09:03:33.773			179215	5.00000000	88
2026.08.03	09:03:33.776			179210	1.00000000	88
2026.08.03	09:03:33.780			179220	1.00000000	88
2026.08.03	09:03:33.781			179215	1.00000000	88
2026.08.03	09:03:33.786			179210	5.00000000	88
2026.08.03	09:03:33.796			179220	77.00000000	88
2026.08.03	09:03:33.807			179215	1.00000000	88
2026.08.03	09:03:33.822	179220				2
2026.08.03	09:03:33.822		179225			4
2026.08.03	09:03:33.822			179220	2.00000000	88
2026.08.03	09:03:33.829			179225	15.00000000	56
2026.08.03	09:03:33.830			179230	19.00000000	56
2026.08.03	09:03:33.830			179230	8.00000000	56
2026.08.03	09:03:33.833			179225	3.00000000	56
2026.08.03	09:03:33.834			179220	6.00000000	88
2026.08.03	09:03:33.857			179225	7.00000000	56
2026.08.03	09:03:33.859			179220	1.00000000	88
2026.08.03	09:03:33.865			179225	1.00000000	56
2026.08.03	09:03:33.867			179220	6.00000000	88
2026.08.03	09:03:33.877			179220	1.00000000	88
2026.08.03	09:03:33.882			179215	3.00000000	88
2026.08.03	09:03:33.888			179220	1.00000000	88
2026.08.03	09:03:33.889			179215	2.00000000	88
2026.08.03	09:03:33.889			179220	1.00000000	88
2026.08.03	09:03:33.891			179215	1.00000000	88
2026.08.03	09:03:33.895			179215	16.00000000	88
2026.08.03	09:03:33.926			179215	5.00000000	88
2026.08.03	09:03:33.932			179210	5.00000000	88
2026.08.03	09:03:33.943			179215	1.00000000	88
2026.08.03	09:03:33.944			179210	1.00000000	88
2026.08.03	09:03:33.950			179210	1.00000000	88
2026.08.03	09:03:33.954			179215	2.00000000	88
2026.08.03	09:03:33.959			179210	20.00000000	88
2026.08.03	09:03:33.969			179210	1.00000000	88
2026.08.03	09:03:33.983			179210	10.00000000	88
2026.08.03	09:03:33.986			179215	20.00000000	88
2026.08.03	09:03:33.986			179220	5.00000000	88
2026.08.03	09:03:33.986			179215	2.00000000	88
2026.08.03	09:03:33.997			179210	14.00000000	88
2026.08.03	09:03:34.033			179210	1.00000000	88
2026.08.03	09:03:34.036			179210	5.00000000	88
2026.08.03	09:03:34.046			179210	5.00000000	88
2026.08.03	09:03:34.055			179210	3.00000000	88
2026.08.03	09:03:34.055			179215	2.00000000	88
2026.08.03	09:03:34.062			179210	2.00000000	88
2026.08.03	09:03:34.074			179215	1.00000000	88
2026.08.03	09:03:34.075			179210	5.00000000	88
2026.08.03	09:03:34.079			179205	19.00000000	88
2026.08.03	09:03:34.079			179210	4.00000000	88
2026.08.03	09:03:34.079			179205	20.00000000	88
2026.08.03	09:03:34.084			179205	1.00000000	88
2026.08.03	09:03:34.084			179210	1.00000000	88
2026.08.03	09:03:34.088			179205	4.00000000	88
2026.08.03	09:03:34.109			179210	3.00000000	88
2026.08.03	09:03:34.113			179205	2.00000000	88
2026.08.03	09:03:34.121			179205	5.00000000	88
2026.08.03	09:03:34.129			179210	3.00000000	88
2026.08.03	09:03:34.144			179215	1.00000000	88
2026.08.03	09:03:34.153			179215	1.00000000	88
2026.08.03	09:03:34.154			179205	10.00000000	88
2026.08.03	09:03:34.156			179210	1.00000000	88
2026.08.03	09:03:34.162			179205	1.00000000	88
2026.08.03	09:03:34.162			179210	5.00000000	88
2026.08.03	09:03:34.163			179205	3.00000000	88
2026.08.03	09:03:34.163			179210	1.00000000	88
2026.08.03	09:03:34.169			179205	25.00000000	88
2026.08.03	09:03:34.169	179200				2
2026.08.03	09:03:34.169		179210			4
2026.08.03	09:03:34.174			179205	7.00000000	120
2026.08.03	09:03:34.175			179210	7.00000000	56
2026.08.03	09:03:34.176			179215	8.00000000	56
2026.08.03	09:03:34.176			179220	34.00000000	56
2026.08.03	09:03:34.181			179225	60.00000000	56
2026.08.03	09:03:34.181			179220	69.00000000	56
2026.08.03	09:03:34.182			179225	5.00000000	56
2026.08.03	09:03:34.183			179215	36.00000000	56
2026.08.03	09:03:34.184			179220	18.00000000	56
2026.08.03	09:03:34.184			179215	24.00000000	56
2026.08.03	09:03:34.186			179220	12.00000000	56
2026.08.03	09:03:34.187			179215	7.00000000	56
2026.08.03	09:03:34.191			179210	15.00000000	56
2026.08.03	09:03:34.203			179205	2.00000000	120
2026.08.03	09:03:34.209			179210	1.00000000	56
2026.08.03	09:03:34.214			179205	17.00000000	120
2026.08.03	09:03:34.214			179200	3.00000000	88
2026.08.03	09:03:34.214			179205	10.00000000	120
2026.08.03	09:03:34.214			179200	1.00000000	88
2026.08.03	09:03:34.214			179205	3.00000000	120
2026.08.03	09:03:34.214			179200	36.00000000	88
2026.08.03	09:03:34.214			179205	1.00000000	120
2026.08.03	09:03:34.214			179200	6.00000000	88
2026.08.03	09:03:34.219			179205	6.00000000	120
2026.08.03	09:03:34.223			179210	1.00000000	56
2026.08.03	09:03:34.223			179205	6.00000000	120
2026.08.03	09:03:34.237			179205	17.00000000	120
2026.08.03	09:03:34.264			179205	11.00000000	120
2026.08.03	09:03:34.275			179205	5.00000000	120
2026.08.03	09:03:34.286			179205	2.00000000	120
2026.08.03	09:03:34.290			179200	9.00000000	88
2026.08.03	09:03:34.293			179205	4.00000000	120
2026.08.03	09:03:34.299			179205	1.00000000	120
2026.08.03	09:03:34.303			179205	6.00000000	120
2026.08.03	09:03:34.307			179205	1.00000000	120
2026.08.03	09:03:34.323			179210	1.00000000	56
2026.08.03	09:03:34.327			179205	5.00000000	120
2026.08.03	09:03:34.334			179200	8.00000000	88
2026.08.03	09:03:34.344			179205	5.00000000	120
2026.08.03	09:03:34.349			179210	2.00000000	56
2026.08.03	09:03:34.369			179205	25.00000000	120
2026.08.03	09:03:34.370			179200	4.00000000	88
2026.08.03	09:03:34.382			179205	10.00000000	120
2026.08.03	09:03:34.397			179210	17.00000000	56
2026.08.03	09:03:34.401			179215	59.00000000	56
2026.08.03	09:03:34.401			179220	119.00000000	56
2026.08.03	09:03:34.401			179225	1.00000000	56
2026.08.03	09:03:34.401			179225	105.00000000	56
2026.08.03	09:03:34.401			179230	120.00000000	56
2026.08.03	09:03:34.401			179235	120.00000000	56
2026.08.03	09:03:34.401			179240	108.00000000	56
2026.08.03	09:03:34.401			179240	37.00000000	56
2026.08.03	09:03:34.401			179245	97.00000000	56
2026.08.03	09:03:34.401			179250	151.00000000	56
2026.08.03	09:03:34.401			179255	64.00000000	56
2026.08.03	09:03:34.401			179255	50.00000000	56
2026.08.03	09:03:34.402			179260	15.00000000	56
2026.08.03	09:03:34.402			179255	2.00000000	56
2026.08.03	09:03:34.402			179260	2.00000000	56
2026.08.03	09:03:34.402			179255	4.00000000	56
2026.08.03	09:03:34.402			179260	3.00000000	56
2026.08.03	09:03:34.402			179255	12.00000000	56
2026.08.03	09:03:34.402			179260	20.00000000	56
2026.08.03	09:03:34.402			179210	1.00000000	56
2026.08.03	09:03:34.402			179220	4.00000000	56
2026.08.03	09:03:34.404			179245	1.00000000	56
2026.08.03	09:03:34.404			179240	1.00000000	56
2026.08.03	09:03:34.404			179235	18.00000000	56
2026.08.03	09:03:34.406			179230	2.00000000	56
2026.08.03	09:03:34.407			179225	19.00000000	56
2026.08.03	09:03:34.407			179220	30.00000000	56
2026.08.03	09:03:34.407			179230	4.00000000	56
2026.08.03	09:03:34.408			179235	50.00000000	56
2026.08.03	09:03:34.409			179230	8.00000000	56
2026.08.03	09:03:34.409			179230	44.00000000	56
2026.08.03	09:03:34.409			179225	1.00000000	56
2026.08.03	09:03:34.409			179230	1.00000000	56
2026.08.03	09:03:34.409			179225	40.00000000	56
2026.08.03	09:03:34.410			179230	3.00000000	56
2026.08.03	09:03:34.410			179225	9.00000000	56
2026.08.03	09:03:34.414			179220	11.00000000	56
2026.08.03	09:03:34.416			179215	1.00000000	56
2026.08.03	09:03:34.420			179220	43.00000000	56
2026.08.03	09:03:34.421			179225	44.00000000	56
2026.08.03	09:03:34.429			179220	3.00000000	56
2026.08.03	09:03:34.432			179225	1.00000000	56
2026.08.03	09:03:34.434			179220	1.00000000	56
2026.08.03	09:03:34.434			179220	2.00000000	56
2026.08.03	09:03:34.438			179225	2.00000000	56
2026.08.03	09:03:34.439			179220	1.00000000	56
2026.08.03	09:03:34.440			179225	1.00000000	56
2026.08.03	09:03:34.442			179225	6.00000000	56
2026.08.03	09:03:34.445			179220	4.00000000	56
2026.08.03	09:03:34.456			179225	1.00000000	56
2026.08.03	09:03:34.460			179220	5.00000000	56
2026.08.03	09:03:34.477			179220	1.00000000	56
2026.08.03	09:03:34.478			179225	26.00000000	56
2026.08.03	09:03:34.479			179230	47.00000000	56
2026.08.03	09:03:34.481			179225	1.00000000	56
2026.08.03	09:03:34.483			179230	1.00000000	56
2026.08.03	09:03:34.484			179230	2.00000000	56
2026.08.03	09:03:34.484			179225	6.00000000	56
2026.08.03	09:03:34.489			179235	1.00000000	56
2026.08.03	09:03:34.493			179225	11.00000000	56
2026.08.03	09:03:34.507			179235	6.00000000	56
2026.08.03	09:03:34.523			179230	1.00000000	56
2026.08.03	09:03:34.524	179225				2
2026.08.03	09:03:34.524		179235			4
2026.08.03	09:03:34.528			179235	1.00000000	56
2026.08.03	09:03:34.529			179225	25.00000000	88
2026.08.03	09:03:34.530			179220	16.00000000	88
2026.08.03	09:03:34.531			179230	17.00000000	120
2026.08.03	09:03:34.533			179235	10.00000000	56
2026.08.03	09:03:34.534			179245	49.00000000	56
2026.08.03	09:03:34.537			179240	3.00000000	56
2026.08.03	09:03:34.537			179245	3.00000000	56
2026.08.03	09:03:34.539			179240	3.00000000	56
2026.08.03	09:03:34.540			179250	14.00000000	56
2026.08.03	09:03:34.541			179255	41.00000000	56
2026.08.03	09:03:34.542			179250	10.00000000	56
2026.08.03	09:03:34.542			179255	7.00000000	56
2026.08.03	09:03:34.542			179250	4.00000000	56
2026.08.03	09:03:34.543			179255	13.00000000	56
2026.08.03	09:03:34.553			179255	1.00000000	56
2026.08.03	09:03:34.553			179260	17.00000000	56
2026.08.03	09:03:34.555			179250	2.00000000	56
2026.08.03	09:03:34.556			179250	5.00000000	56
2026.08.03	09:03:34.560			179250	2.00000000	56
2026.08.03	09:03:34.561			179250	2.00000000	56
2026.08.03	09:03:34.564			179250	1.00000000	56
2026.08.03	09:03:34.574			179255	1.00000000	56
2026.08.03	09:03:34.575			179255	10.00000000	56
2026.08.03	09:03:34.576			179260	16.00000000	56
2026.08.03	09:03:34.577			179255	22.00000000	56
2026.08.03	09:03:34.581			179250	8.00000000	56
2026.08.03	09:03:34.581			179245	2.00000000	56
2026.08.03	09:03:34.582			179255	1.00000000	56
2026.08.03	09:03:34.582			179250	1.00000000	56
2026.08.03	09:03:34.582			179260	8.00000000	56
2026.08.03	09:03:34.583			179265	28.00000000	56
2026.08.03	09:03:34.584			179260	13.00000000	56
2026.08.03	09:03:34.585			179255	3.00000000	56
2026.08.03	09:03:34.586			179260	1.00000000	56
2026.08.03	09:03:34.587			179255	22.00000000	56
2026.08.03	09:03:34.603			179260	5.00000000	56
2026.08.03	09:03:34.607			179260	7.00000000	56
2026.08.03	09:03:34.607			179255	8.00000000	56
2026.08.03	09:03:34.611			179260	3.00000000	56
2026.08.03	09:03:34.613			179255	3.00000000	56
2026.08.03	09:03:34.621			179265	1.00000000	56
2026.08.03	09:03:34.628			179260	12.00000000	56
2026.08.03	09:03:34.628			179255	38.00000000	56
2026.08.03	09:03:34.628			179260	2.00000000	56
2026.08.03	09:03:34.637			179255	26.00000000	56
2026.08.03	09:03:34.637			179250	60.00000000	56
2026.08.03	09:03:34.637			179250	14.00000000	56
2026.08.03	09:03:34.637			179255	1.00000000	56
2026.08.03	09:03:34.639			179260	8.00000000	56
2026.08.03	09:03:34.639			179265	41.00000000	56
2026.08.03	09:03:34.639			179270	58.00000000	56
2026.08.03	09:03:34.640			179260	10.00000000	56
2026.08.03	09:03:34.651			179255	57.00000000	56
2026.08.03	09:03:34.657			179250	7.00000000	56
2026.08.03	09:03:34.659			179260	3.00000000	56
2026.08.03	09:03:34.661			179265	1.00000000	56
2026.08.03	09:03:34.661			179260	2.00000000	56
2026.08.03	09:03:34.673			179255	3.00000000	56
2026.08.03	09:03:34.678			179260	11.00000000	56
2026.08.03	09:03:34.681			179255	1.00000000	56
2026.08.03	09:03:34.684			179260	4.00000000	56
2026.08.03	09:03:34.687			179260	1.00000000	56
2026.08.03	09:03:34.689			179265	2.00000000	56
2026.08.03	09:03:34.695			179260	7.00000000	56
2026.08.03	09:03:34.705			179255	3.00000000	56
2026.08.03	09:03:34.711			179265	5.00000000	56
2026.08.03	09:03:34.719			179260	2.00000000	56
2026.08.03	09:03:34.727			179260	3.00000000	56
2026.08.03	09:03:34.734			179260	9.00000000	56
2026.08.03	09:03:34.754			179265	2.00000000	56
2026.08.03	09:03:34.754			179260	2.00000000	56
2026.08.03	09:03:34.755			179265	10.00000000	56
2026.08.03	09:03:34.756			179260	1.00000000	56
2026.08.03	09:03:34.771			179260	7.00000000	56
2026.08.03	09:03:34.796			179260	1.00000000	56
2026.08.03	09:03:34.798			179265	4.00000000	56
2026.08.03	09:03:34.798			179270	6.00000000	56
2026.08.03	09:03:34.799			179265	6.00000000	56
2026.08.03	09:03:34.802			179260	20.00000000	56
2026.08.03	09:03:34.811			179255	27.00000000	56
2026.08.03	09:03:34.813			179260	3.00000000	56
2026.08.03	09:03:34.813			179255	56.00000000	56
2026.08.03	09:03:34.827			179260	1.00000000	56
2026.08.03	09:03:34.838			179255	10.00000000	56
2026.08.03	09:03:34.839			179250	7.00000000	56
2026.08.03	09:03:34.841			179245	2.00000000	56
2026.08.03	09:03:34.845			179245	2.00000000	56
2026.08.03	09:03:34.849			179250	4.00000000	88
2026.08.03	09:03:34.854			179245	6.00000000	88
2026.08.03	09:03:34.869			179250	5.00000000	88
2026.08.03	09:03:34.872			179255	5.00000000	88
2026.08.03	09:03:34.873	179255				2
2026.08.03	09:03:34.873		179260			4
2026.08.03	09:03:34.888			179260	4.00000000	56
2026.08.03	09:03:34.888			179265	1.00000000	56
2026.08.03	09:03:34.890			179255	3.00000000	88
2026.08.03	09:03:34.899			179260	10.00000000	56
2026.08.03	09:03:34.910			179260	1.00000000	56
2026.08.03	09:03:34.914			179255	1.00000000	88
2026.08.03	09:03:34.919			179265	1.00000000	56
2026.08.03	09:03:34.922			179265	1.00000000	56
2026.08.03	09:03:34.929			179260	1.00000000	56
2026.08.03	09:03:34.931			179255	12.00000000	88
2026.08.03	09:03:34.939			179250	3.00000000	88
2026.08.03	09:03:34.940			179245	16.00000000	88
2026.08.03	09:03:34.943			179250	2.00000000	88
2026.08.03	09:03:34.944			179245	6.00000000	88
2026.08.03	09:03:34.950			179245	4.00000000	88
2026.08.03	09:03:34.952			179240	7.00000000	88
2026.08.03	09:03:34.955			179250	2.00000000	88
2026.08.03	09:03:34.955			179245	1.00000000	88
2026.08.03	09:03:34.961			179250	40.00000000	88
2026.08.03	09:03:34.964			179245	6.00000000	88
2026.08.03	09:03:34.968			179250	2.00000000	88
2026.08.03	09:03:34.974			179245	1.00000000	88
2026.08.03	09:03:34.975			179250	6.00000000	88
2026.08.03	09:03:34.975			179255	20.00000000	88
2026.08.03	09:03:34.975			179255	25.00000000	88
2026.08.03	09:03:34.985			179245	10.00000000	88
2026.08.03	09:03:34.991			179250	2.00000000	88
2026.08.03	09:03:34.997			179245	6.00000000	88
2026.08.03	09:03:35.009			179250	1.00000000	88
2026.08.03	09:03:35.015			179250	1.00000000	88
2026.08.03	09:03:35.015			179245	3.00000000	88
2026.08.03	09:03:35.041			179250	17.00000000	88
2026.08.03	09:03:35.052			179250	1.00000000	88
2026.08.03	09:03:35.062			179245	22.00000000	88
2026.08.03	09:03:35.076			179250	12.00000000	88
2026.08.03	09:03:35.094			179255	1.00000000	88
2026.08.03	09:03:35.095			179250	6.00000000	88
2026.08.03	09:03:35.100			179255	62.00000000	88
2026.08.03	09:03:35.146			179255	3.00000000	88
2026.08.03	09:03:35.146			179255	5.00000000	88
2026.08.03	09:03:35.147			179260	1.00000000	56
2026.08.03	09:03:35.149			179255	3.00000000	88
2026.08.03	09:03:35.152			179255	1.00000000	88
2026.08.03	09:03:35.153			179250	9.00000000	88
2026.08.03	09:03:35.154			179245	3.00000000	88
2026.08.03	09:03:35.165			179240	7.00000000	88
2026.08.03	09:03:35.166			179235	33.00000000	88
2026.08.03	09:03:35.172			179240	8.00000000	88
2026.08.03	09:03:35.174			179235	6.00000000	88
2026.08.03	09:03:35.192			179230	3.00000000	88
2026.08.03	09:03:35.192			179230	12.00000000	88
2026.08.03	09:03:35.192			179225	35.00000000	88
2026.08.03	09:03:35.192			179235	4.00000000	88
2026.08.03	09:03:35.193			179230	1.00000000	88
2026.08.03	09:03:35.193			179235	6.00000000	88
2026.08.03	09:03:35.194			179230	4.00000000	88
2026.08.03	09:03:35.198			179230	2.00000000	88
2026.08.03	09:03:35.214			179235	2.00000000	88
2026.08.03	09:03:35.221			179240	2.00000000	88
2026.08.03	09:03:35.224	179240				2
2026.08.03	09:03:35.224		179245			4
2026.08.03	09:03:35.226			179245	2.00000000	56
2026.08.03	09:03:35.231			179240	1.00000000	88
2026.08.03	09:03:35.238			179245	4.00000000	56
2026.08.03	09:03:35.246			179245	7.00000000	56
2026.08.03	09:03:35.250			179240	2.00000000	88
2026.08.03	09:03:35.253			179240	1.00000000	88
2026.08.03	09:03:35.270			179235	37.00000000	88
2026.08.03	09:03:35.274			179230	3.00000000	88
2026.08.03	09:03:35.285			179230	4.00000000	88
2026.08.03	09:03:35.286			179230	8.00000000	88
2026.08.03	09:03:35.295			179230	1.00000000	88
2026.08.03	09:03:35.296			179235	5.00000000	88
2026.08.03	09:03:35.296			179240	62.00000000	88
2026.08.03	09:03:35.296			179245	73.00000000	56
2026.08.03	09:03:35.296			179240	9.00000000	88
2026.08.03	09:03:35.298			179235	22.00000000	88
2026.08.03	09:03:35.298			179240	4.00000000	88
2026.08.03	09:03:35.298			179235	45.00000000	88
2026.08.03	09:03:35.307			179230	1.00000000	88
2026.08.03	09:03:35.309			179235	7.00000000	88
2026.08.03	09:03:35.337			179235	3.00000000	88
2026.08.03	09:03:35.340			179240	1.00000000	88
2026.08.03	09:03:35.340			179235	3.00000000	88
2026.08.03	09:03:35.343			179230	4.00000000	88
2026.08.03	09:03:35.343			179235	5.00000000	88
2026.08.03	09:03:35.344			179230	9.00000000	88
2026.08.03	09:03:35.359			179230	3.00000000	88
2026.08.03	09:03:35.395			179235	1.00000000	88
2026.08.03	09:03:35.397			179230	1.00000000	88
2026.08.03	09:03:35.415			179235	1.00000000	88
2026.08.03	09:03:35.418			179230	4.00000000	88
2026.08.03	09:03:35.429			179235	1.00000000	88
2026.08.03	09:03:35.435			179230	2.00000000	88
2026.08.03	09:03:35.446			179235	20.00000000	88
2026.08.03	09:03:35.470			179230	7.00000000	88
2026.08.03	09:03:35.496			179230	1.00000000	88
2026.08.03	09:03:35.497			179225	8.00000000	88
2026.08.03	09:03:35.516			179225	29.00000000	88
2026.08.03	09:03:35.516			179230	16.00000000	88
2026.08.03	09:03:35.516			179225	1.00000000	88
2026.08.03	09:03:35.516			179230	22.00000000	88
2026.08.03	09:03:35.517			179235	27.00000000	88
2026.08.03	09:03:35.517			179230	1.00000000	88
2026.08.03	09:03:35.517			179235	1.00000000	88
2026.08.03	09:03:35.518			179240	27.00000000	88
2026.08.03	09:03:35.519			179245	6.00000000	56
2026.08.03	09:03:35.519			179250	5.00000000	56
2026.08.03	09:03:35.528			179240	3.00000000	88
2026.08.03	09:03:35.534			179245	7.00000000	56
2026.08.03	09:03:35.558			179240	6.00000000	88
2026.08.03	09:03:35.567			179245	5.00000000	88
2026.08.03	09:03:35.567			179250	6.00000000	88
2026.08.03	09:03:35.568			179255	1.00000000	88
2026.08.03	09:03:35.569			179260	3.00000000	88
2026.08.03	09:03:35.569			179265	12.00000000	56
2026.08.03	09:03:35.569			179260	1.00000000	88
2026.08.03	09:03:35.572	179260				2
2026.08.03	09:03:35.572		179265			4
2026.08.03	09:03:35.594			179265	10.00000000	56
2026.08.03	09:03:35.600			179265	3.00000000	56
2026.08.03	09:03:35.603			179270	3.00000000	56
2026.08.03	09:03:35.604			179265	7.00000000	56
2026.08.03	09:03:35.607			179265	12.00000000	56
2026.08.03	09:03:35.607			179260	3.00000000	88
2026.08.03	09:03:35.620			179265	15.00000000	56
2026.08.03	09:03:35.651			179265	5.00000000	56
2026.08.03	09:03:35.651			179260	15.00000000	88
2026.08.03	09:03:35.664			179270	1.00000000	56
2026.08.03	09:03:35.665			179265	2.00000000	56
2026.08.03	09:03:35.667			179270	5.00000000	56
2026.08.03	09:03:35.668			179265	11.00000000	56
2026.08.03	09:03:35.697			179270	1.00000000	56
2026.08.03	09:03:35.703			179265	1.00000000	56
2026.08.03	09:03:35.703			179265	1.00000000	56
2026.08.03	09:03:35.716			179265	1.00000000	56
2026.08.03	09:03:35.723			179270	1.00000000	56
2026.08.03	09:03:35.730			179265	10.00000000	56
2026.08.03	09:03:35.753			179265	2.00000000	56
2026.08.03	09:03:35.771			179260	1.00000000	88
2026.08.03	09:03:35.775			179265	17.00000000	56
2026.08.03	09:03:35.776			179270	75.00000000	56
2026.08.03	09:03:35.776			179275	109.00000000	56
2026.08.03	09:03:35.776			179270	1.00000000	56
2026.08.03	09:03:35.776			179275	5.00000000	56
2026.08.03	09:03:35.776			179270	2.00000000	56
2026.08.03	09:03:35.777			179265	11.00000000	56
2026.08.03	09:03:35.778			179260	15.00000000	88
2026.08.03	09:03:35.788			179265	15.00000000	56
2026.08.03	09:03:35.791			179260	4.00000000	88
2026.08.03	09:03:35.793			179255	7.00000000	88
2026.08.03	09:03:35.794			179260	3.00000000	88
2026.08.03	09:03:35.802			179255	3.00000000	88
2026.08.03	09:03:35.811			179260	13.00000000	88
2026.08.03	09:03:35.824			179265	7.00000000	56
2026.08.03	09:03:35.825			179270	22.00000000	56
2026.08.03	09:03:35.848			179270	1.00000000	56
2026.08.03	09:03:35.850			179270	10.00000000	56
2026.08.03	09:03:35.857			179265	11.00000000	56
2026.08.03	09:03:35.865			179260	41.00000000	88
2026.08.03	09:03:35.866			179265	10.00000000	56
2026.08.03	09:03:35.866			179260	3.00000000	88
2026.08.03	09:03:35.866			179255	2.00000000	88
2026.08.03	09:03:35.866			179260	2.00000000	88
2026.08.03	09:03:35.866			179265	2.00000000	56
2026.08.03	09:03:35.870			179260	7.00000000	88
2026.08.03	09:03:35.893			179260	18.00000000	88
2026.08.03	09:03:35.893			179255	12.00000000	88
2026.08.03	09:03:35.893			179265	8.00000000	56
2026.08.03	09:03:35.893			179270	2.00000000	56
2026.08.03	09:03:35.899			179260	2.00000000	88
2026.08.03	09:03:35.915			179265	1.00000000	56
2026.08.03	09:03:35.922			179265	2.00000000	56
2026.08.03	09:03:35.931			179260	6.00000000	88
2026.08.03	09:03:35.967			179260	2.00000000	88
2026.08.03	09:03:35.970			179260	1.00000000	88
2026.08.03	09:03:35.977			179265	2.00000000	56
2026.08.03	09:03:35.978			179260	1.00000000	88
2026.08.03	09:03:35.981			179255	9.00000000	88
2026.08.03	09:03:35.989			179250	5.00000000	88
2026.08.03	09:03:35.989			179245	2.00000000	88
2026.08.03	09:03:35.990			179250	6.00000000	88
2026.08.03	09:03:35.990			179255	15.00000000	88
2026.08.03	09:03:36.004			179255	2.00000000	88
2026.08.03	09:03:36.007			179250	5.00000000	88
2026.08.03	09:03:36.021			179250	6.00000000	88
2026.08.03	09:03:36.043			179245	3.00000000	88
2026.08.03	09:03:36.048			179250	4.00000000	88
2026.08.03	09:03:36.050			179245	2.00000000	88
2026.08.03	09:03:36.050			179250	5.00000000	88
2026.08.03	09:03:36.061			179245	9.00000000	88
2026.08.03	09:03:36.061			179240	11.00000000	88
2026.08.03	09:03:36.062			179245	1.00000000	88
2026.08.03	09:03:36.071			179245	3.00000000	88
2026.08.03	09:03:36.075			179250	2.00000000	88
2026.08.03	09:03:36.076			179255	3.00000000	88
2026.08.03	09:03:36.096			179260	2.00000000	88
2026.08.03	09:03:36.096			179260	7.00000000	88
2026.08.03	09:03:36.103			179255	1.00000000	88
2026.08.03	09:03:36.115			179255	25.00000000	88
2026.08.03	09:03:36.126			179250	21.00000000	88
2026.08.03	09:03:36.136			179250	1.00000000	88
2026.08.03	09:03:36.143			179255	1.00000000	88
2026.08.03	09:03:36.145			179250	4.00000000	88
2026.08.03	09:03:36.147			179255	1.00000000	88
2026.08.03	09:03:36.181			179255	11.00000000	88
2026.08.03	09:03:36.190			179260	9.00000000	88
2026.08.03	09:03:36.201			179255	2.00000000	88
2026.08.03	09:03:36.230			179255	3.00000000	88
2026.08.03	09:03:36.230			179250	7.00000000	88
2026.08.03	09:03:36.232			179260	26.00000000	88
2026.08.03	09:03:36.242			179265	5.00000000	56
2026.08.03	09:03:36.253			179265	2.00000000	56
2026.08.03	09:03:36.253			179260	5.00000000	88
2026.08.03	09:03:36.266			179255	3.00000000	88
2026.08.03	09:03:36.267			179260	9.00000000	88
2026.08.03	09:03:36.285			179265	11.00000000	56
2026.08.03	09:03:36.296			179260	1.00000000	88
2026.08.03	09:03:36.318			179265	15.00000000	56
2026.08.03	09:03:36.319			179260	1.00000000	88
2026.08.03	09:03:36.353			179265	2.00000000	56
2026.08.03	09:03:36.353			179260	1.00000000	88
2026.08.03	09:03:36.358			179265	2.00000000	56
2026.08.03	09:03:36.380			179260	10.00000000	88
2026.08.03	09:03:36.380			179265	1.00000000	56
2026.08.03	09:03:36.381			179265	33.00000000	56
2026.08.03	09:03:36.382			179270	10.00000000	56
2026.08.03	09:03:36.382			179275	1.00000000	56
2026.08.03	09:03:36.382			179270	10.00000000	56
2026.08.03	09:03:36.382			179275	1.00000000	56
2026.08.03	09:03:36.382			179270	12.00000000	56
2026.08.03	09:03:36.382			179275	23.00000000	56
2026.08.03	09:03:36.382			179270	1.00000000	56
2026.08.03	09:03:36.382			179275	21.00000000	56
2026.08.03	09:03:36.383			179275	2.00000000	56
2026.08.03	09:03:36.389			179275	2.00000000	56
2026.08.03	09:03:36.391			179275	2.00000000	56
2026.08.03	09:03:36.395			179275	12.00000000	56
2026.08.03	09:03:36.402			179280	26.00000000	56
2026.08.03	09:03:36.403			179275	3.00000000	56
2026.08.03	09:03:36.403			179275	4.00000000	56
2026.08.03	09:03:36.406			179275	1.00000000	56
2026.08.03	09:03:36.414			179275	2.00000000	56
2026.08.03	09:03:36.416			179270	17.00000000	56
2026.08.03	09:03:36.418			179275	14.00000000	56
2026.08.03	09:03:36.420			179275	3.00000000	56
2026.08.03	09:03:36.425			179275	1.00000000	56
2026.08.03	09:03:36.435			179275	7.00000000	56
2026.08.03	09:03:36.445			179270	1.00000000	56
2026.08.03	09:03:36.448			179275	11.00000000	56
2026.08.03	09:03:36.467			179275	2.00000000	56
2026.08.03	09:03:36.500			179280	27.00000000	56
2026.08.03	09:03:36.500			179285	72.00000000	56
2026.08.03	09:03:36.510			179275	1.00000000	56
2026.08.03	09:03:36.511			179280	3.00000000	56
2026.08.03	09:03:36.525			179275	1.00000000	56
2026.08.03	09:03:36.533			179280	1.00000000	56
2026.08.03	09:03:36.544			179280	22.00000000	56
2026.08.03	09:03:36.544			179285	71.00000000	56
2026.08.03	09:03:36.545			179290	130.00000000	56
2026.08.03	09:03:36.545			179295	29.00000000	56
2026.08.03	09:03:36.545			179290	4.00000000	56
2026.08.03	09:03:36.545			179280	1.00000000	56
2026.08.03	09:03:36.545			179285	9.00000000	56
2026.08.03	09:03:36.546			179280	32.00000000	56
2026.08.03	09:03:36.547			179285	17.00000000	56
2026.08.03	09:03:36.548			179280	2.00000000	56
2026.08.03	09:03:36.556			179275	3.00000000	56
2026.08.03	09:03:36.556			179270	13.00000000	56
2026.08.03	09:03:36.556			179270	8.00000000	56
2026.08.03	09:03:36.556			179275	1.00000000	56
2026.08.03	09:03:36.557			179280	20.00000000	56
2026.08.03	09:03:36.565			179285	11.00000000	56
2026.08.03	09:03:36.568			179290	2.00000000	56
2026.08.03	09:03:36.569			179285	3.00000000	56
2026.08.03	09:03:36.573			179280	1.00000000	56
2026.08.03	09:03:36.576			179285	2.00000000	56
2026.08.03	09:03:36.584			179285	1.00000000	56
2026.08.03	09:03:36.588			179285	10.00000000	56
2026.08.03	09:03:36.592			179280	2.00000000	56
2026.08.03	09:03:36.600			179285	14.00000000	56
2026.08.03	09:03:36.620			179290	9.00000000	56
2026.08.03	09:03:36.620			179295	1.00000000	56
2026.08.03	09:03:36.620			179290	1.00000000	56
2026.08.03	09:03:36.621	179285				2
2026.08.03	09:03:36.621		179290			4
2026.08.03	09:03:36.634			179285	5.00000000	56
2026.08.03	09:03:36.645			179290	12.00000000	56
2026.08.03	09:03:36.654			179285	1.00000000	56
2026.08.03	09:03:36.658			179290	1.00000000	56
2026.08.03	09:03:36.667			179285	3.00000000	56
2026.08.03	09:03:36.672			179285	1.00000000	88
2026.08.03	09:03:36.677			179285	20.00000000	88
2026.08.03	09:03:36.681			179280	12.00000000	88
2026.08.03	09:03:36.700			179280	3.00000000	88
2026.08.03	09:03:36.727			179275	5.00000000	88
2026.08.03	09:03:36.735			179280	13.00000000	88
2026.08.03	09:03:36.764			179285	1.00000000	88
2026.08.03	09:03:36.765			179280	5.00000000	88
2026.08.03	09:03:36.772			179285	6.00000000	88
2026.08.03	09:03:36.776			179280	10.00000000	88
2026.08.03	09:03:36.778			179285	1.00000000	88
2026.08.03	09:03:36.782			179285	6.00000000	88
2026.08.03	09:03:36.786			179290	6.00000000	56
2026.08.03	09:03:36.826			179290	1.00000000	56
2026.08.03	09:03:36.833			179290	32.00000000	56
2026.08.03	09:03:36.833			179290	4.00000000	56
2026.08.03	09:03:36.833			179295	78.00000000	56
2026.08.03	09:03:36.833			179295	1.00000000	56
2026.08.03	09:03:36.835			179300	116.00000000	56
2026.08.03	09:03:36.835			179300	31.00000000	56
2026.08.03	09:03:36.836			179305	69.00000000	56
2026.08.03	09:03:36.836			179305	18.00000000	56
2026.08.03	09:03:36.837			179310	26.00000000	56
2026.08.03	09:03:36.837			179305	1.00000000	56
2026.08.03	09:03:36.837			179310	13.00000000	56
2026.08.03	09:03:36.837			179305	1.00000000	56
2026.08.03	09:03:36.837			179310	37.00000000	56
2026.08.03	09:03:36.837			179310	11.00000000	56
2026.08.03	09:03:36.838			179315	25.00000000	56
2026.08.03	09:03:36.838			179310	4.00000000	56
2026.08.03	09:03:36.838			179315	1.00000000	56
2026.08.03	09:03:36.838			179310	1.00000000	56
2026.08.03	09:03:36.838			179315	8.00000000	56
2026.08.03	09:03:36.838			179310	1.00000000	56
2026.08.03	09:03:36.838			179315	67.00000000	56
2026.08.03	09:03:36.842			179310	9.00000000	56
2026.08.03	09:03:36.842			179315	9.00000000	56
2026.08.03	09:03:36.844			179320	40.00000000	56
2026.08.03	09:03:36.845			179315	3.00000000	56
2026.08.03	09:03:36.845			179325	13.00000000	56
2026.08.03	09:03:36.846			179320	8.00000000	56
2026.08.03	09:03:36.846			179315	6.00000000	56
2026.08.03	09:03:36.846			179320	1.00000000	56
2026.08.03	09:03:36.847			179325	31.00000000	56
2026.08.03	09:03:36.849			179330	25.00000000	56
2026.08.03	09:03:36.850			179335	37.00000000	56
2026.08.03	09:03:36.850			179330	1.00000000	56
2026.08.03	09:03:36.850			179335	6.00000000	56
2026.08.03	09:03:36.850			179330	2.00000000	56
2026.08.03	09:03:36.850			179335	10.00000000	56
2026.08.03	09:03:36.850			179330	3.00000000	56
2026.08.03	09:03:36.850			179335	4.00000000	56
2026.08.03	09:03:36.850			179330	2.00000000	56
2026.08.03	09:03:36.850			179335	1.00000000	56
2026.08.03	09:03:36.850			179330	6.00000000	56
2026.08.03	09:03:36.850			179335	24.00000000	56
2026.08.03	09:03:36.850			179340	26.00000000	56
2026.08.03	09:03:36.850			179335	2.00000000	56
2026.08.03	09:03:36.852			179340	18.00000000	56
2026.08.03	09:03:36.852			179340	6.00000000	56
2026.08.03	09:03:36.852			179335	10.00000000	56
2026.08.03	09:03:36.853			179340	23.00000000	56
2026.08.03	09:03:36.853			179345	33.00000000	56
2026.08.03	09:03:36.854			179340	1.00000000	56
2026.08.03	09:03:36.854			179345	61.00000000	56
2026.08.03	09:03:36.856			179350	45.00000000	56
2026.08.03	09:03:36.856			179345	1.00000000	56
2026.08.03	09:03:36.856			179350	49.00000000	56
2026.08.03	09:03:36.859			179345	27.00000000	56
2026.08.03	09:03:36.861			179345	11.00000000	56
2026.08.03	09:03:36.863			179350	4.00000000	56
2026.08.03	09:03:36.867			179355	56.00000000	56
2026.08.03	09:03:36.868			179360	49.00000000	56
2026.08.03	09:03:36.868			179365	49.00000000	56
2026.08.03	09:03:36.869			179365	35.00000000	56
2026.08.03	09:03:36.869			179355	1.00000000	56
2026.08.03	09:03:36.870			179355	15.00000000	56
2026.08.03	09:03:36.873			179350	16.00000000	56
2026.08.03	09:03:36.874			179345	2.00000000	56
2026.08.03	09:03:36.879			179345	16.00000000	56
2026.08.03	09:03:36.880			179340	35.00000000	56
2026.08.03	09:03:36.881			179345	8.00000000	56
2026.08.03	09:03:36.881			179350	1.00000000	56
2026.08.03	09:03:36.890			179340	2.00000000	56
2026.08.03	09:03:36.893			179345	13.00000000	56
2026.08.03	09:03:36.893			179350	7.00000000	56
2026.08.03	09:03:36.907			179345	5.00000000	56
2026.08.03	09:03:36.908			179350	3.00000000	56
2026.08.03	09:03:36.910			179345	1.00000000	56
2026.08.03	09:03:36.914			179345	1.00000000	56
2026.08.03	09:03:36.916			179340	1.00000000	56
2026.08.03	09:03:36.919			179350	14.00000000	56
2026.08.03	09:03:36.921			179355	1.00000000	56
2026.08.03	09:03:36.924			179360	19.00000000	56
2026.08.03	09:03:36.925			179365	4.00000000	56
2026.08.03	09:03:36.925			179360	5.00000000	56
2026.08.03	09:03:36.938			179355	6.00000000	56
2026.08.03	09:03:36.938			179360	16.00000000	56
2026.08.03	09:03:36.939			179365	8.00000000	56
2026.08.03	09:03:36.940			179360	6.00000000	56
2026.08.03	09:03:36.940			179365	8.00000000	56
2026.08.03	09:03:36.945			179360	1.00000000	56
2026.08.03	09:03:36.945			179365	4.00000000	56
2026.08.03	09:03:36.946			179360	42.00000000	56
2026.08.03	09:03:36.949			179365	3.00000000	56
2026.08.03	09:03:36.954			179360	4.00000000	56
2026.08.03	09:03:36.955			179365	1.00000000	56
2026.08.03	09:03:36.958			179360	4.00000000	56
2026.08.03	09:03:36.962			179355	33.00000000	120
2026.08.03	09:03:36.963			179350	3.00000000	88
2026.08.03	09:03:36.964			179355	6.00000000	120
2026.08.03	09:03:36.968			179360	4.00000000	56
2026.08.03	09:03:36.972	179350				2
2026.08.03	09:03:36.974		179360			4
2026.08.03	09:03:36.985			179360	17.00000000	56
2026.08.03	09:03:36.988			179355	7.00000000	120
2026.08.03	09:03:36.990			179360	12.00000000	56
2026.08.03	09:03:37.018			179360	1.00000000	56
2026.08.03	09:03:37.020			179355	1.00000000	120
2026.08.03	09:03:37.024			179360	6.00000000	56
2026.08.03	09:03:37.033			179360	1.00000000	56
2026.08.03	09:03:37.041			179355	1.00000000	120
2026.08.03	09:03:37.044			179360	1.00000000	56
2026.08.03	09:03:37.049			179360	2.00000000	56
2026.08.03	09:03:37.050			179360	3.00000000	56
2026.08.03	09:03:37.051			179360	1.00000000	56
2026.08.03	09:03:37.056			179360	7.00000000	56
2026.08.03	09:03:37.057			179355	3.00000000	120
2026.08.03	09:03:37.061			179360	30.00000000	56
2026.08.03	09:03:37.063			179365	80.00000000	56
2026.08.03	09:03:37.063			179370	2.00000000	56
2026.08.03	09:03:37.063			179365	7.00000000	56
2026.08.03	09:03:37.063			179370	3.00000000	56
2026.08.03	09:03:37.063			179365	2.00000000	56
2026.08.03	09:03:37.063			179370	3.00000000	56
2026.08.03	09:03:37.063			179365	11.00000000	56
2026.08.03	09:03:37.063			179370	1.00000000	56
2026.08.03	09:03:37.063			179365	2.00000000	56
2026.08.03	09:03:37.063			179370	3.00000000	56
2026.08.03	09:03:37.063			179365	1.00000000	56
2026.08.03	09:03:37.063			179370	2.00000000	56
2026.08.03	09:03:37.064			179360	42.00000000	56
2026.08.03	09:03:37.068			179365	12.00000000	56
2026.08.03	09:03:37.071			179370	1.00000000	56
2026.08.03	09:03:37.071			179370	394.00000000	56
2026.08.03	09:03:37.072			179375	101.00000000	56
2026.08.03	09:03:37.074			179380	71.00000000	56
2026.08.03	09:03:37.074			179380	51.00000000	56
2026.08.03	09:03:37.075			179385	35.00000000	56
2026.08.03	09:03:37.075			179380	3.00000000	56
2026.08.03	09:03:37.075			179385	10.00000000	56
2026.08.03	09:03:37.075			179380	4.00000000	56
2026.08.03	09:03:37.075			179385	150.00000000	56
2026.08.03	09:03:37.075			179385	7.00000000	56
2026.08.03	09:03:37.077			179380	5.00000000	56
2026.08.03	09:03:37.077			179375	1.00000000	56
2026.08.03	09:03:37.077			179380	2.00000000	56
2026.08.03	09:03:37.077			179375	10.00000000	56
2026.08.03	09:03:37.078			179380	1.00000000	56
2026.08.03	09:03:37.078			179380	1.00000000	56
2026.08.03	09:03:37.079			179380	28.00000000	56
2026.08.03	09:03:37.079			179375	7.00000000	56
2026.08.03	09:03:37.081			179385	3.00000000	56
2026.08.03	09:03:37.082			179375	21.00000000	56
2026.08.03	09:03:37.083			179380	1.00000000	56
2026.08.03	09:03:37.083			179375	7.00000000	56
2026.08.03	09:03:37.091			179380	1.00000000	56
2026.08.03	09:03:37.092			179375	3.00000000	56
2026.08.03	09:03:37.092			179380	18.00000000	56
2026.08.03	09:03:37.097			179375	2.00000000	56
2026.08.03	09:03:37.099			179380	24.00000000	56
2026.08.03	09:03:37.125			179385	24.00000000	56
2026.08.03	09:03:37.138			179380	1.00000000	56
2026.08.03	09:03:37.142			179385	8.00000000	56
2026.08.03	09:03:37.144			179380	1.00000000	56
2026.08.03	09:03:37.144			179385	4.00000000	56
2026.08.03	09:03:37.149			179380	16.00000000	56
2026.08.03	09:03:37.149			179375	4.00000000	56
2026.08.03	09:03:37.150			179385	2.00000000	56
2026.08.03	09:03:37.159			179385	20.00000000	56
2026.08.03	09:03:37.161			179385	2.00000000	56
2026.08.03	09:03:37.170			179385	14.00000000	56
2026.08.03	09:03:37.182			179380	16.00000000	56
2026.08.03	09:03:37.182			179375	4.00000000	56
2026.08.03	09:03:37.184			179380	13.00000000	56
2026.08.03	09:03:37.184			179385	2.00000000	56
2026.08.03	09:03:37.187			179380	15.00000000	56
2026.08.03	09:03:37.190			179385	1.00000000	56
2026.08.03	09:03:37.197			179385	2.00000000	56
2026.08.03	09:03:37.200			179385	1.00000000	56
2026.08.03	09:03:37.203			179385	21.00000000	56
2026.08.03	09:03:37.205			179390	30.00000000	56
2026.08.03	09:03:37.205			179390	98.00000000	56
2026.08.03	09:03:37.207			179385	1.00000000	56
2026.08.03	09:03:37.208			179390	3.00000000	56
2026.08.03	09:03:37.209			179385	4.00000000	56
2026.08.03	09:03:37.210			179390	2.00000000	56
2026.08.03	09:03:37.210			179385	19.00000000	56
2026.08.03	09:03:37.212			179390	4.00000000	56
2026.08.03	09:03:37.221			179385	2.00000000	56
2026.08.03	09:03:37.222			179380	8.00000000	56
2026.08.03	09:03:37.227			179385	2.00000000	56
2026.08.03	09:03:37.243			179385	5.00000000	56
2026.08.03	09:03:37.248			179380	5.00000000	56
2026.08.03	09:03:37.250			179385	5.00000000	56
2026.08.03	09:03:37.266			179385	17.00000000	56
2026.08.03	09:03:37.272			179380	1.00000000	56
2026.08.03	09:03:37.280			179385	31.00000000	56
2026.08.03	09:03:37.287			179390	37.00000000	56
2026.08.03	09:03:37.287			179385	12.00000000	56
2026.08.03	09:03:37.288			179390	4.00000000	56
2026.08.03	09:03:37.288			179385	20.00000000	56
2026.08.03	09:03:37.292			179390	5.00000000	56
2026.08.03	09:03:37.296			179395	1.00000000	56
2026.08.03	09:03:37.297			179390	2.00000000	56
2026.08.03	09:03:37.297			179395	15.00000000	56
2026.08.03	09:03:37.297			179390	1.00000000	56
2026.08.03	09:03:37.297			179395	1.00000000	56
2026.08.03	09:03:37.297			179395	41.00000000	56
2026.08.03	09:03:37.297			179390	5.00000000	56
2026.08.03	09:03:37.297			179395	9.00000000	56
2026.08.03	09:03:37.297			179400	3.00000000	56
2026.08.03	09:03:37.297			179395	9.00000000	56
2026.08.03	09:03:37.297			179400	49.00000000	56
2026.08.03	09:03:37.297			179395	2.00000000	56
2026.08.03	09:03:37.297			179395	1.00000000	56
2026.08.03	09:03:37.297			179400	33.00000000	56
2026.08.03	09:03:37.298			179395	2.00000000	56
2026.08.03	09:03:37.298			179390	8.00000000	56
2026.08.03	09:03:37.303			179385	2.00000000	56
2026.08.03	09:03:37.303			179385	1.00000000	56
2026.08.03	09:03:37.305			179390	14.00000000	56
2026.08.03	09:03:37.320			179390	5.00000000	56
2026.08.03	09:03:37.323	179385				2
2026.08.03	09:03:37.323		179390			4
2026.08.03	09:03:37.333			179385	2.00000000	56
2026.08.03	09:03:37.335			179390	14.00000000	56
2026.08.03	09:03:37.342			179395	17.00000000	56
2026.08.03	09:03:37.354			179390	7.00000000	56
2026.08.03	09:03:37.357			179390	1.00000000	56
2026.08.03	09:03:37.360			179390	11.00000000	56
2026.08.03	09:03:37.369			179390	28.00000000	56
2026.08.03	09:03:37.373			179395	6.00000000	56
2026.08.03	09:03:37.390			179390	1.00000000	56
2026.08.03	09:03:37.393			179395	5.00000000	56
2026.08.03	09:03:37.401			179395	2.00000000	56
2026.08.03	09:03:37.407			179390	9.00000000	56
2026.08.03	09:03:37.408			179395	2.00000000	56
2026.08.03	09:03:37.410			179390	6.00000000	56
2026.08.03	09:03:37.410			179390	13.00000000	56
2026.08.03	09:03:37.410			179385	41.00000000	88
2026.08.03	09:03:37.410			179390	20.00000000	56
2026.08.03	09:03:37.412			179385	1.00000000	88
2026.08.03	09:03:37.412			179385	3.00000000	88
2026.08.03	09:03:37.412			179395	7.00000000	56
2026.08.03	09:03:37.414			179385	2.00000000	88
2026.08.03	09:03:37.421			179390	5.00000000	56
2026.08.03	09:03:37.421			179395	1.00000000	56
2026.08.03	09:03:37.423			179385	1.00000000	88
2026.08.03	09:03:37.425			179390	10.00000000	56
2026.08.03	09:03:37.430			179390	7.00000000	56
2026.08.03	09:03:37.430			179395	3.00000000	56
2026.08.03	09:03:37.432			179390	3.00000000	56
2026.08.03	09:03:37.437			179390	1.00000000	56
2026.08.03	09:03:37.448			179390	11.00000000	56
2026.08.03	09:03:37.453			179385	1.00000000	88
2026.08.03	09:03:37.454			179390	1.00000000	56
2026.08.03	09:03:37.454			179380	1.00000000	88
2026.08.03	09:03:37.454			179385	2.00000000	88
2026.08.03	09:03:37.459			179390	19.00000000	56
2026.08.03	09:03:37.470			179395	21.00000000	56
2026.08.03	09:03:37.470			179400	120.00000000	56
2026.08.03	09:03:37.473			179395	13.00000000	56
2026.08.03	09:03:37.474			179390	1.00000000	56
2026.08.03	09:03:37.478			179395	8.00000000	56
2026.08.03	09:03:37.484			179395	14.00000000	56
2026.08.03	09:03:37.496			179390	1.00000000	56
2026.08.03	09:03:37.496			179395	5.00000000	56
2026.08.03	09:03:37.500			179400	6.00000000	56
2026.08.03	09:03:37.507			179395	7.00000000	56
2026.08.03	09:03:37.507			179390	24.00000000	56
2026.08.03	09:03:37.507			179395	24.00000000	56
2026.08.03	09:03:37.513			179395	1.00000000	56
2026.08.03	09:03:37.513			179400	10.00000000	56
2026.08.03	09:03:37.513			179395	1.00000000	56
2026.08.03	09:03:37.516			179400	7.00000000	56
2026.08.03	09:03:37.522			179400	1.00000000	56
2026.08.03	09:03:37.525			179400	1.00000000	56
2026.08.03	09:03:37.529			179395	1.00000000	56
2026.08.03	09:03:37.532			179400	1.00000000	56
2026.08.03	09:03:37.533			179395	2.00000000	56
2026.08.03	09:03:37.536			179400	1.00000000	56
2026.08.03	09:03:37.536			179395	1.00000000	56
2026.08.03	09:03:37.539			179400	6.00000000	56
2026.08.03	09:03:37.540			179395	10.00000000	56
2026.08.03	09:03:37.541			179390	50.00000000	56
2026.08.03	09:03:37.542			179395	1.00000000	56
2026.08.03	09:03:37.553			179400	5.00000000	56
2026.08.03	09:03:37.558			179390	3.00000000	56
2026.08.03	09:03:37.565			179390	4.00000000	56
2026.08.03	09:03:37.573			179395	1.00000000	56
2026.08.03	09:03:37.574			179390	50.00000000	56
2026.08.03	09:03:37.602			179390	19.00000000	56
2026.08.03	09:03:37.602			179395	58.00000000	56
2026.08.03	09:03:37.602			179400	25.00000000	56
2026.08.03	09:03:37.602			179390	16.00000000	56
2026.08.03	09:03:37.605			179385	1.00000000	88
2026.08.03	09:03:37.607			179390	13.00000000	56
2026.08.03	09:03:37.608			179385	49.00000000	88
2026.08.03	09:03:37.609			179390	10.00000000	56
2026.08.03	09:03:37.609			179385	1.00000000	88
2026.08.03	09:03:37.610			179390	4.00000000	56
2026.08.03	09:03:37.615			179395	2.00000000	56
2026.08.03	09:03:37.616			179385	2.00000000	88
2026.08.03	09:03:37.621			179390	1.00000000	56
2026.08.03	09:03:37.621			179390	1.00000000	56
2026.08.03	09:03:37.622			179385	1.00000000	88
2026.08.03	09:03:37.622			179390	12.00000000	56
2026.08.03	09:03:37.627			179395	29.00000000	56
2026.08.03	09:03:37.629			179400	9.00000000	56
2026.08.03	09:03:37.630			179395	6.00000000	56
2026.08.03	09:03:37.636			179395	2.00000000	56
2026.08.03	09:03:37.644			179395	1.00000000	56
2026.08.03	09:03:37.645			179390	6.00000000	56
2026.08.03	09:03:37.645			179385	9.00000000	88
2026.08.03	09:03:37.645			179390	2.00000000	56
2026.08.03	09:03:37.645			179395	45.00000000	56
2026.08.03	09:03:37.653			179400	3.00000000	56
2026.08.03	09:03:37.653			179405	1.00000000	56
2026.08.03	09:03:37.654			179400	1.00000000	56
2026.08.03	09:03:37.654			179405	1.00000000	56
2026.08.03	09:03:37.654			179400	5.00000000	56
2026.08.03	09:03:37.654			179405	4.00000000	56
2026.08.03	09:03:37.654			179400	3.00000000	56
2026.08.03	09:03:37.654			179405	13.00000000	56
2026.08.03	09:03:37.654			179400	2.00000000	56
2026.08.03	09:03:37.654			179405	5.00000000	56
2026.08.03	09:03:37.654			179400	1.00000000	56
2026.08.03	09:03:37.654			179405	43.00000000	56
2026.08.03	09:03:37.654			179400	5.00000000	56
2026.08.03	09:03:37.654			179405	5.00000000	56
2026.08.03	09:03:37.654			179400	1.00000000	56
2026.08.03	09:03:37.654			179405	5.00000000	56
2026.08.03	09:03:37.654			179400	10.00000000	56
2026.08.03	09:03:37.655			179405	11.00000000	56
2026.08.03	09:03:37.662			179405	2.00000000	56
2026.08.03	09:03:37.667			179400	3.00000000	56
2026.08.03	09:03:37.671	179400				2
2026.08.03	09:03:37.673		179405			4
2026.08.03	09:03:37.676			179405	8.00000000	56
2026.08.03	09:03:37.698			179400	21.00000000	88
2026.08.03	09:03:37.701			179395	9.00000000	88
2026.08.03	09:03:37.701			179400	21.00000000	88
2026.08.03	09:03:37.701			179390	2.00000000	88
2026.08.03	09:03:37.703			179395	1.00000000	88
2026.08.03	09:03:37.703			179395	13.00000000	88
2026.08.03	09:03:37.703			179400	4.00000000	88
2026.08.03	09:03:37.703			179390	1.00000000	88
2026.08.03	09:03:37.704			179395	1.00000000	88
2026.08.03	09:03:37.708			179390	3.00000000	88
2026.08.03	09:03:37.718			179385	22.00000000	88
2026.08.03	09:03:37.719			179380	1.00000000	88
2026.08.03	09:03:37.719			179385	5.00000000	88
2026.08.03	09:03:37.721			179380	30.00000000	88
2026.08.03	09:03:37.732			179385	3.00000000	88
2026.08.03	09:03:37.736			179385	4.00000000	88
2026.08.03	09:03:37.748			179385	1.00000000	88
2026.08.03	09:03:37.748			179385	1.00000000	88
2026.08.03	09:03:37.750			179380	8.00000000	88
2026.08.03	09:03:37.751			179375	4.00000000	88
2026.08.03	09:03:37.751			179375	3.00000000	88
2026.08.03	09:03:37.754			179385	1.00000000	88
2026.08.03	09:03:37.755			179375	2.00000000	88
2026.08.03	09:03:37.758			179385	1.00000000	88
2026.08.03	09:03:37.759			179375	3.00000000	88
2026.08.03	09:03:37.762			179380	1.00000000	88
2026.08.03	09:03:37.767			179380	13.00000000	88
2026.08.03	09:03:37.767			179375	1.00000000	88
2026.08.03	09:03:37.768			179380	1.00000000	88
2026.08.03	09:03:37.771			179375	10.00000000	88
2026.08.03	09:03:37.772			179380	7.00000000	88
2026.08.03	09:03:37.773			179385	15.00000000	88
2026.08.03	09:03:37.774			179390	18.00000000	88
2026.08.03	09:03:37.785			179385	2.00000000	88
2026.08.03	09:03:37.793			179390	2.00000000	88
2026.08.03	09:03:37.802			179390	9.00000000	88
2026.08.03	09:03:37.802			179395	16.00000000	88
2026.08.03	09:03:37.805			179385	1.00000000	88
2026.08.03	09:03:37.806			179390	6.00000000	88
2026.08.03	09:03:37.815			179385	2.00000000	88
2026.08.03	09:03:37.815			179390	7.00000000	88
2026.08.03	09:03:37.845			179385	7.00000000	88
2026.08.03	09:03:37.845			179380	9.00000000	88
2026.08.03	09:03:37.845			179380	77.00000000	88
2026.08.03	09:03:37.845			179375	10.00000000	88
2026.08.03	09:03:37.846			179385	7.00000000	88
2026.08.03	09:03:37.851			179390	1.00000000	88
2026.08.03	09:03:37.854			179385	1.00000000	88
2026.08.03	09:03:37.854			179390	1.00000000	88
2026.08.03	09:03:37.855			179385	1.00000000	88
2026.08.03	09:03:37.857			179390	2.00000000	88
2026.08.03	09:03:37.862			179385	1.00000000	88
2026.08.03	09:03:37.862			179390	3.00000000	88
2026.08.03	09:03:37.865			179385	10.00000000	88
2026.08.03	09:03:37.866			179380	16.00000000	88
2026.08.03	09:03:37.869			179390	3.00000000	88
2026.08.03	09:03:37.869			179385	2.00000000	88
2026.08.03	09:03:37.877			179390	5.00000000	88
2026.08.03	09:03:37.883			179395	1.00000000	88
2026.08.03	09:03:37.886			179390	11.00000000	88
2026.08.03	09:03:37.886			179385	33.00000000	88
2026.08.03	09:03:37.904			179380	35.00000000	88
2026.08.03	09:03:37.905			179385	11.00000000	88
2026.08.03	09:03:37.919			179390	15.00000000	88
2026.08.03	09:03:37.919			179395	35.00000000	88
2026.08.03	09:03:37.920			179390	4.00000000	88
2026.08.03	09:03:37.924			179385	2.00000000	88
2026.08.03	09:03:37.927			179390	1.00000000	88
2026.08.03	09:03:37.929			179385	3.00000000	88
2026.08.03	09:03:37.929			179380	5.00000000	88
2026.08.03	09:03:37.930			179390	12.00000000	88
2026.08.03	09:03:37.956			179390	5.00000000	88
2026.08.03	09:03:37.969			179385	1.00000000	88
2026.08.03	09:03:37.972			179390	13.00000000	88
2026.08.03	09:03:37.972			179390	12.00000000	88
2026.08.03	09:03:37.978			179395	11.00000000	88
2026.08.03	09:03:37.987			179390	3.00000000	88
2026.08.03	09:03:37.987			179385	27.00000000	88
2026.08.03	09:03:37.990			179390	5.00000000	88
2026.08.03	09:03:37.993			179395	2.00000000	88
2026.08.03	09:03:37.996			179390	9.00000000	88
2026.08.03	09:03:37.999			179385	35.00000000	88
2026.08.03	09:03:38.001			179380	2.00000000	88
2026.08.03	09:03:38.005			179390	1.00000000	88
2026.08.03	09:03:38.005			179385	3.00000000	88
2026.08.03	09:03:38.005			179390	1.00000000	88
2026.08.03	09:03:38.005			179390	1.00000000	88
2026.08.03	09:03:38.008			179390	2.00000000	88
2026.08.03	09:03:38.020			179390	4.00000000	56
2026.08.03	09:03:38.020			179395	1.00000000	56
2026.08.03	09:03:38.020			179390	1.00000000	56
2026.08.03	09:03:38.020			179385	1.00000000	88
2026.08.03	09:03:38.021			179390	8.00000000	56
2026.08.03	09:03:38.022	179385				2
2026.08.03	09:03:38.022		179390			4
2026.08.03	09:03:38.024			179385	10.00000000	88
2026.08.03	09:03:38.030			179390	1.00000000	56
2026.08.03	09:03:38.039			179390	2.00000000	56
2026.08.03	09:03:38.041			179390	1.00000000	56
2026.08.03	09:03:38.050			179385	10.00000000	88
2026.08.03	09:03:38.053			179380	1.00000000	88
2026.08.03	09:03:38.055			179385	12.00000000	88
2026.08.03	09:03:38.055			179390	28.00000000	56
2026.08.03	09:03:38.055			179385	1.00000000	88
2026.08.03	09:03:38.060			179385	3.00000000	88
2026.08.03	09:03:38.067			179385	1.00000000	88
2026.08.03	09:03:38.073			179385	2.00000000	88
2026.08.03	09:03:38.074			179380	3.00000000	88
2026.08.03	09:03:38.074			179380	5.00000000	88
2026.08.03	09:03:38.076			179385	1.00000000	88
2026.08.03	09:03:38.082			179385	3.00000000	88
2026.08.03	09:03:38.092			179385	1.00000000	88
2026.08.03	09:03:38.095			179380	7.00000000	88
2026.08.03	09:03:38.101			179375	27.00000000	88
2026.08.03	09:03:38.102			179380	4.00000000	88
2026.08.03	09:03:38.103			179385	11.00000000	88
2026.08.03	09:03:38.103			179390	10.00000000	56
2026.08.03	09:03:38.109			179385	1.00000000	88
2026.08.03	09:03:38.111			179390	4.00000000	56
2026.08.03	09:03:38.111			179395	1.00000000	56
2026.08.03	09:03:38.111			179390	1.00000000	56
2026.08.03	09:03:38.122			179385	1.00000000	88
2026.08.03	09:03:38.123			179390	1.00000000	56
2026.08.03	09:03:38.132			179390	1.00000000	56
2026.08.03	09:03:38.133			179385	1.00000000	88
2026.08.03	09:03:38.140			179385	23.00000000	88
2026.08.03	09:03:38.143			179385	19.00000000	88
2026.08.03	09:03:38.143			179380	23.00000000	88
2026.08.03	09:03:38.147			179385	70.00000000	88
2026.08.03	09:03:38.148			179390	11.00000000	56
2026.08.03	09:03:38.149			179395	5.00000000	56
2026.08.03	09:03:38.150			179400	9.00000000	56
2026.08.03	09:03:38.152			179395	1.00000000	56
2026.08.03	09:03:38.153			179400	3.00000000	56
2026.08.03	09:03:38.156			179395	2.00000000	56
2026.08.03	09:03:38.161			179405	6.00000000	56
2026.08.03	09:03:38.173			179400	6.00000000	56
2026.08.03	09:03:38.173			179395	4.00000000	56
2026.08.03	09:03:38.177			179405	1.00000000	56
2026.08.03	09:03:38.185			179400	3.00000000	56
2026.08.03	09:03:38.188			179405	3.00000000	56
2026.08.03	09:03:38.191			179400	13.00000000	56
2026.08.03	09:03:38.196			179395	4.00000000	56
2026.08.03	09:03:38.197			179400	14.00000000	56
2026.08.03	09:03:38.205			179405	1.00000000	56
2026.08.03	09:03:38.209			179400	6.00000000	56
2026.08.03	09:03:38.216			179405	1.00000000	56
2026.08.03	09:03:38.217			179400	2.00000000	56
2026.08.03	09:03:38.219			179405	3.00000000	56
2026.08.03	09:03:38.227			179405	3.00000000	56
2026.08.03	09:03:38.229			179410	5.00000000	56
2026.08.03	09:03:38.230			179410	60.00000000	56
2026.08.03	09:03:38.230			179410	26.00000000	56
2026.08.03	09:03:38.237			179405	5.00000000	56
2026.08.03	09:03:38.237			179400	5.00000000	56
2026.08.03	09:03:38.243			179405	7.00000000	56
2026.08.03	09:03:38.250			179410	3.00000000	56
2026.08.03	09:03:38.261			179410	1.00000000	56
2026.08.03	09:03:38.268			179405	2.00000000	56
2026.08.03	09:03:38.281			179410	1.00000000	56
2026.08.03	09:03:38.283			179405	25.00000000	56
2026.08.03	09:03:38.288			179410	76.00000000	56
2026.08.03	09:03:38.290			179415	32.00000000	56
2026.08.03	09:03:38.296			179415	1.00000000	56
2026.08.03	09:03:38.296			179415	13.00000000	56
2026.08.03	09:03:38.304			179415	6.00000000	56
2026.08.03	09:03:38.304			179415	6.00000000	56
2026.08.03	09:03:38.304			179420	130.00000000	56
2026.08.03	09:03:38.304			179425	108.00000000	56
2026.08.03	09:03:38.306			179420	1.00000000	56
2026.08.03	09:03:38.306			179425	3.00000000	56
2026.08.03	09:03:38.306			179420	5.00000000	56
2026.08.03	09:03:38.306			179425	10.00000000	56
2026.08.03	09:03:38.306			179420	3.00000000	56
2026.08.03	09:03:38.306			179425	1.00000000	56
2026.08.03	09:03:38.306			179420	3.00000000	56
2026.08.03	09:03:38.306			179425	3.00000000	56
2026.08.03	09:03:38.306			179420	4.00000000	56
2026.08.03	09:03:38.306			179425	2.00000000	56
2026.08.03	09:03:38.306			179420	3.00000000	56
2026.08.03	09:03:38.306			179425	10.00000000	56
2026.08.03	09:03:38.306			179420	11.00000000	56
2026.08.03	09:03:38.306			179425	34.00000000	56
2026.08.03	09:03:38.306			179430	15.00000000	56
2026.08.03	09:03:38.306			179425	19.00000000	56
2026.08.03	09:03:38.306			179430	5.00000000	56
2026.08.03	09:03:38.306			179425	10.00000000	56
2026.08.03	09:03:38.306			179430	21.00000000	56
2026.08.03	09:03:38.306			179425	2.00000000	56
2026.08.03	09:03:38.306			179430	2.00000000	56
2026.08.03	09:03:38.306			179425	1.00000000	56
2026.08.03	09:03:38.306			179430	10.00000000	56
2026.08.03	09:03:38.306			179425	8.00000000	56
2026.08.03	09:03:38.306			179430	100.00000000	56
2026.08.03	09:03:38.306			179425	4.00000000	56
2026.08.03	09:03:38.306			179430	30.00000000	56
2026.08.03	09:03:38.306			179425	1.00000000	56
2026.08.03	09:03:38.306			179430	1.00000000	56
2026.08.03	09:03:38.306			179425	2.00000000	56
2026.08.03	09:03:38.306			179430	3.00000000	56
2026.08.03	09:03:38.306			179420	11.00000000	56
2026.08.03	09:03:38.308			179425	37.00000000	56
2026.08.03	09:03:38.310			179420	1.00000000	56
2026.08.03	09:03:38.310			179425	5.00000000	56
2026.08.03	09:03:38.311			179425	3.00000000	56
2026.08.03	09:03:38.311			179430	10.00000000	56
2026.08.03	09:03:38.322			179425	1.00000000	56
2026.08.03	09:03:38.322			179430	3.00000000	56
2026.08.03	09:03:38.322			179435	23.00000000	56
2026.08.03	09:03:38.323			179430	10.00000000	56
2026.08.03	09:03:38.323			179435	1.00000000	56
2026.08.03	09:03:38.323			179430	5.00000000	56
2026.08.03	09:03:38.323			179435	3.00000000	56
2026.08.03	09:03:38.323			179430	2.00000000	56
2026.08.03	09:03:38.323			179435	25.00000000	56
2026.08.03	09:03:38.323			179430	1.00000000	56
2026.08.03	09:03:38.323			179435	40.00000000	56
2026.08.03	09:03:38.323			179430	7.00000000	56
2026.08.03	09:03:38.323			179435	14.00000000	56
2026.08.03	09:03:38.323			179440	2.00000000	56
2026.08.03	09:03:38.323			179435	1.00000000	56
2026.08.03	09:03:38.323			179440	1.00000000	56
2026.08.03	09:03:38.323			179435	6.00000000	56
2026.08.03	09:03:38.323			179440	67.00000000	56
2026.08.03	09:03:38.323			179435	1.00000000	56
2026.08.03	09:03:38.323			179440	6.00000000	56
2026.08.03	09:03:38.323			179435	1.00000000	56
2026.08.03	09:03:38.323			179440	4.00000000	56
2026.08.03	09:03:38.325			179435	3.00000000	56
2026.08.03	09:03:38.326			179430	2.00000000	56
2026.08.03	09:03:38.334			179435	1.00000000	56
2026.08.03	09:03:38.341			179430	2.00000000	56
2026.08.03	09:03:38.353			179435	3.00000000	56
2026.08.03	09:03:38.361			179430	4.00000000	56
2026.08.03	09:03:38.363			179435	21.00000000	56
2026.08.03	09:03:38.367			179440	1.00000000	56
2026.08.03	09:03:38.368			179435	20.00000000	56
2026.08.03	09:03:38.369			179440	4.00000000	56
2026.08.03	09:03:38.370	179430				2
2026.08.03	09:03:38.370		179435			4
2026.08.03	09:03:38.370			179435	3.00000000	56
2026.08.03	09:03:38.370			179440	2.00000000	56
2026.08.03	09:03:38.376			179435	16.00000000	56
2026.08.03	09:03:38.381			179430	4.00000000	88
2026.08.03	09:03:38.383			179435	18.00000000	56
2026.08.03	09:03:38.386			179430	5.00000000	88
2026.08.03	09:03:38.389			179440	4.00000000	56
2026.08.03	09:03:38.394			179440	19.00000000	56
2026.08.03	09:03:38.402			179435	2.00000000	56
2026.08.03	09:03:38.408			179440	3.00000000	56
2026.08.03	09:03:38.409			179435	7.00000000	56
2026.08.03	09:03:38.412			179440	22.00000000	56
2026.08.03	09:03:38.416			179435	2.00000000	56
2026.08.03	09:03:38.416			179440	6.00000000	56
2026.08.03	09:03:38.417			179435	1.00000000	56
2026.08.03	09:03:38.421			179435	4.00000000	56
2026.08.03	09:03:38.422			179430	1.00000000	88
2026.08.03	09:03:38.422			179430	1.00000000	88
2026.08.03	09:03:38.423			179435	1.00000000	56
2026.08.03	09:03:38.430			179440	5.00000000	56
2026.08.03	09:03:38.431			179440	19.00000000	56
2026.08.03	09:03:38.442			179435	1.00000000	56
2026.08.03	09:03:38.444			179440	2.00000000	56
2026.08.03	09:03:38.444			179435	30.00000000	56
2026.08.03	09:03:38.445			179440	2.00000000	56
2026.08.03	09:03:38.445			179435	1.00000000	56
2026.08.03	09:03:38.445			179440	2.00000000	56
2026.08.03	09:03:38.449			179435	2.00000000	56
2026.08.03	09:03:38.449			179440	1.00000000	56
2026.08.03	09:03:38.450			179440	18.00000000	56
2026.08.03	09:03:38.461			179440	1.00000000	56
2026.08.03	09:03:38.463			179440	3.00000000	56
2026.08.03	09:03:38.468			179435	4.00000000	56
2026.08.03	09:03:38.470			179440	3.00000000	56
2026.08.03	09:03:38.474			179435	1.00000000	56
2026.08.03	09:03:38.474			179430	1.00000000	88
2026.08.03	09:03:38.474			179435	1.00000000	56
2026.08.03	09:03:38.475			179440	3.00000000	56
2026.08.03	09:03:38.482			179435	1.00000000	56
2026.08.03	09:03:38.484			179440	3.00000000	56
2026.08.03	09:03:38.488			179435	2.00000000	56
2026.08.03	09:03:38.490			179440	4.00000000	56
2026.08.03	09:03:38.493			179435	2.00000000	56
2026.08.03	09:03:38.493			179440	1.00000000	56
2026.08.03	09:03:38.496			179440	4.00000000	56
2026.08.03	09:03:38.500			179440	3.00000000	56
2026.08.03	09:03:38.501			179435	1.00000000	56
2026.08.03	09:03:38.503			179440	2.00000000	56
2026.08.03	09:03:38.509			179435	3.00000000	56
2026.08.03	09:03:38.510			179440	2.00000000	56
2026.08.03	09:03:38.512			179440	10.00000000	56
2026.08.03	09:03:38.514			179435	2.00000000	56
2026.08.03	09:03:38.519			179440	11.00000000	56
2026.08.03	09:03:38.520			179435	5.00000000	56
2026.08.03	09:03:38.521			179440	2.00000000	56
2026.08.03	09:03:38.523			179435	2.00000000	56
2026.08.03	09:03:38.529			179440	5.00000000	56
2026.08.03	09:03:38.537			179435	1.00000000	56
2026.08.03	09:03:38.538			179440	5.00000000	56
2026.08.03	09:03:38.539			179440	1.00000000	56
2026.08.03	09:03:38.541			179440	14.00000000	56
2026.08.03	09:03:38.541			179445	27.00000000	56
2026.08.03	09:03:38.542			179445	40.00000000	56
2026.08.03	09:03:38.542			179440	2.00000000	56
2026.08.03	09:03:38.542			179445	4.00000000	56
2026.08.03	09:03:38.545			179440	1.00000000	56
2026.08.03	09:03:38.550			179445	13.00000000	56
2026.08.03	09:03:38.550			179450	31.00000000	56
2026.08.03	09:03:38.551			179445	2.00000000	56
2026.08.03	09:03:38.551			179450	4.00000000	56
2026.08.03	09:03:38.551			179450	42.00000000	56
2026.08.03	09:03:38.551			179455	18.00000000	56
2026.08.03	09:03:38.552			179450	5.00000000	56
2026.08.03	09:03:38.552			179455	3.00000000	56
2026.08.03	09:03:38.552			179450	1.00000000	56
2026.08.03	09:03:38.552			179455	6.00000000	56
2026.08.03	09:03:38.552			179450	3.00000000	56
2026.08.03	09:03:38.552			179455	2.00000000	56
2026.08.03	09:03:38.552			179450	2.00000000	56
2026.08.03	09:03:38.552			179455	35.00000000	56
2026.08.03	09:03:38.557			179445	1.00000000	56
2026.08.03	09:03:38.559			179450	10.00000000	56
2026.08.03	09:03:38.566			179450	7.00000000	56
2026.08.03	09:03:38.568			179450	19.00000000	56
2026.08.03	09:03:38.570			179445	2.00000000	56
2026.08.03	09:03:38.574			179440	1.00000000	56
2026.08.03	09:03:38.583			179440	12.00000000	56
2026.08.03	09:03:38.583			179445	18.00000000	56
2026.08.03	09:03:38.585			179435	2.00000000	56
2026.08.03	09:03:38.585			179445	6.00000000	56
2026.08.03	09:03:38.585			179435	10.00000000	56
2026.08.03	09:03:38.596			179440	2.00000000	56
2026.08.03	09:03:38.602			179435	10.00000000	56
2026.08.03	09:03:38.604			179440	19.00000000	56
2026.08.03	09:03:38.611			179445	37.00000000	56
2026.08.03	09:03:38.611			179450	7.00000000	56
2026.08.03	09:03:38.611			179435	2.00000000	56
2026.08.03	09:03:38.611			179440	16.00000000	56
2026.08.03	09:03:38.617			179435	9.00000000	56
2026.08.03	09:03:38.620			179440	4.00000000	56
2026.08.03	09:03:38.621			179435	1.00000000	56
2026.08.03	09:03:38.621			179430	4.00000000	88
2026.08.03	09:03:38.625			179440	1.00000000	56
2026.08.03	09:03:38.625			179435	8.00000000	56
2026.08.03	09:03:38.631			179440	1.00000000	56
2026.08.03	09:03:38.637			179440	11.00000000	56
2026.08.03	09:03:38.638			179445	6.00000000	56
2026.08.03	09:03:38.646			179445	1.00000000	56
2026.08.03	09:03:38.647			179440	14.00000000	56
2026.08.03	09:03:38.658			179435	7.00000000	56
2026.08.03	09:03:38.658			179430	18.00000000	88
2026.08.03	09:03:38.658			179440	6.00000000	56
2026.08.03	09:03:38.669			179435	5.00000000	56
2026.08.03	09:03:38.671			179440	3.00000000	56
2026.08.03	09:03:38.681			179435	1.00000000	56
2026.08.03	09:03:38.681			179430	1.00000000	88
2026.08.03	09:03:38.682			179440	1.00000000	56
2026.08.03	09:03:38.683			179435	2.00000000	56
2026.08.03	09:03:38.690			179440	10.00000000	56
2026.08.03	09:03:38.693			179435	9.00000000	56
2026.08.03	09:03:38.694			179430	28.00000000	88
2026.08.03	09:03:38.696			179425	29.00000000	88
2026.08.03	09:03:38.696			179420	3.00000000	88
2026.08.03	09:03:38.696			179425	1.00000000	88
2026.08.03	09:03:38.696			179430	5.00000000	88
2026.08.03	09:03:38.696			179425	3.00000000	88
2026.08.03	09:03:38.697			179430	3.00000000	88
2026.08.03	09:03:38.704			179420	1.00000000	88
2026.08.03	09:03:38.704			179425	2.00000000	88
2026.08.03	09:03:38.712			179420	18.00000000	88
2026.08.03	09:03:38.718			179425	12.00000000	56
2026.08.03	09:03:38.719			179420	1.00000000	88
2026.08.03	09:03:38.720			179425	3.00000000	56
2026.08.03	09:03:38.723	179420				2
2026.08.03	09:03:38.723		179425			4
2026.08.03	09:03:38.723			179420	5.00000000	88
2026.08.03	09:03:38.729			179425	6.00000000	56
2026.08.03	09:03:38.732			179430	9.00000000	56
2026.08.03	09:03:38.736			179435	1.00000000	56
2026.08.03	09:03:38.742			179435	1.00000000	56
2026.08.03	09:03:38.753			179430	9.00000000	56
2026.08.03	09:03:38.756			179430	10.00000000	56
2026.08.03	09:03:38.761			179425	5.00000000	56
2026.08.03	09:03:38.762			179430	1.00000000	56
2026.08.03	09:03:38.762			179435	1.00000000	56
2026.08.03	09:03:38.762			179425	1.00000000	56
2026.08.03	09:03:38.763			179435	3.00000000	56
2026.08.03	09:03:38.763			179435	16.00000000	56
2026.08.03	09:03:38.770			179435	2.00000000	56
2026.08.03	09:03:38.775			179430	2.00000000	56
2026.08.03	09:03:38.777			179435	1.00000000	56
2026.08.03	09:03:38.778			179435	7.00000000	56
2026.08.03	09:03:38.780			179440	2.00000000	56
2026.08.03	09:03:38.786			179435	5.00000000	56
2026.08.03	09:03:38.788			179440	18.00000000	56
2026.08.03	09:03:38.788			179445	12.00000000	56
2026.08.03	09:03:38.788			179435	5.00000000	56
2026.08.03	09:03:38.790			179440	1.00000000	56
2026.08.03	09:03:38.795			179435	6.00000000	56
2026.08.03	09:03:38.799			179440	1.00000000	56
2026.08.03	09:03:38.799			179435	2.00000000	56
2026.08.03	09:03:38.800			179445	16.00000000	56
2026.08.03	09:03:38.807			179435	1.00000000	56
2026.08.03	09:03:38.821			179435	5.00000000	56
2026.08.03	09:03:38.825			179440	33.00000000	56
2026.08.03	09:03:38.828			179445	8.00000000	56
2026.08.03	09:03:38.829			179450	1.00000000	56
2026.08.03	09:03:38.830			179440	11.00000000	56
2026.08.03	09:03:38.830			179435	7.00000000	56
2026.08.03	09:03:38.830			179445	12.00000000	56
2026.08.03	09:03:38.834			179440	3.00000000	56
2026.08.03	09:03:38.834			179445	7.00000000	56
2026.08.03	09:03:38.844			179440	5.00000000	56
2026.08.03	09:03:38.846			179445	2.00000000	56
2026.08.03	09:03:38.856			179440	2.00000000	56
2026.08.03	09:03:38.857			179435	6.00000000	56
2026.08.03	09:03:38.871			179440	1.00000000	56
2026.08.03	09:03:38.871			179445	1.00000000	56
2026.08.03	09:03:38.875			179440	5.00000000	56
2026.08.03	09:03:38.877			179445	5.00000000	56
2026.08.03	09:03:38.879			179440	14.00000000	56
2026.08.03	09:03:38.882			179445	1.00000000	56
2026.08.03	09:03:38.886			179440	4.00000000	56
2026.08.03	09:03:38.887			179440	10.00000000	56
2026.08.03	09:03:38.888			179435	9.00000000	56
2026.08.03	09:03:38.889			179430	15.00000000	56
2026.08.03	09:03:38.889			179430	4.00000000	56
2026.08.03	09:03:38.889			179425	29.00000000	56
2026.08.03	09:03:38.891			179430	3.00000000	56
2026.08.03	09:03:38.893			179425	21.00000000	56
2026.08.03	09:03:38.900			179430	6.00000000	56
2026.08.03	09:03:38.919			179425	10.00000000	56
2026.08.03	09:03:38.924			179430	2.00000000	56
2026.08.03	09:03:38.927			179430	1.00000000	56
2026.08.03	09:03:38.928			179425	2.00000000	56
2026.08.03	09:03:38.939			179425	1.00000000	56
2026.08.03	09:03:38.940			179430	1.00000000	56
2026.08.03	09:03:38.945			179425	12.00000000	56
2026.08.03	09:03:38.965			179425	7.00000000	56
2026.08.03	09:03:38.965			179420	9.00000000	88
2026.08.03	09:03:38.966			179415	17.00000000	88
2026.08.03	09:03:38.966			179415	8.00000000	88
2026.08.03	09:03:38.968			179410	29.00000000	88
2026.08.03	09:03:38.969			179405	17.00000000	88
2026.08.03	09:03:38.969			179400	12.00000000	88
2026.08.03	09:03:38.969			179410	1.00000000	88
2026.08.03	09:03:38.975			179405	3.00000000	88
2026.08.03	09:03:38.981			179400	1.00000000	88
2026.08.03	09:03:38.982			179405	2.00000000	88
2026.08.03	09:03:38.982			179400	4.00000000	88
2026.08.03	09:03:38.983			179405	1.00000000	88
2026.08.03	09:03:38.983			179405	19.00000000	88
2026.08.03	09:03:39.016			179405	6.00000000	88
2026.08.03	09:03:39.019			179405	19.00000000	88
2026.08.03	09:03:39.019			179400	14.00000000	88
2026.08.03	09:03:39.019			179405	11.00000000	88
2026.08.03	09:03:39.021			179410	1.00000000	88
2026.08.03	09:03:39.024			179405	1.00000000	88
2026.08.03	09:03:39.031			179410	27.00000000	88
2026.08.03	09:03:39.037			179405	6.00000000	88
2026.08.03	09:03:39.040			179410	25.00000000	88
2026.08.03	09:03:39.040			179415	25.00000000	88
2026.08.03	09:03:39.041			179410	14.00000000	88
2026.08.03	09:03:39.045			179415	3.00000000	88
2026.08.03	09:03:39.045			179420	8.00000000	88
2026.08.03	09:03:39.047			179425	15.00000000	56
2026.08.03	09:03:39.048			179420	9.00000000	88
2026.08.03	09:03:39.054			179425	1.00000000	56
2026.08.03	09:03:39.055			179420	2.00000000	88
2026.08.03	09:03:39.060			179415	10.00000000	88
2026.08.03	09:03:39.063			179420	2.00000000	56
2026.08.03	09:03:39.069			179415	13.00000000	56
2026.08.03	09:03:39.070			179410	2.00000000	56
2026.08.03	09:03:39.072			179415	5.00000000	56
2026.08.03	09:03:39.073	179405				2
2026.08.03	09:03:39.073		179410			4
2026.08.03	09:03:39.073			179410	4.00000000	56
2026.08.03	09:03:39.080			179405	5.00000000	88
2026.08.03	09:03:39.080			179400	1.00000000	88
2026.08.03	09:03:39.080			179405	1.00000000	88
2026.08.03	09:03:39.084			179410	2.00000000	56
2026.08.03	09:03:39.086			179400	5.00000000	88
2026.08.03	09:03:39.087			179405	1.00000000	88
2026.08.03	09:03:39.087			179410	4.00000000	56
2026.08.03	09:03:39.093			179410	2.00000000	56
2026.08.03	09:03:39.099			179405	3.00000000	88
2026.08.03	09:03:39.106			179410	16.00000000	56
2026.08.03	09:03:39.123			179410	2.00000000	56
2026.08.03	09:03:39.134			179405	5.00000000	88
2026.08.03	09:03:39.137			179400	8.00000000	88
2026.08.03	09:03:39.138			179405	14.00000000	88
2026.08.03	09:03:39.154			179405	6.00000000	88
2026.08.03	09:03:39.166			179400	1.00000000	88
2026.08.03	09:03:39.166			179405	1.00000000	88
2026.08.03	09:03:39.172			179400	3.00000000	88
2026.08.03	09:03:39.178			179405	1.00000000	88
2026.08.03	09:03:39.188			179405	1.00000000	88
2026.08.03	09:03:39.190			179400	2.00000000	88
2026.08.03	09:03:39.192			179405	10.00000000	88
2026.08.03	09:03:39.192			179410	2.00000000	56
2026.08.03	09:03:39.193			179415	2.00000000	56
2026.08.03	09:03:39.194			179410	3.00000000	56
2026.08.03	09:03:39.200			179415	3.00000000	56
2026.08.03	09:03:39.201			179410	7.00000000	56
2026.08.03	09:03:39.215			179405	3.00000000	88
2026.08.03	09:03:39.219			179410	5.00000000	56
2026.08.03	09:03:39.220			179405	6.00000000	88
2026.08.03	09:03:39.224			179410	1.00000000	56
2026.08.03	09:03:39.228			179405	9.00000000	88
2026.08.03	09:03:39.230			179410	2.00000000	56
2026.08.03	09:03:39.230			179415	2.00000000	56
2026.08.03	09:03:39.231			179405	12.00000000	88
2026.08.03	09:03:39.232			179410	7.00000000	56
2026.08.03	09:03:39.235			179405	20.00000000	88
2026.08.03	09:03:39.235			179410	14.00000000	56
2026.08.03	09:03:39.253			179405	1.00000000	88
2026.08.03	09:03:39.254			179405	3.00000000	88
2026.08.03	09:03:39.256			179410	48.00000000	56
2026.08.03	09:03:39.257			179415	2.00000000	56
2026.08.03	09:03:39.262			179410	1.00000000	56
2026.08.03	09:03:39.264			179405	9.00000000	88
2026.08.03	09:03:39.264			179400	11.00000000	88
2026.08.03	09:03:39.266			179405	5.00000000	88
2026.08.03	09:03:39.272			179410	1.00000000	56
2026.08.03	09:03:39.275			179405	6.00000000	88
2026.08.03	09:03:39.282			179400	1.00000000	88
2026.08.03	09:03:39.287			179405	7.00000000	88
2026.08.03	09:03:39.293			179410	4.00000000	56
2026.08.03	09:03:39.295			179400	1.00000000	88
2026.08.03	09:03:39.295			179410	16.00000000	56
2026.08.03	09:03:39.304			179410	9.00000000	56
2026.08.03	09:03:39.305			179405	3.00000000	88
2026.08.03	09:03:39.305			179410	6.00000000	56
2026.08.03	09:03:39.305			179415	24.00000000	56
2026.08.03	09:03:39.308			179405	12.00000000	88
2026.08.03	09:03:39.319			179400	1.00000000	88
2026.08.03	09:03:39.324			179405	1.00000000	88
2026.08.03	09:03:39.326			179410	5.00000000	56
2026.08.03	09:03:39.328			179405	5.00000000	88
2026.08.03	09:03:39.342			179410	5.00000000	56
2026.08.03	09:03:39.342			179405	8.00000000	88
2026.08.03	09:03:39.356			179410	9.00000000	56
2026.08.03	09:03:39.359			179415	31.00000000	56
2026.08.03	09:03:39.378			179415	23.00000000	56
2026.08.03	09:03:39.380			179410	15.00000000	56
2026.08.03	09:03:39.380			179405	6.00000000	88
2026.08.03	09:03:39.385			179415	6.00000000	56
2026.08.03	09:03:39.396			179410	1.00000000	56
2026.08.03	09:03:39.401			179415	1.00000000	56
2026.08.03	09:03:39.401			179410	1.00000000	56
2026.08.03	09:03:39.403			179410	1.00000000	56
2026.08.03	09:03:39.403			179415	13.00000000	56
2026.08.03	09:03:39.404			179415	3.00000000	56
2026.08.03	09:03:39.421	179415				2
2026.08.03	09:03:39.421			179420	3.00000000	56
2026.08.03	09:03:39.421		179420			4
2026.08.03	09:03:39.427			179415	1.00000000	56
2026.08.03	09:03:39.437			179415	2.00000000	88
2026.08.03	09:03:39.441			179415	4.00000000	88
2026.08.03	09:03:39.445			179415	10.00000000	88
2026.08.03	09:03:39.452			179415	1.00000000	88
2026.08.03	09:03:39.456			179415	1.00000000	88
2026.08.03	09:03:39.460			179420	1.00000000	56
2026.08.03	09:03:39.464			179420	1.00000000	56
2026.08.03	09:03:39.470			179420	22.00000000	56
2026.08.03	09:03:39.471			179415	1.00000000	88
2026.08.03	09:03:39.472			179420	1.00000000	56
2026.08.03	09:03:39.474			179415	25.00000000	88
2026.08.03	09:03:39.475			179420	2.00000000	56
2026.08.03	09:03:39.477			179415	21.00000000	88
2026.08.03	09:03:39.482			179410	3.00000000	88
2026.08.03	09:03:39.483			179405	7.00000000	88
2026.08.03	09:03:39.485			179400	2.00000000	88
2026.08.03	09:03:39.494			179405	6.00000000	88
2026.08.03	09:03:39.495			179400	1.00000000	88
2026.08.03	09:03:39.498			179405	6.00000000	88
2026.08.03	09:03:39.499			179410	1.00000000	88
2026.08.03	09:03:39.504			179410	7.00000000	88
2026.08.03	09:03:39.504			179410	3.00000000	88
2026.08.03	09:03:39.504			179405	10.00000000	88
2026.08.03	09:03:39.505			179415	1.00000000	88
2026.08.03	09:03:39.505			179405	3.00000000	88
2026.08.03	09:03:39.509			179410	2.00000000	88
2026.08.03	09:03:39.523			179405	20.00000000	88
2026.08.03	09:03:39.524			179405	1.00000000	88
2026.08.03	09:03:39.527			179400	3.00000000	88
2026.08.03	09:03:39.533			179405	1.00000000	88
2026.08.03	09:03:39.535			179400	7.00000000	88
2026.08.03	09:03:39.552			179400	3.00000000	88
2026.08.03	09:03:39.555			179405	3.00000000	88
2026.08.03	09:03:39.556			179410	5.00000000	88
2026.08.03	09:03:39.571			179415	8.00000000	88
2026.08.03	09:03:39.572			179420	10.00000000	56
2026.08.03	09:03:39.572			179425	61.00000000	56
2026.08.03	09:03:39.578			179420	11.00000000	56
2026.08.03	09:03:39.579			179415	3.00000000	88
2026.08.03	09:03:39.579			179415	2.00000000	88
2026.08.03	09:03:39.584			179410	2.00000000	88
2026.08.03	09:03:39.584			179415	5.00000000	88
2026.08.03	09:03:39.584			179410	1.00000000	88
2026.08.03	09:03:39.585			179415	1.00000000	88
2026.08.03	09:03:39.587			179415	23.00000000	88
2026.08.03	09:03:39.598			179410	1.00000000	88
2026.08.03	09:03:39.604			179420	3.00000000	56
2026.08.03	09:03:39.605			179415	1.00000000	88
2026.08.03	09:03:39.605			179420	6.00000000	56
2026.08.03	09:03:39.613			179425	6.00000000	56
2026.08.03	09:03:39.622			179415	8.00000000	88
2026.08.03	09:03:39.631			179415	4.00000000	88
2026.08.03	09:03:39.636			179415	1.00000000	88
2026.08.03	09:03:39.642			179420	4.00000000	56
2026.08.03	09:03:39.642			179425	16.00000000	56
2026.08.03	09:03:39.647			179415	5.00000000	88
2026.08.03	09:03:39.653			179410	2.00000000	88
2026.08.03	09:03:39.654			179415	2.00000000	88
2026.08.03	09:03:39.673			179420	1.00000000	56
2026.08.03	09:03:39.676			179415	4.00000000	88
2026.08.03	09:03:39.677			179420	2.00000000	56
2026.08.03	09:03:39.680			179415	11.00000000	88
2026.08.03	09:03:39.680			179410	125.00000000	88
2026.08.03	09:03:39.682			179405	12.00000000	88
2026.08.03	09:03:39.682			179410	6.00000000	88
2026.08.03	09:03:39.685			179415	4.00000000	88
2026.08.03	09:03:39.693			179415	3.00000000	88
2026.08.03	09:03:39.700			179410	26.00000000	88
2026.08.03	09:03:39.701			179405	3.00000000	88
2026.08.03	09:03:39.707			179400	17.00000000	88
2026.08.03	09:03:39.714			179395	14.00000000	88
2026.08.03	09:03:39.714			179400	5.00000000	88
2026.08.03	09:03:39.714			179395	5.00000000	88
2026.08.03	09:03:39.714			179400	1.00000000	88
2026.08.03	09:03:39.715			179405	7.00000000	88
2026.08.03	09:03:39.715			179410	3.00000000	88
2026.08.03	09:03:39.717			179405	1.00000000	88
2026.08.03	09:03:39.720			179415	1.00000000	88
2026.08.03	09:03:39.729			179410	1.00000000	88
2026.08.03	09:03:39.733			179415	3.00000000	88
2026.08.03	09:03:39.733			179420	2.00000000	56
2026.08.03	09:03:39.734			179415	3.00000000	88
2026.08.03	09:03:39.735			179410	1.00000000	88
2026.08.03	09:03:39.759			179410	2.00000000	88
2026.08.03	09:03:39.761			179405	3.00000000	88
2026.08.03	09:03:39.771			179405	3.00000000	88
2026.08.03	09:03:39.772	179405				2
2026.08.03	09:03:39.772		179410			4
2026.08.03	09:03:39.774			179410	1.00000000	88
2026.08.03	09:03:39.777			179405	1.00000000	88
2026.08.03	09:03:39.778			179410	1.00000000	88
2026.08.03	09:03:39.781			179405	1.00000000	88
2026.08.03	09:03:39.782			179410	32.00000000	88
2026.08.03	09:03:39.790			179405	16.00000000	88
2026.08.03	09:03:39.798			179410	10.00000000	88
2026.08.03	09:03:39.798			179405	16.00000000	88
2026.08.03	09:03:39.808			179400	12.00000000	88
2026.08.03	09:03:39.818			179405	1.00000000	88
2026.08.03	09:03:39.830			179400	17.00000000	88
2026.08.03	09:03:39.834			179400	11.00000000	88
2026.08.03	09:03:39.835			179405	1.00000000	88
2026.08.03	09:03:39.836			179395	6.00000000	88
2026.08.03	09:03:39.838			179400	14.00000000	88
2026.08.03	09:03:39.842			179400	1.00000000	88
2026.08.03	09:03:39.843			179400	1.00000000	88
2026.08.03	09:03:39.845			179400	13.00000000	88
2026.08.03	09:03:39.855			179405	1.00000000	88
2026.08.03	09:03:39.866			179400	8.00000000	88
2026.08.03	09:03:39.876			179405	8.00000000	88
2026.08.03	09:03:39.880			179410	7.00000000	56
2026.08.03	09:03:39.884			179415	29.00000000	56
2026.08.03	09:03:39.891			179410	14.00000000	56
2026.08.03	09:03:39.903			179415	1.00000000	56
2026.08.03	09:03:39.933			179410	1.00000000	56
2026.08.03	09:03:39.940			179415	1.00000000	56
2026.08.03	09:03:39.944			179415	10.00000000	56
2026.08.03	09:03:39.953			179410	3.00000000	56
2026.08.03	09:03:39.962			179415	3.00000000	56
2026.08.03	09:03:39.969			179420	1.00000000	56
2026.08.03	09:03:39.970			179410	58.00000000	56
2026.08.03	09:03:39.971			179405	28.00000000	88
2026.08.03	09:03:39.978			179410	3.00000000	56
2026.08.03	09:03:39.982			179405	10.00000000	88
2026.08.03	09:03:39.984			179410	1.00000000	56
2026.08.03	09:03:39.993			179405	7.00000000	88
2026.08.03	09:03:39.995			179400	42.00000000	88
2026.08.03	09:03:40.001			179395	74.00000000	88
2026.08.03	09:03:40.001			179390	13.00000000	88
2026.08.03	09:03:40.001			179395	1.00000000	88
2026.08.03	09:03:40.001			179390	10.00000000	88
2026.08.03	09:03:40.001			179395	1.00000000	88
2026.08.03	09:03:40.001			179390	2.00000000	88
2026.08.03	09:03:40.001			179395	1.00000000	88
2026.08.03	09:03:40.001			179390	78.00000000	88
2026.08.03	09:03:40.006			179395	4.00000000	88
2026.08.03	09:03:40.006			179390	3.00000000	88
2026.08.03	09:03:40.007			179395	1.00000000	88
2026.08.03	09:03:40.017			179395	3.00000000	88
2026.08.03	09:03:40.025			179390	12.00000000	88
2026.08.03	09:03:40.025			179390	6.00000000	88
2026.08.03	09:03:40.025			179385	30.00000000	88
2026.08.03	09:03:40.026			179390	5.00000000	88
2026.08.03	09:03:40.029			179395	2.00000000	88
2026.08.03	09:03:40.030			179390	2.00000000	88
2026.08.03	09:03:40.032			179395	1.00000000	88
2026.08.03	09:03:40.033			179390	1.00000000	88
2026.08.03	09:03:40.036			179395	4.00000000	88
2026.08.03	09:03:40.051			179390	8.00000000	88
2026.08.03	09:03:40.064			179390	2.00000000	88
2026.08.03	09:03:40.067			179390	7.00000000	88
2026.08.03	09:03:40.070			179395	3.00000000	88
2026.08.03	09:03:40.073			179390	2.00000000	88
2026.08.03	09:03:40.075			179395	4.00000000	88
2026.08.03	09:03:40.080			179390	1.00000000	88
2026.08.03	09:03:40.081			179395	8.00000000	88
2026.08.03	09:03:40.084			179400	1.00000000	88
2026.08.03	09:03:40.084			179395	21.00000000	88
2026.08.03	09:03:40.087			179390	64.00000000	88
2026.08.03	09:03:40.097			179395	1.00000000	88
2026.08.03	09:03:40.098			179390	8.00000000	88
2026.08.03	09:03:40.098			179385	3.00000000	88
2026.08.03	09:03:40.102			179385	10.00000000	88
2026.08.03	09:03:40.110			179385	13.00000000	88
2026.08.03	09:03:40.123	179385				2
2026.08.03	09:03:40.123		179390			4
2026.08.03	09:03:40.137			179385	10.00000000	88
2026.08.03	09:03:40.143			179390	5.00000000	56
2026.08.03	09:03:40.144			179385	6.00000000	88
2026.08.03	09:03:40.159			179385	1.00000000	88
2026.08.03	09:03:40.164			179390	20.00000000	56
2026.08.03	09:03:40.164			179395	4.00000000	56
2026.08.03	09:03:40.175			179385	6.00000000	88
2026.08.03	09:03:40.183			179385	36.00000000	88
2026.08.03	09:03:40.183			179380	19.00000000	88
2026.08.03	09:03:40.183			179380	24.00000000	88
2026.08.03	09:03:40.183			179385	5.00000000	88
2026.08.03	09:03:40.192			179390	16.00000000	56
2026.08.03	09:03:40.194			179390	1.00000000	56
2026.08.03	09:03:40.195			179385	1.00000000	88
2026.08.03	09:03:40.207			179385	5.00000000	88
2026.08.03	09:03:40.209			179385	1.00000000	88
2026.08.03	09:03:40.213			179390	2.00000000	56
2026.08.03	09:03:40.214			179385	4.00000000	88
2026.08.03	09:03:40.220			179390	1.00000000	56
2026.08.03	09:03:40.234			179385	18.00000000	88
2026.08.03	09:03:40.244			179390	12.00000000	56
2026.08.03	09:03:40.244			179390	38.00000000	56
2026.08.03	09:03:40.248			179385	1.00000000	88
2026.08.03	09:03:40.256			179385	1.00000000	88
2026.08.03	09:03:40.262			179390	4.00000000	56
2026.08.03	09:03:40.279			179385	12.00000000	88
2026.08.03	09:03:40.293			179385	5.00000000	88
2026.08.03	09:03:40.293			179380	3.00000000	88
2026.08.03	09:03:40.293			179385	12.00000000	88
2026.08.03	09:03:40.298			179380	1.00000000	88
2026.08.03	09:03:40.301			179385	1.00000000	88
2026.08.03	09:03:40.310			179380	13.00000000	88
2026.08.03	09:03:40.311			179385	18.00000000	88
2026.08.03	09:03:40.343			179385	4.00000000	88
2026.08.03	09:03:40.352			179390	10.00000000	56
2026.08.03	09:03:40.375			179385	1.00000000	88
2026.08.03	09:03:40.376			179390	2.00000000	56
2026.08.03	09:03:40.377			179390	1.00000000	56
2026.08.03	09:03:40.379			179385	3.00000000	88
2026.08.03	09:03:40.379			179380	5.00000000	88
2026.08.03	09:03:40.384			179390	2.00000000	56
2026.08.03	09:03:40.391			179385	2.00000000	88
2026.08.03	09:03:40.400			179385	1.00000000	88
2026.08.03	09:03:40.414			179385	6.00000000	88
2026.08.03	09:03:40.430			179390	1.00000000	56
2026.08.03	09:03:40.430			179385	1.00000000	88
2026.08.03	09:03:40.432			179390	1.00000000	56
2026.08.03	09:03:40.434			179385	9.00000000	88
2026.08.03	09:03:40.444			179385	11.00000000	88
2026.08.03	09:03:40.450			179385	2.00000000	88
2026.08.03	09:03:40.450			179380	1.00000000	88
2026.08.03	09:03:40.450			179385	3.00000000	88
2026.08.03	09:03:40.456			179390	12.00000000	56
2026.08.03	09:03:40.474			179385	3.00000000	88
2026.08.03	09:03:40.474			179390	1.00000000	56
2026.08.03	09:03:40.486			179385	20.00000000	88
2026.08.03	09:03:40.496			179390	1.00000000	56
2026.08.03	09:03:40.498			179385	1.00000000	88
2026.08.03	09:03:40.502			179385	3.00000000	88
2026.08.03	09:03:40.515			179385	5.00000000	88
2026.08.03	09:03:40.516			179390	4.00000000	56
2026.08.03	09:03:40.517			179385	1.00000000	88
2026.08.03	09:03:40.517			179385	4.00000000	88
2026.08.03	09:03:40.521			179390	1.00000000	56
2026.08.03	09:03:40.529			179385	1.00000000	88
2026.08.03	09:03:40.530			179390	3.00000000	56
2026.08.03	09:03:40.530			179385	8.00000000	88
2026.08.03	09:03:40.557			179385	3.00000000	88
2026.08.03	09:03:40.557			179380	7.00000000	88
2026.08.03	09:03:40.557			179385	11.00000000	88
2026.08.03	09:03:40.558			179380	22.00000000	88
2026.08.03	09:03:40.561			179380	2.00000000	88
2026.08.03	09:03:40.567			179390	1.00000000	56
2026.08.03	09:03:40.580			179385	1.00000000	88
2026.08.03	09:03:40.587			179380	9.00000000	88
2026.08.03	09:03:40.600			179380	8.00000000	88
2026.08.03	09:03:40.604			179385	3.00000000	88
2026.08.03	09:03:40.604			179380	2.00000000	88
2026.08.03	09:03:40.604			179385	3.00000000	88
2026.08.03	09:03:40.604			179390	1.00000000	56
2026.08.03	09:03:40.604			179385	3.00000000	88
2026.08.03	09:03:40.605			179385	2.00000000	88
2026.08.03	09:03:40.610			179380	4.00000000	88
2026.08.03	09:03:40.624			179380	1.00000000	88
2026.08.03	09:03:40.629			179380	10.00000000	88
2026.08.03	09:03:40.634			179385	18.00000000	88
2026.08.03	09:03:40.640			179380	11.00000000	88
2026.08.03	09:03:40.644			179380	3.00000000	88
2026.08.03	09:03:40.651			179385	7.00000000	88
2026.08.03	09:03:40.652			179390	5.00000000	56
2026.08.03	09:03:40.652			179395	19.00000000	56
2026.08.03	09:03:40.652			179395	31.00000000	56
2026.08.03	09:03:40.654			179400	8.00000000	56
2026.08.03	09:03:40.654			179405	15.00000000	56
2026.08.03	09:03:40.656			179410	9.00000000	56
2026.08.03	09:03:40.658			179405	22.00000000	56
2026.08.03	09:03:40.662			179400	11.00000000	56
2026.08.03	09:03:40.662			179395	1.00000000	56
2026.08.03	09:03:40.667			179400	13.00000000	56
2026.08.03	09:03:40.677			179405	5.00000000	56
2026.08.03	09:03:40.678			179410	7.00000000	56
2026.08.03	09:03:40.684			179410	6.00000000	56
2026.08.03	09:03:40.699			179405	1.00000000	56
2026.08.03	09:03:40.702			179415	1.00000000	56
2026.08.03	09:03:40.707			179410	3.00000000	56
2026.08.03	09:03:40.710			179410	7.00000000	56
2026.08.03	09:03:40.713			179410	8.00000000	56
2026.08.03	09:03:40.736			179410	3.00000000	56
2026.08.03	09:03:40.736			179405	2.00000000	56
2026.08.03	09:03:40.748			179410	3.00000000	56
2026.08.03	09:03:40.763			179405	31.00000000	56
2026.08.03	09:03:40.763			179400	9.00000000	56
2026.08.03	09:03:40.764			179405	1.00000000	56
2026.08.03	09:03:40.767			179400	1.00000000	56
2026.08.03	09:03:40.773			179405	2.00000000	56
2026.08.03	09:03:40.773			179410	1.00000000	56
2026.08.03	09:03:40.774			179405	3.00000000	56
2026.08.03	09:03:40.774			179410	4.00000000	56
2026.08.03	09:03:40.776			179405	3.00000000	56
2026.08.03	09:03:40.782			179405	1.00000000	56
2026.08.03	09:03:40.785			179405	1.00000000	56
2026.08.03	09:03:40.789			179410	10.00000000	56
2026.08.03	09:03:40.790			179410	1.00000000	56
2026.08.03	09:03:40.802			179415	21.00000000	56
2026.08.03	09:03:40.818			179420	4.00000000	56
2026.08.03	09:03:40.818			179415	47.00000000	120
2026.08.03	09:03:40.822	179410				2
2026.08.03	09:03:40.822		179420			4
2026.08.03	09:03:40.831			179410	31.00000000	88
2026.08.03	09:03:40.831			179405	91.00000000	88
2026.08.03	09:03:40.832			179400	27.00000000	88
2026.08.03	09:03:40.832			179405	179.00000000	88
2026.08.03	09:03:40.833			179405	9.00000000	88
2026.08.03	09:03:40.834			179410	5.00000000	88
2026.08.03	09:03:40.835			179415	2.00000000	120
2026.08.03	09:03:40.836			179410	4.00000000	88
2026.08.03	09:03:40.845			179415	5.00000000	120
2026.08.03	09:03:40.845			179410	1.00000000	88
2026.08.03	09:03:40.848			179410	12.00000000	88
2026.08.03	09:03:40.850			179415	26.00000000	120
2026.08.03	09:03:40.859			179410	6.00000000	88
2026.08.03	09:03:40.861			179415	15.00000000	120
2026.08.03	09:03:40.863			179410	1.00000000	88
2026.08.03	09:03:40.869			179415	3.00000000	120
2026.08.03	09:03:40.869			179410	12.00000000	88
2026.08.03	09:03:40.869			179415	12.00000000	120
2026.08.03	09:03:40.873			179410	8.00000000	88
2026.08.03	09:03:40.875			179405	76.00000000	88
2026.08.03	09:03:40.875			179400	31.00000000	88
2026.08.03	09:03:40.875			179410	1.00000000	88
2026.08.03	09:03:40.876			179405	3.00000000	88
2026.08.03	09:03:40.897			179400	1.00000000	88
2026.08.03	09:03:40.902			179405	1.00000000	88
2026.08.03	09:03:40.904			179405	4.00000000	88
2026.08.03	09:03:40.914			179400	2.00000000	88
2026.08.03	09:03:40.923			179405	1.00000000	88
2026.08.03	09:03:40.925			179400	16.00000000	88
2026.08.03	09:03:40.926			179395	8.00000000	88
2026.08.03	09:03:40.927			179390	20.00000000	88
2026.08.03	09:03:40.931			179385	6.00000000	88
2026.08.03	09:03:40.931			179390	12.00000000	88
2026.08.03	09:03:40.931			179385	3.00000000	88
2026.08.03	09:03:40.943			179385	1.00000000	88
2026.08.03	09:03:40.946			179390	2.00000000	88
2026.08.03	09:03:40.948			179385	8.00000000	88
2026.08.03	09:03:40.952			179380	4.00000000	88
2026.08.03	09:03:40.956			179385	4.00000000	88
2026.08.03	09:03:40.958			179390	2.00000000	88
2026.08.03	09:03:40.959			179380	1.00000000	88
2026.08.03	09:03:40.970			179380	2.00000000	88
2026.08.03	09:03:40.973			179380	1.00000000	88
2026.08.03	09:03:40.976			179385	5.00000000	88
2026.08.03	09:03:40.983			179390	1.00000000	88
2026.08.03	09:03:40.984			179380	15.00000000	88
2026.08.03	09:03:40.984			179390	1.00000000	88
2026.08.03	09:03:40.988			179385	4.00000000	88
2026.08.03	09:03:41.002			179385	3.00000000	88
2026.08.03	09:03:41.003			179380	1.00000000	88
2026.08.03	09:03:41.004			179385	9.00000000	88
2026.08.03	09:03:41.016			179390	65.00000000	88
2026.08.03	09:03:41.016			179395	9.00000000	88
2026.08.03	09:03:41.021			179385	13.00000000	88
2026.08.03	09:03:41.021			179380	57.00000000	88
2026.08.03	09:03:41.031			179385	30.00000000	88
2026.08.03	09:03:41.033			179390	2.00000000	88
2026.08.03	09:03:41.034			179380	1.00000000	88
2026.08.03	09:03:41.049			179390	6.00000000	88
2026.08.03	09:03:41.050			179385	5.00000000	88
2026.08.03	09:03:41.050			179380	6.00000000	88
2026.08.03	09:03:41.061			179380	11.00000000	88
2026.08.03	09:03:41.066			179380	4.00000000	88
2026.08.03	09:03:41.069			179380	18.00000000	88
2026.08.03	09:03:41.069			179375	26.00000000	88
2026.08.03	09:03:41.069			179375	4.00000000	88
2026.08.03	09:03:41.080			179380	11.00000000	88
2026.08.03	09:03:41.081			179375	75.00000000	88
2026.08.03	09:03:41.081			179370	63.00000000	88
2026.08.03	09:03:41.081			179375	5.00000000	88
2026.08.03	09:03:41.081			179370	1.00000000	88
2026.08.03	09:03:41.081			179375	15.00000000	88
2026.08.03	09:03:41.082			179375	17.00000000	88
2026.08.03	09:03:41.082			179370	30.00000000	88
2026.08.03	09:03:41.090			179365	37.00000000	88
2026.08.03	09:03:41.090			179370	12.00000000	88
2026.08.03	09:03:41.096			179370	9.00000000	88
2026.08.03	09:03:41.122			179375	1.00000000	88
2026.08.03	09:03:41.125			179370	9.00000000	88
2026.08.03	09:03:41.128			179370	1.00000000	88
2026.08.03	09:03:41.128			179365	4.00000000	88
2026.08.03	09:03:41.131			179370	1.00000000	88
2026.08.03	09:03:41.141			179365	3.00000000	88
2026.08.03	09:03:41.145			179370	1.00000000	88
2026.08.03	09:03:41.149			179365	6.00000000	88
2026.08.03	09:03:41.163			179365	1.00000000	88
2026.08.03	09:03:41.172			179365	1.00000000	88
2026.08.03	09:03:41.172	179365				2
2026.08.03	09:03:41.172		179370			4
2026.08.03	09:03:41.179			179370	1.00000000	88
2026.08.03	09:03:41.184			179365	2.00000000	88
2026.08.03	09:03:41.189			179370	10.00000000	56
2026.08.03	09:03:41.192			179365	1.00000000	88
2026.08.03	09:03:41.201			179370	3.00000000	56
2026.08.03	09:03:41.204			179365	38.00000000	88
2026.08.03	09:03:41.211			179360	19.00000000	88
2026.08.03	09:03:41.212			179365	14.00000000	88
2026.08.03	09:03:41.212			179360	65.00000000	88
2026.08.03	09:03:41.212			179365	3.00000000	88
2026.08.03	09:03:41.215			179370	5.00000000	56
2026.08.03	09:03:41.223			179365	4.00000000	88
2026.08.03	09:03:41.227			179365	14.00000000	88
2026.08.03	09:03:41.234			179360	4.00000000	88
2026.08.03	09:03:41.235			179365	10.00000000	88
2026.08.03	09:03:41.244			179360	10.00000000	88
2026.08.03	09:03:41.247			179365	13.00000000	88
2026.08.03	09:03:41.253			179365	28.00000000	88
2026.08.03	09:03:41.259			179370	2.00000000	56
2026.08.03	09:03:41.260			179365	4.00000000	88
2026.08.03	09:03:41.262			179360	36.00000000	88
2026.08.03	09:03:41.263			179355	18.00000000	88
2026.08.03	09:03:41.264			179360	1.00000000	88
2026.08.03	09:03:41.265			179355	2.00000000	88
2026.08.03	09:03:41.275			179355	2.00000000	88
2026.08.03	09:03:41.279			179360	20.00000000	88
2026.08.03	09:03:41.291			179355	1.00000000	88
2026.08.03	09:03:41.298			179355	1.00000000	88
2026.08.03	09:03:41.309			179360	57.00000000	88
2026.08.03	09:03:41.313			179355	6.00000000	88
2026.08.03	09:03:41.328			179360	3.00000000	88
2026.08.03	09:03:41.333			179360	1.00000000	88
2026.08.03	09:03:41.345			179355	20.00000000	88
2026.08.03	09:03:41.346			179355	9.00000000	88
2026.08.03	09:03:41.348			179350	50.00000000	88
2026.08.03	09:03:41.348			179350	1.00000000	88
2026.08.03	09:03:41.348			179355	2.00000000	88
2026.08.03	09:03:41.348			179350	11.00000000	88
2026.08.03	09:03:41.348			179355	1.00000000	88
2026.08.03	09:03:41.348			179350	26.00000000	88
2026.08.03	09:03:41.348			179355	5.00000000	88
2026.08.03	09:03:41.348			179355	4.00000000	88
2026.08.03	09:03:41.348			179350	5.00000000	88
2026.08.03	09:03:41.349			179355	4.00000000	88
2026.08.03	09:03:41.354			179360	27.00000000	88
2026.08.03	09:03:41.354			179365	49.00000000	88
2026.08.03	09:03:41.357			179370	14.00000000	56
2026.08.03	09:03:41.358			179375	27.00000000	56
2026.08.03	09:03:41.358			179370	38.00000000	56
2026.08.03	09:03:41.358			179375	1.00000000	56
2026.08.03	09:03:41.359			179370	14.00000000	56
2026.08.03	09:03:41.360			179375	33.00000000	56
2026.08.03	09:03:41.363			179370	3.00000000	56
2026.08.03	09:03:41.363			179370	5.00000000	56
2026.08.03	09:03:41.364			179365	1.00000000	88
2026.08.03	09:03:41.366			179370	25.00000000	56
2026.08.03	09:03:41.369			179365	1.00000000	88
2026.08.03	09:03:41.373			179365	1.00000000	88
2026.08.03	09:03:41.374			179370	7.00000000	56
2026.08.03	09:03:41.376			179370	25.00000000	56
2026.08.03	09:03:41.376			179375	29.00000000	56
2026.08.03	09:03:41.381			179380	25.00000000	56
2026.08.03	09:03:41.383			179375	2.00000000	56
2026.08.03	09:03:41.383			179380	2.00000000	56
2026.08.03	09:03:41.383			179385	6.00000000	56
2026.08.03	09:03:41.383			179375	1.00000000	56
2026.08.03	09:03:41.383			179380	5.00000000	56
2026.08.03	09:03:41.388			179375	1.00000000	56
2026.08.03	09:03:41.395			179375	2.00000000	56
2026.08.03	09:03:41.399			179375	1.00000000	56
2026.08.03	09:03:41.399			179380	3.00000000	56
2026.08.03	09:03:41.400			179375	1.00000000	56
2026.08.03	09:03:41.405			179375	6.00000000	56
2026.08.03	09:03:41.415			179375	28.00000000	56
2026.08.03	09:03:41.435			179380	2.00000000	56
2026.08.03	09:03:41.437			179375	20.00000000	56
2026.08.03	09:03:41.437			179370	11.00000000	56
2026.08.03	09:03:41.439			179375	1.00000000	56
2026.08.03	09:03:41.445			179380	1.00000000	56
2026.08.03	09:03:41.446			179375	10.00000000	56
2026.08.03	09:03:41.461			179380	4.00000000	56
2026.08.03	09:03:41.470			179375	2.00000000	56
2026.08.03	09:03:41.479			179375	8.00000000	56
2026.08.03	09:03:41.494			179375	5.00000000	56
2026.08.03	09:03:41.495			179380	11.00000000	56
2026.08.03	09:03:41.495			179380	16.00000000	56
2026.08.03	09:03:41.496			179380	11.00000000	56
2026.08.03	09:03:41.513			179375	11.00000000	88
2026.08.03	09:03:41.516	179375				2
2026.08.03	09:03:41.517		179380			4
2026.08.03	09:03:41.533			179380	33.00000000	56
2026.08.03	09:03:41.534			179385	37.00000000	56
2026.08.03	09:03:41.534			179380	13.00000000	56
2026.08.03	09:03:41.535			179385	10.00000000	56
2026.08.03	09:03:41.538			179390	10.00000000	56
2026.08.03	09:03:41.538			179390	15.00000000	56
2026.08.03	09:03:41.538			179395	16.00000000	56
2026.08.03	09:03:41.538			179390	10.00000000	56
2026.08.03	09:03:41.540			179395	2.00000000	56
2026.08.03	09:03:41.551			179390	10.00000000	56
2026.08.03	09:03:41.557			179390	7.00000000	56
2026.08.03	09:03:41.567			179395	1.00000000	56
2026.08.03	09:03:41.568			179385	1.00000000	56
2026.08.03	09:03:41.570			179395	1.00000000	56
2026.08.03	09:03:41.571			179385	2.00000000	56
2026.08.03	09:03:41.589			179385	1.00000000	56
2026.08.03	09:03:41.591			179390	12.00000000	56
2026.08.03	09:03:41.591			179385	19.00000000	56
2026.08.03	09:03:41.593			179390	5.00000000	56
2026.08.03	09:03:41.593			179395	13.00000000	56
2026.08.03	09:03:41.594			179400	28.00000000	56
2026.08.03	09:03:41.598			179395	1.00000000	56
2026.08.03	09:03:41.600			179400	24.00000000	56
2026.08.03	09:03:41.618			179405	22.00000000	56
2026.08.03	09:03:41.623			179400	1.00000000	56
2026.08.03	09:03:41.626			179400	4.00000000	56
2026.08.03	09:03:41.629			179405	1.00000000	56
2026.08.03	09:03:41.636			179400	2.00000000	56
2026.08.03	09:03:41.640			179405	4.00000000	56
2026.08.03	09:03:41.653			179400	10.00000000	56
2026.08.03	09:03:41.678			179405	4.00000000	56
2026.08.03	09:03:41.685			179405	1.00000000	56
2026.08.03	09:03:41.689			179405	1.00000000	56
2026.08.03	09:03:41.690			179400	4.00000000	56
2026.08.03	09:03:41.693			179400	3.00000000	56
2026.08.03	09:03:41.696			179400	3.00000000	56
2026.08.03	09:03:41.697			179405	6.00000000	56
2026.08.03	09:03:41.704			179400	20.00000000	56
2026.08.03	09:03:41.707			179400	27.00000000	56
2026.08.03	09:03:41.712			179395	5.00000000	56
2026.08.03	09:03:41.713			179400	4.00000000	56
2026.08.03	09:03:41.713			179395	9.00000000	56
2026.08.03	09:03:41.716			179400	13.00000000	56
2026.08.03	09:03:41.716			179405	12.00000000	56
2026.08.03	09:03:41.722			179395	1.00000000	56
2026.08.03	09:03:41.728			179395	9.00000000	56
2026.08.03	09:03:41.736			179395	1.00000000	56
2026.08.03	09:03:41.738			179400	1.00000000	56
2026.08.03	09:03:41.739			179395	3.00000000	56
2026.08.03	09:03:41.739			179390	2.00000000	56
2026.08.03	09:03:41.745			179395	4.00000000	56
2026.08.03	09:03:41.760			179400	10.00000000	56
2026.08.03	09:03:41.762			179400	11.00000000	56
2026.08.03	09:03:41.773			179400	1.00000000	56
2026.08.03	09:03:41.781			179400	3.00000000	56
2026.08.03	09:03:41.781			179405	2.00000000	56
2026.08.03	09:03:41.782			179395	4.00000000	56
2026.08.03	09:03:41.782			179395	14.00000000	56
2026.08.03	09:03:41.796			179390	2.00000000	56
2026.08.03	09:03:41.796			179395	14.00000000	56
2026.08.03	09:03:41.819			179400	2.00000000	56
2026.08.03	09:03:41.828			179395	5.00000000	56
2026.08.03	09:03:41.834			179400	16.00000000	56
2026.08.03	09:03:41.836			179405	5.00000000	56
2026.08.03	09:03:41.836			179400	5.00000000	56
2026.08.03	09:03:41.855			179400	15.00000000	56
2026.08.03	09:03:41.860			179400	2.00000000	56
2026.08.03	09:03:41.865			179405	4.00000000	56
2026.08.03	09:03:41.866	179405				2
2026.08.03	09:03:41.866		179410			4
2026.08.03	09:03:41.884			179410	4.00000000	56
2026.08.03	09:03:41.895			179405	11.00000000	88
2026.08.03	09:03:41.897			179400	12.00000000	88
2026.08.03	09:03:41.911			179405	4.00000000	88
2026.08.03	09:03:41.912			179400	5.00000000	88
2026.08.03	09:03:41.918			179400	6.00000000	88
2026.08.03	09:03:41.925			179400	5.00000000	88
2026.08.03	09:03:41.927			179395	2.00000000	88
2026.08.03	09:03:41.940			179400	1.00000000	88
2026.08.03	09:03:41.949			179395	5.00000000	88
2026.08.03	09:03:41.951			179400	2.00000000	88
2026.08.03	09:03:41.958			179400	6.00000000	88
2026.08.03	09:03:41.988			179400	1.00000000	88
2026.08.03	09:03:42.036			179400	1.00000000	88
2026.08.03	09:03:42.037			179405	5.00000000	88
2026.08.03	09:03:42.044			179405	3.00000000	88
2026.08.03	09:03:42.057			179405	9.00000000	88
2026.08.03	09:03:42.063			179410	7.00000000	56
2026.08.03	09:03:42.068			179405	7.00000000	88
2026.08.03	09:03:42.069			179400	5.00000000	88
2026.08.03	09:03:42.072			179395	9.00000000	88
2026.08.03	09:03:42.073			179390	4.00000000	88
2026.08.03	09:03:42.073			179395	16.00000000	88
2026.08.03	09:03:42.074			179390	3.00000000	88
2026.08.03	09:03:42.077			179385	5.00000000	88
2026.08.03	09:03:42.078			179390	3.00000000	88
2026.08.03	09:03:42.086			179385	11.00000000	88
2026.08.03	09:03:42.087			179385	20.00000000	88
2026.08.03	09:03:42.091			179380	3.00000000	88
2026.08.03	09:03:42.144			179380	24.00000000	88
2026.08.03	09:03:42.150			179375	49.00000000	88
2026.08.03	09:03:42.150			179370	13.00000000	88
2026.08.03	09:03:42.150			179375	10.00000000	88
2026.08.03	09:03:42.150			179375	5.00000000	88
2026.08.03	09:03:42.153			179380	1.00000000	88
2026.08.03	09:03:42.164			179375	6.00000000	88
2026.08.03	09:03:42.170			179375	1.00000000	88
2026.08.03	09:03:42.171			179375	8.00000000	88
2026.08.03	09:03:42.183			179375	3.00000000	88
2026.08.03	09:03:42.190			179375	1.00000000	88
2026.08.03	09:03:42.191			179375	3.00000000	88
2026.08.03	09:03:42.191			179370	3.00000000	88
2026.08.03	09:03:42.196			179370	1.00000000	88
2026.08.03	09:03:42.199			179375	1.00000000	88
2026.08.03	09:03:42.207			179370	1.00000000	88
2026.08.03	09:03:42.214			179375	7.00000000	88
2026.08.03	09:03:42.223	179375				2
2026.08.03	09:03:42.223		179380			4
2026.08.03	09:03:42.225			179380	5.00000000	120
2026.08.03	09:03:42.238			179375	9.00000000	88
2026.08.03	09:03:42.247			179370	10.00000000	88
2026.08.03	09:03:42.248			179375	4.00000000	88
2026.08.03	09:03:42.252			179380	9.00000000	56
2026.08.03	09:03:42.254			179380	8.00000000	56
2026.08.03	09:03:42.254			179385	10.00000000	56
2026.08.03	09:03:42.255			179380	2.00000000	56
2026.08.03	09:03:42.256			179375	1.00000000	88
2026.08.03	09:03:42.260			179380	12.00000000	56
2026.08.03	09:03:42.260			179385	28.00000000	56
2026.08.03	09:03:42.265			179380	9.00000000	56
2026.08.03	09:03:42.271			179375	1.00000000	88
2026.08.03	09:03:42.271			179380	9.00000000	56
2026.08.03	09:03:42.287			179380	1.00000000	56
2026.08.03	09:03:42.302			179375	1.00000000	88
2026.08.03	09:03:42.313			179380	4.00000000	56
2026.08.03	09:03:42.335			179375	1.00000000	88
2026.08.03	09:03:42.343			179380	5.00000000	56
2026.08.03	09:03:42.352			179380	2.00000000	56
2026.08.03	09:03:42.355			179385	18.00000000	56
2026.08.03	09:03:42.355			179390	8.00000000	56
2026.08.03	09:03:42.362			179380	22.00000000	56
2026.08.03	09:03:42.380			179380	1.00000000	56
2026.08.03	09:03:42.386			179380	13.00000000	56
2026.08.03	09:03:42.386			179385	10.00000000	56
2026.08.03	09:03:42.386			179385	2.00000000	56
2026.08.03	09:03:42.386			179380	3.00000000	56
2026.08.03	09:03:42.392			179385	6.00000000	56
2026.08.03	09:03:42.392			179385	6.00000000	56
2026.08.03	09:03:42.399			179390	1.00000000	56
2026.08.03	09:03:42.402			179385	2.00000000	56
2026.08.03	09:03:42.405			179390	4.00000000	56
2026.08.03	09:03:42.418			179385	8.00000000	56
2026.08.03	09:03:42.429			179390	13.00000000	56
2026.08.03	09:03:42.434			179390	6.00000000	56
2026.08.03	09:03:42.439			179385	10.00000000	56
2026.08.03	09:03:42.446			179380	1.00000000	56
2026.08.03	09:03:42.446			179385	5.00000000	56
2026.08.03	09:03:42.478			179380	1.00000000	56
2026.08.03	09:03:42.478			179385	4.00000000	56
2026.08.03	09:03:42.478			179390	1.00000000	56
2026.08.03	09:03:42.500			179380	1.00000000	56
2026.08.03	09:03:42.503			179385	1.00000000	56
2026.08.03	09:03:42.504			179380	1.00000000	56
2026.08.03	09:03:42.521			179380	4.00000000	56
2026.08.03	09:03:42.524			179385	1.00000000	56
2026.08.03	09:03:42.524			179380	3.00000000	56
2026.08.03	09:03:42.529			179385	1.00000000	56
2026.08.03	09:03:42.538			179380	6.00000000	56
2026.08.03	09:03:42.553			179380	21.00000000	56
2026.08.03	09:03:42.553			179375	79.00000000	88
2026.08.03	09:03:42.553			179380	6.00000000	56
2026.08.03	09:03:42.556			179385	4.00000000	56
2026.08.03	09:03:42.571			179380	1.00000000	56
2026.08.03	09:03:42.572	179380				2
2026.08.03	09:03:42.573		179385			4
2026.08.03	09:03:42.602			179380	2.00000000	88
2026.08.03	09:03:42.604			179385	1.00000000	56
2026.08.03	09:03:42.607			179385	1.00000000	56
2026.08.03	09:03:42.612			179385	1.00000000	56
2026.08.03	09:03:42.622			179380	7.00000000	88
2026.08.03	09:03:42.631			179385	2.00000000	56
2026.08.03	09:03:42.638			179380	10.00000000	88
2026.08.03	09:03:42.642			179380	10.00000000	88
2026.08.03	09:03:42.654			179385	14.00000000	56
2026.08.03	09:03:42.654			179390	1.00000000	56
2026.08.03	09:03:42.662			179385	1.00000000	56
2026.08.03	09:03:42.668			179385	2.00000000	56
2026.08.03	09:03:42.669			179380	1.00000000	88
2026.08.03	09:03:42.682			179385	3.00000000	56
2026.08.03	09:03:42.683			179390	21.00000000	56
2026.08.03	09:03:42.683			179395	25.00000000	56
2026.08.03	09:03:42.699			179395	11.00000000	56
2026.08.03	09:03:42.708			179390	2.00000000	56
2026.08.03	09:03:42.720			179395	1.00000000	56
2026.08.03	09:03:42.722			179395	1.00000000	56
2026.08.03	09:03:42.723			179400	17.00000000	56
2026.08.03	09:03:42.724			179395	11.00000000	56
2026.08.03	09:03:42.726			179395	6.00000000	56
2026.08.03	09:03:42.728			179390	8.00000000	56
2026.08.03	09:03:42.736			179390	10.00000000	56
2026.08.03	09:03:42.744			179385	1.00000000	56
2026.08.03	09:03:42.763			179395	7.00000000	56
2026.08.03	09:03:42.781			179400	1.00000000	56
2026.08.03	09:03:42.783			179395	5.00000000	56
2026.08.03	09:03:42.784			179400	1.00000000	56
2026.08.03	09:03:42.796			179395	10.00000000	56
2026.08.03	09:03:42.800			179390	1.00000000	56
2026.08.03	09:03:42.812			179395	2.00000000	56
2026.08.03	09:03:42.815			179390	1.00000000	56
2026.08.03	09:03:42.818			179395	2.00000000	56
2026.08.03	09:03:42.839			179390	8.00000000	56
2026.08.03	09:03:42.839			179390	7.00000000	56
2026.08.03	09:03:42.839			179395	1.00000000	56
2026.08.03	09:03:42.842			179390	1.00000000	56
2026.08.03	09:03:42.861			179390	21.00000000	56
2026.08.03	09:03:42.866			179395	4.00000000	56
2026.08.03	09:03:42.874			179390	1.00000000	56
2026.08.03	09:03:42.877			179390	1.00000000	56
2026.08.03	09:03:42.882			179395	3.00000000	56
2026.08.03	09:03:42.888			179395	1.00000000	56
2026.08.03	09:03:42.891			179390	3.00000000	56
2026.08.03	09:03:42.905			179395	2.00000000	56
2026.08.03	09:03:42.912	179390				2
2026.08.03	09:03:42.912		179395			4
2026.08.03	09:03:42.927			179390	2.00000000	56
2026.08.03	09:03:42.939			179395	1.00000000	56
2026.08.03	09:03:42.940			179390	7.00000000	88
2026.08.03	09:03:42.940			179385	5.00000000	88
2026.08.03	09:03:42.941			179390	1.00000000	88
2026.08.03	09:03:42.941			179395	11.00000000	56
2026.08.03	09:03:42.953			179400	34.00000000	56
2026.08.03	09:03:42.954			179405	35.00000000	56
2026.08.03	09:03:42.955			179405	6.00000000	56
2026.08.03	09:03:42.957			179410	2.00000000	56
2026.08.03	09:03:42.964			179410	4.00000000	56
2026.08.03	09:03:42.964			179410	30.00000000	56
2026.08.03	09:03:42.967			179405	24.00000000	56
2026.08.03	09:03:42.972			179405	1.00000000	56
2026.08.03	09:03:42.978			179405	12.00000000	56
2026.08.03	09:03:42.978			179400	88.00000000	56
2026.08.03	09:03:42.982			179400	21.00000000	56
2026.08.03	09:03:42.987			179405	2.00000000	56
2026.08.03	09:03:42.990			179400	3.00000000	56
2026.08.03	09:03:42.990			179395	17.00000000	56
2026.08.03	09:03:42.990			179400	4.00000000	56
2026.08.03	09:03:43.001			179405	1.00000000	56
2026.08.03	09:03:43.009			179400	1.00000000	56
2026.08.03	09:03:43.016			179400	3.00000000	56
2026.08.03	09:03:43.018			179405	4.00000000	56
2026.08.03	09:03:43.045			179400	31.00000000	56
2026.08.03	09:03:43.046			179405	7.00000000	56
2026.08.03	09:03:43.052			179410	5.00000000	56
2026.08.03	09:03:43.053			179405	2.00000000	56
2026.08.03	09:03:43.066			179405	1.00000000	56
2026.08.03	09:03:43.067			179405	4.00000000	56
2026.08.03	09:03:43.073			179400	16.00000000	56
2026.08.03	09:03:43.092			179405	4.00000000	56
2026.08.03	09:03:43.093			179410	28.00000000	56
2026.08.03	09:03:43.099			179405	1.00000000	56
2026.08.03	09:03:43.099			179410	15.00000000	56
2026.08.03	09:03:43.105			179415	5.00000000	56
2026.08.03	09:03:43.109			179410	26.00000000	56
2026.08.03	09:03:43.121			179405	1.00000000	56
2026.08.03	09:03:43.122			179410	1.00000000	56
2026.08.03	09:03:43.135			179410	4.00000000	56
2026.08.03	09:03:43.135			179415	1.00000000	56
2026.08.03	09:03:43.137			179405	22.00000000	56
2026.08.03	09:03:43.165			179405	1.00000000	56
2026.08.03	09:03:43.166			179405	52.00000000	56
2026.08.03	09:03:43.193			179400	17.00000000	56
2026.08.03	09:03:43.193			179400	29.00000000	56
2026.08.03	09:03:43.200			179405	1.00000000	56
2026.08.03	09:03:43.202			179405	3.00000000	56
2026.08.03	09:03:43.214			179400	2.00000000	56
2026.08.03	09:03:43.220			179395	5.00000000	56
2026.08.03	09:03:43.264			179400	1.00000000	56
2026.08.03	09:03:43.267			179400	1.00000000	56
2026.08.03	09:03:43.269			179395	64.00000000	56
2026.08.03	09:03:43.273		179400			4
2026.08.03	09:03:43.296			179395	7.00000000	120
2026.08.03	09:03:43.299			179400	4.00000000	56
2026.08.03	09:03:43.299			179395	1.00000000	120
2026.08.03	09:03:43.318			179400	2.00000000	56
2026.08.03	09:03:43.332			179395	4.00000000	120
2026.08.03	09:03:43.332			179390	1.00000000	88
2026.08.03	09:03:43.333			179395	4.00000000	120
2026.08.03	09:03:43.334			179400	1.00000000	56
2026.08.03	09:03:43.347			179395	3.00000000	120
2026.08.03	09:03:43.355			179400	2.00000000	56
2026.08.03	09:03:43.356			179395	1.00000000	120
2026.08.03	09:03:43.357			179395	1.00000000	120
2026.08.03	09:03:43.363			179395	1.00000000	120
2026.08.03	09:03:43.367			179400	3.00000000	56
2026.08.03	09:03:43.368			179395	2.00000000	120
2026.08.03	09:03:43.369			179400	2.00000000	56
2026.08.03	09:03:43.372			179395	3.00000000	120
2026.08.03	09:03:43.375			179395	4.00000000	120
2026.08.03	09:03:43.375			179390	25.00000000	88
2026.08.03	09:03:43.375			179395	5.00000000	120
2026.08.03	09:03:43.385			179400	8.00000000	56
2026.08.03	09:03:43.385			179405	4.00000000	56
2026.08.03	09:03:43.385			179410	20.00000000	56
2026.08.03	09:03:43.385			179415	20.00000000	56
2026.08.03	09:03:43.385			179420	22.00000000	56
2026.08.03	09:03:43.385			179415	1.00000000	56
2026.08.03	09:03:43.386			179420	23.00000000	56
2026.08.03	09:03:43.387			179405	2.00000000	56
2026.08.03	09:03:43.388			179410	26.00000000	56
2026.08.03	09:03:43.389			179405	12.00000000	56
2026.08.03	09:03:43.389			179410	2.00000000	56
2026.08.03	09:03:43.389			179405	7.00000000	56
2026.08.03	09:03:43.389			179405	24.00000000	56
2026.08.03	09:03:43.389			179410	3.00000000	56
2026.08.03	09:03:43.390			179405	22.00000000	56
2026.08.03	09:03:43.399			179410	24.00000000	56
2026.08.03	09:03:43.401			179415	1.00000000	56
2026.08.03	09:03:43.421			179410	16.00000000	56
2026.08.03	09:03:43.421			179405	44.00000000	56
2026.08.03	09:03:43.421			179410	10.00000000	56
2026.08.03	09:03:43.428			179405	10.00000000	56
2026.08.03	09:03:43.428			179400	10.00000000	56
2026.08.03	09:03:43.429			179410	20.00000000	56
2026.08.03	09:03:43.430			179415	16.00000000	56
2026.08.03	09:03:43.432			179410	1.00000000	56
2026.08.03	09:03:43.461			179410	18.00000000	56
2026.08.03	09:03:43.461			179410	16.00000000	56
2026.08.03	09:03:43.474			179415	10.00000000	56
2026.08.03	09:03:43.492			179410	5.00000000	56
2026.08.03	09:03:43.498			179415	1.00000000	56
2026.08.03	09:03:43.498			179410	7.00000000	56
2026.08.03	09:03:43.513			179410	2.00000000	56
2026.08.03	09:03:43.514			179415	3.00000000	56
2026.08.03	09:03:43.523			179415	5.00000000	56
2026.08.03	09:03:43.523			179410	5.00000000	56
2026.08.03	09:03:43.530			179415	10.00000000	56
2026.08.03	09:03:43.531			179410	5.00000000	56
2026.08.03	09:03:43.533			179410	2.00000000	56
2026.08.03	09:03:43.546			179415	12.00000000	56
2026.08.03	09:03:43.560			179410	1.00000000	56
2026.08.03	09:03:43.569			179410	1.00000000	56
2026.08.03	09:03:43.576			179415	1.00000000	56
2026.08.03	09:03:43.586			179410	3.00000000	56
2026.08.03	09:03:43.586			179405	2.00000000	56
2026.08.03	09:03:43.593			179405	36.00000000	56
2026.08.03	09:03:43.604			179405	19.00000000	56
2026.08.03	09:03:43.604			179400	3.00000000	56
2026.08.03	09:03:43.606			179405	1.00000000	56
2026.08.03	09:03:43.611			179410	2.00000000	56
2026.08.03	09:03:43.615			179405	5.00000000	56
2026.08.03	09:03:43.619			179410	3.00000000	56
2026.08.03	09:03:43.619	179405				2
2026.08.03	09:03:43.619		179410			4
2026.08.03	09:03:43.636			179405	1.00000000	56
2026.08.03	09:03:43.662			179410	19.00000000	56
2026.08.03	09:03:43.662			179415	1.00000000	56
2026.08.03	09:03:43.663			179410	2.00000000	56
2026.08.03	09:03:43.665			179405	5.00000000	88
2026.08.03	09:03:43.683			179405	2.00000000	88
2026.08.03	09:03:43.691			179410	20.00000000	56
2026.08.03	09:03:43.705			179410	1.00000000	56
2026.08.03	09:03:43.708			179405	4.00000000	88
2026.08.03	09:03:43.712			179410	2.00000000	56
2026.08.03	09:03:43.713			179405	1.00000000	88
2026.08.03	09:03:43.716			179410	2.00000000	56
2026.08.03	09:03:43.721			179405	1.00000000	88
2026.08.03	09:03:43.736			179410	1.00000000	56
2026.08.03	09:03:43.737			179405	3.00000000	88
2026.08.03	09:03:43.762			179405	1.00000000	88
2026.08.03	09:03:43.768			179405	1.00000000	88
2026.08.03	09:03:43.786			179405	6.00000000	88
2026.08.03	09:03:43.798			179410	1.00000000	56
2026.08.03	09:03:43.799			179405	1.00000000	88
2026.08.03	09:03:43.818			179405	5.00000000	88
2026.08.03	09:03:43.822			179410	1.00000000	56
2026.08.03	09:03:43.830			179410	1.00000000	56
2026.08.03	09:03:43.830			179405	1.00000000	88
2026.08.03	09:03:43.835			179410	1.00000000	56
2026.08.03	09:03:43.838			179405	2.00000000	88
2026.08.03	09:03:43.838			179400	5.00000000	88
2026.08.03	09:03:43.839			179405	1.00000000	88
2026.08.03	09:03:43.845			179400	1.00000000	88
2026.08.03	09:03:43.849			179400	2.00000000	88
2026.08.03	09:03:43.850			179405	1.00000000	88
2026.08.03	09:03:43.850			179410	3.00000000	56
2026.08.03	09:03:43.854			179410	1.00000000	56
2026.08.03	09:03:43.859			179405	23.00000000	88
2026.08.03	09:03:43.863			179400	1.00000000	88
2026.08.03	09:03:43.874			179405	1.00000000	88
2026.08.03	09:03:43.881			179410	1.00000000	56
2026.08.03	09:03:43.883			179410	2.00000000	56
2026.08.03	09:03:43.898			179405	2.00000000	88
2026.08.03	09:03:43.901			179405	10.00000000	88
2026.08.03	09:03:43.913			179410	27.00000000	56
2026.08.03	09:03:43.914			179415	58.00000000	56
2026.08.03	09:03:43.914			179410	5.00000000	56
2026.08.03	09:03:43.939			179410	2.00000000	56
2026.08.03	09:03:43.941			179405	18.00000000	88
2026.08.03	09:03:43.958			179400	6.00000000	88
2026.08.03	09:03:43.964			179405	7.00000000	88
2026.08.03	09:03:43.972	179400				2
2026.08.03	09:03:43.972			179410	10.00000000	56
2026.08.03	09:03:43.973		179405			4
2026.08.03	09:03:43.975			179400	27.00000000	88
2026.08.03	09:03:43.979			179405	4.00000000	56
2026.08.03	09:03:43.985			179410	15.00000000	56
2026.08.03	09:03:43.992			179400	1.00000000	88
2026.08.03	09:03:43.997			179410	10.00000000	56
2026.08.03	09:03:44.000			179400	1.00000000	88
2026.08.03	09:03:44.006			179410	1.00000000	56
2026.08.03	09:03:44.019			179405	19.00000000	56
2026.08.03	09:03:44.025			179400	40.00000000	88
2026.08.03	09:03:44.026			179405	3.00000000	56
2026.08.03	09:03:44.046			179410	55.00000000	56
2026.08.03	09:03:44.046			179415	10.00000000	56
2026.08.03	09:03:44.057			179410	1.00000000	56
2026.08.03	09:03:44.058			179410	1.00000000	56
2026.08.03	09:03:44.066			179415	51.00000000	56
2026.08.03	09:03:44.066			179410	1.00000000	56
2026.08.03	09:03:44.071			179410	2.00000000	56
2026.08.03	09:03:44.075			179415	5.00000000	56
2026.08.03	09:03:44.083			179420	45.00000000	56
2026.08.03	09:03:44.103			179415	23.00000000	56
2026.08.03	09:03:44.103			179410	2.00000000	56
2026.08.03	09:03:44.106			179420	34.00000000	56
2026.08.03	09:03:44.111			179425	17.00000000	56
2026.08.03	09:03:44.111			179420	1.00000000	56
2026.08.03	09:03:44.111			179425	9.00000000	56
2026.08.03	09:03:44.111			179420	5.00000000	56
2026.08.03	09:03:44.111			179425	3.00000000	56
2026.08.03	09:03:44.111			179420	2.00000000	56
2026.08.03	09:03:44.125			179420	2.00000000	56
2026.08.03	09:03:44.129			179415	1.00000000	56
2026.08.03	09:03:44.130			179420	1.00000000	56
2026.08.03	09:03:44.130			179415	1.00000000	56
2026.08.03	09:03:44.139			179420	12.00000000	56
2026.08.03	09:03:44.156			179415	24.00000000	56
2026.08.03	09:03:44.156			179410	50.00000000	56
2026.08.03	09:03:44.156			179405	26.00000000	56
2026.08.03	09:03:44.156			179415	26.00000000	56
2026.08.03	09:03:44.160			179420	10.00000000	56
2026.08.03	09:03:44.165			179415	1.00000000	56
2026.08.03	09:03:44.192			179420	50.00000000	56
2026.08.03	09:03:44.207			179420	5.00000000	56
2026.08.03	09:03:44.209			179415	11.00000000	56
2026.08.03	09:03:44.215			179420	1.00000000	56
2026.08.03	09:03:44.216			179415	1.00000000	56
2026.08.03	09:03:44.244			179415	21.00000000	56
2026.08.03	09:03:44.254			179410	1.00000000	56
2026.08.03	09:03:44.256			179415	1.00000000	56
2026.08.03	09:03:44.267			179410	14.00000000	56
2026.08.03	09:03:44.268			179405	4.00000000	56
2026.08.03	09:03:44.268			179405	5.00000000	56
2026.08.03	09:03:44.271			179405	1.00000000	56
2026.08.03	09:03:44.272			179410	8.00000000	56
2026.08.03	09:03:44.274			179415	1.00000000	56
2026.08.03	09:03:44.276			179415	1.00000000	56
2026.08.03	09:03:44.276			179410	1.00000000	56
2026.08.03	09:03:44.283			179410	23.00000000	56
2026.08.03	09:03:44.283			179410	1.00000000	56
2026.08.03	09:03:44.283			179405	26.00000000	56
2026.08.03	09:03:44.285			179410	1.00000000	56
2026.08.03	09:03:44.285			179415	1.00000000	56
2026.08.03	09:03:44.291			179415	4.00000000	56
2026.08.03	09:03:44.313			179410	8.00000000	56
2026.08.03	09:03:44.317			179415	1.00000000	56
2026.08.03	09:03:44.318			179410	5.00000000	56
2026.08.03	09:03:44.321			179405	1.00000000	88
2026.08.03	09:03:44.322			179410	1.00000000	88
2026.08.03	09:03:44.322			179415	16.00000000	56
2026.08.03	09:03:44.323	179410				2
2026.08.03	09:03:44.323		179415			4
2026.08.03	09:03:44.342			179420	4.00000000	56
2026.08.03	09:03:44.344			179425	22.00000000	56
2026.08.03	09:03:44.345			179430	4.00000000	56
2026.08.03	09:03:44.347			179425	1.00000000	56
2026.08.03	09:03:44.355			179430	50.00000000	56
2026.08.03	09:03:44.356			179430	15.00000000	56
2026.08.03	09:03:44.358			179425	8.00000000	56
2026.08.03	09:03:44.371			179430	3.00000000	56
2026.08.03	09:03:44.374			179430	4.00000000	56
2026.08.03	09:03:44.385			179425	7.00000000	56
2026.08.03	09:03:44.399			179430	2.00000000	56
2026.08.03	09:03:44.409			179430	1.00000000	56
2026.08.03	09:03:44.412			179425	7.00000000	56
2026.08.03	09:03:44.431			179430	1.00000000	56
2026.08.03	09:03:44.433			179430	4.00000000	56
2026.08.03	09:03:44.462			179425	1.00000000	56
2026.08.03	09:03:44.464			179430	1.00000000	56
2026.08.03	09:03:44.465			179425	4.00000000	56
2026.08.03	09:03:44.465			179420	1.00000000	56
2026.08.03	09:03:44.489			179425	27.00000000	56
2026.08.03	09:03:44.493			179420	2.00000000	56
2026.08.03	09:03:44.498			179420	15.00000000	56
2026.08.03	09:03:44.499			179415	29.00000000	56
2026.08.03	09:03:44.500			179410	16.00000000	88
2026.08.03	09:03:44.502			179405	13.00000000	88
2026.08.03	09:03:44.502			179400	2.00000000	88
2026.08.03	09:03:44.503			179405	53.00000000	88
2026.08.03	09:03:44.524			179400	1.00000000	88
2026.08.03	09:03:44.536			179405	8.00000000	88
2026.08.03	09:03:44.536			179400	4.00000000	88
2026.08.03	09:03:44.542			179405	23.00000000	88
2026.08.03	09:03:44.542			179410	27.00000000	88
2026.08.03	09:03:44.542			179400	6.00000000	88
2026.08.03	09:03:44.542			179405	2.00000000	88
2026.08.03	09:03:44.543			179400	55.00000000	88
2026.08.03	09:03:44.555			179405	1.00000000	88
2026.08.03	09:03:44.557			179400	2.00000000	88
2026.08.03	09:03:44.561			179400	40.00000000	88
2026.08.03	09:03:44.563			179405	1.00000000	88
2026.08.03	09:03:44.565			179400	1.00000000	88
2026.08.03	09:03:44.569			179405	1.00000000	88
2026.08.03	09:03:44.573			179400	1.00000000	88
2026.08.03	09:03:44.586			179405	1.00000000	88
2026.08.03	09:03:44.596			179400	1.00000000	88
2026.08.03	09:03:44.607			179400	1.00000000	88
2026.08.03	09:03:44.611			179405	1.00000000	88
2026.08.03	09:03:44.634			179405	1.00000000	88
2026.08.03	09:03:44.634			179400	2.00000000	88
2026.08.03	09:03:44.644			179405	1.00000000	88
2026.08.03	09:03:44.653			179405	1.00000000	88
2026.08.03	09:03:44.653			179400	1.00000000	88
2026.08.03	09:03:44.653			179395	1.00000000	88
2026.08.03	09:03:44.654			179400	1.00000000	88
2026.08.03	09:03:44.658			179405	1.00000000	88
2026.08.03	09:03:44.658			179400	1.00000000	88
2026.08.03	09:03:44.659			179405	3.00000000	88
2026.08.03	09:03:44.664			179395	12.00000000	88
2026.08.03	09:03:44.665			179400	1.00000000	88
2026.08.03	09:03:44.670			179400	1.00000000	88
2026.08.03	09:03:44.671			179395	6.00000000	88
2026.08.03	09:03:44.671	179390				2
2026.08.03	09:03:44.672		179395			4
2026.08.03	09:03:44.677			179390	13.00000000	88
2026.08.03	09:03:44.688			179390	8.00000000	88
2026.08.03	09:03:44.694			179385	13.00000000	88
2026.08.03	09:03:44.694			179380	27.00000000	88
2026.08.03	09:03:44.694			179385	3.00000000	88
2026.08.03	09:03:44.695			179390	1.00000000	88
2026.08.03	09:03:44.695			179385	10.00000000	88
2026.08.03	09:03:44.701			179390	56.00000000	88
2026.08.03	09:03:44.724			179385	5.00000000	88
2026.08.03	09:03:44.729			179380	4.00000000	88
2026.08.03	09:03:44.752			179380	1.00000000	88
2026.08.03	09:03:44.756			179385	24.00000000	88
2026.08.03	09:03:44.758			179390	10.00000000	88
2026.08.03	09:03:44.759			179395	8.00000000	56
2026.08.03	09:03:44.760			179390	3.00000000	88
2026.08.03	09:03:44.764			179395	3.00000000	56
2026.08.03	09:03:44.770			179390	50.00000000	88
2026.08.03	09:03:44.774			179395	5.00000000	56
2026.08.03	09:03:44.774			179395	1.00000000	56
2026.08.03	09:03:44.778			179390	1.00000000	88
2026.08.03	09:03:44.780			179390	3.00000000	88
2026.08.03	09:03:44.795			179395	3.00000000	56
2026.08.03	09:03:44.806			179390	14.00000000	88
2026.08.03	09:03:44.812			179385	1.00000000	88
2026.08.03	09:03:44.817			179385	2.00000000	88
2026.08.03	09:03:44.827			179385	4.00000000	88
2026.08.03	09:03:44.853			179390	2.00000000	88
2026.08.03	09:03:44.877			179390	1.00000000	88
2026.08.03	09:03:44.878			179390	1.00000000	88
2026.08.03	09:03:44.881			179385	1.00000000	88
2026.08.03	09:03:44.888			179385	10.00000000	88
2026.08.03	09:03:44.892			179390	1.00000000	88
2026.08.03	09:03:44.899			179385	1.00000000	88
2026.08.03	09:03:44.904			179390	10.00000000	88
2026.08.03	09:03:44.905			179385	1.00000000	88
2026.08.03	09:03:44.911			179390	3.00000000	88
2026.08.03	09:03:44.912			179385	2.00000000	88
2026.08.03	09:03:44.912			179395	3.00000000	56
2026.08.03	09:03:44.935			179390	1.00000000	88
2026.08.03	09:03:44.935			179395	1.00000000	56
2026.08.03	09:03:44.935			179390	1.00000000	88
2026.08.03	09:03:44.937			179390	1.00000000	88
2026.08.03	09:03:44.940			179390	1.00000000	88
2026.08.03	09:03:44.940			179385	8.00000000	88
2026.08.03	09:03:44.942			179390	5.00000000	88
2026.08.03	09:03:44.947			179390	5.00000000	88
2026.08.03	09:03:44.954			179395	1.00000000	56
2026.08.03	09:03:44.957			179385	3.00000000	88
2026.08.03	09:03:44.966			179390	3.00000000	88
2026.08.03	09:03:44.966			179385	17.00000000	88
2026.08.03	09:03:44.967			179390	2.00000000	88
2026.08.03	09:03:44.967			179395	2.00000000	56
2026.08.03	09:03:44.974			179390	1.00000000	88
2026.08.03	09:03:44.980			179390	2.00000000	88
2026.08.03	09:03:44.988			179395	9.00000000	56
2026.08.03	09:03:44.991			179400	9.00000000	56
2026.08.03	09:03:45.001			179405	54.00000000	56
2026.08.03	09:03:45.001			179410	75.00000000	56
2026.08.03	09:03:45.001			179415	69.00000000	56
2026.08.03	09:03:45.003			179410	3.00000000	56
2026.08.03	09:03:45.003			179405	16.00000000	56
2026.08.03	09:03:45.003			179410	1.00000000	56
2026.08.03	09:03:45.003			179410	5.00000000	56
2026.08.03	09:03:45.004			179405	2.00000000	56
2026.08.03	09:03:45.011	179405				2
2026.08.03	09:03:45.011		179410			4
2026.08.03	09:03:45.027			179405	6.00000000	88
2026.08.03	09:03:45.028			179410	2.00000000	56
2026.08.03	09:03:45.047			179410	2.00000000	56
2026.08.03	09:03:45.051			179405	3.00000000	88
2026.08.03	09:03:45.051			179410	2.00000000	56
2026.08.03	09:03:45.055			179410	4.00000000	56
2026.08.03	09:03:45.065			179405	2.00000000	88
2026.08.03	09:03:45.082			179405	2.00000000	88
2026.08.03	09:03:45.082			179410	1.00000000	56
2026.08.03	09:03:45.086			179410	1.00000000	56
2026.08.03	09:03:45.086			179405	1.00000000	88
2026.08.03	09:03:45.091			179410	1.00000000	56
2026.08.03	09:03:45.094			179405	26.00000000	88
2026.08.03	09:03:45.113			179400	1.00000000	88
2026.08.03	09:03:45.121			179400	10.00000000	88
2026.08.03	09:03:45.124			179395	45.00000000	88
2026.08.03	09:03:45.125			179400	1.00000000	88
2026.08.03	09:03:45.129			179405	1.00000000	88
2026.08.03	09:03:45.130			179400	13.00000000	88
2026.08.03	09:03:45.142			179395	1.00000000	88
2026.08.03	09:03:45.149			179400	3.00000000	88
2026.08.03	09:03:45.155			179395	13.00000000	88
2026.08.03	09:03:45.155			179390	8.00000000	88
2026.08.03	09:03:45.155			179400	2.00000000	88
2026.08.03	09:03:45.156			179395	1.00000000	88
2026.08.03	09:03:45.172			179400	15.00000000	88
2026.08.03	09:03:45.174			179395	2.00000000	88
2026.08.03	09:03:45.176			179400	3.00000000	88
2026.08.03	09:03:45.176			179405	7.00000000	88
2026.08.03	09:03:45.177			179400	6.00000000	88
2026.08.03	09:03:45.185			179395	2.00000000	88
2026.08.03	09:03:45.193			179400	1.00000000	88
2026.08.03	09:03:45.205			179400	1.00000000	88
2026.08.03	09:03:45.211			179395	5.00000000	88
2026.08.03	09:03:45.235			179395	5.00000000	88
2026.08.03	09:03:45.236			179400	5.00000000	88
2026.08.03	09:03:45.241			179395	25.00000000	88
2026.08.03	09:03:45.242			179390	26.00000000	88
2026.08.03	09:03:45.243			179395	14.00000000	88
2026.08.03	09:03:45.251			179390	1.00000000	88
2026.08.03	09:03:45.257			179395	1.00000000	88
2026.08.03	09:03:45.257			179400	2.00000000	88
2026.08.03	09:03:45.263			179390	7.00000000	88
2026.08.03	09:03:45.272			179385	10.00000000	88
2026.08.03	09:03:45.294			179385	2.00000000	88
2026.08.03	09:03:45.297			179390	12.00000000	88
2026.08.03	09:03:45.306			179395	1.00000000	88
2026.08.03	09:03:45.309			179390	1.00000000	88
2026.08.03	09:03:45.310			179395	1.00000000	88
2026.08.03	09:03:45.322			179395	1.00000000	88
2026.08.03	09:03:45.327			179395	2.00000000	88
2026.08.03	09:03:45.336			179395	11.00000000	88
2026.08.03	09:03:45.336			179400	24.00000000	88
2026.08.03	09:03:45.353			179400	2.00000000	88
2026.08.03	09:03:45.355			179400	2.00000000	88
2026.08.03	09:03:45.358			179395	1.00000000	88
2026.08.03	09:03:45.361			179400	2.00000000	88
2026.08.03	09:03:45.361			179405	3.00000000	88
2026.08.03	09:03:45.363			179395	6.00000000	56
2026.08.03	09:03:45.363			179390	4.00000000	56
2026.08.03	09:03:45.364			179395	12.00000000	56
2026.08.03	09:03:45.366			179390	5.00000000	56
2026.08.03	09:03:45.366			179385	35.00000000	88
2026.08.03	09:03:45.367			179390	6.00000000	56
2026.08.03	09:03:45.371	179385				2
2026.08.03	09:03:45.371		179390			4
2026.08.03	09:03:45.371			179385	1.00000000	88
2026.08.03	09:03:45.382			179385	10.00000000	88
2026.08.03	09:03:45.383			179380	18.00000000	88
2026.08.03	09:03:45.383			179380	1.00000000	88
2026.08.03	09:03:45.383			179385	1.00000000	88
2026.08.03	09:03:45.383			179380	59.00000000	88
2026.08.03	09:03:45.385			179375	13.00000000	88
2026.08.03	09:03:45.386			179380	5.00000000	88
2026.08.03	09:03:45.392			179375	2.00000000	88
2026.08.03	09:03:45.396			179375	17.00000000	88
2026.08.03	09:03:45.397			179375	33.00000000	88
2026.08.03	09:03:45.398			179370	40.00000000	88
2026.08.03	09:03:45.398			179375	11.00000000	88
2026.08.03	09:03:45.398			179370	1.00000000	88
2026.08.03	09:03:45.398			179375	2.00000000	88
2026.08.03	09:03:45.402			179370	8.00000000	88
2026.08.03	09:03:45.402			179365	79.00000000	88
2026.08.03	09:03:45.403			179365	43.00000000	88
2026.08.03	09:03:45.403			179370	7.00000000	88
2026.08.03	09:03:45.404			179365	11.00000000	88
2026.08.03	09:03:45.404			179370	9.00000000	88
2026.08.03	09:03:45.404			179370	5.00000000	88
2026.08.03	09:03:45.404			179365	3.00000000	88
2026.08.03	09:03:45.405			179370	16.00000000	88
2026.08.03	09:03:45.406			179375	58.00000000	88
2026.08.03	09:03:45.406			179380	28.00000000	88
2026.08.03	09:03:45.410			179380	11.00000000	88
2026.08.03	09:03:45.411			179375	26.00000000	88
2026.08.03	09:03:45.420			179380	10.00000000	88
2026.08.03	09:03:45.420			179375	1.00000000	88
2026.08.03	09:03:45.420			179380	19.00000000	88
2026.08.03	09:03:45.427			179385	2.00000000	88
2026.08.03	09:03:45.429			179380	1.00000000	88
2026.08.03	09:03:45.431			179380	5.00000000	88
2026.08.03	09:03:45.435			179385	1.00000000	88
2026.08.03	09:03:45.440			179380	2.00000000	88
2026.08.03	09:03:45.446			179380	1.00000000	88
2026.08.03	09:03:45.457			179385	13.00000000	88
2026.08.03	09:03:45.459			179380	1.00000000	88
2026.08.03	09:03:45.462			179385	1.00000000	88
2026.08.03	09:03:45.467			179380	1.00000000	88
2026.08.03	09:03:45.477			179385	1.00000000	88
2026.08.03	09:03:45.481			179385	5.00000000	88
2026.08.03	09:03:45.483			179390	5.00000000	56
2026.08.03	09:03:45.484			179395	23.00000000	56
2026.08.03	09:03:45.484			179400	30.00000000	56
2026.08.03	09:03:45.485			179395	9.00000000	56
2026.08.03	09:03:45.490			179400	7.00000000	56
2026.08.03	09:03:45.490			179395	3.00000000	56
2026.08.03	09:03:45.504			179400	5.00000000	56
2026.08.03	09:03:45.506			179395	40.00000000	56
2026.08.03	09:03:45.507			179390	26.00000000	56
2026.08.03	09:03:45.514			179395	1.00000000	56
2026.08.03	09:03:45.525			179390	1.00000000	56
2026.08.03	09:03:45.526			179390	1.00000000	56
2026.08.03	09:03:45.529			179395	11.00000000	56
2026.08.03	09:03:45.538			179390	2.00000000	56
2026.08.03	09:03:45.554			179395	2.00000000	56
2026.08.03	09:03:45.558			179395	3.00000000	56
2026.08.03	09:03:45.561			179395	1.00000000	56
2026.08.03	09:03:45.562			179400	8.00000000	56
2026.08.03	09:03:45.562			179405	2.00000000	56
2026.08.03	09:03:45.563			179395	5.00000000	56
2026.08.03	09:03:45.574			179390	24.00000000	56
2026.08.03	09:03:45.585			179385	10.00000000	88
2026.08.03	09:03:45.590			179385	1.00000000	88
2026.08.03	09:03:45.590			179390	1.00000000	56
2026.08.03	09:03:45.591			179385	2.00000000	88
2026.08.03	09:03:45.595			179390	1.00000000	56
2026.08.03	09:03:45.597			179390	3.00000000	56
2026.08.03	09:03:45.598			179385	1.00000000	88
2026.08.03	09:03:45.603			179385	1.00000000	88
2026.08.03	09:03:45.609			179385	6.00000000	88
2026.08.03	09:03:45.609			179380	86.00000000	88
2026.08.03	09:03:45.609			179375	58.00000000	88
2026.08.03	09:03:45.609			179380	12.00000000	88
2026.08.03	09:03:45.609			179375	30.00000000	88
2026.08.03	09:03:45.610			179385	15.00000000	88
2026.08.03	09:03:45.616			179390	2.00000000	56
2026.08.03	09:03:45.635			179390	1.00000000	56
2026.08.03	09:03:45.637			179385	3.00000000	88
2026.08.03	09:03:45.641			179385	10.00000000	88
2026.08.03	09:03:45.651			179380	10.00000000	88
2026.08.03	09:03:45.657			179385	25.00000000	88
2026.08.03	09:03:45.666			179390	3.00000000	56
2026.08.03	09:03:45.672			179385	10.00000000	88
2026.08.03	09:03:45.693			179385	10.00000000	88
2026.08.03	09:03:45.693			179380	3.00000000	88
2026.08.03	09:03:45.693			179380	42.00000000	88
2026.08.03	09:03:45.693			179375	45.00000000	88
2026.08.03	09:03:45.693			179385	1.00000000	88
2026.08.03	09:03:45.693			179380	2.00000000	88
2026.08.03	09:03:45.706			179385	1.00000000	88
2026.08.03	09:03:45.719			179380	1.00000000	88
2026.08.03	09:03:45.720	179380				2
2026.08.03	09:03:45.720		179385			4
2026.08.03	09:03:45.731			179380	1.00000000	88
2026.08.03	09:03:45.737			179380	7.00000000	88
2026.08.03	09:03:45.737			179375	43.00000000	88
2026.08.03	09:03:45.738			179380	14.00000000	88
2026.08.03	09:03:45.764			179380	10.00000000	88
2026.08.03	09:03:45.775			179380	1.00000000	88
2026.08.03	09:03:45.778			179385	1.00000000	56
2026.08.03	09:03:45.782			179380	1.00000000	88
2026.08.03	09:03:45.782			179385	2.00000000	56
2026.08.03	09:03:45.786			179385	1.00000000	56
2026.08.03	09:03:45.790			179380	18.00000000	88
2026.08.03	09:03:45.803			179375	2.00000000	88
2026.08.03	09:03:45.804			179380	2.00000000	88
2026.08.03	09:03:45.817			179380	7.00000000	88
2026.08.03	09:03:45.819			179375	6.00000000	88
2026.08.03	09:03:45.826			179375	4.00000000	88
2026.08.03	09:03:45.826			179370	8.00000000	88
2026.08.03	09:03:45.838			179375	10.00000000	88
2026.08.03	09:03:45.863			179375	5.00000000	88
2026.08.03	09:03:45.870			179370	2.00000000	88
2026.08.03	09:03:45.875			179375	5.00000000	88
2026.08.03	09:03:45.879			179375	1.00000000	88
2026.08.03	09:03:45.907			179375	4.00000000	88
2026.08.03	09:03:45.907			179375	8.00000000	88
2026.08.03	09:03:45.908			179380	2.00000000	88
2026.08.03	09:03:45.911			179380	2.00000000	88
2026.08.03	09:03:45.912			179375	1.00000000	88
2026.08.03	09:03:45.915			179375	1.00000000	88
2026.08.03	09:03:45.918			179380	7.00000000	88
2026.08.03	09:03:45.918			179385	31.00000000	56
2026.08.03	09:03:45.918			179385	12.00000000	56
2026.08.03	09:03:45.918			179380	3.00000000	88
2026.08.03	09:03:45.931			179375	46.00000000	88
2026.08.03	09:03:45.967			179380	1.00000000	88
2026.08.03	09:03:45.969			179375	8.00000000	88
2026.08.03	09:03:45.969			179370	17.00000000	88
2026.08.03	09:03:45.969			179380	1.00000000	88
2026.08.03	09:03:45.969			179375	4.00000000	88
2026.08.03	09:03:45.996			179375	7.00000000	88
2026.08.03	09:03:45.999			179370	14.00000000	88
2026.08.03	09:03:46.003			179375	3.00000000	88
2026.08.03	09:03:46.003			179370	2.00000000	88
2026.08.03	09:03:46.008			179375	11.00000000	88
2026.08.03	09:03:46.010			179370	22.00000000	88
2026.08.03	09:03:46.024			179375	2.00000000	88
2026.08.03	09:03:46.046			179370	9.00000000	88
2026.08.03	09:03:46.065			179370	9.00000000	56
2026.08.03	09:03:46.065			179365	14.00000000	120
2026.08.03	09:03:46.065			179370	2.00000000	56
2026.08.03	09:03:46.067			179375	1.00000000	56
2026.08.03	09:03:46.069			179370	3.00000000	56
2026.08.03	09:03:46.072			179365	34.00000000	120
2026.08.03	09:03:46.073	179360				2
2026.08.03	09:03:46.073		179370			4
2026.08.03	09:03:46.073			179370	1.00000000	56
2026.08.03	09:03:46.073			179365	5.00000000	120
2026.08.03	09:03:46.073			179360	17.00000000	88
2026.08.03	09:03:46.073			179365	7.00000000	120
2026.08.03	09:03:46.073			179360	2.00000000	88
2026.08.03	09:03:46.073			179365	3.00000000	120
2026.08.03	09:03:46.073			179360	3.00000000	88
2026.08.03	09:03:46.074			179365	5.00000000	120
2026.08.03	09:03:46.083			179370	5.00000000	56
2026.08.03	09:03:46.084			179375	5.00000000	56
2026.08.03	09:03:46.094			179370	10.00000000	56
2026.08.03	09:03:46.103			179370	2.00000000	56
2026.08.03	09:03:46.109			179375	1.00000000	56
2026.08.03	09:03:46.135			179370	2.00000000	56
2026.08.03	09:03:46.147			179370	1.00000000	56
2026.08.03	09:03:46.168			179370	1.00000000	56
2026.08.03	09:03:46.175			179375	2.00000000	56
2026.08.03	09:03:46.177			179380	7.00000000	56
2026.08.03	09:03:46.177			179375	5.00000000	56
2026.08.03	09:03:46.178			179380	73.00000000	56
2026.08.03	09:03:46.194			179375	49.00000000	56
2026.08.03	09:03:46.194			179370	69.00000000	56
2026.08.03	09:03:46.195			179370	3.00000000	56
2026.08.03	09:03:46.195			179365	91.00000000	120
2026.08.03	09:03:46.195			179360	45.00000000	88
2026.08.03	09:03:46.195			179360	43.00000000	88
2026.08.03	09:03:46.195			179370	1.00000000	56
2026.08.03	09:03:46.196			179375	1.00000000	56
2026.08.03	09:03:46.196			179370	32.00000000	56
2026.08.03	09:03:46.204			179365	15.00000000	120
2026.08.03	09:03:46.218			179365	4.00000000	120
2026.08.03	09:03:46.221			179370	1.00000000	56
2026.08.03	09:03:46.221			179365	1.00000000	120
2026.08.03	09:03:46.226			179370	2.00000000	56
2026.08.03	09:03:46.228			179365	3.00000000	120
2026.08.03	09:03:46.229			179365	1.00000000	120
2026.08.03	09:03:46.231			179370	6.00000000	56
2026.08.03	09:03:46.234			179370	5.00000000	56
2026.08.03	09:03:46.246			179365	19.00000000	120
2026.08.03	09:03:46.256			179360	5.00000000	88
2026.08.03	09:03:46.256			179355	9.00000000	88
2026.08.03	09:03:46.260			179355	2.00000000	88
2026.08.03	09:03:46.265			179355	1.00000000	88
2026.08.03	09:03:46.271			179355	10.00000000	88
2026.08.03	09:03:46.276			179355	20.00000000	88
2026.08.03	09:03:46.276			179355	2.00000000	88
2026.08.03	09:03:46.276			179350	42.00000000	88
2026.08.03	09:03:46.276			179355	6.00000000	88
2026.08.03	09:03:46.276			179350	4.00000000	88
2026.08.03	09:03:46.276			179355	5.00000000	88
2026.08.03	09:03:46.276			179350	12.00000000	88
2026.08.03	09:03:46.276			179355	6.00000000	88
2026.08.03	09:03:46.276			179350	50.00000000	88
2026.08.03	09:03:46.279			179345	23.00000000	88
2026.08.03	09:03:46.279			179345	58.00000000	88
2026.08.03	09:03:46.280			179340	18.00000000	88
2026.08.03	09:03:46.280			179345	1.00000000	88
2026.08.03	09:03:46.280			179340	3.00000000	88
2026.08.03	09:03:46.280			179345	3.00000000	88
2026.08.03	09:03:46.280			179340	51.00000000	88
2026.08.03	09:03:46.280			179340	38.00000000	88
2026.08.03	09:03:46.281			179345	14.00000000	88
2026.08.03	09:03:46.296			179345	18.00000000	88
2026.08.03	09:03:46.299			179340	2.00000000	88
2026.08.03	09:03:46.309			179340	1.00000000	88
2026.08.03	09:03:46.313			179340	43.00000000	88
2026.08.03	09:03:46.324			179335	168.00000000	88
2026.08.03	09:03:46.326			179335	3.00000000	88
2026.08.03	09:03:46.326			179335	4.00000000	88
2026.08.03	09:03:46.326			179330	92.00000000	88
2026.08.03	09:03:46.327			179335	8.00000000	88
2026.08.03	09:03:46.327			179330	33.00000000	88
2026.08.03	09:03:46.337			179325	54.00000000	88
2026.08.03	09:03:46.343			179325	8.00000000	88
2026.08.03	09:03:46.350			179325	13.00000000	88
2026.08.03	09:03:46.354			179325	6.00000000	88
2026.08.03	09:03:46.355			179325	5.00000000	88
2026.08.03	09:03:46.360			179330	5.00000000	88
2026.08.03	09:03:46.363			179330	22.00000000	88
2026.08.03	09:03:46.364			179325	5.00000000	88
2026.08.03	09:03:46.365			179325	3.00000000	88
2026.08.03	09:03:46.367			179320	2.00000000	88
2026.08.03	09:03:46.370			179320	29.00000000	88
2026.08.03	09:03:46.370			179320	46.00000000	88
2026.08.03	09:03:46.372			179325	19.00000000	88
2026.08.03	09:03:46.381			179330	16.00000000	88
2026.08.03	09:03:46.383			179335	10.00000000	88
2026.08.03	09:03:46.384			179330	14.00000000	88
2026.08.03	09:03:46.389			179335	11.00000000	88
2026.08.03	09:03:46.392			179340	14.00000000	88
2026.08.03	09:03:46.398			179335	1.00000000	88
2026.08.03	09:03:46.402			179340	13.00000000	88
2026.08.03	09:03:46.405			179335	23.00000000	88
2026.08.03	09:03:46.407			179330	17.00000000	88
2026.08.03	09:03:46.407			179335	5.00000000	88
2026.08.03	09:03:46.410			179330	14.00000000	88
2026.08.03	09:03:46.412			179335	2.00000000	88
2026.08.03	09:03:46.412			179330	2.00000000	88
2026.08.03	09:03:46.415			179325	2.00000000	88
2026.08.03	09:03:46.416			179330	5.00000000	88
2026.08.03	09:03:46.417			179335	3.00000000	88
2026.08.03	09:03:46.417			179330	1.00000000	88
2026.08.03	09:03:46.417	179330				2
2026.08.03	09:03:46.417		179335			4
2026.08.03	09:03:46.424			179330	5.00000000	88
2026.08.03	09:03:46.425			179335	19.00000000	56
2026.08.03	09:03:46.426			179330	1.00000000	88
2026.08.03	09:03:46.426			179335	1.00000000	56
2026.08.03	09:03:46.426			179330	15.00000000	88
2026.08.03	09:03:46.431			179325	2.00000000	88
2026.08.03	09:03:46.431			179330	2.00000000	88
2026.08.03	09:03:46.438			179330	1.00000000	88
2026.08.03	09:03:46.447			179325	8.00000000	88
2026.08.03	09:03:46.452			179330	37.00000000	88
2026.08.03	09:03:46.462			179325	26.00000000	88
2026.08.03	09:03:46.469			179330	1.00000000	88
2026.08.03	09:03:46.469			179325	2.00000000	88
2026.08.03	09:03:46.469			179320	4.00000000	88
2026.08.03	09:03:46.475			179320	1.00000000	88
2026.08.03	09:03:46.477			179330	3.00000000	88
2026.08.03	09:03:46.478			179320	3.00000000	88
2026.08.03	09:03:46.481			179320	5.00000000	88
2026.08.03	09:03:46.483			179320	2.00000000	88
2026.08.03	09:03:46.486			179330	27.00000000	88
2026.08.03	09:03:46.488			179335	2.00000000	56
2026.08.03	09:03:46.489			179330	7.00000000	88
2026.08.03	09:03:46.490			179325	22.00000000	88
2026.08.03	09:03:46.490			179325	4.00000000	88
2026.08.03	09:03:46.490			179320	27.00000000	88
2026.08.03	09:03:46.490			179325	12.00000000	88
2026.08.03	09:03:46.491			179320	3.00000000	88
2026.08.03	09:03:46.492			179325	1.00000000	88
2026.08.03	09:03:46.493			179330	5.00000000	88
2026.08.03	09:03:46.493			179325	5.00000000	88
2026.08.03	09:03:46.501			179330	1.00000000	88
2026.08.03	09:03:46.512			179325	1.00000000	88
2026.08.03	09:03:46.519			179330	5.00000000	88
2026.08.03	09:03:46.522			179325	6.00000000	88
2026.08.03	09:03:46.524			179320	3.00000000	88
2026.08.03	09:03:46.528			179325	1.00000000	88
2026.08.03	09:03:46.530			179320	7.00000000	88
2026.08.03	09:03:46.540			179320	4.00000000	88
2026.08.03	09:03:46.542			179325	13.00000000	88
2026.08.03	09:03:46.542			179325	12.00000000	88
2026.08.03	09:03:46.546			179320	87.00000000	88
2026.08.03	09:03:46.547			179315	18.00000000	88
2026.08.03	09:03:46.547			179320	3.00000000	88
2026.08.03	09:03:46.547			179315	6.00000000	88
2026.08.03	09:03:46.547			179320	3.00000000	88
2026.08.03	09:03:46.547			179315	3.00000000	88
2026.08.03	09:03:46.547			179320	1.00000000	88
2026.08.03	09:03:46.547			179315	2.00000000	88
2026.08.03	09:03:46.548			179320	9.00000000	88
2026.08.03	09:03:46.555			179325	2.00000000	88
2026.08.03	09:03:46.557			179320	7.00000000	88
2026.08.03	09:03:46.562			179325	1.00000000	88
2026.08.03	09:03:46.563			179320	11.00000000	88
2026.08.03	09:03:46.568			179325	2.00000000	88
2026.08.03	09:03:46.577			179325	1.00000000	88
2026.08.03	09:03:46.577			179320	6.00000000	88
2026.08.03	09:03:46.582			179325	2.00000000	88
2026.08.03	09:03:46.589			179320	1.00000000	88
2026.08.03	09:03:46.595			179315	57.00000000	88
2026.08.03	09:03:46.601			179310	27.00000000	88
2026.08.03	09:03:46.602			179305	59.00000000	88
2026.08.03	09:03:46.602			179310	10.00000000	88
2026.08.03	09:03:46.611			179305	1.00000000	88
2026.08.03	09:03:46.613			179305	5.00000000	88
2026.08.03	09:03:46.621			179310	1.00000000	88
2026.08.03	09:03:46.623			179305	1.00000000	88
2026.08.03	09:03:46.623			179305	46.00000000	88
2026.08.03	09:03:46.623			179300	8.00000000	88
2026.08.03	09:03:46.624			179305	5.00000000	88
2026.08.03	09:03:46.624			179300	6.00000000	88
2026.08.03	09:03:46.624			179305	2.00000000	88
2026.08.03	09:03:46.624			179305	1.00000000	88
2026.08.03	09:03:46.624			179300	1.00000000	88
2026.08.03	09:03:46.624			179305	10.00000000	88
2026.08.03	09:03:46.624			179300	25.00000000	88
2026.08.03	09:03:46.624			179310	1.00000000	88
2026.08.03	09:03:46.624			179305	9.00000000	88
2026.08.03	09:03:46.632			179300	16.00000000	88
2026.08.03	09:03:46.652			179305	1.00000000	88
2026.08.03	09:03:46.654			179300	15.00000000	88
2026.08.03	09:03:46.657			179300	1.00000000	88
2026.08.03	09:03:46.658			179300	2.00000000	88
2026.08.03	09:03:46.661			179300	23.00000000	88
2026.08.03	09:03:46.662			179300	25.00000000	88
2026.08.03	09:03:46.663			179295	27.00000000	88
2026.08.03	09:03:46.664			179290	13.00000000	88
2026.08.03	09:03:46.664			179295	7.00000000	88
2026.08.03	09:03:46.664			179290	1.00000000	88
2026.08.03	09:03:46.664			179295	4.00000000	88
2026.08.03	09:03:46.664			179290	8.00000000	88
2026.08.03	09:03:46.664			179295	3.00000000	88
2026.08.03	09:03:46.665			179290	9.00000000	88
2026.08.03	09:03:46.665			179290	4.00000000	88
2026.08.03	09:03:46.665			179295	1.00000000	88
2026.08.03	09:03:46.665			179290	1.00000000	88
2026.08.03	09:03:46.665			179295	1.00000000	88
2026.08.03	09:03:46.665			179290	4.00000000	88
2026.08.03	09:03:46.665			179295	7.00000000	88
2026.08.03	09:03:46.665			179290	15.00000000	88
2026.08.03	09:03:46.665			179295	12.00000000	88
2026.08.03	09:03:46.665			179300	2.00000000	88
2026.08.03	09:03:46.665			179295	6.00000000	88
2026.08.03	09:03:46.666			179300	2.00000000	88
2026.08.03	09:03:46.666			179300	7.00000000	88
2026.08.03	09:03:46.672			179300	6.00000000	88
2026.08.03	09:03:46.677			179295	1.00000000	88
2026.08.03	09:03:46.689			179295	1.00000000	88
2026.08.03	09:03:46.689			179300	5.00000000	88
2026.08.03	09:03:46.690			179295	1.00000000	88
2026.08.03	09:03:46.690			179300	6.00000000	88
2026.08.03	09:03:46.697			179295	30.00000000	88
2026.08.03	09:03:46.703			179290	12.00000000	88
2026.08.03	09:03:46.704			179295	2.00000000	88
2026.08.03	09:03:46.708			179300	4.00000000	88
2026.08.03	09:03:46.710			179295	3.00000000	88
2026.08.03	09:03:46.710			179290	2.00000000	88
2026.08.03	09:03:46.714			179295	1.00000000	88
2026.08.03	09:03:46.714			179300	11.00000000	88
2026.08.03	09:03:46.722			179300	2.00000000	88
2026.08.03	09:03:46.727			179300	1.00000000	88
2026.08.03	09:03:46.734			179295	1.00000000	88
2026.08.03	09:03:46.734			179300	1.00000000	88
2026.08.03	09:03:46.736			179295	5.00000000	88
2026.08.03	09:03:46.741			179295	1.00000000	88
2026.08.03	09:03:46.753			179295	10.00000000	88
2026.08.03	09:03:46.755			179300	60.00000000	88
2026.08.03	09:03:46.755			179305	45.00000000	88
2026.08.03	09:03:46.755			179310	75.00000000	88
2026.08.03	09:03:46.755			179315	20.00000000	88
2026.08.03	09:03:46.756			179305	13.00000000	88
2026.08.03	09:03:46.757			179300	1.00000000	88
2026.08.03	09:03:46.758			179305	2.00000000	88
2026.08.03	09:03:46.764			179300	7.00000000	88
2026.08.03	09:03:46.764			179295	8.00000000	88
2026.08.03	09:03:46.765			179300	12.00000000	88
2026.08.03	09:03:46.771	179300				2
2026.08.03	09:03:46.771		179305			4
2026.08.03	09:03:46.775			179300	1.00000000	88
2026.08.03	09:03:46.779			179305	8.00000000	88
2026.08.03	09:03:46.779			179300	2.00000000	88
2026.08.03	09:03:46.780			179300	9.00000000	88
2026.08.03	09:03:46.780			179295	14.00000000	88
2026.08.03	09:03:46.780			179295	33.00000000	88
2026.08.03	09:03:46.782			179290	2.00000000	88
2026.08.03	09:03:46.787			179295	10.00000000	88
2026.08.03	09:03:46.789			179300	18.00000000	88
2026.08.03	09:03:46.790			179305	11.00000000	56
2026.08.03	09:03:46.790			179300	1.00000000	88
2026.08.03	09:03:46.790			179305	17.00000000	56
2026.08.03	09:03:46.791			179305	24.00000000	56
2026.08.03	09:03:46.796			179300	24.00000000	88
2026.08.03	09:03:46.805			179305	4.00000000	56
2026.08.03	09:03:46.808			179300	1.00000000	88
2026.08.03	09:03:46.809			179305	1.00000000	56
2026.08.03	09:03:46.824			179300	3.00000000	88
2026.08.03	09:03:46.827			179295	1.00000000	88
2026.08.03	09:03:46.828			179305	14.00000000	56
2026.08.03	09:03:46.828			179310	29.00000000	56
2026.08.03	09:03:46.829			179315	19.00000000	56
2026.08.03	09:03:46.832			179310	1.00000000	56
2026.08.03	09:03:46.833			179315	4.00000000	56
2026.08.03	09:03:46.836			179320	11.00000000	56
2026.08.03	09:03:46.840			179315	8.00000000	56
2026.08.03	09:03:46.854			179320	2.00000000	56
2026.08.03	09:03:46.863			179320	2.00000000	56
2026.08.03	09:03:46.864			179315	35.00000000	56
2026.08.03	09:03:46.865			179310	96.00000000	56
2026.08.03	09:03:46.865			179305	99.00000000	56
2026.08.03	09:03:46.865			179300	21.00000000	88
2026.08.03	09:03:46.866			179315	9.00000000	56
2026.08.03	09:03:46.867			179310	1.00000000	56
2026.08.03	09:03:46.867			179315	3.00000000	56
2026.08.03	09:03:46.867			179310	2.00000000	56
2026.08.03	09:03:46.867			179315	9.00000000	56
2026.08.03	09:03:46.867			179310	1.00000000	56
2026.08.03	09:03:46.867			179310	1.00000000	56
2026.08.03	09:03:46.867			179315	21.00000000	56
2026.08.03	09:03:46.868			179310	7.00000000	56
2026.08.03	09:03:46.868			179315	18.00000000	56
2026.08.03	09:03:46.869			179310	19.00000000	56
2026.08.03	09:03:46.873			179305	8.00000000	56
2026.08.03	09:03:46.881			179300	25.00000000	88
2026.08.03	09:03:46.890			179300	20.00000000	88
2026.08.03	09:03:46.893			179300	18.00000000	88
2026.08.03	09:03:46.901			179295	18.00000000	88
2026.08.03	09:03:46.901			179300	2.00000000	88
2026.08.03	09:03:46.907			179305	20.00000000	56
2026.08.03	09:03:46.923			179305	10.00000000	56
2026.08.03	09:03:46.923			179310	5.00000000	56
2026.08.03	09:03:46.923			179310	2.00000000	56
2026.08.03	09:03:46.924			179305	5.00000000	56
2026.08.03	09:03:46.935			179305	2.00000000	56
2026.08.03	09:03:46.943			179310	3.00000000	56
2026.08.03	09:03:46.944			179305	3.00000000	56
2026.08.03	09:03:46.946			179310	3.00000000	56
2026.08.03	09:03:46.947			179315	4.00000000	56
2026.08.03	09:03:46.947			179320	5.00000000	56
2026.08.03	09:03:46.951			179315	24.00000000	56
2026.08.03	09:03:46.959			179310	5.00000000	56
2026.08.03	09:03:46.965			179305	1.00000000	56
2026.08.03	09:03:46.970			179305	4.00000000	56
2026.08.03	09:03:46.979			179305	1.00000000	56
2026.08.03	09:03:46.996			179305	15.00000000	56
2026.08.03	09:03:46.996			179300	1.00000000	88
2026.08.03	09:03:46.997			179305	1.00000000	56
2026.08.03	09:03:46.997			179300	2.00000000	88
2026.08.03	09:03:47.000			179300	3.00000000	88
2026.08.03	09:03:47.007			179300	11.00000000	88
2026.08.03	09:03:47.009			179295	6.00000000	88
2026.08.03	09:03:47.014			179300	5.00000000	88
2026.08.03	09:03:47.021			179295	26.00000000	88
2026.08.03	09:03:47.025			179290	1.00000000	88
2026.08.03	09:03:47.027			179295	1.00000000	88
2026.08.03	09:03:47.027			179300	4.00000000	88
2026.08.03	09:03:47.027			179295	13.00000000	88
2026.08.03	09:03:47.031			179300	5.00000000	88
2026.08.03	09:03:47.049			179295	2.00000000	88
2026.08.03	09:03:47.049			179290	3.00000000	88
2026.08.03	09:03:47.049			179295	3.00000000	88
2026.08.03	09:03:47.052			179290	1.00000000	88
2026.08.03	09:03:47.053			179290	6.00000000	88
2026.08.03	09:03:47.059			179290	1.00000000	88
2026.08.03	09:03:47.067			179290	10.00000000	88
2026.08.03	09:03:47.085			179290	1.00000000	88
2026.08.03	09:03:47.088			179290	2.00000000	88
2026.08.03	09:03:47.097			179290	7.00000000	88
2026.08.03	09:03:47.102			179290	1.00000000	88
2026.08.03	09:03:47.102			179295	10.00000000	88
2026.08.03	09:03:47.102			179290	2.00000000	88
2026.08.03	09:03:47.105			179295	7.00000000	88
2026.08.03	09:03:47.114			179300	9.00000000	56
2026.08.03	09:03:47.119			179295	1.00000000	88
2026.08.03	09:03:47.119			179300	2.00000000	56
2026.08.03	09:03:47.120	179295				2
2026.08.03	09:03:47.120		179300			4
2026.08.03	09:03:47.120			179295	3.00000000	88
2026.08.03	09:03:47.137			179300	11.00000000	56
2026.08.03	09:03:47.139			179295	16.00000000	88
2026.08.03	09:03:47.139			179290	9.00000000	88
2026.08.03	09:03:47.139			179295	2.00000000	88
2026.08.03	09:03:47.144			179300	4.00000000	56
2026.08.03	09:03:47.157			179305	1.00000000	56
2026.08.03	09:03:47.157			179300	2.00000000	56
2026.08.03	09:03:47.158			179300	2.00000000	56
2026.08.03	09:03:47.158			179305	2.00000000	56
2026.08.03	09:03:47.159			179300	17.00000000	56
2026.08.03	09:03:47.159			179295	3.00000000	88
2026.08.03	09:03:47.161			179300	2.00000000	56
2026.08.03	09:03:47.168			179300	5.00000000	56
2026.08.03	09:03:47.173			179305	3.00000000	56
2026.08.03	09:03:47.177			179300	1.00000000	56
2026.08.03	09:03:47.178			179305	18.00000000	56
2026.08.03	09:03:47.182			179310	8.00000000	56
2026.08.03	09:03:47.195			179310	7.00000000	56
2026.08.03	09:03:47.218			179310	2.00000000	56
2026.08.03	09:03:47.220			179310	1.00000000	56
2026.08.03	09:03:47.220			179315	19.00000000	56
2026.08.03	09:03:47.223			179310	1.00000000	56
2026.08.03	09:03:47.229			179310	3.00000000	56
2026.08.03	09:03:47.239			179310	103.00000000	56
2026.08.03	09:03:47.245			179315	18.00000000	56
2026.08.03	09:03:47.246			179320	2.00000000	56
2026.08.03	09:03:47.260			179315	1.00000000	56
2026.08.03	09:03:47.261			179320	1.00000000	56
2026.08.03	09:03:47.261			179315	11.00000000	56
2026.08.03	09:03:47.264			179315	22.00000000	56
2026.08.03	09:03:47.264			179310	58.00000000	56
2026.08.03	09:03:47.265			179315	13.00000000	56
2026.08.03	09:03:47.275			179320	1.00000000	56
2026.08.03	09:03:47.275			179315	2.00000000	56
2026.08.03	09:03:47.277			179310	1.00000000	56
2026.08.03	09:03:47.277			179310	36.00000000	56
2026.08.03	09:03:47.280			179315	2.00000000	56
2026.08.03	09:03:47.292			179320	43.00000000	56
2026.08.03	09:03:47.298			179315	7.00000000	56
2026.08.03	09:03:47.299			179320	1.00000000	56
2026.08.03	09:03:47.301			179315	10.00000000	56
2026.08.03	09:03:47.301			179320	3.00000000	56
2026.08.03	09:03:47.312			179315	18.00000000	56
2026.08.03	09:03:47.312			179310	2.00000000	56
2026.08.03	09:03:47.314			179315	13.00000000	56
2026.08.03	09:03:47.314			179310	13.00000000	56
2026.08.03	09:03:47.314			179315	1.00000000	56
2026.08.03	09:03:47.317			179315	2.00000000	56
2026.08.03	09:03:47.318			179310	1.00000000	56
2026.08.03	09:03:47.321			179310	2.00000000	56
2026.08.03	09:03:47.326			179310	1.00000000	56
2026.08.03	09:03:47.329			179315	10.00000000	56
2026.08.03	09:03:47.333			179320	1.00000000	56
2026.08.03	09:03:47.333			179315	29.00000000	56
2026.08.03	09:03:47.350			179310	6.00000000	56
2026.08.03	09:03:47.351			179315	1.00000000	56
2026.08.03	09:03:47.352			179320	18.00000000	56
2026.08.03	09:03:47.352			179325	59.00000000	56
2026.08.03	09:03:47.354			179330	10.00000000	56
2026.08.03	09:03:47.354			179325	8.00000000	56
2026.08.03	09:03:47.356			179320	4.00000000	56
2026.08.03	09:03:47.370			179325	6.00000000	56
2026.08.03	09:03:47.371			179320	12.00000000	56
2026.08.03	09:03:47.372			179325	5.00000000	56
2026.08.03	09:03:47.377			179330	3.00000000	56
2026.08.03	09:03:47.382			179325	9.00000000	56
2026.08.03	09:03:47.386			179320	3.00000000	56
2026.08.03	09:03:47.402			179325	1.00000000	56
2026.08.03	09:03:47.405			179330	70.00000000	56
2026.08.03	09:03:47.407			179335	16.00000000	56
2026.08.03	09:03:47.409			179340	9.00000000	56
2026.08.03	09:03:47.409			179345	2.00000000	56
2026.08.03	09:03:47.409			179340	1.00000000	56
2026.08.03	09:03:47.409			179345	24.00000000	56
2026.08.03	09:03:47.409			179340	1.00000000	56
2026.08.03	09:03:47.409			179345	11.00000000	56
2026.08.03	09:03:47.410			179335	1.00000000	56
2026.08.03	09:03:47.410			179340	6.00000000	56
2026.08.03	09:03:47.411			179335	26.00000000	56
2026.08.03	09:03:47.412			179330	22.00000000	56
2026.08.03	09:03:47.415			179325	2.00000000	56
2026.08.03	09:03:47.419			179330	5.00000000	56
2026.08.03	09:03:47.419			179335	5.00000000	56
2026.08.03	09:03:47.420			179330	2.00000000	56
2026.08.03	09:03:47.422			179330	8.00000000	56
2026.08.03	09:03:47.425			179325	2.00000000	56
2026.08.03	09:03:47.429			179330	2.00000000	56
2026.08.03	09:03:47.431			179330	1.00000000	56
2026.08.03	09:03:47.435			179325	11.00000000	56
2026.08.03	09:03:47.436			179330	12.00000000	56
2026.08.03	09:03:47.436			179325	8.00000000	56
2026.08.03	09:03:47.445			179330	1.00000000	56
2026.08.03	09:03:47.449			179325	5.00000000	56
2026.08.03	09:03:47.449			179320	15.00000000	56
2026.08.03	09:03:47.453			179325	15.00000000	56
2026.08.03	09:03:47.462			179320	1.00000000	56
2026.08.03	09:03:47.463			179325	4.00000000	56
2026.08.03	09:03:47.463			179320	25.00000000	56
2026.08.03	09:03:47.464			179315	38.00000000	88
2026.08.03	09:03:47.465			179320	4.00000000	88
2026.08.03	09:03:47.466			179315	1.00000000	88
2026.08.03	09:03:47.468			179320	9.00000000	88
2026.08.03	09:03:47.469			179325	22.00000000	56
2026.08.03	09:03:47.471	179320				2
2026.08.03	09:03:47.471		179325			4
2026.08.03	09:03:47.478			179320	24.00000000	88
2026.08.03	09:03:47.484			179315	12.00000000	88
2026.08.03	09:03:47.493			179315	2.00000000	88
2026.08.03	09:03:47.495			179310	24.00000000	88
2026.08.03	09:03:47.495			179305	7.00000000	88
2026.08.03	09:03:47.495			179315	2.00000000	88
2026.08.03	09:03:47.495			179310	2.00000000	88
2026.08.03	09:03:47.497			179315	2.00000000	88
2026.08.03	09:03:47.499			179310	1.00000000	88
2026.08.03	09:03:47.499			179315	9.00000000	88
2026.08.03	09:03:47.503			179310	2.00000000	88
2026.08.03	09:03:47.503			179315	1.00000000	88
2026.08.03	09:03:47.507			179310	5.00000000	88
2026.08.03	09:03:47.511			179315	2.00000000	88
2026.08.03	09:03:47.512			179320	10.00000000	88
2026.08.03	09:03:47.520			179310	2.00000000	88
2026.08.03	09:03:47.523			179310	6.00000000	88
2026.08.03	09:03:47.523			179315	3.00000000	88
2026.08.03	09:03:47.524			179310	4.00000000	88
2026.08.03	09:03:47.527			179305	7.00000000	88
2026.08.03	09:03:47.530			179300	1.00000000	88
2026.08.03	09:03:47.535			179305	4.00000000	88
2026.08.03	09:03:47.536			179310	2.00000000	88
2026.08.03	09:03:47.537			179305	21.00000000	88
2026.08.03	09:03:47.544			179300	11.00000000	88
2026.08.03	09:03:47.544			179295	4.00000000	88
2026.08.03	09:03:47.545			179305	2.00000000	88
2026.08.03	09:03:47.555			179295	4.00000000	88
2026.08.03	09:03:47.557			179295	5.00000000	88
2026.08.03	09:03:47.560			179300	1.00000000	88
2026.08.03	09:03:47.572			179300	1.00000000	88
2026.08.03	09:03:47.572			179295	2.00000000	88
2026.08.03	09:03:47.573			179295	5.00000000	88
2026.08.03	09:03:47.577			179290	4.00000000	88
2026.08.03	09:03:47.583			179295	5.00000000	88
2026.08.03	09:03:47.583			179300	20.00000000	88
2026.08.03	09:03:47.584			179305	10.00000000	88
2026.08.03	09:03:47.586			179310	1.00000000	88
2026.08.03	09:03:47.593			179305	4.00000000	88
2026.08.03	09:03:47.594			179300	2.00000000	88
2026.08.03	09:03:47.601			179300	1.00000000	88
2026.08.03	09:03:47.607			179300	15.00000000	88
2026.08.03	09:03:47.607			179300	6.00000000	88
2026.08.03	09:03:47.607			179305	12.00000000	88
2026.08.03	09:03:47.613			179305	9.00000000	88
2026.08.03	09:03:47.620			179300	3.00000000	88
2026.08.03	09:03:47.622			179300	2.00000000	88
2026.08.03	09:03:47.622			179305	8.00000000	88
2026.08.03	09:03:47.625			179305	4.00000000	88
2026.08.03	09:03:47.625			179300	16.00000000	88
2026.08.03	09:03:47.626			179310	30.00000000	88
2026.08.03	09:03:47.627			179315	6.00000000	88
2026.08.03	09:03:47.642			179315	1.00000000	88
2026.08.03	09:03:47.642			179310	4.00000000	88
2026.08.03	09:03:47.643			179320	18.00000000	88
2026.08.03	09:03:47.643			179325	18.00000000	56
2026.08.03	09:03:47.648			179320	1.00000000	88
2026.08.03	09:03:47.648			179325	6.00000000	56
2026.08.03	09:03:47.663			179320	9.00000000	88
2026.08.03	09:03:47.672			179325	3.00000000	56
2026.08.03	09:03:47.682			179320	2.00000000	88
2026.08.03	09:03:47.684			179320	5.00000000	88
2026.08.03	09:03:47.695			179325	8.00000000	56
2026.08.03	09:03:47.696			179330	5.00000000	56
2026.08.03	09:03:47.696			179325	1.00000000	56
2026.08.03	09:03:47.705			179330	7.00000000	56
2026.08.03	09:03:47.716			179335	1.00000000	56
2026.08.03	09:03:47.719			179330	5.00000000	56
2026.08.03	09:03:47.722			179335	2.00000000	56
2026.08.03	09:03:47.723			179330	1.00000000	56
2026.08.03	09:03:47.728			179330	2.00000000	56
2026.08.03	09:03:47.732			179330	8.00000000	56
2026.08.03	09:03:47.732			179325	22.00000000	56
2026.08.03	09:03:47.738			179320	48.00000000	88
2026.08.03	09:03:47.744			179315	2.00000000	88
2026.08.03	09:03:47.769			179315	3.00000000	88
2026.08.03	09:03:47.776			179320	12.00000000	88
2026.08.03	09:03:47.776			179315	2.00000000	88
2026.08.03	09:03:47.780			179320	3.00000000	88
2026.08.03	09:03:47.788			179315	3.00000000	88
2026.08.03	09:03:47.803			179320	2.00000000	88
2026.08.03	09:03:47.809			179325	1.00000000	56
2026.08.03	09:03:47.830			179320	1.00000000	88
2026.08.03	09:03:47.831			179325	9.00000000	56
2026.08.03	09:03:47.832			179330	7.00000000	56
2026.08.03	09:03:47.836			179335	8.00000000	56
2026.08.03	09:03:47.836			179340	7.00000000	56
2026.08.03	09:03:47.840			179330	17.00000000	56
2026.08.03	09:03:47.848			179325	37.00000000	56
2026.08.03	09:03:47.848			179330	15.00000000	56
2026.08.03	09:03:47.853			179335	5.00000000	56
2026.08.03	09:03:47.856			179325	1.00000000	56
2026.08.03	09:03:47.865			179325	12.00000000	56
2026.08.03	09:03:47.877			179330	20.00000000	56
2026.08.03	09:03:47.900			179330	16.00000000	56
2026.08.03	09:03:47.914			179335	1.00000000	56
2026.08.03	09:03:47.916			179330	6.00000000	56
2026.08.03	09:03:47.924			179325	21.00000000	56
2026.08.03	09:03:47.928			179330	1.00000000	56
2026.08.03	09:03:47.932			179320	2.00000000	88
2026.08.03	09:03:47.933			179320	1.00000000	88
2026.08.03	09:03:47.933			179315	1.00000000	88
2026.08.03	09:03:47.947			179315	3.00000000	88
2026.08.03	09:03:47.970			179320	2.00000000	88
2026.08.03	09:03:47.970			179325	3.00000000	56
2026.08.03	09:03:47.983			179325	5.00000000	56
2026.08.03	09:03:47.993			179320	16.00000000	88
2026.08.03	09:03:47.993			179315	4.00000000	88
2026.08.03	09:03:47.993			179325	3.00000000	56
2026.08.03	09:03:47.997			179330	2.00000000	56
2026.08.03	09:03:47.999			179335	4.00000000	56
2026.08.03	09:03:48.000			179330	2.00000000	56
2026.08.03	09:03:48.005			179325	1.00000000	56
2026.08.03	09:03:48.010			179330	1.00000000	56
2026.08.03	09:03:48.023			179330	2.00000000	56
2026.08.03	09:03:48.027			179330	12.00000000	56
2026.08.03	09:03:48.054			179325	1.00000000	56
2026.08.03	09:03:48.056			179335	2.00000000	56
2026.08.03	09:03:48.058			179335	5.00000000	56
2026.08.03	09:03:48.065			179340	1.00000000	56
2026.08.03	09:03:48.065			179335	10.00000000	56
2026.08.03	09:03:48.067			179340	1.00000000	56
2026.08.03	09:03:48.072			179330	1.00000000	56
2026.08.03	09:03:48.072			179335	2.00000000	56
2026.08.03	09:03:48.077			179330	1.00000000	56
2026.08.03	09:03:48.083			179335	5.00000000	56
2026.08.03	09:03:48.090			179340	18.00000000	56
2026.08.03	09:03:48.092			179345	10.00000000	56
2026.08.03	09:03:48.109			179335	1.00000000	56
2026.08.03	09:03:48.116			179340	4.00000000	56
2026.08.03	09:03:48.117			179335	15.00000000	56
2026.08.03	09:03:48.118			179335	12.00000000	56
2026.08.03	09:03:48.118			179330	15.00000000	56
2026.08.03	09:03:48.118			179330	21.00000000	56
2026.08.03	09:03:48.120			179335	11.00000000	56
2026.08.03	09:03:48.120			179340	1.00000000	56
2026.08.03	09:03:48.121			179340	8.00000000	56
2026.08.03	09:03:48.127			179345	1.00000000	56
2026.08.03	09:03:48.129			179340	2.00000000	56
2026.08.03	09:03:48.146			179340	1.00000000	56
2026.08.03	09:03:48.147			179340	3.00000000	56
2026.08.03	09:03:48.148			179335	5.00000000	56
2026.08.03	09:03:48.148			179335	5.00000000	56
2026.08.03	09:03:48.149			179340	1.00000000	56
2026.08.03	09:03:48.167			179340	3.00000000	56
2026.08.03	09:03:48.173	179335				2
2026.08.03	09:03:48.173		179340			4
2026.08.03	09:03:48.173			179335	1.00000000	88
2026.08.03	09:03:48.178			179340	2.00000000	56
2026.08.03	09:03:48.181			179335	4.00000000	88
2026.08.03	09:03:48.191			179340	1.00000000	56
2026.08.03	09:03:48.194			179335	5.00000000	88
2026.08.03	09:03:48.199			179340	1.00000000	56
2026.08.03	09:03:48.203			179335	3.00000000	88
2026.08.03	09:03:48.210			179330	11.00000000	88
2026.08.03	09:03:48.221			179330	1.00000000	88
2026.08.03	09:03:48.229			179335	1.00000000	88
2026.08.03	09:03:48.236			179330	1.00000000	88
2026.08.03	09:03:48.240			179340	4.00000000	56
2026.08.03	09:03:48.255			179335	1.00000000	88
2026.08.03	09:03:48.266			179340	4.00000000	56
2026.08.03	09:03:48.276			179340	22.00000000	56
2026.08.03	09:03:48.280			179335	20.00000000	88
2026.08.03	09:03:48.283			179340	2.00000000	56
2026.08.03	09:03:48.287			179345	2.00000000	56
2026.08.03	09:03:48.310			179335	1.00000000	88
2026.08.03	09:03:48.310			179345	2.00000000	56
2026.08.03	09:03:48.312			179345	8.00000000	56
2026.08.03	09:03:48.312			179340	4.00000000	56
2026.08.03	09:03:48.312			179335	1.00000000	88
2026.08.03	09:03:48.313			179345	1.00000000	56
2026.08.03	09:03:48.313			179345	9.00000000	56
2026.08.03	09:03:48.314			179340	3.00000000	56
2026.08.03	09:03:48.317			179335	8.00000000	88
2026.08.03	09:03:48.336			179345	2.00000000	56
2026.08.03	09:03:48.342			179335	2.00000000	88
2026.08.03	09:03:48.363			179335	1.00000000	88
2026.08.03	09:03:48.368			179345	8.00000000	56
2026.08.03	09:03:48.374			179350	2.00000000	56
2026.08.03	09:03:48.394			179340	1.00000000	56
2026.08.03	09:03:48.403			179345	1.00000000	56
2026.08.03	09:03:48.416			179345	2.00000000	56
2026.08.03	09:03:48.424			179340	3.00000000	56
2026.08.03	09:03:48.427			179340	5.00000000	56
2026.08.03	09:03:48.436			179345	1.00000000	56
2026.08.03	09:03:48.436			179350	29.00000000	56
2026.08.03	09:03:48.436			179345	3.00000000	56
2026.08.03	09:03:48.446			179340	12.00000000	56
2026.08.03	09:03:48.452			179345	12.00000000	56
2026.08.03	09:03:48.454			179340	5.00000000	56
2026.08.03	09:03:48.469			179335	1.00000000	88
2026.08.03	09:03:48.472			179340	3.00000000	56
2026.08.03	09:03:48.486			179335	5.00000000	88
2026.08.03	09:03:48.486			179335	13.00000000	88
2026.08.03	09:03:48.486			179330	5.00000000	88
2026.08.03	09:03:48.486			179335	3.00000000	88
2026.08.03	09:03:48.486			179330	2.00000000	88
2026.08.03	09:03:48.486			179335	1.00000000	88
2026.08.03	09:03:48.495			179330	2.00000000	88
2026.08.03	09:03:48.520			179325	1.00000000	88
2026.08.03	09:03:48.521			179335	23.00000000	88
2026.08.03	09:03:48.522			179340	2.00000000	56
2026.08.03	09:03:48.533			179335	4.00000000	88
2026.08.03	09:03:48.537			179330	6.00000000	88
2026.08.03	09:03:48.581			179330	3.00000000	88
2026.08.03	09:03:48.583			179325	9.00000000	88
2026.08.03	09:03:48.585			179320	10.00000000	88
2026.08.03	09:03:48.592			179315	4.00000000	88
2026.08.03	09:03:48.594			179320	2.00000000	88
2026.08.03	09:03:48.594			179325	8.00000000	88
2026.08.03	09:03:48.596			179315	13.00000000	88
2026.08.03	09:03:48.619			179320	2.00000000	88
2026.08.03	09:03:48.642			179310	31.00000000	88
2026.08.03	09:03:48.642			179305	4.00000000	88
2026.08.03	09:03:48.642			179310	9.00000000	88
2026.08.03	09:03:48.657			179310	3.00000000	88
2026.08.03	09:03:48.663			179315	7.00000000	88
2026.08.03	09:03:48.668			179320	3.00000000	88
2026.08.03	09:03:48.682			179315	1.00000000	88
2026.08.03	09:03:48.702			179310	1.00000000	88
2026.08.03	09:03:48.707			179310	1.00000000	88
2026.08.03	09:03:48.737			179320	6.00000000	88
2026.08.03	09:03:48.744			179315	3.00000000	88
2026.08.03	09:03:48.756			179320	1.00000000	88
2026.08.03	09:03:48.764			179315	1.00000000	88
2026.08.03	09:03:48.775			179320	2.00000000	88
2026.08.03	09:03:48.780			179315	2.00000000	88
2026.08.03	09:03:48.784			179320	12.00000000	88
2026.08.03	09:03:48.786			179325	9.00000000	88
2026.08.03	09:03:48.786			179325	32.00000000	88
2026.08.03	09:03:48.786			179330	49.00000000	88
2026.08.03	09:03:48.786			179325	15.00000000	88
2026.08.03	09:03:48.787			179330	23.00000000	88
2026.08.03	09:03:48.789			179325	1.00000000	88
2026.08.03	09:03:48.804			179325	6.00000000	88
2026.08.03	09:03:48.804			179325	4.00000000	88
2026.08.03	09:03:48.806			179320	9.00000000	88
2026.08.03	09:03:48.806			179320	14.00000000	88
2026.08.03	09:03:48.812			179325	1.00000000	88
2026.08.03	09:03:48.812			179320	3.00000000	88
2026.08.03	09:03:48.838			179320	4.00000000	88
2026.08.03	09:03:48.845			179315	1.00000000	88
2026.08.03	09:03:48.869			179320	6.00000000	88
2026.08.03	09:03:48.869			179325	4.00000000	88
2026.08.03	09:03:48.870			179320	1.00000000	88
2026.08.03	09:03:48.871			179315	1.00000000	88
2026.08.03	09:03:48.871	179315				2
2026.08.03	09:03:48.871		179320			4
2026.08.03	09:03:48.880			179315	14.00000000	88
2026.08.03	09:03:48.886			179315	20.00000000	88
2026.08.03	09:03:48.919			179310	1.00000000	88
2026.08.03	09:03:48.922			179310	1.00000000	88
2026.08.03	09:03:48.925			179310	5.00000000	88
2026.08.03	09:03:48.933			179315	7.00000000	88
2026.08.03	09:03:48.933			179320	3.00000000	56
2026.08.03	09:03:48.935			179315	22.00000000	88
2026.08.03	09:03:48.949			179320	5.00000000	56
2026.08.03	09:03:48.953			179315	1.00000000	88
2026.08.03	09:03:48.973			179315	21.00000000	88
2026.08.03	09:03:48.974			179310	28.00000000	88
2026.08.03	09:03:48.980			179315	16.00000000	88
2026.08.03	09:03:49.003			179310	7.00000000	88
2026.08.03	09:03:49.014			179315	4.00000000	88
2026.08.03	09:03:49.031			179310	1.00000000	88
2026.08.03	09:03:49.041			179310	3.00000000	88
2026.08.03	09:03:49.061			179315	1.00000000	88
2026.08.03	09:03:49.065			179315	9.00000000	88
2026.08.03	09:03:49.069			179315	2.00000000	88
2026.08.03	09:03:49.089			179315	1.00000000	88
2026.08.03	09:03:49.095			179310	1.00000000	88
2026.08.03	09:03:49.102			179310	1.00000000	88
2026.08.03	09:03:49.103			179315	1.00000000	88
2026.08.03	09:03:49.112			179315	3.00000000	88
2026.08.03	09:03:49.113			179310	15.00000000	88
2026.08.03	09:03:49.132			179315	1.00000000	88
2026.08.03	09:03:49.146			179315	4.00000000	88
2026.08.03	09:03:49.149			179310	4.00000000	88
2026.08.03	09:03:49.169			179315	12.00000000	88
2026.08.03	09:03:49.170			179320	6.00000000	56
2026.08.03	09:03:49.176			179315	21.00000000	88
2026.08.03	09:03:49.176			179310	12.00000000	88
2026.08.03	09:03:49.176			179310	67.00000000	88
2026.08.03	09:03:49.176			179315	10.00000000	88
2026.08.03	09:03:49.183			179310	13.00000000	88
2026.08.03	09:03:49.190			179315	2.00000000	88
2026.08.03	09:03:49.204			179315	11.00000000	56
2026.08.03	09:03:49.207			179310	43.00000000	56
2026.08.03	09:03:49.223	179305				2
2026.08.03	09:03:49.223		179310			4
2026.08.03	09:03:49.223			179305	10.00000000	88
2026.08.03	09:03:49.234			179305	1.00000000	88
2026.08.03	09:03:49.234			179310	3.00000000	56
2026.08.03	09:03:49.249			179305	5.00000000	88
2026.08.03	09:03:49.282			179310	1.00000000	56
2026.08.03	09:03:49.284			179305	28.00000000	88
2026.08.03	09:03:49.301			179305	5.00000000	88
2026.08.03	09:03:49.303			179310	5.00000000	56
2026.08.03	09:03:49.309			179305	14.00000000	88
2026.08.03	09:03:49.309			179305	3.00000000	88
2026.08.03	09:03:49.311			179305	1.00000000	88
2026.08.03	09:03:49.313			179310	15.00000000	56
2026.08.03	09:03:49.322			179305	8.00000000	88
2026.08.03	09:03:49.322			179300	2.00000000	88
2026.08.03	09:03:49.323			179305	1.00000000	88
2026.08.03	09:03:49.323			179300	2.00000000	88
2026.08.03	09:03:49.323			179305	28.00000000	88
2026.08.03	09:03:49.334			179300	2.00000000	88
2026.08.03	09:03:49.337			179305	9.00000000	88
2026.08.03	09:03:49.350			179310	1.00000000	56
2026.08.03	09:03:49.376			179310	3.00000000	56
2026.08.03	09:03:49.379			179310	1.00000000	56
2026.08.03	09:03:49.382			179310	1.00000000	56
2026.08.03	09:03:49.386			179310	8.00000000	56
2026.08.03	09:03:49.397			179315	1.00000000	56
2026.08.03	09:03:49.414			179305	2.00000000	88
2026.08.03	09:03:49.422			179310	1.00000000	56
2026.08.03	09:03:49.431			179310	1.00000000	56
2026.08.03	09:03:49.438			179310	3.00000000	56
2026.08.03	09:03:49.465			179310	12.00000000	56
2026.08.03	09:03:49.479			179310	1.00000000	56
2026.08.03	09:03:49.484			179305	19.00000000	88
2026.08.03	09:03:49.511			179305	26.00000000	88
2026.08.03	09:03:49.528			179300	8.00000000	88
2026.08.03	09:03:49.529			179305	1.00000000	88
2026.08.03	09:03:49.532			179300	1.00000000	88
2026.08.03	09:03:49.536			179300	3.00000000	88
2026.08.03	09:03:49.549			179305	4.00000000	88
2026.08.03	09:03:49.552			179300	11.00000000	88
2026.08.03	09:03:49.564			179305	1.00000000	120
2026.08.03	09:03:49.565			179300	8.00000000	88
2026.08.03	09:03:49.572	179300				2
2026.08.03	09:03:49.572		179305			4
2026.08.03	09:03:49.581			179305	11.00000000	120
2026.08.03	09:03:49.589			179300	2.00000000	88
2026.08.03	09:03:49.589			179305	2.00000000	120
2026.08.03	09:03:49.591			179300	1.00000000	88
2026.08.03	09:03:49.591			179305	7.00000000	120
2026.08.03	09:03:49.594			179305	5.00000000	56
2026.08.03	09:03:49.601			179300	1.00000000	88
2026.08.03	09:03:49.602			179305	1.00000000	56
2026.08.03	09:03:49.608			179310	3.00000000	56
2026.08.03	09:03:49.609			179305	2.00000000	56
2026.08.03	09:03:49.641			179305	2.00000000	56
2026.08.03	09:03:49.648			179310	1.00000000	56
2026.08.03	09:03:49.656			179305	2.00000000	56
2026.08.03	09:03:49.660			179310	1.00000000	56
2026.08.03	09:03:49.673			179310	10.00000000	56
2026.08.03	09:03:49.675			179305	1.00000000	56
2026.08.03	09:03:49.675			179300	2.00000000	88
2026.08.03	09:03:49.685			179305	7.00000000	56
2026.08.03	09:03:49.699			179310	3.00000000	56
2026.08.03	09:03:49.709			179305	4.00000000	56
2026.08.03	09:03:49.717			179305	2.00000000	56
2026.08.03	09:03:49.719			179310	1.00000000	56
2026.08.03	09:03:49.728			179310	3.00000000	56
2026.08.03	09:03:49.734			179305	20.00000000	56
2026.08.03	09:03:49.736			179315	2.00000000	56
2026.08.03	09:03:49.736			179310	2.00000000	56
2026.08.03	09:03:49.746			179305	1.00000000	56
2026.08.03	09:03:49.747			179310	4.00000000	56
2026.08.03	09:03:49.754			179315	1.00000000	56
2026.08.03	09:03:49.758			179310	5.00000000	56
2026.08.03	09:03:49.768			179310	2.00000000	56
2026.08.03	09:03:49.772			179310	1.00000000	56
2026.08.03	09:03:49.773			179305	2.00000000	56
2026.08.03	09:03:49.778			179310	1.00000000	56
2026.08.03	09:03:49.778			179305	16.00000000	56
2026.08.03	09:03:49.794			179310	12.00000000	56
2026.08.03	09:03:49.817			179310	9.00000000	56
2026.08.03	09:03:49.824			179305	2.00000000	56
2026.08.03	09:03:49.824			179310	5.00000000	56
2026.08.03	09:03:49.824			179315	3.00000000	56
2026.08.03	09:03:49.825			179305	2.00000000	56
2026.08.03	09:03:49.834			179310	1.00000000	56
2026.08.03	09:03:49.850			179305	1.00000000	56
2026.08.03	09:03:49.860			179305	1.00000000	56
2026.08.03	09:03:49.877			179310	3.00000000	56
2026.08.03	09:03:49.884			179305	2.00000000	56
2026.08.03	09:03:49.884			179305	19.00000000	56
2026.08.03	09:03:49.892			179305	1.00000000	56
2026.08.03	09:03:49.900			179310	1.00000000	56
2026.08.03	09:03:49.900	179305				2
2026.08.03	09:03:49.900		179310			4
2026.08.03	09:03:49.927			179305	1.00000000	56
2026.08.03	09:03:49.942			179305	11.00000000	88
2026.08.03	09:03:49.977			179305	2.00000000	88
2026.08.03	09:03:49.977			179300	2.00000000	88
2026.08.03	09:03:49.977			179305	1.00000000	88
2026.08.03	09:03:49.981			179305	1.00000000	88
2026.08.03	09:03:49.987			179310	6.00000000	56
2026.08.03	09:03:49.988			179305	5.00000000	88
2026.08.03	09:03:49.992			179310	8.00000000	56
2026.08.03	09:03:49.992			179315	95.00000000	56
2026.08.03	09:03:49.992			179320	4.00000000	56
2026.08.03	09:03:49.993			179315	2.00000000	56
2026.08.03	09:03:49.994			179310	17.00000000	56
2026.08.03	09:03:49.995			179315	1.00000000	56
2026.08.03	09:03:50.013			179305	3.00000000	88
2026.08.03	09:03:50.023			179310	3.00000000	56
2026.08.03	09:03:50.034			179305	4.00000000	88
2026.08.03	09:03:50.039			179305	1.00000000	88
2026.08.03	09:03:50.066			179310	12.00000000	56
2026.08.03	09:03:50.068			179305	12.00000000	88
2026.08.03	09:03:50.083			179300	58.00000000	88
2026.08.03	09:03:50.084			179305	3.00000000	88
2026.08.03	09:03:50.087			179300	20.00000000	88
2026.08.03	09:03:50.094			179300	1.00000000	88
2026.08.03	09:03:50.119			179305	11.00000000	88
2026.08.03	09:03:50.135			179305	1.00000000	88
2026.08.03	09:03:50.137			179310	6.00000000	56
2026.08.03	09:03:50.169			179305	3.00000000	88
2026.08.03	09:03:50.169			179300	30.00000000	88
2026.08.03	09:03:50.169			179295	6.00000000	88
2026.08.03	09:03:50.169			179295	15.00000000	88
2026.08.03	09:03:50.169			179300	9.00000000	88
2026.08.03	09:03:50.177			179305	1.00000000	88
2026.08.03	09:03:50.185			179300	1.00000000	88
2026.08.03	09:03:50.185			179305	7.00000000	88
2026.08.03	09:03:50.187			179310	1.00000000	56
2026.08.03	09:03:50.188			179305	1.00000000	88
2026.08.03	09:03:50.200			179310	8.00000000	56
2026.08.03	09:03:50.222			179310	1.00000000	56
2026.08.03	09:03:50.262			179310	7.00000000	56
2026.08.03	09:03:50.264			179305	1.00000000	88
2026.08.03	09:03:50.265			179310	3.00000000	56
2026.08.03	09:03:50.270	179310				2
2026.08.03	09:03:50.270		179315			4
2026.08.03	09:03:50.286			179310	2.00000000	88
2026.08.03	09:03:50.292			179310	3.00000000	88
2026.08.03	09:03:50.293			179315	38.00000000	56
2026.08.03	09:03:50.293			179320	2.00000000	56
2026.08.03	09:03:50.294			179315	1.00000000	56
2026.08.03	09:03:50.300			179320	34.00000000	56
2026.08.03	09:03:50.301			179325	163.00000000	56
2026.08.03	09:03:50.301			179320	9.00000000	56
2026.08.03	09:03:50.302			179330	20.00000000	56
2026.08.03	09:03:50.302			179335	1.00000000	56
2026.08.03	09:03:50.302			179330	12.00000000	56
2026.08.03	09:03:50.302			179335	19.00000000	56
2026.08.03	09:03:50.302			179325	14.00000000	56
2026.08.03	09:03:50.303			179325	3.00000000	56
2026.08.03	09:03:50.304			179330	8.00000000	56
2026.08.03	09:03:50.304			179325	7.00000000	56
2026.08.03	09:03:50.305			179320	21.00000000	56
2026.08.03	09:03:50.305			179325	1.00000000	56
2026.08.03	09:03:50.305			179320	9.00000000	56
2026.08.03	09:03:50.307			179325	15.00000000	56
2026.08.03	09:03:50.316			179325	4.00000000	56
2026.08.03	09:03:50.328			179325	1.00000000	56
2026.08.03	09:03:50.328			179330	23.00000000	56
2026.08.03	09:03:50.329			179335	10.00000000	56
2026.08.03	09:03:50.329			179340	30.00000000	56
2026.08.03	09:03:50.331			179345	20.00000000	56
2026.08.03	09:03:50.339			179350	27.00000000	56
2026.08.03	09:03:50.346			179345	1.00000000	56
2026.08.03	09:03:50.375			179345	29.00000000	56
2026.08.03	09:03:50.375			179340	21.00000000	56
2026.08.03	09:03:50.375			179345	1.00000000	56
2026.08.03	09:03:50.376			179350	21.00000000	56
2026.08.03	09:03:50.376			179355	16.00000000	56
2026.08.03	09:03:50.376			179350	12.00000000	56
2026.08.03	09:03:50.376			179355	166.00000000	56
2026.08.03	09:03:50.380			179360	1.00000000	56
2026.08.03	09:03:50.380			179360	28.00000000	56
2026.08.03	09:03:50.380			179365	34.00000000	56
2026.08.03	09:03:50.380			179365	53.00000000	56
2026.08.03	09:03:50.380			179370	8.00000000	56
2026.08.03	09:03:50.380			179365	10.00000000	56
2026.08.03	09:03:50.380			179370	2.00000000	56
2026.08.03	09:03:50.380			179365	2.00000000	56
2026.08.03	09:03:50.380			179370	25.00000000	56
2026.08.03	09:03:50.380			179370	1.00000000	56
2026.08.03	09:03:50.380			179365	1.00000000	56
2026.08.03	09:03:50.380			179370	6.00000000	56
2026.08.03	09:03:50.381			179360	2.00000000	56
2026.08.03	09:03:50.381			179365	60.00000000	56
2026.08.03	09:03:50.411			179360	1.00000000	56
2026.08.03	09:03:50.414			179365	5.00000000	56
2026.08.03	09:03:50.423			179360	26.00000000	56
2026.08.03	09:03:50.424			179355	10.00000000	56
2026.08.03	09:03:50.425			179355	37.00000000	56
2026.08.03	09:03:50.426			179350	1.00000000	56
2026.08.03	09:03:50.427			179355	5.00000000	56
2026.08.03	09:03:50.428			179350	4.00000000	56
2026.08.03	09:03:50.428			179345	43.00000000	56
2026.08.03	09:03:50.428			179340	33.00000000	56
2026.08.03	09:03:50.428			179350	16.00000000	56
2026.08.03	09:03:50.432			179355	1.00000000	56
2026.08.03	09:03:50.432			179350	1.00000000	56
2026.08.03	09:03:50.434			179350	11.00000000	56
2026.08.03	09:03:50.434			179345	29.00000000	56
2026.08.03	09:03:50.435			179340	10.00000000	56
2026.08.03	09:03:50.437			179335	1.00000000	56
2026.08.03	09:03:50.438			179340	1.00000000	56
2026.08.03	09:03:50.438			179335	7.00000000	56
2026.08.03	09:03:50.439			179330	6.00000000	56
2026.08.03	09:03:50.447			179335	35.00000000	56
2026.08.03	09:03:50.449			179340	2.00000000	56
2026.08.03	09:03:50.449			179330	1.00000000	56
2026.08.03	09:03:50.449			179340	1.00000000	56
2026.08.03	09:03:50.451			179335	2.00000000	56
2026.08.03	09:03:50.454			179330	1.00000000	56
2026.08.03	09:03:50.460			179335	1.00000000	56
2026.08.03	09:03:50.490			179340	1.00000000	56
2026.08.03	09:03:50.494			179340	1.00000000	56
2026.08.03	09:03:50.495			179335	2.00000000	56
2026.08.03	09:03:50.497			179340	1.00000000	56
2026.08.03	09:03:50.505			179335	2.00000000	56
2026.08.03	09:03:50.506			179340	8.00000000	56
2026.08.03	09:03:50.507			179345	2.00000000	56
2026.08.03	09:03:50.525			179340	2.00000000	56
2026.08.03	09:03:50.540			179345	11.00000000	56
2026.08.03	09:03:50.543			179350	2.00000000	56
2026.08.03	09:03:50.546			179345	1.00000000	56
2026.08.03	09:03:50.560			179350	5.00000000	56
2026.08.03	09:03:50.561			179345	26.00000000	56
2026.08.03	09:03:50.564			179350	15.00000000	56
2026.08.03	09:03:50.566			179345	2.00000000	56
2026.08.03	09:03:50.566			179340	47.00000000	56
2026.08.03	09:03:50.575			179335	25.00000000	56
2026.08.03	09:03:50.577			179330	15.00000000	56
2026.08.03	09:03:50.615			179330	13.00000000	56
2026.08.03	09:03:50.615			179325	37.00000000	56
2026.08.03	09:03:50.617			179330	2.00000000	56
2026.08.03	09:03:50.617	179325				2
2026.08.03	09:03:50.617		179330			4
2026.08.03	09:03:50.633			179325	1.00000000	88
2026.08.03	09:03:50.642			179330	1.00000000	56
2026.08.03	09:03:50.657			179325	1.00000000	88
2026.08.03	09:03:50.661			179330	18.00000000	56
2026.08.03	09:03:50.661			179335	14.00000000	56
2026.08.03	09:03:50.662			179330	10.00000000	56
2026.08.03	09:03:50.663			179335	7.00000000	56
2026.08.03	09:03:50.669			179335	30.00000000	56
2026.08.03	09:03:50.669			179330	40.00000000	56
2026.08.03	09:03:50.669			179325	10.00000000	88
2026.08.03	09:03:50.670			179330	2.00000000	56
2026.08.03	09:03:50.674			179335	2.00000000	56
2026.08.03	09:03:50.691			179340	2.00000000	56
2026.08.03	09:03:50.711			179335	2.00000000	56
2026.08.03	09:03:50.745			179340	25.00000000	56
2026.08.03	09:03:50.749			179335	6.00000000	56
2026.08.03	09:03:50.777			179340	7.00000000	56
2026.08.03	09:03:50.799			179345	1.00000000	56
2026.08.03	09:03:50.802			179340	1.00000000	56
2026.08.03	09:03:50.815			179340	3.00000000	56
2026.08.03	09:03:50.822			179335	2.00000000	56
2026.08.03	09:03:50.826			179345	1.00000000	56
2026.08.03	09:03:50.838			179340	1.00000000	56
2026.08.03	09:03:50.841			179345	1.00000000	56
2026.08.03	09:03:50.847			179335	5.00000000	56
2026.08.03	09:03:50.852			179340	2.00000000	56
2026.08.03	09:03:50.858			179345	1.00000000	56
2026.08.03	09:03:50.862			179340	1.00000000	56
2026.08.03	09:03:50.865			179345	1.00000000	56
2026.08.03	09:03:50.866			179340	2.00000000	56
2026.08.03	09:03:50.875			179345	1.00000000	56
2026.08.03	09:03:50.877			179335	5.00000000	56
2026.08.03	09:03:50.879			179340	5.00000000	56
2026.08.03	09:03:50.894			179345	10.00000000	56
2026.08.03	09:03:50.912			179340	1.00000000	56
2026.08.03	09:03:50.922			179345	1.00000000	56
2026.08.03	09:03:50.927			179340	7.00000000	56
2026.08.03	09:03:50.958			179340	1.00000000	56
2026.08.03	09:03:50.959			179345	3.00000000	56
2026.08.03	09:03:50.961			179340	5.00000000	56
2026.08.03	09:03:50.964	179335				2
2026.08.03	09:03:50.964		179340			4
2026.08.03	09:03:50.975			179340	4.00000000	56
2026.08.03	09:03:50.975			179345	6.00000000	56
2026.08.03	09:03:50.975			179340	2.00000000	56
2026.08.03	09:03:50.976			179335	1.00000000	56
2026.08.03	09:03:50.978			179340	9.00000000	56
2026.08.03	09:03:50.979			179345	3.00000000	56
2026.08.03	09:03:50.988			179345	1.00000000	56
2026.08.03	09:03:50.997			179340	26.00000000	56
2026.08.03	09:03:51.031			179340	1.00000000	56
2026.08.03	09:03:51.031			179335	4.00000000	88
2026.08.03	09:03:51.032			179330	12.00000000	88
2026.08.03	09:03:51.052			179325	2.00000000	88
2026.08.03	09:03:51.064			179330	40.00000000	88
2026.08.03	09:03:51.080			179325	5.00000000	88
2026.08.03	09:03:51.086			179330	16.00000000	88
2026.08.03	09:03:51.087			179335	6.00000000	88
2026.08.03	09:03:51.099			179325	4.00000000	88
2026.08.03	09:03:51.103			179330	63.00000000	88
2026.08.03	09:03:51.103			179335	16.00000000	88
2026.08.03	09:03:51.108			179330	32.00000000	88
2026.08.03	09:03:51.122			179325	6.00000000	88
2026.08.03	09:03:51.123			179325	7.00000000	88
2026.08.03	09:03:51.130			179320	3.00000000	88
2026.08.03	09:03:51.130			179325	2.00000000	88
2026.08.03	09:03:51.141			179320	1.00000000	88
2026.08.03	09:03:51.143			179325	10.00000000	88
2026.08.03	09:03:51.156			179320	17.00000000	88
2026.08.03	09:03:51.156			179315	2.00000000	88
2026.08.03	09:03:51.156			179315	6.00000000	88
2026.08.03	09:03:51.158			179325	7.00000000	88
2026.08.03	09:03:51.163			179330	1.00000000	88
2026.08.03	09:03:51.168			179330	7.00000000	88
2026.08.03	09:03:51.173			179330	1.00000000	88
2026.08.03	09:03:51.175			179325	1.00000000	88
2026.08.03	09:03:51.189			179325	5.00000000	88
2026.08.03	09:03:51.194			179330	1.00000000	88
2026.08.03	09:03:51.203			179330	1.00000000	88
2026.08.03	09:03:51.210			179330	1.00000000	88
2026.08.03	09:03:51.213			179335	5.00000000	88
2026.08.03	09:03:51.213			179330	20.00000000	88
2026.08.03	09:03:51.213			179335	1.00000000	88
2026.08.03	09:03:51.218			179330	1.00000000	88
2026.08.03	09:03:51.227			179330	6.00000000	88
2026.08.03	09:03:51.227			179335	2.00000000	88
2026.08.03	09:03:51.230			179330	2.00000000	88
2026.08.03	09:03:51.241			179325	26.00000000	88
2026.08.03	09:03:51.246			179320	11.00000000	88
2026.08.03	09:03:51.252			179320	2.00000000	88
2026.08.03	09:03:51.258			179325	1.00000000	88
2026.08.03	09:03:51.283			179320	1.00000000	88
2026.08.03	09:03:51.285			179320	1.00000000	88
2026.08.03	09:03:51.290			179320	2.00000000	88
2026.08.03	09:03:51.296			179325	6.00000000	88
2026.08.03	09:03:51.296			179330	19.00000000	88
2026.08.03	09:03:51.296			179325	4.00000000	88
2026.08.03	09:03:51.300			179325	1.00000000	88
2026.08.03	09:03:51.315			179325	1.00000000	88
2026.08.03	09:03:51.315	179320				2
2026.08.03	09:03:51.323		179325			4
2026.08.03	09:03:51.341			179325	1.00000000	56
2026.08.03	09:03:51.344			179320	1.00000000	88
2026.08.03	09:03:51.361			179325	1.00000000	56
2026.08.03	09:03:51.378			179325	1.00000000	56
2026.08.03	09:03:51.399			179325	11.00000000	56
2026.08.03	09:03:51.400			179330	19.00000000	56
2026.08.03	09:03:51.420			179330	2.00000000	56
2026.08.03	09:03:51.421			179325	1.00000000	56
2026.08.03	09:03:51.442			179330	10.00000000	56
2026.08.03	09:03:51.452			179330	1.00000000	56
2026.08.03	09:03:51.457			179330	10.00000000	56
2026.08.03	09:03:51.466			179330	23.00000000	56
2026.08.03	09:03:51.477			179335	3.00000000	56
2026.08.03	09:03:51.497			179335	15.00000000	56
2026.08.03	09:03:51.499			179340	4.00000000	56
2026.08.03	09:03:51.514			179335	1.00000000	56
2026.08.03	09:03:51.532			179340	1.00000000	56
2026.08.03	09:03:51.554			179335	1.00000000	56
2026.08.03	09:03:51.556			179340	2.00000000	56
2026.08.03	09:03:51.556			179345	8.00000000	56
2026.08.03	09:03:51.557			179340	3.00000000	56
2026.08.03	09:03:51.583			179340	7.00000000	56
2026.08.03	09:03:51.584			179345	6.00000000	56
2026.08.03	09:03:51.611			179345	6.00000000	56
2026.08.03	09:03:51.617			179340	1.00000000	56
2026.08.03	09:03:51.647			179345	1.00000000	56
2026.08.03	09:03:51.652			179340	10.00000000	56
2026.08.03	09:03:51.667	179335				2
2026.08.03	09:03:51.667		179340			4
2026.08.03	09:03:51.686			179340	1.00000000	56
2026.08.03	09:03:51.693			179340	2.00000000	56
2026.08.03	09:03:51.703			179340	2.00000000	56
2026.08.03	09:03:51.716			179340	3.00000000	56
2026.08.03	09:03:51.716			179345	39.00000000	56
2026.08.03	09:03:51.724			179340	3.00000000	56
2026.08.03	09:03:51.724			179345	7.00000000	56
2026.08.03	09:03:51.736			179340	5.00000000	56
2026.08.03	09:03:51.736			179335	30.00000000	88
2026.08.03	09:03:51.736			179330	65.00000000	88
2026.08.03	09:03:51.738			179340	14.00000000	56
2026.08.03	09:03:51.738			179335	8.00000000	88
2026.08.03	09:03:51.738			179340	17.00000000	56
2026.08.03	09:03:51.739			179345	8.00000000	56
2026.08.03	09:03:51.768			179345	1.00000000	56
2026.08.03	09:03:51.772			179350	5.00000000	56
2026.08.03	09:03:51.798			179350	1.00000000	56
2026.08.03	09:03:51.836			179345	1.00000000	56
2026.08.03	09:03:51.855			179350	1.00000000	56
2026.08.03	09:03:51.857			179345	4.00000000	56
2026.08.03	09:03:51.880			179340	30.00000000	56
2026.08.03	09:03:51.882			179335	1.00000000	88
2026.08.03	09:03:51.895			179345	2.00000000	56
2026.08.03	09:03:51.933			179340	5.00000000	56
2026.08.03	09:03:51.935			179345	3.00000000	56
2026.08.03	09:03:51.940			179340	5.00000000	56
2026.08.03	09:03:51.963			179340	2.00000000	56
2026.08.03	09:03:51.963			179335	6.00000000	88
2026.08.03	09:03:51.978			179340	1.00000000	56
2026.08.03	09:03:51.983			179340	3.00000000	56
2026.08.03	09:03:51.993			179345	2.00000000	56
2026.08.03	09:03:51.995			179340	1.00000000	56
2026.08.03	09:03:52.003			179335	1.00000000	88
2026.08.03	09:03:52.009			179340	4.00000000	56
2026.08.03	09:03:52.017		179345			4
2026.08.03	09:03:52.030			179340	1.00000000	56
2026.08.03	09:03:52.072			179340	3.00000000	120
2026.08.03	09:03:52.072			179335	7.00000000	88
2026.08.03	09:03:52.072			179340	1.00000000	120
2026.08.03	09:03:52.074			179345	2.00000000	56
2026.08.03	09:03:52.075			179340	10.00000000	120
2026.08.03	09:03:52.100			179335	3.00000000	88
2026.08.03	09:03:52.107			179340	14.00000000	120
2026.08.03	09:03:52.107			179345	6.00000000	56
2026.08.03	09:03:52.110			179340	2.00000000	120
2026.08.03	09:03:52.118			179340	3.00000000	120
2026.08.03	09:03:52.122			179340	5.00000000	120
2026.08.03	09:03:52.138			179340	1.00000000	120
2026.08.03	09:03:52.144			179340	19.00000000	120
2026.08.03	09:03:52.144			179335	4.00000000	88
2026.08.03	09:03:52.153			179340	12.00000000	120
2026.08.03	09:03:52.153			179335	18.00000000	88
2026.08.03	09:03:52.160			179335	14.00000000	88
2026.08.03	09:03:52.160			179335	4.00000000	88
2026.08.03	09:03:52.160			179330	37.00000000	88
2026.08.03	09:03:52.161			179335	1.00000000	88
2026.08.03	09:03:52.161			179335	9.00000000	88
2026.08.03	09:03:52.161			179330	1.00000000	88
2026.08.03	09:03:52.161			179335	2.00000000	88
2026.08.03	09:03:52.177			179340	9.00000000	120
2026.08.03	09:03:52.193			179345	5.00000000	56
2026.08.03	09:03:52.203			179340	12.00000000	120
2026.08.03	09:03:52.203			179335	12.00000000	88
2026.08.03	09:03:52.219			179340	2.00000000	120
2026.08.03	09:03:52.219			179335	3.00000000	88
2026.08.03	09:03:52.251			179335	1.00000000	88
2026.08.03	09:03:52.254			179335	1.00000000	88
2026.08.03	09:03:52.270			179330	2.00000000	88
2026.08.03	09:03:52.270			179325	3.00000000	88
2026.08.03	09:03:52.270			179330	2.00000000	88
2026.08.03	09:03:52.270			179335	4.00000000	88
2026.08.03	09:03:52.315			179330	22.00000000	88
2026.08.03	09:03:52.315			179325	33.00000000	88
2026.08.03	09:03:52.316			179330	3.00000000	88
2026.08.03	09:03:52.338			179325	1.00000000	88
2026.08.03	09:03:52.346			179325	1.00000000	88
2026.08.03	09:03:52.355			179330	2.00000000	88
2026.08.03	09:03:52.371	179325				2
2026.08.03	09:03:52.371		179330			4
2026.08.03	09:03:52.386			179325	2.00000000	88
2026.08.03	09:03:52.396			179330	1.00000000	56
2026.08.03	09:03:52.404			179330	1.00000000	56
2026.08.03	09:03:52.418			179325	20.00000000	88
2026.08.03	09:03:52.428			179325	2.00000000	88
2026.08.03	09:03:52.435			179325	7.00000000	88
2026.08.03	09:03:52.437			179320	1.00000000	88
2026.08.03	09:03:52.438			179325	42.00000000	88
2026.08.03	09:03:52.438			179330	18.00000000	56
2026.08.03	09:03:52.438			179320	1.00000000	88
2026.08.03	09:03:52.438			179325	1.00000000	88
2026.08.03	09:03:52.442			179320	35.00000000	88
2026.08.03	09:03:52.442			179315	21.00000000	88
2026.08.03	09:03:52.442			179320	1.00000000	88
2026.08.03	09:03:52.444			179325	1.00000000	88
2026.08.03	09:03:52.444			179320	36.00000000	88
2026.08.03	09:03:52.450			179315	7.00000000	88
2026.08.03	09:03:52.456			179320	2.00000000	88
2026.08.03	09:03:52.456			179315	1.00000000	88
2026.08.03	09:03:52.457			179320	2.00000000	88
2026.08.03	09:03:52.461			179315	2.00000000	88
2026.08.03	09:03:52.469			179320	8.00000000	88
2026.08.03	09:03:52.488			179315	10.00000000	88
2026.08.03	09:03:52.493			179310	1.00000000	88
2026.08.03	09:03:52.510			179310	2.00000000	88
2026.08.03	09:03:52.517			179315	1.00000000	88
2026.08.03	09:03:52.524			179310	5.00000000	88
2026.08.03	09:03:52.525			179320	3.00000000	88
2026.08.03	09:03:52.530			179315	1.00000000	88
2026.08.03	09:03:52.541			179310	16.00000000	88
2026.08.03	09:03:52.549			179305	25.00000000	88
2026.08.03	09:03:52.549			179300	18.00000000	88
2026.08.03	09:03:52.549			179305	9.00000000	88
2026.08.03	09:03:52.550			179300	14.00000000	88
2026.08.03	09:03:52.564			179305	15.00000000	88
2026.08.03	09:03:52.565			179305	4.00000000	88
2026.08.03	09:03:52.583			179310	33.00000000	88
2026.08.03	09:03:52.594			179315	5.00000000	88
2026.08.03	09:03:52.603			179310	2.00000000	88
2026.08.03	09:03:52.605			179315	2.00000000	88
2026.08.03	09:03:52.629			179310	2.00000000	88
2026.08.03	09:03:52.657			179310	6.00000000	88
2026.08.03	09:03:52.658			179305	1.00000000	88
2026.08.03	09:03:52.659			179310	12.00000000	88
2026.08.03	09:03:52.659			179315	5.00000000	88
2026.08.03	09:03:52.660			179320	7.00000000	88
2026.08.03	09:03:52.662			179325	11.00000000	88
2026.08.03	09:03:52.685			179320	12.00000000	88
2026.08.03	09:03:52.708			179315	9.00000000	88
2026.08.03	09:03:52.717			179310	1.00000000	88
2026.08.03	09:03:52.722			179315	4.00000000	88
2026.08.03	09:03:52.722	179310				2
2026.08.03	09:03:52.722		179315			4
2026.08.03	09:03:52.724			179310	1.00000000	88
2026.08.03	09:03:52.727			179315	1.00000000	88
2026.08.03	09:03:52.735			179310	1.00000000	88
2026.08.03	09:03:52.768			179320	10.00000000	56
2026.08.03	09:03:52.801			179315	3.00000000	56
2026.08.03	09:03:52.809			179315	1.00000000	56
2026.08.03	09:03:52.811			179310	1.00000000	88
2026.08.03	09:03:52.820			179320	8.00000000	56
2026.08.03	09:03:52.842			179315	1.00000000	56
2026.08.03	09:03:52.842			179310	4.00000000	88
2026.08.03	09:03:52.842			179320	3.00000000	56
2026.08.03	09:03:52.843			179325	1.00000000	56
2026.08.03	09:03:52.864			179320	1.00000000	56
2026.08.03	09:03:52.864			179325	7.00000000	56
2026.08.03	09:03:52.869			179330	6.00000000	56
2026.08.03	09:03:52.869			179335	9.00000000	56
2026.08.03	09:03:52.869			179330	3.00000000	56
2026.08.03	09:03:52.887			179330	1.00000000	56
2026.08.03	09:03:52.892			179325	11.00000000	56
2026.08.03	09:03:52.929			179320	9.00000000	56
2026.08.03	09:03:52.929			179315	35.00000000	56
2026.08.03	09:03:52.929			179320	2.00000000	56
2026.08.03	09:03:52.943			179325	2.00000000	56
2026.08.03	09:03:52.968			179320	3.00000000	56
2026.08.03	09:03:52.971			179320	21.00000000	56
2026.08.03	09:03:52.972			179315	13.00000000	56
2026.08.03	09:03:52.975			179320	3.00000000	56
2026.08.03	09:03:52.977			179315	1.00000000	56
2026.08.03	09:03:52.977			179320	1.00000000	56
2026.08.03	09:03:52.978			179315	6.00000000	56
2026.08.03	09:03:52.984			179320	6.00000000	56
2026.08.03	09:03:52.984			179325	19.00000000	56
2026.08.03	09:03:52.985			179320	10.00000000	56
2026.08.03	09:03:52.990			179325	1.00000000	56
2026.08.03	09:03:53.007			179320	4.00000000	56
2026.08.03	09:03:53.013			179325	3.00000000	56
2026.08.03	09:03:53.014			179330	2.00000000	56
2026.08.03	09:03:53.036			179330	2.00000000	56
2026.08.03	09:03:53.036			179325	2.00000000	56
2026.08.03	09:03:53.039			179330	1.00000000	56
2026.08.03	09:03:53.069	179330				2
2026.08.03	09:03:53.069		179335			4
2026.08.03	09:03:53.081			179335	3.00000000	56
2026.08.03	09:03:53.082			179330	12.00000000	88
2026.08.03	09:03:53.083			179325	23.00000000	88
2026.08.03	09:03:53.086			179320	26.00000000	88
2026.08.03	09:03:53.093			179325	1.00000000	88
2026.08.03	09:03:53.102			179325	6.00000000	88
2026.08.03	09:03:53.107			179330	1.00000000	88
2026.08.03	09:03:53.121			179330	1.00000000	88
2026.08.03	09:03:53.130			179325	3.00000000	88
2026.08.03	09:03:53.131			179320	1.00000000	88
2026.08.03	09:03:53.134			179325	4.00000000	88
2026.08.03	09:03:53.134			179330	1.00000000	88
2026.08.03	09:03:53.154			179320	10.00000000	88
2026.08.03	09:03:53.169			179325	13.00000000	88
2026.08.03	09:03:53.171			179320	12.00000000	88
2026.08.03	09:03:53.171			179315	1.00000000	88
2026.08.03	09:03:53.173			179325	1.00000000	88
2026.08.03	09:03:53.190			179315	3.00000000	88
2026.08.03	09:03:53.191			179320	1.00000000	88
2026.08.03	09:03:53.192			179325	9.00000000	88
2026.08.03	09:03:53.195			179330	5.00000000	88
2026.08.03	09:03:53.197			179325	3.00000000	88
2026.08.03	09:03:53.204			179325	8.00000000	88
2026.08.03	09:03:53.204			179320	7.00000000	88
2026.08.03	09:03:53.206			179330	3.00000000	88
2026.08.03	09:03:53.249			179325	1.00000000	88
2026.08.03	09:03:53.257			179330	5.00000000	88
2026.08.03	09:03:53.259			179325	25.00000000	88
2026.08.03	09:03:53.267			179330	18.00000000	88
2026.08.03	09:03:53.268			179320	10.00000000	88
2026.08.03	09:03:53.287			179315	8.00000000	88
2026.08.03	09:03:53.299			179320	2.00000000	88
2026.08.03	09:03:53.309			179315	4.00000000	88
2026.08.03	09:03:53.312			179320	1.00000000	88
2026.08.03	09:03:53.317			179320	1.00000000	88
2026.08.03	09:03:53.319			179315	1.00000000	88
2026.08.03	09:03:53.329			179320	1.00000000	88
2026.08.03	09:03:53.340			179320	1.00000000	88
2026.08.03	09:03:53.341			179315	1.00000000	88
2026.08.03	09:03:53.348			179320	1.00000000	88
2026.08.03	09:03:53.352			179320	1.00000000	88
2026.08.03	09:03:53.358			179315	21.00000000	88
2026.08.03	09:03:53.359			179310	6.00000000	88
2026.08.03	09:03:53.359			179305	2.00000000	88
2026.08.03	09:03:53.359			179310	1.00000000	88
2026.08.03	09:03:53.360			179305	14.00000000	88
2026.08.03	09:03:53.370			179300	21.00000000	88
2026.08.03	09:03:53.383			179300	1.00000000	88
2026.08.03	09:03:53.400			179300	7.00000000	88
2026.08.03	09:03:53.402			179300	3.00000000	88
2026.08.03	09:03:53.402	179300				2
2026.08.03	09:03:53.402		179305			4
2026.08.03	09:03:53.469			179305	1.00000000	56
2026.08.03	09:03:53.488			179305	4.00000000	56
2026.08.03	09:03:53.488			179310	1.00000000	56
2026.08.03	09:03:53.490			179305	4.00000000	56
2026.08.03	09:03:53.507			179300	69.00000000	88
2026.08.03	09:03:53.509			179305	19.00000000	56
2026.08.03	09:03:53.525			179310	3.00000000	56
2026.08.03	09:03:53.528			179305	1.00000000	56
2026.08.03	09:03:53.529			179310	2.00000000	56
2026.08.03	09:03:53.530			179305	1.00000000	56
2026.08.03	09:03:53.530			179300	22.00000000	88
2026.08.03	09:03:53.541			179305	5.00000000	56
2026.08.03	09:03:53.554			179305	2.00000000	56
2026.08.03	09:03:53.555			179300	1.00000000	88
2026.08.03	09:03:53.557			179305	2.00000000	56
2026.08.03	09:03:53.561			179300	1.00000000	88
2026.08.03	09:03:53.606			179305	1.00000000	56
2026.08.03	09:03:53.609			179300	8.00000000	88
2026.08.03	09:03:53.620			179305	13.00000000	56
2026.08.03	09:03:53.629			179305	5.00000000	56
2026.08.03	09:03:53.629			179310	10.00000000	56
2026.08.03	09:03:53.629			179305	5.00000000	56
2026.08.03	09:03:53.630			179310	2.00000000	56
2026.08.03	09:03:53.630			179305	37.00000000	56
2026.08.03	09:03:53.632			179300	25.00000000	88
2026.08.03	09:03:53.637			179295	52.00000000	88
2026.08.03	09:03:53.638			179290	20.00000000	88
2026.08.03	09:03:53.638			179295	14.00000000	88
2026.08.03	09:03:53.639			179300	8.00000000	88
2026.08.03	09:03:53.639			179300	15.00000000	88
2026.08.03	09:03:53.663			179305	2.00000000	56
2026.08.03	09:03:53.665			179300	1.00000000	88
2026.08.03	09:03:53.667			179305	16.00000000	56
2026.08.03	09:03:53.668			179300	1.00000000	88
2026.08.03	09:03:53.680			179300	1.00000000	88
2026.08.03	09:03:53.700			179310	1.00000000	56
2026.08.03	09:03:53.700			179300	1.00000000	88
2026.08.03	09:03:53.713			179300	3.00000000	88
2026.08.03	09:03:53.729			179300	1.00000000	88
2026.08.03	09:03:53.737			179310	8.00000000	56
2026.08.03	09:03:53.744			179305	1.00000000	56
2026.08.03	09:03:53.744			179310	13.00000000	56
2026.08.03	09:03:53.759			179305	2.00000000	56
2026.08.03	09:03:53.769	179305				2
2026.08.03	09:03:53.769		179310			4
2026.08.03	09:03:53.769			179305	1.00000000	88
2026.08.03	09:03:53.779			179310	10.00000000	56
2026.08.03	09:03:53.792			179305	1.00000000	88
2026.08.03	09:03:53.794			179310	5.00000000	56
2026.08.03	09:03:53.799			179305	2.00000000	88
2026.08.03	09:03:53.801			179310	8.00000000	56
2026.08.03	09:03:53.813			179305	1.00000000	88
2026.08.03	09:03:53.819			179305	11.00000000	88
2026.08.03	09:03:53.838			179305	10.00000000	88
2026.08.03	09:03:53.839			179315	8.00000000	56
2026.08.03	09:03:53.839			179310	2.00000000	56
2026.08.03	09:03:53.847			179310	3.00000000	56
2026.08.03	09:03:53.868			179315	1.00000000	56
2026.08.03	09:03:53.876			179315	5.00000000	56
2026.08.03	09:03:53.877			179310	7.00000000	56
2026.08.03	09:03:53.884			179305	5.00000000	88
2026.08.03	09:03:53.888			179305	4.00000000	88
2026.08.03	09:03:53.903			179310	4.00000000	56
2026.08.03	09:03:53.904			179310	1.00000000	56
2026.08.03	09:03:53.922			179310	2.00000000	56
2026.08.03	09:03:53.924			179315	1.00000000	56
2026.08.03	09:03:53.947			179310	13.00000000	56
2026.08.03	09:03:53.960			179310	5.00000000	56
2026.08.03	09:03:53.978			179315	3.00000000	56
2026.08.03	09:03:53.989			179310	10.00000000	56
2026.08.03	09:03:53.993			179310	1.00000000	56
2026.08.03	09:03:53.999			179315	1.00000000	56
2026.08.03	09:03:54.000			179310	4.00000000	56
2026.08.03	09:03:54.043			179310	1.00000000	56
2026.08.03	09:03:54.046			179310	5.00000000	56
2026.08.03	09:03:54.050			179315	1.00000000	56
2026.08.03	09:03:54.072			179315	2.00000000	56
2026.08.03	09:03:54.076			179315	11.00000000	56
2026.08.03	09:03:54.082			179320	1.00000000	56
2026.08.03	09:03:54.094			179315	10.00000000	56
2026.08.03	09:03:54.106			179315	12.00000000	56
2026.08.03	09:03:54.106	179315				2
2026.08.03	09:03:54.115		179320			4
2026.08.03	09:03:54.128			179315	6.00000000	56
2026.08.03	09:03:54.154			179320	3.00000000	56
2026.08.03	09:03:54.159			179315	1.00000000	88
2026.08.03	09:03:54.185			179315	11.00000000	88
2026.08.03	09:03:54.193			179310	74.00000000	88
2026.08.03	09:03:54.193			179305	20.00000000	88
2026.08.03	09:03:54.193			179315	7.00000000	88
2026.08.03	09:03:54.194			179310	2.00000000	88
2026.08.03	09:03:54.196			179315	2.00000000	88
2026.08.03	09:03:54.199			179310	18.00000000	88
2026.08.03	09:03:54.199			179305	7.00000000	88
2026.08.03	09:03:54.211			179310	4.00000000	88
2026.08.03	09:03:54.215			179315	1.00000000	88
2026.08.03	09:03:54.241			179315	1.00000000	88
2026.08.03	09:03:54.254			179310	4.00000000	88
2026.08.03	09:03:54.254			179315	2.00000000	88
2026.08.03	09:03:54.260			179310	1.00000000	88
2026.08.03	09:03:54.295			179310	2.00000000	88
2026.08.03	09:03:54.311			179315	8.00000000	88
2026.08.03	09:03:54.317			179315	3.00000000	88
2026.08.03	09:03:54.360			179320	1.00000000	56
2026.08.03	09:03:54.361			179315	5.00000000	88
2026.08.03	09:03:54.363			179320	5.00000000	56
2026.08.03	09:03:54.363			179320	7.00000000	56
2026.08.03	09:03:54.364			179325	19.00000000	56
2026.08.03	09:03:54.366			179320	7.00000000	56
2026.08.03	09:03:54.379			179325	3.00000000	56
2026.08.03	09:03:54.379			179320	2.00000000	56
2026.08.03	09:03:54.380			179325	9.00000000	56
2026.08.03	09:03:54.402			179320	1.00000000	56
2026.08.03	09:03:54.407			179320	4.00000000	56
2026.08.03	09:03:54.431			179325	1.00000000	56
2026.08.03	09:03:54.439			179320	8.00000000	56
2026.08.03	09:03:54.439			179315	22.00000000	88
2026.08.03	09:03:54.439			179315	20.00000000	88
2026.08.03	09:03:54.440			179320	3.00000000	56
2026.08.03	09:03:54.441			179315	10.00000000	88
2026.08.03	09:03:54.445			179325	2.00000000	56
2026.08.03	09:03:54.445			179320	7.00000000	56
2026.08.03	09:03:54.458			179315	11.00000000	88
2026.08.03	09:03:54.476			179320	1.00000000	56
2026.08.03	09:03:54.480			179315	7.00000000	88
2026.08.03	09:03:54.528			179315	5.00000000	88
2026.08.03	09:03:54.533			179315	6.00000000	88
2026.08.03	09:03:54.561			179315	2.00000000	88
2026.08.03	09:03:54.577			179315	2.00000000	88
2026.08.03	09:03:54.582			179310	4.00000000	88
2026.08.03	09:03:54.598			179315	7.00000000	88
2026.08.03	09:03:54.600			179320	47.00000000	56
2026.08.03	09:03:54.600			179315	12.00000000	88
2026.08.03	09:03:54.618			179310	5.00000000	88
2026.08.03	09:03:54.646			179315	5.00000000	88
2026.08.03	09:03:54.665			179315	12.00000000	88
2026.08.03	09:03:54.681			179320	5.00000000	56
2026.08.03	09:03:54.698			179310	1.00000000	88
2026.08.03	09:03:54.704			179310	8.00000000	88
2026.08.03	09:03:54.716			179310	2.00000000	88
2026.08.03	09:03:54.731			179315	1.00000000	88
2026.08.03	09:03:54.749			179310	3.00000000	88
2026.08.03	09:03:54.749			179305	17.00000000	88
2026.08.03	09:03:54.761			179310	1.00000000	88
2026.08.03	09:03:54.779			179310	2.00000000	88
2026.08.03	09:03:54.789			179315	1.00000000	88
2026.08.03	09:03:54.793			179315	2.00000000	88
2026.08.03	09:03:54.814	179310				2
2026.08.03	09:03:54.814		179315			4
2026.08.03	09:03:54.829			179310	4.00000000	88
2026.08.03	09:03:54.844			179315	4.00000000	56
2026.08.03	09:03:54.850			179310	19.00000000	88
2026.08.03	09:03:54.875			179315	1.00000000	56
2026.08.03	09:03:54.891			179310	2.00000000	88
2026.08.03	09:03:54.921			179315	7.00000000	56
2026.08.03	09:03:54.927			179310	6.00000000	88
2026.08.03	09:03:54.928			179305	8.00000000	88
2026.08.03	09:03:54.930			179300	3.00000000	88
2026.08.03	09:03:54.954			179300	10.00000000	88
2026.08.03	09:03:54.954			179305	8.00000000	88
2026.08.03	09:03:54.955			179305	1.00000000	88
2026.08.03	09:03:54.959			179305	1.00000000	88
2026.08.03	09:03:54.969			179310	1.00000000	88
2026.08.03	09:03:54.995			179305	1.00000000	88
2026.08.03	09:03:55.001			179310	2.00000000	88
2026.08.03	09:03:55.012			179305	36.00000000	88
2026.08.03	09:03:55.053			179300	1.00000000	88
2026.08.03	09:03:55.056			179305	3.00000000	88
2026.08.03	09:03:55.140			179300	2.00000000	88
2026.08.03	09:03:55.150			179305	7.00000000	88
2026.08.03	09:03:55.159			179310	45.00000000	88
2026.08.03	09:03:55.165			179310	4.00000000	88
2026.08.03	09:03:55.168	179305				2
2026.08.03	09:03:55.168		179310			4
2026.08.03	09:03:55.199			179310	1.00000000	56
2026.08.03	09:03:55.204			179305	2.00000000	88
2026.08.03	09:03:55.207			179310	1.00000000	56
2026.08.03	09:03:55.217			179305	2.00000000	88
2026.08.03	09:03:55.237			179305	1.00000000	88
2026.08.03	09:03:55.288			179310	1.00000000	56
2026.08.03	09:03:55.290			179305	22.00000000	88
2026.08.03	09:03:55.291			179300	72.00000000	88
2026.08.03	09:03:55.295			179295	15.00000000	88
2026.08.03	09:03:55.333			179295	17.00000000	88
2026.08.03	09:03:55.339			179290	13.00000000	88
2026.08.03	09:03:55.340			179295	9.00000000	88
2026.08.03	09:03:55.349			179295	6.00000000	88
2026.08.03	09:03:55.349			179290	86.00000000	88
2026.08.03	09:03:55.362			179295	8.00000000	88
2026.08.03	09:03:55.363			179300	24.00000000	88
2026.08.03	09:03:55.363			179295	9.00000000	88
2026.08.03	09:03:55.363			179290	2.00000000	88
2026.08.03	09:03:55.363			179300	6.00000000	88
2026.08.03	09:03:55.364			179295	27.00000000	88
2026.08.03	09:03:55.364			179300	7.00000000	88
2026.08.03	09:03:55.364			179295	43.00000000	88
2026.08.03	09:03:55.369			179290	25.00000000	88
2026.08.03	09:03:55.370			179295	1.00000000	88
2026.08.03	09:03:55.370			179290	3.00000000	88
2026.08.03	09:03:55.373			179290	22.00000000	88
2026.08.03	09:03:55.373			179285	1.00000000	88
2026.08.03	09:03:55.373			179285	6.00000000	88
2026.08.03	09:03:55.374			179290	13.00000000	88
2026.08.03	09:03:55.374			179285	28.00000000	88
2026.08.03	09:03:55.374			179285	9.00000000	88
2026.08.03	09:03:55.374			179290	1.00000000	88
2026.08.03	09:03:55.374			179285	1.00000000	88
2026.08.03	09:03:55.374			179290	1.00000000	88
2026.08.03	09:03:55.374			179285	1.00000000	88
2026.08.03	09:03:55.374			179290	3.00000000	88
2026.08.03	09:03:55.374			179285	4.00000000	88
2026.08.03	09:03:55.375			179290	1.00000000	88
2026.08.03	09:03:55.375			179285	82.00000000	88
2026.08.03	09:03:55.376			179280	57.00000000	88
2026.08.03	09:03:55.377			179280	58.00000000	88
2026.08.03	09:03:55.379			179280	8.00000000	88
2026.08.03	09:03:55.380			179275	13.00000000	88
2026.08.03	09:03:55.380			179275	98.00000000	88
2026.08.03	09:03:55.381			179270	3.00000000	88
2026.08.03	09:03:55.382			179275	1.00000000	88
2026.08.03	09:03:55.382			179270	30.00000000	88
2026.08.03	09:03:55.382			179270	2.00000000	88
2026.08.03	09:03:55.382			179275	14.00000000	88
2026.08.03	09:03:55.382			179280	24.00000000	88
2026.08.03	09:03:55.382			179280	30.00000000	88
2026.08.03	09:03:55.383			179275	7.00000000	88
2026.08.03	09:03:55.388			179275	13.00000000	88
2026.08.03	09:03:55.388			179270	156.00000000	88
2026.08.03	09:03:55.393			179275	5.00000000	88
2026.08.03	09:03:55.393			179270	1.00000000	88
2026.08.03	09:03:55.394			179275	14.00000000	88
2026.08.03	09:03:55.395			179270	63.00000000	88
2026.08.03	09:03:55.408			179265	10.00000000	88
2026.08.03	09:03:55.409			179270	5.00000000	88
2026.08.03	09:03:55.409			179265	2.00000000	88
2026.08.03	09:03:55.409			179270	5.00000000	88
2026.08.03	09:03:55.409			179265	1.00000000	88
2026.08.03	09:03:55.409			179270	9.00000000	88
2026.08.03	09:03:55.409			179265	3.00000000	88
2026.08.03	09:03:55.409			179270	1.00000000	88
2026.08.03	09:03:55.409			179265	3.00000000	88
2026.08.03	09:03:55.410			179270	15.00000000	88
2026.08.03	09:03:55.410			179265	24.00000000	88
2026.08.03	09:03:55.411			179270	12.00000000	88
2026.08.03	09:03:55.411			179265	31.00000000	88
2026.08.03	09:03:55.415			179270	18.00000000	88
2026.08.03	09:03:55.415			179275	62.00000000	88
2026.08.03	09:03:55.415			179270	25.00000000	88
2026.08.03	09:03:55.417			179265	103.00000000	88
2026.08.03	09:03:55.427			179260	74.00000000	88
2026.08.03	09:03:55.427			179260	31.00000000	88
2026.08.03	09:03:55.428			179255	3.00000000	88
2026.08.03	09:03:55.428			179260	1.00000000	88
2026.08.03	09:03:55.428			179255	65.00000000	88
2026.08.03	09:03:55.428			179260	16.00000000	88
2026.08.03	09:03:55.429			179265	1.00000000	88
2026.08.03	09:03:55.429			179260	3.00000000	88
2026.08.03	09:03:55.429			179255	25.00000000	88
2026.08.03	09:03:55.430			179260	10.00000000	88
2026.08.03	09:03:55.431			179265	1.00000000	88
2026.08.03	09:03:55.438			179260	22.00000000	88
2026.08.03	09:03:55.438			179255	4.00000000	88
2026.08.03	09:03:55.441			179260	3.00000000	88
2026.08.03	09:03:55.443			179265	1.00000000	88
2026.08.03	09:03:55.447			179260	2.00000000	88
2026.08.03	09:03:55.448			179260	1.00000000	88
2026.08.03	09:03:55.448			179265	1.00000000	88
2026.08.03	09:03:55.448			179260	6.00000000	88
2026.08.03	09:03:55.449			179255	1.00000000	88
2026.08.03	09:03:55.450			179265	1.00000000	88
2026.08.03	09:03:55.451			179260	12.00000000	88
2026.08.03	09:03:55.451			179255	12.00000000	88
2026.08.03	09:03:55.457			179260	2.00000000	88
2026.08.03	09:03:55.457			179255	4.00000000	88
2026.08.03	09:03:55.463			179255	8.00000000	88
2026.08.03	09:03:55.477			179255	2.00000000	88
2026.08.03	09:03:55.479			179255	2.00000000	88
2026.08.03	09:03:55.482			179265	2.00000000	88
2026.08.03	09:03:55.495			179255	1.00000000	88
2026.08.03	09:03:55.499			179260	2.00000000	88
2026.08.03	09:03:55.503			179265	69.00000000	88
2026.08.03	09:03:55.504			179270	81.00000000	88
2026.08.03	09:03:55.504			179265	17.00000000	88
2026.08.03	09:03:55.504			179270	9.00000000	88
2026.08.03	09:03:55.504			179265	3.00000000	88
2026.08.03	09:03:55.505			179270	51.00000000	88
2026.08.03	09:03:55.511			179265	19.00000000	88
2026.08.03	09:03:55.513			179270	1.00000000	88
2026.08.03	09:03:55.516			179265	1.00000000	88
2026.08.03	09:03:55.523			179270	28.00000000	88
2026.08.03	09:03:55.523			179275	7.00000000	88
2026.08.03	09:03:55.523	179270				2
2026.08.03	09:03:55.523			179275	6.00000000	120
2026.08.03	09:03:55.523		179275			4
2026.08.03	09:03:55.533			179270	17.00000000	88
2026.08.03	09:03:55.564			179270	5.00000000	88
2026.08.03	09:03:55.568			179270	1.00000000	88
2026.08.03	09:03:55.574			179275	1.00000000	56
2026.08.03	09:03:55.574			179270	10.00000000	88
2026.08.03	09:03:55.584			179265	20.00000000	88
2026.08.03	09:03:55.592			179260	1.00000000	88
2026.08.03	09:03:55.597			179265	5.00000000	88
2026.08.03	09:03:55.597			179260	5.00000000	88
2026.08.03	09:03:55.598			179265	2.00000000	88
2026.08.03	09:03:55.601			179260	1.00000000	88
2026.08.03	09:03:55.603			179260	1.00000000	88
2026.08.03	09:03:55.605			179260	1.00000000	88
2026.08.03	09:03:55.609			179260	3.00000000	88
2026.08.03	09:03:55.609			179255	1.00000000	88
2026.08.03	09:03:55.610			179260	7.00000000	88
2026.08.03	09:03:55.613			179260	8.00000000	88
2026.08.03	09:03:55.618			179265	11.00000000	88
2026.08.03	09:03:55.623			179260	7.00000000	88
2026.08.03	09:03:55.636			179265	1.00000000	88
2026.08.03	09:03:55.640			179265	1.00000000	88
2026.08.03	09:03:55.649			179260	14.00000000	88
2026.08.03	09:03:55.670			179255	3.00000000	88
2026.08.03	09:03:55.682			179260	11.00000000	88
2026.08.03	09:03:55.705			179260	1.00000000	88
2026.08.03	09:03:55.709			179255	1.00000000	88
2026.08.03	09:03:55.714			179255	1.00000000	88
2026.08.03	09:03:55.721			179260	2.00000000	88
2026.08.03	09:03:55.725			179260	1.00000000	88
2026.08.03	09:03:55.754			179260	10.00000000	88
2026.08.03	09:03:55.759			179255	9.00000000	88
2026.08.03	09:03:55.777			179255	10.00000000	88
2026.08.03	09:03:55.797			179260	5.00000000	88
2026.08.03	09:03:55.800			179255	1.00000000	88
2026.08.03	09:03:55.805			179260	1.00000000	88
2026.08.03	09:03:55.812			179255	1.00000000	88
2026.08.03	09:03:55.834			179255	1.00000000	88
2026.08.03	09:03:55.842			179260	1.00000000	88
2026.08.03	09:03:55.851			179255	13.00000000	88
2026.08.03	09:03:55.860			179260	1.00000000	88
2026.08.03	09:03:55.861			179255	1.00000000	88
2026.08.03	09:03:55.862			179255	20.00000000	88
2026.08.03	09:03:55.872	179255				2
2026.08.03	09:03:55.872			179260	10.00000000	120
2026.08.03	09:03:55.872		179260			4
2026.08.03	09:03:55.906			179255	54.00000000	88
2026.08.03	09:03:55.908			179250	164.00000000	88
2026.08.03	09:03:55.911			179245	26.00000000	88
2026.08.03	09:03:55.911			179245	28.00000000	88
2026.08.03	09:03:55.911			179250	9.00000000	88
2026.08.03	09:03:55.912			179245	81.00000000	88
2026.08.03	09:03:55.912			179250	17.00000000	88
2026.08.03	09:03:55.912			179245	57.00000000	88
2026.08.03	09:03:55.916			179250	1.00000000	88
2026.08.03	09:03:55.916			179245	356.00000000	88
2026.08.03	09:03:55.917			179245	96.00000000	88
2026.08.03	09:03:55.925			179240	1.00000000	88
2026.08.03	09:03:55.926			179240	44.00000000	88
2026.08.03	09:03:55.926			179245	48.00000000	88
2026.08.03	09:03:55.936			179245	1.00000000	88
2026.08.03	09:03:55.936			179240	24.00000000	88
2026.08.03	09:03:55.936			179245	8.00000000	88
2026.08.03	09:03:55.942			179250	26.00000000	88
2026.08.03	09:03:55.954			179245	20.00000000	88
2026.08.03	09:03:55.969			179245	1.00000000	88
2026.08.03	09:03:55.985			179250	4.00000000	88
2026.08.03	09:03:55.986			179245	3.00000000	88
2026.08.03	09:03:56.002			179245	1.00000000	88
2026.08.03	09:03:56.003			179250	10.00000000	88
2026.08.03	09:03:56.006			179245	25.00000000	88
2026.08.03	09:03:56.007			179255	1.00000000	88
2026.08.03	09:03:56.011			179245	9.00000000	88
2026.08.03	09:03:56.012			179240	4.00000000	88
2026.08.03	09:03:56.013			179235	127.00000000	88
2026.08.03	09:03:56.015			179230	44.00000000	88
2026.08.03	09:03:56.015			179230	13.00000000	88
2026.08.03	09:03:56.019			179235	3.00000000	88
2026.08.03	09:03:56.027			179230	1.00000000	88
2026.08.03	09:03:56.030			179235	3.00000000	88
2026.08.03	09:03:56.040			179230	2.00000000	88
2026.08.03	09:03:56.044			179235	1.00000000	88
2026.08.03	09:03:56.046			179230	16.00000000	88
2026.08.03	09:03:56.064			179235	1.00000000	88
2026.08.03	09:03:56.067			179230	2.00000000	88
2026.08.03	09:03:56.069			179235	10.00000000	88
2026.08.03	09:03:56.073			179230	1.00000000	88
2026.08.03	09:03:56.075			179235	20.00000000	88
2026.08.03	09:03:56.079			179240	18.00000000	88
2026.08.03	09:03:56.079			179245	37.00000000	88
2026.08.03	09:03:56.079			179250	1.00000000	88
2026.08.03	09:03:56.080			179245	1.00000000	88
2026.08.03	09:03:56.081			179240	1.00000000	88
2026.08.03	09:03:56.082			179245	3.00000000	88
2026.08.03	09:03:56.087			179250	10.00000000	88
2026.08.03	09:03:56.089			179245	4.00000000	88
2026.08.03	09:03:56.101			179245	40.00000000	88
2026.08.03	09:03:56.112			179240	26.00000000	88
2026.08.03	09:03:56.116			179245	55.00000000	88
2026.08.03	09:03:56.122			179240	15.00000000	88
2026.08.03	09:03:56.122			179240	29.00000000	88
2026.08.03	09:03:56.122			179245	17.00000000	88
2026.08.03	09:03:56.139			179245	22.00000000	88
2026.08.03	09:03:56.142			179250	20.00000000	88
2026.08.03	09:03:56.145			179245	11.00000000	88
2026.08.03	09:03:56.153			179240	7.00000000	88
2026.08.03	09:03:56.159			179240	24.00000000	88
2026.08.03	09:03:56.159			179235	26.00000000	88
2026.08.03	09:03:56.162			179240	3.00000000	88
2026.08.03	09:03:56.165			179245	2.00000000	88
2026.08.03	09:03:56.165			179240	6.00000000	88
2026.08.03	09:03:56.174			179240	2.00000000	88
2026.08.03	09:03:56.175			179245	9.00000000	88
2026.08.03	09:03:56.188			179240	1.00000000	88
2026.08.03	09:03:56.194			179245	2.00000000	88
2026.08.03	09:03:56.195			179240	1.00000000	88
2026.08.03	09:03:56.196			179250	3.00000000	88
2026.08.03	09:03:56.201			179245	2.00000000	88
2026.08.03	09:03:56.202			179240	7.00000000	88
2026.08.03	09:03:56.205			179240	1.00000000	88
2026.08.03	09:03:56.206			179240	13.00000000	56
2026.08.03	09:03:56.214			179235	17.00000000	56
2026.08.03	09:03:56.220	179230				2
2026.08.03	09:03:56.223		179235			4
2026.08.03	09:03:56.227			179230	15.00000000	88
2026.08.03	09:03:56.234			179225	58.00000000	88
2026.08.03	09:03:56.234			179230	12.00000000	88
2026.08.03	09:03:56.234			179225	28.00000000	88
2026.08.03	09:03:56.235			179230	3.00000000	88
2026.08.03	09:03:56.235			179225	6.00000000	88
2026.08.03	09:03:56.235			179220	4.00000000	88
2026.08.03	09:03:56.235			179225	1.00000000	88
2026.08.03	09:03:56.235			179220	47.00000000	88
2026.08.03	09:03:56.235			179225	3.00000000	88
2026.08.03	09:03:56.235			179220	1.00000000	88
2026.08.03	09:03:56.235			179225	1.00000000	88
2026.08.03	09:03:56.236			179230	23.00000000	88
2026.08.03	09:03:56.247			179225	9.00000000	88
2026.08.03	09:03:56.254			179230	1.00000000	88
2026.08.03	09:03:56.254			179225	1.00000000	88
2026.08.03	09:03:56.259			179235	38.00000000	56
2026.08.03	09:03:56.271			179235	4.00000000	56
2026.08.03	09:03:56.277			179240	2.00000000	56
2026.08.03	09:03:56.277			179235	2.00000000	56
2026.08.03	09:03:56.286			179230	2.00000000	88
2026.08.03	09:03:56.294			179240	1.00000000	56
2026.08.03	09:03:56.302			179235	2.00000000	56
2026.08.03	09:03:56.304			179240	2.00000000	56
2026.08.03	09:03:56.308			179240	1.00000000	56
2026.08.03	09:03:56.312			179235	29.00000000	56
2026.08.03	09:03:56.312			179230	1.00000000	88
2026.08.03	09:03:56.313			179235	1.00000000	56
2026.08.03	09:03:56.316			179230	8.00000000	88
2026.08.03	09:03:56.316			179230	4.00000000	88
2026.08.03	09:03:56.317			179235	6.00000000	56
2026.08.03	09:03:56.318			179240	7.00000000	56
2026.08.03	09:03:56.318			179245	4.00000000	56
2026.08.03	09:03:56.319			179240	7.00000000	56
2026.08.03	09:03:56.325			179235	12.00000000	56
2026.08.03	09:03:56.325			179230	13.00000000	88
2026.08.03	09:03:56.326			179235	4.00000000	56
2026.08.03	09:03:56.333			179230	20.00000000	88
2026.08.03	09:03:56.344			179225	2.00000000	88
2026.08.03	09:03:56.346			179230	4.00000000	88
2026.08.03	09:03:56.347			179230	9.00000000	88
2026.08.03	09:03:56.348			179230	19.00000000	88
2026.08.03	09:03:56.349			179235	2.00000000	56
2026.08.03	09:03:56.350			179230	2.00000000	88
2026.08.03	09:03:56.350			179235	1.00000000	56
2026.08.03	09:03:56.351			179225	1.00000000	88
2026.08.03	09:03:56.353			179225	20.00000000	88
2026.08.03	09:03:56.362			179220	6.00000000	88
2026.08.03	09:03:56.370			179225	3.00000000	88
2026.08.03	09:03:56.370			179220	1.00000000	88
2026.08.03	09:03:56.370			179230	1.00000000	88
2026.08.03	09:03:56.372			179225	1.00000000	88
2026.08.03	09:03:56.386			179230	39.00000000	88
2026.08.03	09:03:56.386			179235	16.00000000	56
2026.08.03	09:03:56.386			179230	16.00000000	88
2026.08.03	09:03:56.392			179235	2.00000000	56
2026.08.03	09:03:56.397			179230	1.00000000	88
2026.08.03	09:03:56.407			179235	2.00000000	56
2026.08.03	09:03:56.407			179230	1.00000000	88
2026.08.03	09:03:56.408			179235	18.00000000	56
2026.08.03	09:03:56.410			179240	14.00000000	56
2026.08.03	09:03:56.410			179235	9.00000000	56
2026.08.03	09:03:56.427			179230	2.00000000	88
2026.08.03	09:03:56.441			179235	3.00000000	56
2026.08.03	09:03:56.445			179235	1.00000000	56
2026.08.03	09:03:56.448			179230	6.00000000	88
2026.08.03	09:03:56.455			179235	11.00000000	56
2026.08.03	09:03:56.459			179230	8.00000000	88
2026.08.03	09:03:56.470			179225	3.00000000	88
2026.08.03	09:03:56.475			179225	13.00000000	88
2026.08.03	09:03:56.483			179220	7.00000000	88
2026.08.03	09:03:56.483			179225	14.00000000	88
2026.08.03	09:03:56.487			179220	25.00000000	88
2026.08.03	09:03:56.492			179225	4.00000000	88
2026.08.03	09:03:56.496			179220	10.00000000	88
2026.08.03	09:03:56.496			179230	1.00000000	88
2026.08.03	09:03:56.509			179220	5.00000000	88
2026.08.03	09:03:56.511			179225	1.00000000	88
2026.08.03	09:03:56.512			179220	8.00000000	88
2026.08.03	09:03:56.539			179225	1.00000000	88
2026.08.03	09:03:56.540			179230	1.00000000	88
2026.08.03	09:03:56.542			179225	3.00000000	88
2026.08.03	09:03:56.549			179220	60.00000000	88
2026.08.03	09:03:56.549			179215	60.00000000	88
2026.08.03	09:03:56.550			179220	8.00000000	88
2026.08.03	09:03:56.550			179215	2.00000000	88
2026.08.03	09:03:56.550			179220	2.00000000	88
2026.08.03	09:03:56.550			179215	2.00000000	88
2026.08.03	09:03:56.550			179220	7.00000000	88
2026.08.03	09:03:56.550			179215	16.00000000	88
2026.08.03	09:03:56.550			179220	3.00000000	88
2026.08.03	09:03:56.558			179225	1.00000000	88
2026.08.03	09:03:56.560			179220	6.00000000	88
2026.08.03	09:03:56.560			179215	5.00000000	88
2026.08.03	09:03:56.562			179220	10.00000000	88
2026.08.03	09:03:56.563			179215	1.00000000	88
2026.08.03	09:03:56.566			179215	2.00000000	88
2026.08.03	09:03:56.567			179225	1.00000000	88
2026.08.03	09:03:56.569			179215	4.00000000	88
2026.08.03	09:03:56.572			179215	45.00000000	88
2026.08.03	09:03:56.572			179220	9.00000000	88
2026.08.03	09:03:56.573	179220				2
2026.08.03	09:03:56.573		179225			4
2026.08.03	09:03:56.574			179225	2.00000000	56
2026.08.03	09:03:56.576			179220	3.00000000	88
2026.08.03	09:03:56.578			179215	38.00000000	88
2026.08.03	09:03:56.598			179220	2.00000000	88
2026.08.03	09:03:56.605			179220	11.00000000	88
2026.08.03	09:03:56.606			179215	28.00000000	88
2026.08.03	09:03:56.608			179210	73.00000000	88
2026.08.03	09:03:56.608			179215	5.00000000	88
2026.08.03	09:03:56.608			179210	20.00000000	88
2026.08.03	09:03:56.608			179215	7.00000000	88
2026.08.03	09:03:56.608			179210	3.00000000	88
2026.08.03	09:03:56.608			179215	5.00000000	88
2026.08.03	09:03:56.608			179210	5.00000000	88
2026.08.03	09:03:56.608			179215	1.00000000	88
2026.08.03	09:03:56.608			179210	1.00000000	88
2026.08.03	09:03:56.609			179215	9.00000000	88
2026.08.03	09:03:56.610			179210	1.00000000	88
2026.08.03	09:03:56.610			179215	4.00000000	88
2026.08.03	09:03:56.610			179220	15.00000000	88
2026.08.03	09:03:56.623			179215	19.00000000	88
2026.08.03	09:03:56.627			179210	2.00000000	88
2026.08.03	09:03:56.633			179220	4.00000000	88
2026.08.03	09:03:56.636			179215	2.00000000	88
2026.08.03	09:03:56.639			179220	48.00000000	88
2026.08.03	09:03:56.647			179225	10.00000000	56
2026.08.03	09:03:56.648			179215	1.00000000	88
2026.08.03	09:03:56.648			179210	59.00000000	88
2026.08.03	09:03:56.648			179220	1.00000000	88
2026.08.03	09:03:56.649			179215	3.00000000	88
2026.08.03	09:03:56.650			179210	1.00000000	88
2026.08.03	09:03:56.652			179215	9.00000000	88
2026.08.03	09:03:56.653			179220	39.00000000	88
2026.08.03	09:03:56.656			179215	5.00000000	88
2026.08.03	09:03:56.658			179215	4.00000000	88
2026.08.03	09:03:56.660			179215	4.00000000	88
2026.08.03	09:03:56.665			179215	2.00000000	88
2026.08.03	09:03:56.667			179215	1.00000000	88
2026.08.03	09:03:56.671			179215	3.00000000	88
2026.08.03	09:03:56.677			179215	7.00000000	88
2026.08.03	09:03:56.677			179210	5.00000000	88
2026.08.03	09:03:56.686			179220	1.00000000	88
2026.08.03	09:03:56.686			179215	7.00000000	88
2026.08.03	09:03:56.698			179220	13.00000000	88
2026.08.03	09:03:56.698			179225	60.00000000	56
2026.08.03	09:03:56.699			179230	38.00000000	56
2026.08.03	09:03:56.708			179230	5.00000000	56
2026.08.03	09:03:56.712			179230	4.00000000	56
2026.08.03	09:03:56.713			179225	55.00000000	56
2026.08.03	09:03:56.714			179220	6.00000000	88
2026.08.03	09:03:56.714			179225	2.00000000	56
2026.08.03	09:03:56.717			179220	1.00000000	88
2026.08.03	09:03:56.718			179215	4.00000000	88
2026.08.03	09:03:56.729			179210	5.00000000	88
2026.08.03	09:03:56.733			179215	1.00000000	88
2026.08.03	09:03:56.739			179210	2.00000000	88
2026.08.03	09:03:56.741			179210	2.00000000	88
2026.08.03	09:03:56.741			179215	3.00000000	88
2026.08.03	09:03:56.741			179220	1.00000000	88
2026.08.03	09:03:56.741			179215	1.00000000	88
2026.08.03	09:03:56.743			179210	3.00000000	88
2026.08.03	09:03:56.749			179215	12.00000000	88
2026.08.03	09:03:56.754			179220	6.00000000	88
2026.08.03	09:03:56.755			179210	1.00000000	88
2026.08.03	09:03:56.755			179215	9.00000000	88
2026.08.03	09:03:56.757			179210	53.00000000	88
2026.08.03	09:03:56.766			179220	1.00000000	88
2026.08.03	09:03:56.771			179210	1.00000000	88
2026.08.03	09:03:56.774			179215	3.00000000	88
2026.08.03	09:03:56.774			179220	7.00000000	88
2026.08.03	09:03:56.781			179215	1.00000000	88
2026.08.03	09:03:56.781			179220	1.00000000	88
2026.08.03	09:03:56.781			179210	2.00000000	88
2026.08.03	09:03:56.781			179215	10.00000000	88
2026.08.03	09:03:56.789			179210	25.00000000	88
2026.08.03	09:03:56.801			179210	6.00000000	88
2026.08.03	09:03:56.809			179210	1.00000000	88
2026.08.03	09:03:56.811			179210	3.00000000	88
2026.08.03	09:03:56.814			179215	2.00000000	88
2026.08.03	09:03:56.821			179210	5.00000000	88
2026.08.03	09:03:56.822			179205	56.00000000	88
2026.08.03	09:03:56.822			179210	4.00000000	88
2026.08.03	09:03:56.822			179205	10.00000000	88
2026.08.03	09:03:56.825			179210	37.00000000	88
2026.08.03	09:03:56.826			179205	5.00000000	88
2026.08.03	09:03:56.826			179210	2.00000000	88
2026.08.03	09:03:56.831			179205	10.00000000	88
2026.08.03	09:03:56.836			179210	5.00000000	88
2026.08.03	09:03:56.843			179215	5.00000000	88
2026.08.03	09:03:56.846			179210	3.00000000	88
2026.08.03	09:03:56.852			179215	3.00000000	88
2026.08.03	09:03:56.853			179210	1.00000000	88
2026.08.03	09:03:56.864			179215	1.00000000	88
2026.08.03	09:03:56.866			179210	3.00000000	88
2026.08.03	09:03:56.867			179215	3.00000000	88
2026.08.03	09:03:56.867			179210	1.00000000	88
2026.08.03	09:03:56.874			179215	14.00000000	88
2026.08.03	09:03:56.874			179220	1.00000000	88
2026.08.03	09:03:56.875			179215	5.00000000	88
2026.08.03	09:03:56.878			179210	16.00000000	88
2026.08.03	09:03:56.878			179205	1.00000000	88
2026.08.03	09:03:56.881			179210	1.00000000	88
2026.08.03	09:03:56.885			179210	1.00000000	88
2026.08.03	09:03:56.890			179205	10.00000000	88
2026.08.03	09:03:56.900			179205	5.00000000	88
2026.08.03	09:03:56.903			179210	1.00000000	88
2026.08.03	09:03:56.904			179205	2.00000000	88
2026.08.03	09:03:56.904			179205	4.00000000	88
2026.08.03	09:03:56.911			179210	11.00000000	56
2026.08.03	09:03:56.922	179205				2
2026.08.03	09:03:56.922		179210			4
2026.08.03	09:03:56.925			179205	3.00000000	88
2026.08.03	09:03:56.927			179210	22.00000000	56
2026.08.03	09:03:56.939			179210	2.00000000	56
2026.08.03	09:03:56.941			179210	5.00000000	56
2026.08.03	09:03:56.943			179205	2.00000000	88
2026.08.03	09:03:56.944			179205	86.00000000	88
2026.08.03	09:03:56.952			179200	74.00000000	88
2026.08.03	09:03:56.955			179205	3.00000000	88
2026.08.03	09:03:56.956			179200	11.00000000	88
2026.08.03	09:03:56.959			179200	4.00000000	88
2026.08.03	09:03:56.959			179205	1.00000000	88
2026.08.03	09:03:56.960			179200	29.00000000	88
2026.08.03	09:03:56.961			179195	40.00000000	88
2026.08.03	09:03:56.962			179200	1.00000000	88
2026.08.03	09:03:56.962			179195	92.00000000	88
2026.08.03	09:03:56.962			179195	2.00000000	88
2026.08.03	09:03:56.962			179200	3.00000000	88
2026.08.03	09:03:56.963			179195	4.00000000	88
2026.08.03	09:03:56.963			179190	40.00000000	88
2026.08.03	09:03:56.964			179195	4.00000000	88
2026.08.03	09:03:56.964			179190	5.00000000	88
2026.08.03	09:03:56.964			179195	7.00000000	88
2026.08.03	09:03:56.964			179190	93.00000000	88
2026.08.03	09:03:56.964			179195	2.00000000	88
2026.08.03	09:03:56.964			179205	5.00000000	88
2026.08.03	09:03:56.964			179195	8.00000000	88
2026.08.03	09:03:56.965			179200	20.00000000	88
2026.08.03	09:03:56.966			179200	5.00000000	88
2026.08.03	09:03:56.966			179195	17.00000000	88
2026.08.03	09:03:56.967			179200	1.00000000	88
2026.08.03	09:03:56.968			179205	30.00000000	88
2026.08.03	09:03:56.971			179210	20.00000000	56
2026.08.03	09:03:56.972			179215	26.00000000	56
2026.08.03	09:03:56.976			179215	4.00000000	56
2026.08.03	09:03:56.977			179210	2.00000000	56
2026.08.03	09:03:56.978			179215	3.00000000	56
2026.08.03	09:03:56.982			179210	3.00000000	56
2026.08.03	09:03:56.984			179210	1.00000000	56
2026.08.03	09:03:56.984			179215	1.00000000	56
2026.08.03	09:03:56.985			179210	8.00000000	56
2026.08.03	09:03:56.995			179215	1.00000000	56
2026.08.03	09:03:57.003			179210	26.00000000	56
2026.08.03	09:03:57.008			179215	11.00000000	56
2026.08.03	09:03:57.008			179210	2.00000000	56
2026.08.03	09:03:57.018			179205	31.00000000	88
2026.08.03	09:03:57.030			179200	2.00000000	88
2026.08.03	09:03:57.030			179205	1.00000000	88
2026.08.03	09:03:57.032			179210	1.00000000	56
2026.08.03	09:03:57.034			179200	36.00000000	88
2026.08.03	09:03:57.034			179195	9.00000000	88
2026.08.03	09:03:57.034			179200	1.00000000	88
2026.08.03	09:03:57.035			179205	2.00000000	88
2026.08.03	09:03:57.035			179200	1.00000000	88
2026.08.03	09:03:57.044			179205	2.00000000	88
2026.08.03	09:03:57.044			179200	18.00000000	88
2026.08.03	09:03:57.044			179195	30.00000000	88
2026.08.03	09:03:57.046			179200	1.00000000	88
2026.08.03	09:03:57.050			179200	8.00000000	88
2026.08.03	09:03:57.052			179205	6.00000000	88
2026.08.03	09:03:57.056			179200	1.00000000	88
2026.08.03	09:03:57.060			179205	10.00000000	88
2026.08.03	09:03:57.068			179200	3.00000000	88
2026.08.03	09:03:57.096			179200	5.00000000	88
2026.08.03	09:03:57.098			179200	5.00000000	88
2026.08.03	09:03:57.102			179200	1.00000000	88
2026.08.03	09:03:57.106			179200	3.00000000	88
2026.08.03	09:03:57.108			179205	4.00000000	88
2026.08.03	09:03:57.108			179210	1.00000000	56
2026.08.03	09:03:57.111			179210	9.00000000	56
2026.08.03	09:03:57.111			179210	1.00000000	56
2026.08.03	09:03:57.113			179205	2.00000000	88
2026.08.03	09:03:57.117			179205	2.00000000	88
2026.08.03	09:03:57.122			179210	2.00000000	56
2026.08.03	09:03:57.129			179210	2.00000000	56
2026.08.03	09:03:57.129			179205	1.00000000	88
2026.08.03	09:03:57.131			179210	5.00000000	56
2026.08.03	09:03:57.131			179215	2.00000000	56
2026.08.03	09:03:57.131			179205	2.00000000	88
2026.08.03	09:03:57.131			179210	3.00000000	56
2026.08.03	09:03:57.131			179205	5.00000000	88
2026.08.03	09:03:57.132			179210	1.00000000	56
2026.08.03	09:03:57.133			179205	5.00000000	88
2026.08.03	09:03:57.134			179210	7.00000000	56
2026.08.03	09:03:57.137			179215	4.00000000	56
2026.08.03	09:03:57.140			179205	4.00000000	88
2026.08.03	09:03:57.142			179210	11.00000000	56
2026.08.03	09:03:57.144			179215	9.00000000	56
2026.08.03	09:03:57.144			179205	3.00000000	88
2026.08.03	09:03:57.148			179210	1.00000000	56
2026.08.03	09:03:57.152			179205	17.00000000	88
2026.08.03	09:03:57.152			179200	48.00000000	88
2026.08.03	09:03:57.153			179205	7.00000000	88
2026.08.03	09:03:57.155			179210	10.00000000	56
2026.08.03	09:03:57.158			179205	5.00000000	88
2026.08.03	09:03:57.159			179200	1.00000000	88
2026.08.03	09:03:57.160			179205	1.00000000	88
2026.08.03	09:03:57.160			179210	14.00000000	56
2026.08.03	09:03:57.161			179205	5.00000000	88
2026.08.03	09:03:57.162			179210	16.00000000	56
2026.08.03	09:03:57.162			179215	10.00000000	56
2026.08.03	09:03:57.163			179215	1.00000000	56
2026.08.03	09:03:57.163			179210	6.00000000	56
2026.08.03	09:03:57.164			179220	20.00000000	56
2026.08.03	09:03:57.165			179215	2.00000000	56
2026.08.03	09:03:57.166			179215	3.00000000	56
2026.08.03	09:03:57.167			179215	2.00000000	56
2026.08.03	09:03:57.168			179220	10.00000000	56
2026.08.03	09:03:57.175			179220	40.00000000	56
2026.08.03	09:03:57.177			179220	1.00000000	56
2026.08.03	09:03:57.178			179215	1.00000000	56
2026.08.03	09:03:57.180			179215	3.00000000	56
2026.08.03	09:03:57.182			179220	4.00000000	56
2026.08.03	09:03:57.191			179215	18.00000000	56
2026.08.03	09:03:57.207			179220	1.00000000	56
2026.08.03	09:03:57.207			179215	14.00000000	56
2026.08.03	09:03:57.221			179215	3.00000000	56
2026.08.03	09:03:57.238			179220	1.00000000	56
2026.08.03	09:03:57.242			179215	10.00000000	56
2026.08.03	09:03:57.247			179210	28.00000000	56
2026.08.03	09:03:57.251			179215	1.00000000	56
2026.08.03	09:03:57.253			179210	1.00000000	56
2026.08.03	09:03:57.258			179210	1.00000000	56
2026.08.03	09:03:57.259			179215	6.00000000	56
2026.08.03	09:03:57.260			179210	25.00000000	56
2026.08.03	09:03:57.262			179210	32.00000000	56
2026.08.03	09:03:57.263			179205	16.00000000	88
2026.08.03	09:03:57.266			179210	5.00000000	56
2026.08.03	09:03:57.279			179205	1.00000000	88
2026.08.03	09:03:57.281			179210	10.00000000	56
2026.08.03	09:03:57.290			179205	5.00000000	88
2026.08.03	09:03:57.305			179205	1.00000000	88
2026.08.03	09:03:57.306			179210	1.00000000	56
2026.08.03	09:03:57.307			179205	7.00000000	88
2026.08.03	09:03:57.314			179210	10.00000000	56
2026.08.03	09:03:57.322			179205	20.00000000	88
2026.08.03	09:03:57.322			179200	23.00000000	88
2026.08.03	09:03:57.322			179195	7.00000000	88
2026.08.03	09:03:57.322			179205	9.00000000	88
2026.08.03	09:03:57.326			179205	4.00000000	88
2026.08.03	09:03:57.330			179205	3.00000000	88
2026.08.03	09:03:57.335			179210	2.00000000	56
2026.08.03	09:03:57.336			179210	1.00000000	56
2026.08.03	09:03:57.336			179205	16.00000000	88
2026.08.03	09:03:57.355			179210	2.00000000	56
2026.08.03	09:03:57.376			179210	2.00000000	56
2026.08.03	09:03:57.380			179205	22.00000000	88
2026.08.03	09:03:57.391			179210	4.00000000	56
2026.08.03	09:03:57.392			179215	17.00000000	56
2026.08.03	09:03:57.392			179220	33.00000000	56
2026.08.03	09:03:57.392			179210	3.00000000	56
2026.08.03	09:03:57.393			179215	2.00000000	56
2026.08.03	09:03:57.394			179210	19.00000000	56
2026.08.03	09:03:57.396			179205	4.00000000	88
2026.08.03	09:03:57.398			179210	5.00000000	56
2026.08.03	09:03:57.399			179215	1.00000000	56
2026.08.03	09:03:57.401			179210	6.00000000	56
2026.08.03	09:03:57.404			179215	6.00000000	56
2026.08.03	09:03:57.407			179210	1.00000000	56
2026.08.03	09:03:57.409			179215	1.00000000	56
2026.08.03	09:03:57.411			179215	2.00000000	56
2026.08.03	09:03:57.413			179210	7.00000000	56
2026.08.03	09:03:57.422			179210	3.00000000	56
2026.08.03	09:03:57.422			179210	2.00000000	56
2026.08.03	09:03:57.422			179205	15.00000000	88
2026.08.03	09:03:57.423			179215	7.00000000	56
2026.08.03	09:03:57.423			179215	12.00000000	56
2026.08.03	09:03:57.423			179210	2.00000000	56
2026.08.03	09:03:57.423			179215	5.00000000	56
2026.08.03	09:03:57.427			179215	2.00000000	56
2026.08.03	09:03:57.427			179210	1.00000000	56
2026.08.03	09:03:57.438			179210	2.00000000	56
2026.08.03	09:03:57.440			179215	1.00000000	56
2026.08.03	09:03:57.442			179210	9.00000000	56
2026.08.03	09:03:57.442			179205	1.00000000	88
2026.08.03	09:03:57.449			179210	5.00000000	56
2026.08.03	09:03:57.453			179215	2.00000000	56
2026.08.03	09:03:57.462			179215	1.00000000	56
2026.08.03	09:03:57.465			179215	2.00000000	56
2026.08.03	09:03:57.466			179210	1.00000000	56
2026.08.03	09:03:57.467			179215	5.00000000	56
2026.08.03	09:03:57.467			179210	2.00000000	56
2026.08.03	09:03:57.476			179215	7.00000000	56
2026.08.03	09:03:57.483			179220	3.00000000	56
2026.08.03	09:03:57.486			179215	1.00000000	56
2026.08.03	09:03:57.506			179215	8.00000000	56
2026.08.03	09:03:57.506			179210	42.00000000	56
2026.08.03	09:03:57.506			179205	3.00000000	88
2026.08.03	09:03:57.507			179215	20.00000000	56
2026.08.03	09:03:57.510			179210	9.00000000	56
2026.08.03	09:03:57.516			179215	6.00000000	56
2026.08.03	09:03:57.516			179210	24.00000000	56
2026.08.03	09:03:57.519			179215	1.00000000	56
2026.08.03	09:03:57.522			179210	1.00000000	56
2026.08.03	09:03:57.525			179220	14.00000000	56
2026.08.03	09:03:57.543			179215	2.00000000	56
2026.08.03	09:03:57.553			179220	1.00000000	56
2026.08.03	09:03:57.561			179220	12.00000000	56
2026.08.03	09:03:57.561			179225	13.00000000	56
2026.08.03	09:03:57.561			179225	3.00000000	56
2026.08.03	09:03:57.561			179220	1.00000000	56
2026.08.03	09:03:57.563			179215	15.00000000	56
2026.08.03	09:03:57.566			179210	10.00000000	56
2026.08.03	09:03:57.567			179215	5.00000000	56
2026.08.03	09:03:57.572			179210	3.00000000	56
2026.08.03	09:03:57.584			179220	7.00000000	56
2026.08.03	09:03:57.591			179215	1.00000000	56
2026.08.03	09:03:57.594			179210	1.00000000	56
2026.08.03	09:03:57.597			179220	35.00000000	56
2026.08.03	09:03:57.597			179225	45.00000000	56
2026.08.03	09:03:57.598			179215	4.00000000	56
2026.08.03	09:03:57.598			179220	1.00000000	56
2026.08.03	09:03:57.599			179215	1.00000000	56
2026.08.03	09:03:57.599			179210	8.00000000	56
2026.08.03	09:03:57.603			179205	1.00000000	88
2026.08.03	09:03:57.611			179210	15.00000000	56
2026.08.03	09:03:57.613			179210	1.00000000	56
2026.08.03	09:03:57.615			179205	10.00000000	88
2026.08.03	09:03:57.617			179210	15.00000000	56
2026.08.03	09:03:57.619			179205	28.00000000	88
2026.08.03	09:03:57.623			179210	4.00000000	56
2026.08.03	09:03:57.623			179215	16.00000000	56
2026.08.03	09:03:57.630			179210	3.00000000	56
2026.08.03	09:03:57.630			179205	16.00000000	88
2026.08.03	09:03:57.631			179210	5.00000000	56
2026.08.03	09:03:57.636			179205	7.00000000	88
2026.08.03	09:03:57.642			179200	6.00000000	88
2026.08.03	09:03:57.643			179200	37.00000000	88
2026.08.03	09:03:57.643			179195	76.00000000	88
2026.08.03	09:03:57.643			179190	70.00000000	88
2026.08.03	09:03:57.643			179185	182.00000000	88
2026.08.03	09:03:57.643			179185	7.00000000	88
2026.08.03	09:03:57.643			179180	157.00000000	88
2026.08.03	09:03:57.645			179185	3.00000000	88
2026.08.03	09:03:57.645			179180	4.00000000	88
2026.08.03	09:03:57.645			179185	10.00000000	88
2026.08.03	09:03:57.645			179180	10.00000000	88
2026.08.03	09:03:57.645			179185	2.00000000	88
2026.08.03	09:03:57.645			179180	30.00000000	88
2026.08.03	09:03:57.645			179185	4.00000000	88
2026.08.03	09:03:57.645			179180	2.00000000	88
2026.08.03	09:03:57.645			179185	1.00000000	88
2026.08.03	09:03:57.645			179180	80.00000000	88
2026.08.03	09:03:57.645			179180	27.00000000	88
2026.08.03	09:03:57.645			179175	59.00000000	88
2026.08.03	09:03:57.645			179180	3.00000000	88
2026.08.03	09:03:57.645			179175	1.00000000	88
2026.08.03	09:03:57.645			179180	2.00000000	88
2026.08.03	09:03:57.645			179175	147.00000000	88
2026.08.03	09:03:57.645			179205	10.00000000	88
2026.08.03	09:03:57.646			179190	2.00000000	88
2026.08.03	09:03:57.647			179195	2.00000000	88
2026.08.03	09:03:57.647			179190	4.00000000	88
2026.08.03	09:03:57.648			179195	1.00000000	88
2026.08.03	09:03:57.648			179195	20.00000000	88
2026.08.03	09:03:57.648			179200	12.00000000	88
2026.08.03	09:03:57.649			179195	2.00000000	88
2026.08.03	09:03:57.649			179200	29.00000000	88
2026.08.03	09:03:57.652			179205	2.00000000	88
2026.08.03	09:03:57.654			179200	1.00000000	88
2026.08.03	09:03:57.656			179205	17.00000000	88
2026.08.03	09:03:57.657			179205	3.00000000	88
2026.08.03	09:03:57.657			179210	21.00000000	56
2026.08.03	09:03:57.657			179205	1.00000000	88
2026.08.03	09:03:57.657			179210	6.00000000	56
2026.08.03	09:03:57.660			179215	11.00000000	56
2026.08.03	09:03:57.661			179220	5.00000000	56
2026.08.03	09:03:57.662			179215	3.00000000	56
2026.08.03	09:03:57.671			179220	3.00000000	56
2026.08.03	09:03:57.673			179215	6.00000000	56
2026.08.03	09:03:57.684			179220	1.00000000	56
2026.08.03	09:03:57.689			179215	5.00000000	56
2026.08.03	09:03:57.701			179220	1.00000000	56
2026.08.03	09:03:57.701			179215	4.00000000	56
2026.08.03	09:03:57.703			179220	1.00000000	56
2026.08.03	09:03:57.715			179220	6.00000000	56
2026.08.03	09:03:57.717			179215	38.00000000	56
2026.08.03	09:03:57.724			179215	9.00000000	56
2026.08.03	09:03:57.724			179215	4.00000000	56
2026.08.03	09:03:57.725			179210	1.00000000	56
2026.08.03	09:03:57.728			179215	13.00000000	56
2026.08.03	09:03:57.731			179210	12.00000000	56
2026.08.03	09:03:57.738			179215	5.00000000	56
2026.08.03	09:03:57.750			179210	47.00000000	56
2026.08.03	09:03:57.751			179215	4.00000000	56
2026.08.03	09:03:57.758			179210	1.00000000	56
2026.08.03	09:03:57.761			179215	3.00000000	56
2026.08.03	09:03:57.762			179210	2.00000000	56
2026.08.03	09:03:57.765			179215	1.00000000	56
2026.08.03	09:03:57.766			179210	12.00000000	56
2026.08.03	09:03:57.766			179205	38.00000000	88
2026.08.03	09:03:57.767			179210	4.00000000	56
2026.08.03	09:03:57.773			179215	3.00000000	56
2026.08.03	09:03:57.774			179210	1.00000000	56
2026.08.03	09:03:57.775			179215	3.00000000	56
2026.08.03	09:03:57.779			179210	5.00000000	56
2026.08.03	09:03:57.783			179215	3.00000000	56
2026.08.03	09:03:57.789			179210	1.00000000	56
2026.08.03	09:03:57.789			179215	3.00000000	56
2026.08.03	09:03:57.800			179210	1.00000000	56
2026.08.03	09:03:57.808			179215	4.00000000	56
2026.08.03	09:03:57.821			179220	6.00000000	56
2026.08.03	09:03:57.845			179215	1.00000000	56
2026.08.03	09:03:57.846			179215	3.00000000	56
2026.08.03	09:03:57.848			179215	4.00000000	56
2026.08.03	09:03:57.849			179210	7.00000000	56
2026.08.03	09:03:57.856			179210	5.00000000	56
2026.08.03	09:03:57.856			179205	7.00000000	88
2026.08.03	09:03:57.857			179215	2.00000000	56
2026.08.03	09:03:57.861			179205	3.00000000	88
2026.08.03	09:03:57.876			179215	10.00000000	56
2026.08.03	09:03:57.884			179210	1.00000000	56
2026.08.03	09:03:57.884			179205	1.00000000	88
2026.08.03	09:03:57.891			179210	3.00000000	56
2026.08.03	09:03:57.891			179205	6.00000000	88
2026.08.03	09:03:57.894			179200	1.00000000	88
2026.08.03	09:03:57.894			179205	1.00000000	88
2026.08.03	09:03:57.896			179210	1.00000000	56
2026.08.03	09:03:57.898			179210	1.00000000	56
2026.08.03	09:03:57.901			179210	1.00000000	56
2026.08.03	09:03:57.907			179210	1.00000000	56
2026.08.03	09:03:57.920			179205	9.00000000	88
2026.08.03	09:03:57.926			179200	36.00000000	88
2026.08.03	09:03:57.926			179195	2.00000000	88
2026.08.03	09:03:57.926			179205	3.00000000	88
2026.08.03	09:03:57.935			179205	1.00000000	88
2026.08.03	09:03:57.937			179210	2.00000000	56
2026.08.03	09:03:57.937			179210	2.00000000	56
2026.08.03	09:03:57.941			179210	3.00000000	56
2026.08.03	09:03:57.941			179210	2.00000000	56
2026.08.03	09:03:57.943			179215	36.00000000	56
2026.08.03	09:03:57.943			179220	11.00000000	56
2026.08.03	09:03:57.943			179220	5.00000000	56
2026.08.03	09:03:57.943			179215	18.00000000	56
2026.08.03	09:03:57.965			179210	1.00000000	56
2026.08.03	09:03:57.965			179210	5.00000000	56
2026.08.03	09:03:57.965			179205	19.00000000	88
2026.08.03	09:03:57.965			179200	83.00000000	88
2026.08.03	09:03:57.965			179195	57.00000000	88
2026.08.03	09:03:57.965			179190	31.00000000	88
2026.08.03	09:03:57.965			179195	1.00000000	88
2026.08.03	09:03:57.966			179205	3.00000000	88
2026.08.03	09:03:57.967			179210	1.00000000	56
2026.08.03	09:03:57.968			179205	2.00000000	88
2026.08.03	09:03:57.969			179210	1.00000000	56
2026.08.03	09:03:57.969			179205	3.00000000	88
2026.08.03	09:03:57.972			179210	10.00000000	56
2026.08.03	09:03:57.978			179215	32.00000000	56
2026.08.03	09:03:57.978			179215	50.00000000	56
2026.08.03	09:03:57.978			179220	18.00000000	56
2026.08.03	09:03:57.982			179215	1.00000000	56
2026.08.03	09:03:57.992			179210	1.00000000	56
2026.08.03	09:03:57.994			179215	40.00000000	56
2026.08.03	09:03:57.994			179210	1.00000000	56
2026.08.03	09:03:57.995			179215	3.00000000	56
2026.08.03	09:03:57.995			179220	5.00000000	56
2026.08.03	09:03:57.995			179215	1.00000000	56
2026.08.03	09:03:57.998			179215	3.00000000	56
2026.08.03	09:03:58.000			179215	1.00000000	56
2026.08.03	09:03:58.007			179215	7.00000000	56
2026.08.03	09:03:58.021			179210	2.00000000	56
2026.08.03	09:03:58.024			179215	13.00000000	56
2026.08.03	09:03:58.042			179215	2.00000000	56
2026.08.03	09:03:58.043			179210	2.00000000	56
2026.08.03	09:03:58.047			179210	1.00000000	56
2026.08.03	09:03:58.052			179215	1.00000000	56
2026.08.03	09:03:58.057			179215	6.00000000	56
2026.08.03	09:03:58.079			179215	1.00000000	56
2026.08.03	09:03:58.084			179210	10.00000000	56
2026.08.03	09:03:58.085			179215	2.00000000	56
2026.08.03	09:03:58.085			179205	34.00000000	88
2026.08.03	09:03:58.088			179200	1.00000000	88
2026.08.03	09:03:58.092			179205	25.00000000	88
2026.08.03	09:03:58.092			179200	3.00000000	88
2026.08.03	09:03:58.094			179205	8.00000000	88
2026.08.03	09:03:58.108			179200	1.00000000	88
2026.08.03	09:03:58.126			179200	1.00000000	88
2026.08.03	09:03:58.126			179205	1.00000000	88
2026.08.03	09:03:58.134			179205	38.00000000	88
2026.08.03	09:03:58.134			179210	62.00000000	56
2026.08.03	09:03:58.135			179205	11.00000000	88
2026.08.03	09:03:58.142			179210	2.00000000	56
2026.08.03	09:03:58.148			179205	4.00000000	88
2026.08.03	09:03:58.148			179200	6.00000000	88
2026.08.03	09:03:58.148			179205	15.00000000	88
2026.08.03	09:03:58.156			179200	6.00000000	88
2026.08.03	09:03:58.158			179195	1.00000000	88
2026.08.03	09:03:58.163			179200	10.00000000	88
2026.08.03	09:03:58.166			179195	25.00000000	88
2026.08.03	09:03:58.166			179190	5.00000000	88
2026.08.03	09:03:58.166			179195	1.00000000	88
2026.08.03	09:03:58.172			179195	3.00000000	88
2026.08.03	09:03:58.179			179200	15.00000000	88
2026.08.03	09:03:58.206			179195	7.00000000	88
2026.08.03	09:03:58.208			179200	11.00000000	88
2026.08.03	09:03:58.208			179195	6.00000000	88
2026.08.03	09:03:58.211			179190	28.00000000	88
2026.08.03	09:03:58.213			179195	4.00000000	88
2026.08.03	09:03:58.214			179190	20.00000000	88
2026.08.03	09:03:58.214			179185	8.00000000	88
2026.08.03	09:03:58.215			179195	15.00000000	88
2026.08.03	09:03:58.221			179200	1.00000000	88
2026.08.03	09:03:58.224			179190	26.00000000	88
2026.08.03	09:03:58.236			179185	3.00000000	88
2026.08.03	09:03:58.238			179190	1.00000000	88
2026.08.03	09:03:58.238			179195	1.00000000	88
2026.08.03	09:03:58.242			179190	25.00000000	88
2026.08.03	09:03:58.246			179195	1.00000000	88
2026.08.03	09:03:58.248			179190	2.00000000	88
2026.08.03	09:03:58.253			179190	1.00000000	88
2026.08.03	09:03:58.253			179185	18.00000000	88
2026.08.03	09:03:58.253			179190	11.00000000	88
2026.08.03	09:03:58.263			179195	15.00000000	88
2026.08.03	09:03:58.269			179200	9.00000000	88
2026.08.03	09:03:58.270			179195	3.00000000	88
2026.08.03	09:03:58.271			179200	11.00000000	88
2026.08.03	09:03:58.276			179195	6.00000000	88
2026.08.03	09:03:58.276			179190	19.00000000	88
2026.08.03	09:03:58.276			179195	1.00000000	88
2026.08.03	09:03:58.280			179200	1.00000000	88
2026.08.03	09:03:58.286			179195	3.00000000	88
2026.08.03	09:03:58.287			179200	3.00000000	88
2026.08.03	09:03:58.296			179195	4.00000000	88
2026.08.03	09:03:58.308			179200	1.00000000	88
2026.08.03	09:03:58.309	179195				2
2026.08.03	09:03:58.311		179200			4
2026.08.03	09:03:58.325			179200	5.00000000	88
2026.08.03	09:03:58.335			179195	4.00000000	88
2026.08.03	09:03:58.341			179195	1.00000000	88
2026.08.03	09:03:58.341			179195	8.00000000	88
2026.08.03	09:03:58.341			179190	1.00000000	88
2026.08.03	09:03:58.344			179195	1.00000000	88
2026.08.03	09:03:58.346			179200	1.00000000	56
2026.08.03	09:03:58.346			179195	1.00000000	88
2026.08.03	09:03:58.346			179200	13.00000000	56
2026.08.03	09:03:58.366			179195	5.00000000	88
2026.08.03	09:03:58.369			179205	2.00000000	56
2026.08.03	09:03:58.370			179200	1.00000000	56
2026.08.03	09:03:58.370			179195	1.00000000	88
2026.08.03	09:03:58.370			179200	5.00000000	56
2026.08.03	09:03:58.370			179205	10.00000000	56
2026.08.03	09:03:58.371			179200	4.00000000	56
2026.08.03	09:03:58.379			179205	4.00000000	56
2026.08.03	09:03:58.379			179200	1.00000000	56
2026.08.03	09:03:58.385			179195	1.00000000	88
2026.08.03	09:03:58.385			179200	4.00000000	56
2026.08.03	09:03:58.391			179195	2.00000000	88
2026.08.03	09:03:58.398			179195	1.00000000	88
2026.08.03	09:03:58.399			179200	2.00000000	56
2026.08.03	09:03:58.399			179205	14.00000000	56
2026.08.03	09:03:58.399			179200	10.00000000	56
2026.08.03	09:03:58.409			179195	3.00000000	88
2026.08.03	09:03:58.425			179200	3.00000000	56
2026.08.03	09:03:58.429			179200	1.00000000	56
2026.08.03	09:03:58.439			179205	10.00000000	56
2026.08.03	09:03:58.448			179205	1.00000000	56
2026.08.03	09:03:58.449			179200	8.00000000	56
2026.08.03	09:03:58.450			179195	4.00000000	88
2026.08.03	09:03:58.455			179195	25.00000000	88
2026.08.03	09:03:58.456			179200	27.00000000	56
2026.08.03	09:03:58.458			179205	3.00000000	56
2026.08.03	09:03:58.459			179200	1.00000000	56
2026.08.03	09:03:58.459			179195	10.00000000	88
2026.08.03	09:03:58.459			179200	1.00000000	56
2026.08.03	09:03:58.460			179195	14.00000000	88
2026.08.03	09:03:58.460			179190	11.00000000	88
2026.08.03	09:03:58.460			179195	2.00000000	88
2026.08.03	09:03:58.461			179200	1.00000000	56
2026.08.03	09:03:58.469			179195	4.00000000	88
2026.08.03	09:03:58.470			179200	5.00000000	56
2026.08.03	09:03:58.470			179195	2.00000000	88
2026.08.03	09:03:58.470			179190	53.00000000	88
2026.08.03	09:03:58.472			179185	45.00000000	88
2026.08.03	09:03:58.473			179185	11.00000000	88
2026.08.03	09:03:58.473			179190	33.00000000	88
2026.08.03	09:03:58.474			179185	17.00000000	88
2026.08.03	09:03:58.476			179190	6.00000000	88
2026.08.03	09:03:58.478			179185	6.00000000	88
2026.08.03	09:03:58.478			179180	12.00000000	88
2026.08.03	09:03:58.479			179185	1.00000000	88
2026.08.03	09:03:58.482			179190	4.00000000	88
2026.08.03	09:03:58.482			179195	1.00000000	88
2026.08.03	09:03:58.486			179195	1.00000000	88
2026.08.03	09:03:58.487			179190	3.00000000	88
2026.08.03	09:03:58.493			179190	1.00000000	88
2026.08.03	09:03:58.494			179185	26.00000000	88
2026.08.03	09:03:58.498			179180	5.00000000	88
2026.08.03	09:03:58.498			179190	10.00000000	88
2026.08.03	09:03:58.499			179185	30.00000000	88
2026.08.03	09:03:58.503			179190	3.00000000	88
2026.08.03	09:03:58.506			179185	19.00000000	88
2026.08.03	09:03:58.506			179180	6.00000000	88
2026.08.03	09:03:58.506			179180	25.00000000	88
2026.08.03	09:03:58.506			179185	7.00000000	88
2026.08.03	09:03:58.509			179190	15.00000000	88
2026.08.03	09:03:58.511			179195	1.00000000	88
2026.08.03	09:03:58.511			179195	2.00000000	88
2026.08.03	09:03:58.525			179190	5.00000000	88
2026.08.03	09:03:58.527			179195	4.00000000	88
2026.08.03	09:03:58.546			179190	8.00000000	88
2026.08.03	09:03:58.546			179185	32.00000000	88
2026.08.03	09:03:58.547			179195	2.00000000	88
2026.08.03	09:03:58.549			179190	5.00000000	88
2026.08.03	09:03:58.559			179190	3.00000000	88
2026.08.03	09:03:58.559			179185	2.00000000	88
2026.08.03	09:03:58.561			179195	1.00000000	88
2026.08.03	09:03:58.562			179195	1.00000000	88
2026.08.03	09:03:58.562			179195	1.00000000	88
2026.08.03	09:03:58.567			179195	1.00000000	88
2026.08.03	09:03:58.570			179190	7.00000000	88
2026.08.03	09:03:58.575			179185	13.00000000	88
2026.08.03	09:03:58.575			179180	12.00000000	88
2026.08.03	09:03:58.575			179185	1.00000000	88
2026.08.03	09:03:58.575			179180	17.00000000	88
2026.08.03	09:03:58.578			179175	17.00000000	88
2026.08.03	09:03:58.579			179180	4.00000000	88
2026.08.03	09:03:58.580			179175	25.00000000	88
2026.08.03	09:03:58.586			179185	15.00000000	88
2026.08.03	09:03:58.591			179175	11.00000000	88
2026.08.03	09:03:58.593			179185	1.00000000	88
2026.08.03	09:03:58.597			179180	2.00000000	88
2026.08.03	09:03:58.606			179185	7.00000000	88
2026.08.03	09:03:58.606			179190	3.00000000	88
2026.08.03	09:03:58.606			179185	2.00000000	88
2026.08.03	09:03:58.611			179180	2.00000000	88
2026.08.03	09:03:58.616			179185	3.00000000	88
2026.08.03	09:03:58.632			179180	5.00000000	88
2026.08.03	09:03:58.635			179185	1.00000000	88
2026.08.03	09:03:58.636			179185	4.00000000	88
2026.08.03	09:03:58.640			179180	2.00000000	88
2026.08.03	09:03:58.642			179185	1.00000000	88
2026.08.03	09:03:58.646			179180	8.00000000	88
2026.08.03	09:03:58.648			179175	2.00000000	88
2026.08.03	09:03:58.648			179180	1.00000000	88
2026.08.03	09:03:58.648			179175	1.00000000	88
2026.08.03	09:03:58.648			179180	6.00000000	88
2026.08.03	09:03:58.650			179185	6.00000000	88
2026.08.03	09:03:58.652			179180	7.00000000	88
2026.08.03	09:03:58.669			179185	3.00000000	88
2026.08.03	09:03:58.671	179180				2
2026.08.03	09:03:58.671		179185			4
2026.08.03	09:03:58.680			179180	3.00000000	88
2026.08.03	09:03:58.682			179180	17.00000000	88
2026.08.03	09:03:58.683			179185	10.00000000	56
2026.08.03	09:03:58.683			179180	10.00000000	88
2026.08.03	09:03:58.683			179185	3.00000000	56
2026.08.03	09:03:58.683			179180	24.00000000	88
2026.08.03	09:03:58.684			179180	17.00000000	88
2026.08.03	09:03:58.689			179185	2.00000000	56
2026.08.03	09:03:58.692			179190	2.00000000	56
2026.08.03	09:03:58.693			179185	6.00000000	56
2026.08.03	09:03:58.732			179190	1.00000000	56
2026.08.03	09:03:58.733			179190	3.00000000	56
2026.08.03	09:03:58.733			179190	18.00000000	56
2026.08.03	09:03:58.734			179190	6.00000000	56
2026.08.03	09:03:58.743			179195	15.00000000	56
2026.08.03	09:03:58.743			179190	11.00000000	56
2026.08.03	09:03:58.747			179185	40.00000000	56
2026.08.03	09:03:58.753			179195	6.00000000	56
2026.08.03	09:03:58.753			179200	21.00000000	56
2026.08.03	09:03:58.758			179195	6.00000000	56
2026.08.03	09:03:58.761			179190	22.00000000	56
2026.08.03	09:03:58.761			179195	7.00000000	56
2026.08.03	09:03:58.785			179190	25.00000000	56
2026.08.03	09:03:58.793			179190	3.00000000	56
2026.08.03	09:03:58.796			179195	1.00000000	56
2026.08.03	09:03:58.804			179190	17.00000000	56
2026.08.03	09:03:58.804			179190	33.00000000	56
2026.08.03	09:03:58.804			179195	8.00000000	56
2026.08.03	09:03:58.804			179190	1.00000000	56
2026.08.03	09:03:58.806			179195	1.00000000	56
2026.08.03	09:03:58.806			179190	1.00000000	56
2026.08.03	09:03:58.807			179195	4.00000000	56
2026.08.03	09:03:58.815			179190	7.00000000	56
2026.08.03	09:03:58.815			179195	29.00000000	56
2026.08.03	09:03:58.838			179195	3.00000000	56
2026.08.03	09:03:58.838			179190	5.00000000	56
2026.08.03	09:03:58.840			179190	1.00000000	56
2026.08.03	09:03:58.842			179190	5.00000000	56
2026.08.03	09:03:58.842			179185	1.00000000	56
2026.08.03	09:03:58.842			179190	1.00000000	56
2026.08.03	09:03:58.848			179190	5.00000000	56
2026.08.03	09:03:58.851			179190	1.00000000	56
2026.08.03	09:03:58.851			179185	5.00000000	56
2026.08.03	09:03:58.852			179190	1.00000000	56
2026.08.03	09:03:58.854			179185	7.00000000	56
2026.08.03	09:03:58.854			179180	18.00000000	88
2026.08.03	09:03:58.855			179185	5.00000000	56
2026.08.03	09:03:58.860			179190	1.00000000	56
2026.08.03	09:03:58.861			179185	3.00000000	56
2026.08.03	09:03:58.862			179190	1.00000000	56
2026.08.03	09:03:58.873			179190	2.00000000	56
2026.08.03	09:03:58.877			179185	2.00000000	56
2026.08.03	09:03:58.881			179185	3.00000000	56
2026.08.03	09:03:58.886			179190	8.00000000	56
2026.08.03	09:03:58.886			179195	1.00000000	56
2026.08.03	09:03:58.888			179195	1.00000000	56
2026.08.03	09:03:58.896			179190	6.00000000	56
2026.08.03	09:03:58.898			179195	1.00000000	56
2026.08.03	09:03:58.899			179190	7.00000000	56
2026.08.03	09:03:58.901			179195	10.00000000	56
2026.08.03	09:03:58.901			179190	4.00000000	56
2026.08.03	09:03:58.911			179195	15.00000000	56
2026.08.03	09:03:58.918			179200	1.00000000	56
2026.08.03	09:03:58.919			179195	1.00000000	56
2026.08.03	09:03:58.923			179195	5.00000000	56
2026.08.03	09:03:58.923			179200	5.00000000	56
2026.08.03	09:03:58.926			179200	4.00000000	56
2026.08.03	09:03:58.930			179195	3.00000000	56
2026.08.03	09:03:58.932			179200	4.00000000	56
2026.08.03	09:03:58.936			179195	1.00000000	56
2026.08.03	09:03:58.937			179190	3.00000000	56
2026.08.03	09:03:58.940			179195	7.00000000	56
2026.08.03	09:03:58.948			179190	8.00000000	56
2026.08.03	09:03:58.948			179185	42.00000000	56
2026.08.03	09:03:58.949			179190	2.00000000	56
2026.08.03	09:03:58.959			179190	4.00000000	56
2026.08.03	09:03:58.959			179185	22.00000000	56
2026.08.03	09:03:58.959			179180	9.00000000	88
2026.08.03	09:03:58.959			179185	1.00000000	56
2026.08.03	09:03:58.960			179190	3.00000000	56
2026.08.03	09:03:58.964			179190	4.00000000	56
2026.08.03	09:03:58.964			179190	2.00000000	56
2026.08.03	09:03:58.964			179185	38.00000000	56
2026.08.03	09:03:58.964			179180	6.00000000	88
2026.08.03	09:03:58.964			179190	3.00000000	56
2026.08.03	09:03:58.969			179195	9.00000000	56
2026.08.03	09:03:58.969			179200	16.00000000	56
2026.08.03	09:03:58.969			179195	1.00000000	56
2026.08.03	09:03:58.975			179190	2.00000000	56
2026.08.03	09:03:58.977			179195	11.00000000	56
2026.08.03	09:03:58.980			179200	19.00000000	56
2026.08.03	09:03:58.981			179190	5.00000000	56
2026.08.03	09:03:58.981			179195	5.00000000	56
2026.08.03	09:03:58.994			179190	7.00000000	56
2026.08.03	09:03:58.994			179185	15.00000000	56
2026.08.03	09:03:58.994			179180	29.00000000	88
2026.08.03	09:03:58.995			179190	1.00000000	56
2026.08.03	09:03:58.995			179195	4.00000000	56
2026.08.03	09:03:58.995			179195	19.00000000	56
2026.08.03	09:03:58.995			179190	1.00000000	56
2026.08.03	09:03:59.002			179195	1.00000000	56
2026.08.03	09:03:59.003			179190	5.00000000	56
2026.08.03	09:03:59.004			179190	1.00000000	56
2026.08.03	09:03:59.008			179195	3.00000000	56
2026.08.03	09:03:59.016			179190	1.00000000	56
2026.08.03	09:03:59.016			179185	25.00000000	88
2026.08.03	09:03:59.019			179180	2.00000000	88
2026.08.03	09:03:59.020			179185	9.00000000	88
2026.08.03	09:03:59.021	179185				2
2026.08.03	09:03:59.023		179190			4
2026.08.03	09:03:59.026			179190	15.00000000	56
2026.08.03	09:03:59.026			179185	6.00000000	88
2026.08.03	09:03:59.034			179180	2.00000000	88
2026.08.03	09:03:59.053			179180	6.00000000	88
2026.08.03	09:03:59.054			179185	4.00000000	88
2026.08.03	09:03:59.061			179180	12.00000000	88
2026.08.03	09:03:59.061			179175	56.00000000	88
2026.08.03	09:03:59.062			179180	14.00000000	88
2026.08.03	09:03:59.072			179185	1.00000000	88
2026.08.03	09:03:59.075			179180	9.00000000	88
2026.08.03	09:03:59.080			179185	1.00000000	88
2026.08.03	09:03:59.087			179180	2.00000000	88
2026.08.03	09:03:59.088			179185	10.00000000	88
2026.08.03	09:03:59.088			179180	5.00000000	88
2026.08.03	09:03:59.091			179185	2.00000000	88
2026.08.03	09:03:59.100			179180	9.00000000	88
2026.08.03	09:03:59.103			179175	2.00000000	88
2026.08.03	09:03:59.109			179180	2.00000000	88
2026.08.03	09:03:59.111			179185	3.00000000	88
2026.08.03	09:03:59.113			179180	3.00000000	88
2026.08.03	09:03:59.113			179175	1.00000000	88
2026.08.03	09:03:59.117			179180	3.00000000	88
2026.08.03	09:03:59.118			179180	6.00000000	88
2026.08.03	09:03:59.119			179175	7.00000000	88
2026.08.03	09:03:59.120			179180	3.00000000	88
2026.08.03	09:03:59.124			179175	10.00000000	88
2026.08.03	09:03:59.128			179185	5.00000000	88
2026.08.03	09:03:59.131			179180	4.00000000	88
2026.08.03	09:03:59.132			179185	3.00000000	88
2026.08.03	09:03:59.137			179180	7.00000000	88
2026.08.03	09:03:59.151			179185	2.00000000	88
2026.08.03	09:03:59.152			179190	1.00000000	56
2026.08.03	09:03:59.152			179185	2.00000000	88
2026.08.03	09:03:59.153			179180	12.00000000	88
2026.08.03	09:03:59.156			179180	3.00000000	88
2026.08.03	09:03:59.156			179175	5.00000000	88
2026.08.03	09:03:59.161			179175	2.00000000	88
2026.08.03	09:03:59.167			179185	1.00000000	88
2026.08.03	09:03:59.167			179175	25.00000000	88
2026.08.03	09:03:59.169			179185	13.00000000	88
2026.08.03	09:03:59.169			179190	6.00000000	56
2026.08.03	09:03:59.170			179185	1.00000000	88
2026.08.03	09:03:59.172			179180	4.00000000	88
2026.08.03	09:03:59.187			179185	7.00000000	88
2026.08.03	09:03:59.187			179190	4.00000000	56
2026.08.03	09:03:59.198			179190	1.00000000	56
2026.08.03	09:03:59.200			179180	2.00000000	88
2026.08.03	09:03:59.201			179185	3.00000000	88
2026.08.03	09:03:59.202			179180	3.00000000	88
2026.08.03	09:03:59.202			179180	7.00000000	88
2026.08.03	09:03:59.204			179185	1.00000000	88
2026.08.03	09:03:59.205			179175	5.00000000	88
2026.08.03	09:03:59.206			179185	3.00000000	88
2026.08.03	09:03:59.232			179175	25.00000000	88
2026.08.03	09:03:59.233			179185	4.00000000	88
2026.08.03	09:03:59.234			179185	2.00000000	88
2026.08.03	09:03:59.235			179190	2.00000000	56
2026.08.03	09:03:59.235			179185	7.00000000	88
2026.08.03	09:03:59.239			179190	2.00000000	56
2026.08.03	09:03:59.239			179185	3.00000000	88
2026.08.03	09:03:59.240			179180	5.00000000	88
2026.08.03	09:03:59.245			179180	1.00000000	88
2026.08.03	09:03:59.270			179180	2.00000000	88
2026.08.03	09:03:59.277			179185	1.00000000	88
2026.08.03	09:03:59.280			179180	5.00000000	88
2026.08.03	09:03:59.282			179185	1.00000000	88
2026.08.03	09:03:59.283			179185	2.00000000	88
2026.08.03	09:03:59.285			179180	16.00000000	88
2026.08.03	09:03:59.285			179175	9.00000000	88
2026.08.03	09:03:59.285			179185	3.00000000	88
2026.08.03	09:03:59.289			179180	3.00000000	88
2026.08.03	09:03:59.290			179175	27.00000000	88
2026.08.03	09:03:59.292			179170	45.00000000	88
2026.08.03	09:03:59.292			179175	1.00000000	88
2026.08.03	09:03:59.292			179170	4.00000000	88
2026.08.03	09:03:59.292			179175	1.00000000	88
2026.08.03	09:03:59.292			179170	2.00000000	88
2026.08.03	09:03:59.293			179175	45.00000000	88
2026.08.03	09:03:59.300			179180	5.00000000	88
2026.08.03	09:03:59.308			179175	2.00000000	88
2026.08.03	09:03:59.311			179180	1.00000000	88
2026.08.03	09:03:59.312			179175	2.00000000	88
2026.08.03	09:03:59.320			179180	2.00000000	88
2026.08.03	09:03:59.321			179175	17.00000000	88
2026.08.03	09:03:59.321			179170	1.00000000	88
2026.08.03	09:03:59.322			179175	10.00000000	88
2026.08.03	09:03:59.328			179170	1.00000000	88
2026.08.03	09:03:59.329			179175	1.00000000	88
2026.08.03	09:03:59.332			179170	1.00000000	88
2026.08.03	09:03:59.332			179175	2.00000000	88
2026.08.03	09:03:59.336			179170	1.00000000	88
2026.08.03	09:03:59.337			179175	1.00000000	88
2026.08.03	09:03:59.337			179170	6.00000000	88
2026.08.03	09:03:59.337			179175	1.00000000	88
2026.08.03	09:03:59.339			179170	17.00000000	88
2026.08.03	09:03:59.345			179175	14.00000000	88
2026.08.03	09:03:59.346			179180	54.00000000	88
2026.08.03	09:03:59.346			179185	37.00000000	88
2026.08.03	09:03:59.351			179180	1.00000000	88
2026.08.03	09:03:59.355			179185	26.00000000	88
2026.08.03	09:03:59.355			179190	24.00000000	56
2026.08.03	09:03:59.358			179180	3.00000000	88
2026.08.03	09:03:59.360			179185	3.00000000	88
2026.08.03	09:03:59.372			179180	1.00000000	88
2026.08.03	09:03:59.373	179180				2
2026.08.03	09:03:59.373		179185			4
2026.08.03	09:03:59.373			179185	5.00000000	56
2026.08.03	09:03:59.388			179180	2.00000000	88
2026.08.03	09:03:59.393			179185	3.00000000	56
2026.08.03	09:03:59.395			179190	20.00000000	56
2026.08.03	09:03:59.396			179185	5.00000000	56
2026.08.03	09:03:59.396			179180	20.00000000	88
2026.08.03	09:03:59.397			179185	11.00000000	56
2026.08.03	09:03:59.397			179180	3.00000000	88
2026.08.03	09:03:59.405			179185	2.00000000	56
2026.08.03	09:03:59.419			179180	5.00000000	88
2026.08.03	09:03:59.438			179180	1.00000000	88
2026.08.03	09:03:59.442			179185	2.00000000	56
2026.08.03	09:03:59.442			179180	3.00000000	88
2026.08.03	09:03:59.457			179180	1.00000000	88
2026.08.03	09:03:59.473			179180	4.00000000	88
2026.08.03	09:03:59.480			179185	3.00000000	56
2026.08.03	09:03:59.483			179180	2.00000000	88
2026.08.03	09:03:59.485			179185	18.00000000	56
2026.08.03	09:03:59.491			179180	9.00000000	88
2026.08.03	09:03:59.491			179175	11.00000000	88
2026.08.03	09:03:59.491			179180	1.00000000	88
2026.08.03	09:03:59.494			179185	4.00000000	56
2026.08.03	09:03:59.494			179190	36.00000000	56
2026.08.03	09:03:59.497			179185	4.00000000	56
2026.08.03	09:03:59.512			179190	1.00000000	56
2026.08.03	09:03:59.512			179185	1.00000000	56
2026.08.03	09:03:59.516			179185	2.00000000	56
2026.08.03	09:03:59.522			179185	1.00000000	56
2026.08.03	09:03:59.526			179185	12.00000000	56
2026.08.03	09:03:59.529			179190	1.00000000	56
2026.08.03	09:03:59.534			179185	3.00000000	56
2026.08.03	09:03:59.536			179180	25.00000000	88
2026.08.03	09:03:59.537			179190	25.00000000	56
2026.08.03	09:03:59.544			179185	1.00000000	56
2026.08.03	09:03:59.546			179180	22.00000000	88
2026.08.03	09:03:59.560			179185	2.00000000	56
2026.08.03	09:03:59.561			179180	3.00000000	88
2026.08.03	09:03:59.561			179185	1.00000000	56
2026.08.03	09:03:59.571			179185	1.00000000	56
2026.08.03	09:03:59.586			179185	3.00000000	56
2026.08.03	09:03:59.586			179190	7.00000000	56
2026.08.03	09:03:59.588			179180	2.00000000	88
2026.08.03	09:03:59.591			179180	8.00000000	88
2026.08.03	09:03:59.591			179175	4.00000000	88
2026.08.03	09:03:59.591			179175	38.00000000	88
2026.08.03	09:03:59.592			179180	2.00000000	88
2026.08.03	09:03:59.592			179185	1.00000000	56
2026.08.03	09:03:59.596			179180	2.00000000	88
2026.08.03	09:03:59.598			179175	4.00000000	88
2026.08.03	09:03:59.612			179175	1.00000000	88
2026.08.03	09:03:59.613			179185	11.00000000	56
2026.08.03	09:03:59.613			179185	9.00000000	56
2026.08.03	09:03:59.614			179175	16.00000000	88
2026.08.03	09:03:59.615			179180	1.00000000	88
2026.08.03	09:03:59.623			179180	1.00000000	88
2026.08.03	09:03:59.624			179185	44.00000000	56
2026.08.03	09:03:59.626			179190	19.00000000	56
2026.08.03	09:03:59.626			179185	5.00000000	56
2026.08.03	09:03:59.629			179195	49.00000000	56
2026.08.03	09:03:59.631			179200	1.00000000	56
2026.08.03	09:03:59.634			179195	12.00000000	56
2026.08.03	09:03:59.636			179200	13.00000000	56
2026.08.03	09:03:59.638			179195	2.00000000	56
2026.08.03	09:03:59.642			179200	20.00000000	56
2026.08.03	09:03:59.646			179205	8.00000000	56
2026.08.03	09:03:59.655			179195	17.00000000	56
2026.08.03	09:03:59.660			179200	5.00000000	56
2026.08.03	09:03:59.663			179195	3.00000000	56
2026.08.03	09:03:59.672			179200	16.00000000	56
2026.08.03	09:03:59.679			179195	2.00000000	56
2026.08.03	09:03:59.681			179200	1.00000000	56
2026.08.03	09:03:59.686			179195	11.00000000	56
2026.08.03	09:03:59.698			179200	20.00000000	56
2026.08.03	09:03:59.709			179195	1.00000000	56
2026.08.03	09:03:59.711			179200	2.00000000	56
2026.08.03	09:03:59.716			179195	3.00000000	56
2026.08.03	09:03:59.716			179190	17.00000000	56
2026.08.03	09:03:59.716			179190	5.00000000	56
2026.08.03	09:03:59.717			179195	1.00000000	56
2026.08.03	09:03:59.718			179200	10.00000000	56
2026.08.03	09:03:59.719			179195	11.00000000	56
2026.08.03	09:03:59.719			179190	1.00000000	56
2026.08.03	09:03:59.719			179190	8.00000000	56
2026.08.03	09:03:59.721			179195	28.00000000	56
2026.08.03	09:03:59.723			179195	1.00000000	56
2026.08.03	09:03:59.723	179190				2
2026.08.03	09:03:59.723		179195			4
2026.08.03	09:03:59.725			179195	2.00000000	56
2026.08.03	09:03:59.733			179190	2.00000000	88
2026.08.03	09:03:59.737			179195	2.00000000	56
2026.08.03	09:03:59.741			179190	11.00000000	88
2026.08.03	09:03:59.744			179195	2.00000000	56
2026.08.03	09:03:59.744			179200	2.00000000	56
2026.08.03	09:03:59.744			179195	1.00000000	56
2026.08.03	09:03:59.764			179195	5.00000000	56
2026.08.03	09:03:59.771			179195	7.00000000	56
2026.08.03	09:03:59.771			179200	18.00000000	56
2026.08.03	09:03:59.771			179195	1.00000000	56
2026.08.03	09:03:59.776			179190	4.00000000	88
2026.08.03	09:03:59.792			179195	2.00000000	56
2026.08.03	09:03:59.793			179200	1.00000000	56
2026.08.03	09:03:59.798			179190	8.00000000	88
2026.08.03	09:03:59.800			179200	1.00000000	56
2026.08.03	09:03:59.800			179190	15.00000000	88
2026.08.03	09:03:59.805			179200	2.00000000	56
2026.08.03	09:03:59.805			179190	11.00000000	88
2026.08.03	09:03:59.806			179185	44.00000000	88
2026.08.03	09:03:59.806			179195	1.00000000	56
2026.08.03	09:03:59.812			179185	6.00000000	88
2026.08.03	09:03:59.821			179190	4.00000000	88
2026.08.03	09:03:59.827			179185	2.00000000	88
2026.08.03	09:03:59.829			179195	1.00000000	56
2026.08.03	09:03:59.831			179185	27.00000000	88
2026.08.03	09:03:59.831			179180	3.00000000	88
2026.08.03	09:03:59.832			179185	9.00000000	88
2026.08.03	09:03:59.833			179180	32.00000000	88
2026.08.03	09:03:59.833			179175	31.00000000	88
2026.08.03	09:03:59.833			179180	8.00000000	88
2026.08.03	09:03:59.835			179175	16.00000000	88
2026.08.03	09:03:59.835			179170	18.00000000	88
2026.08.03	09:03:59.842			179180	2.00000000	88
2026.08.03	09:03:59.845			179175	1.00000000	88
2026.08.03	09:03:59.847			179185	1.00000000	88
2026.08.03	09:03:59.848			179175	2.00000000	88
2026.08.03	09:03:59.848			179180	1.00000000	88
2026.08.03	09:03:59.851			179185	15.00000000	88
2026.08.03	09:03:59.857			179190	25.00000000	88
2026.08.03	09:03:59.881			179185	3.00000000	88
2026.08.03	09:03:59.881			179190	20.00000000	88
2026.08.03	09:03:59.888			179195	1.00000000	56
2026.08.03	09:03:59.888			179190	1.00000000	88
2026.08.03	09:03:59.896			179195	12.00000000	56
2026.08.03	09:03:59.917			179190	1.00000000	88
2026.08.03	09:03:59.918			179195	1.00000000	56
2026.08.03	09:03:59.925			179195	1.00000000	56
2026.08.03	09:03:59.927			179195	2.00000000	56
2026.08.03	09:03:59.938			179195	3.00000000	56
2026.08.03	09:03:59.942			179195	2.00000000	56
2026.08.03	09:03:59.958			179195	12.00000000	56
2026.08.03	09:03:59.974			179195	1.00000000	56
2026.08.03	09:03:59.977			179200	1.00000000	56
2026.08.03	09:03:59.977			179195	2.00000000	56
2026.08.03	09:03:59.983			179195	1.00000000	56
2026.08.03	09:03:59.991			179200	4.00000000	56
